pattern_id,raw_name,wrong_name,wrong_en,row_count,dish_examples,verdict,reason,row_ids
5,hành,hành lá,green onion,79,Thịt bắp giò (đùi heo) nấu giả cầy | Cá chim kho cà chua,SAME,Hành trong món giả cầy thường là hành lá,"6627,8288,8636,8653,8863,9844,10335,10359,10729,10933,10991,11225,12828,12920,13056,13720,13941,14095,14415,15035,15756,16187,16770,17435,17437,17513,19176,19303,19454,21991,22361,22567,26700,27213,28783,29007,30193,31146,31232,32175,32799,33218,33331,33452,33512,33799,33804,34446,34650,34656,35225,35317,35789,36012,36202,36405,36836,36941,37297,37433,38118,38381,38468,38687,39060,39248,39488,40098,41334,42191,42376,43095,45343,45826,46073,46157,46173,46394,48053"
7,ớt chuông,ớt,chili pepper,50,Ớt chuông nhồi thịt sốt dầu hào | Mực mai xào ớt chuông,SAME,Ớt chuông là một loại ớt,"22132,23069,23897,24383,25068,25414,25953,27009,27175,27986,28059,28176,28245,28512,29030,29404,30243,31282,31725,32584,33199,34773,35896,37350,38092,41812,41837,43198,43239,43608,43843,43919,44100,44155,44366,44393,44452,45494,50699,50907,50922,52940,53088,53899,60411,61153,61238,61322,61532,62978"
8,tôm,tôm thẻ loại to,shrimp,42,Bánh xèo nhân tôm | Canh chua bông điên điển ngó sen nấu cùng tôm mực,SAME,Tôm là tên gọi chung cho tôm thẻ,"8933,9111,9973,10251,13111,13619,14178,16442,17270,17607,17942,18570,18836,20534,20670,23244,25036,25051,25133,25261,25383,25860,26955,27086,27267,31851,32382,33221,34079,34579,35784,35910,38519,38686,39691,40099,42005,43522,44179,45637,46022,47655"
12,sữa đặc,sữa,milk,33,Chả giò hải sản sốt mayo | TÔM sốt dứa-mayonnaise,SAME,Sữa đặc là một loại sữa,"6031,6438,7166,7474,7687,9692,9840,10087,10218,11027,11186,14764,17079,18926,19978,20898,22087,23989,28282,30571,31877,32570,33669,35375,36153,38049,39424,40582,41901,42196,42805,42977,43456"
17,mắm,nước mắm,fish sauce,28,Mực Lá Xào | Canh Khổ Qua Rừng Nhồi Chả Cá Măng,SAME,Mắm trong món xào thường chỉ nước mắm,"6259,6334,6932,8277,10375,11935,12091,12183,12498,15272,17977,18613,18798,19214,22238,26940,28602,35175,35555,40146,40269,41656,41733,42504,43524,61612,61880,62018"
19,ớt chuông đỏ,ớt,chili pepper,27,Bánh tráng cuốn thịt vịt hun khói | CÀ RY rau củ quả,SAME,Ớt chuông đỏ là một loại ớt,"21468,21530,22104,23337,26051,29068,30228,31051,33162,33551,36049,36349,36722,37585,37639,38813,39269,40365,40792,43265,45220,45566,47642,53110,59949,61737,64159"
21,bột bắp,Bột (chung),flour,27,SP.0829 - Súp Cua Ngô Vàng Tuyết Nhĩ | Chả Băm Đậu Hũ,SAME,Bột bắp là một loại bột,"21903,23294,23339,23973,24699,28138,28642,29477,30260,31721,31742,32074,32914,33051,35474,40172,41556,43473,44867,50171,51299,54373,54532,61235,62276,62963,64419"
27,dưa chuột,dưa,pickles,23,"Nộm tai heo, dưa chuột | Bánh tráng cuốn thịt vịt hun khói",SAME,Dưa chuột thuộc họ nhà dưa,"21344,21470,23667,23674,24488,29574,30911,33653,34520,35123,35826,39170,39463,40985,43599,43852,44980,46595,50072,51964,52766,53789,53995"
29,nấm đông cô tươi,nấm hương,shiitake mushroom,21,Rau Củ Xào Ngũ Sắc | Lẩu tôm bầu,SAME,Nấm đông cô và nấm hương là một,"6464,8743,9395,10264,11659,12458,17569,17889,20147,24696,28745,33684,41368,43560,43610,44362,44429,45613,50866,60857,61452"
30,Hành,hành lá,green onion,21,Thịt xay rang hành và cà rốt | Hoa chuối trộn tôm thịt,SAME,Hành trong món xào thường là hành lá,"23205,29195,29271,29514,30132,30533,32257,32745,32935,33503,33794,33815,34670,35450,37806,38000,38078,42801,43284,45370,45942"
31,nấm đông cô,nấm hương,shiitake mushroom,20,Bún rau củ chay | Tôm hùm (Lobster) tẩm bột chiên sốt nấm,SAME,Nấm đông cô và nấm hương là một,"8295,8512,11470,14506,14884,21899,25117,26436,28790,32146,34496,36651,40821,43255,45422,45866,45936,54530,54566,64415"
33,Bột bắp,Bột (chung),flour,20,Súp Tôm Tóc Tiên | Mỳ ý tôm sốt kem,SAME,Bột bắp là một loại bột,"25614,25983,26973,27630,31749,33316,33766,34777,37017,37275,38082,39592,39724,39790,40313,41305,43160,46711,47999,53085"
34,tôm tươi,tôm thẻ loại to,shrimp,19,Canh Rau Tập Tàng Nấu Tôm Tươi | Hoa Chuối Hột Trộn Tôm,SAME,Tôm tươi là trạng thái của tôm thẻ,"7151,22738,22855,23073,24894,25280,25744,25796,29133,29175,29366,30476,30774,34534,37619,38876,40151,40837,64026"
35,giò sống,giò,pork sausage,19,Canh cải nấu riêu tôm thịt | Xíu Mại Nấm Hương Nước Cà,SAME,Giò sống là một dạng giò,"7269,7468,11905,12059,12132,12175,13023,15170,15755,18867,21949,24335,25968,31521,33048,33407,37658,42904,46641"
36,ường,đường,sugar,17,Cá Chim Hấp | Gà xào nấm cải thìa,SAME,Ường là lỗi chính tả của đường,"6039,6399,7417,7961,7966,8226,8232,8818,9619,25766,25959,29699,32604,35879,37218,37485,41922"
43,cá ngừ,hộp cá ngừ,canned tuna,16,Mì Lá cuốn cá ngừ | Cháo cá ngừ 🐟 đậu bắp,SAME,Cá ngừ đóng hộp là một dạng cá ngừ,"24788,25907,26586,27297,30779,31484,32081,32873,36807,37060,37356,38772,47214,54751,61066,63956"
44,bột gạo,Bột (chung),flour,16,Bánh canh bột gạo nấu cá lóc | Bánh BÒ xốp vị chuối,SAME,Bột gạo là một loại bột,"26494,26933,28037,32789,34240,34382,35020,39580,41315,43677,47056,47946,61099,61503,62523,62793"
45,thịt vai heo,thịt nạc dăm,pork shoulder,15,Thịt vai heo sốt cà chua | Thịt Luộc Cà Pháo Mắm Nêm,SAME,Thịt vai và nạc dăm cùng vùng bộ phận,"7611,7870,9895,9902,11890,11937,12488,12741,12742,12761,12763,12786,12835,12895,12949"
46,thịt nạc vai,thịt nạc dăm,pork shoulder,15,Thịt chiên xù chấm sốt chua ngọt | Gỏi Cuốn Thịt Xá Xíu & Hoa Sen Cạn,SAME,Thịt nạc vai và nạc dăm tương đồng,"10099,10117,13038,13531,19828,34546,36359,36883,38685,41233,41535,41546,44622,53848,65143"
49,Nấm đông cô tươi,nấm hương,shiitake mushroom,14,"Soup Hạt Sen Bắp Nấm | Hạt sen, Hạt điều và Bắp xào nấm",SAME,Nấm đông cô tươi chính là nấm hương,"6070,6095,7171,8046,9158,9587,15791,39612,40565,43663,44097,50111,54489,64305"
50,thịt vai xay,thịt nạc dăm,pork shoulder,14,Trứng vịt cồ chiên thịt vai xay | Thịt xào hành tây,SAME,Thịt vai xay từ nạc vai/nạc dăm,"7614,7836,8206,9893,11077,11678,11882,11911,12736,12738,12740,12759,12788,12894"
51,thịt nạc xay,thịt nạc dăm,pork shoulder,14,Phi lê cá rô phi cuộn thịt chiên giòn | Bì cuộn thịt hấp,SAME,Thịt nạc xay thường dùng nạc dăm,"7963,9410,9605,11559,13620,13963,14670,16139,16335,17179,17213,17893,19156,19311"
52,thịt nạc vai xay,thịt nạc dăm,pork shoulder,14,Thịt băm rim mắm | Rau tầm bóp xào thịt băm,SAME,Thịt nạc vai xay là nạc dăm xay,"9261,11216,12783,12879,15740,16677,18472,22067,25082,26496,32072,36598,36925,53174"
56,Tôm,tôm thẻ loại to,shrimp,13,Phở khô xào hải sản | Tôm bỏ lò,SAME,Tôm là tên gọi chung cho tôm thẻ,"7980,14007,16841,20966,24926,25536,29097,29958,30648,32743,42287,42896,47489"
57,hành khô,hành tím,shallot,13,Canh bí đao nấu cùng thịt xay | Củ cải trắng nấu đuôi heo,SAME,Hành khô ở VN thường là hành tím,"10195,10992,11369,14026,14762,15051,16129,50474,52728,53508,56285,60359,60360"
58,giò heo,thịt heo,pork,13,Canh bí đao nấu giò heo | Bún Riêu Cua Đồng Giò Heo,SAME,Giò heo là một phần thịt heo,"21021,21159,23033,23253,23453,24042,24710,28313,31256,31429,33569,44527,60823"
63,bột chiên xù,Bột (chung),flour,13,Nem bơ hải sản | Đậu hũ non chiên xù,SAME,Bột chiên xù là một loại bột,"22796,23907,24006,25080,30909,32065,36058,37644,38407,40576,46077,53591,64095"
64,xương heo,thịt heo,pork,13,Xương heo hầm rau củ | Canh Laghim Nấu Xương Heo,SAME,Xương heo là một phần của con heo,"23446,27697,30631,36585,37724,38496,39117,39535,40174,41272,42452,44037,46404"
66,thịt gà,ức gà,chicken breast,12,Súp kem khoai tây 🥔 thịt gà rong biển | Súp kem thịt gà khoai sọ + sandwich 🍞,SAME,Ức gà là một phần của thịt gà,"12608,12822,13146,13296,13309,13332,13606,13612,14405,14851,19038,20832"
67,tóp mỡ,mỡ,lard,12,Mì gói xào rau muống tóp mỡ | Bún Riêu Cua Đồng Giò Heo,SAME,Tóp mỡ được làm từ mỡ heo,"20877,21164,21219,22145,22483,22605,22869,24408,24594,24888,29171,60710"
71,ớt chuông xanh,ớt,chili pepper,12,Tôm xào ớt chuông | Phi lê cá điêu hồng sốt chua ngọt,SAME,Ớt chuông xanh là một loại ớt,"23562,24296,24301,31227,33466,39278,40486,42729,45334,53881,58565,62937"
73,nguội,thịt nguội,ham,11,Cơm chiên lạp xưởng rau củ | Bánh đúc thịt làm từ cơm nguội,SAME,Nguội ở đây là cách gọi tắt thịt nguội,"6035,10153,15584,27639,28708,30402,32487,43194,46647,50944,61032"
74,thịt đùi,thịt đùi,chicken thigh,11,Thịt heo rang húng quế | Thịt đùi heo lăn bột chiên giòn,SAME,Hai tên gọi hoàn toàn giống nhau,"6500,6502,6629,12997,13005,15920,16021,20286,26234,27232,45926"
75,bột bắp,bột ngô,cornstarch,11,Gỏi rau má trộn bò | Há Cảo Nhân Thịt,SAME,Bột bắp và bột ngô là một,"6808,8767,9778,10077,10562,12658,13173,15702,15794,19490,20430"
76,thịt bò thăn,nạc thăn,pork tenderloin,11,KHOAI TÂY xào thịt bò | Bò Hấp Tía Tô,SAME,Thịt bò thăn là loại nạc thăn,"6912,7292,7505,10015,12582,12641,14226,14925,15402,17458,19807"
83,Sữa đặc,sữa,milk,10,Thịt Hầm Ngon Như Thịt Hộp | Tôm bỏ lò,SAME,Sữa đặc là một loại sữa,"6487,14021,14248,22760,26917,32106,33322,34438,34850,41977"
84,cần tàu,cần tây,celery,10,Canh Cá Cơm Trỏng Nấu Ngót | Canh Cá Chỉ Vàng Nấu Ngót,SAME,Cần tàu là tên gọi khác của cần tây,"7533,10220,15627,17742,22214,24601,27194,31737,34790,41439"
87,củ hành khô,Hành,Scallion,10,Mỳ gạo lứt trộn sốt cà tóp mỡ thịt băm | Bánh Đa Xào Lòng Gà Với Măng Và Nấm Hương,SAME,Củ hành khô là một loại hành,"21062,21194,21424,21570,21670,37447,52948,53194,61111,61518"
88,Sốt teriyaki,sốt,sauce,10,Cá hồi sốt teriyaki và măng tây | Cà Tím Cà Rốt Đậu Hũ Sốt Teriyaki,SAME,Sốt teriyaki là một loại sốt,"22971,23125,27636,32824,34042,35265,37352,39445,39852,44494"
89,ớt sừng,ớt,chili pepper,10,Cá Bè Đen Hấp Xì Dầu | Cá Thu Chiên Sốt Mắm Tỏi Ớt,SAME,Ớt sừng là một loại ớt,"26507,26943,27872,30478,32739,35016,40026,43972,44116,61485"
90,gan heo,thịt heo,pork,10,Gan heo xào hành tây | Gan heo xào thơm (dứa),SAME,Gan heo là nội tạng từ con heo,"27118,27197,27214,27221,27228,27241,27273,27307,33267,45627"
93,bơ,bơ,butter,9,Salad cá ngừ trái bơ | Cá hồi tartare,SAME,Hai tên gọi hoàn toàn giống nhau,"7320,9676,17385,17578,19147,26140,29619,37838,38657"
94,lòng đỏ trứng,Trứng gà,Chicken Egg,9,"Tôm chiên | Salad ổi, tôm khô sốt dâu tằm",SAME,Lòng đỏ là thành phần của trứng gà,"8608,12005,21143,39750,40459,47695,49971,63691,64155"
96,bạc hà,bạc hà,mint,9,Cá bớp nấu canh chua | Canh chua chả cá chiên,SAME,Hai tên gọi hoàn toàn giống nhau,"18451,21359,22310,23901,25787,26261,26957,32310,46756"
98,mắm tôm,Tôm muối,Salted shrimp,9,Bún Riêu Cua Đồng Giò Heo | Thịt Luộc Mắm Tôm,SAME,Mắm tôm làm từ tôm muối,"21171,26371,26922,26947,27002,27080,30111,30681,33615"
101,Sốt mayonaise,sốt,sauce,9,Tuỷ Bò Chiên Giòn | Rau củ chiên xù và salad rau củ,SAME,Sốt mayonnaise thuộc nhóm sốt,"28029,36059,36357,37666,37800,42930,52139,61786,62637"
103,Bột canh,Bột (chung),flour,9,Thịt rang dừa | Cá chim nướng mỡ hành,SAME,Bột canh là một loại bột gia vị chung,"30054,31063,33437,33788,35607,35815,39032,40164,42338"
105,dầu mè,dầu vừng,sesame oil,8,Há Cảo Nhân Thịt | Chả Thịt Băm Trứng Muối Cá Hộp,SAME,Dầu mè và dầu vừng là một,"8766,9266,9613,11133,13914,15133,15237,17743"
106,cá chỉ vàng,Cá chỉ vàng khô,Dried Yellowstripe Scad,8,Cá Chỉ Nộm | Canh Cá Chỉ Vàng Nấu Ngót,SAME,Cá chỉ vàng thường dùng dạng khô trong món nộm,"9163,10219,22507,27733,39850,39869,40385,40387"
108,thịt xay,Thịt băm,Minced pork,8,Canh nấm đùi gà và bông cải nấu thịt xay | Thịt xay chả cá rang mắm ruốc,SAME,Thịt xay và thịt băm có công dụng tương đương,"9951,14988,15302,18266,19435,21920,36364,65129"
112,Dầu olive,ô liu,olive,8,Phi lê cá lóc sốt teriyaki | Ratatouille Món Rau Củ Hầm Trứ Danh Nước Pháp,SAME,Dầu olive chiết xuất từ quả ô liu,"26346,33200,36453,37232,40019,40138,45384,46732"
113,ớt bột,ớt,chili pepper,8,Cá Hố Kho Ớt Bột | Cá lăng kho nghệ,SAME,Ớt bột là ớt phơi khô xay mịn,"26465,28257,29597,29762,31418,32662,34086,37672"
117,củ hành,hành tím,shallot,7,Măng xào nấm | Cà pháo xào thịt lợn lá lốt,SAME,Củ hành trong nấu ăn thường chỉ hành tím,"6172,11435,14448,20089,20106,20145,39154"
118,thơm,dứa,pineapple,7,Canh cá sơn thóc nấu ngọt | Cá cơm rim thịt và thơm,SAME,Thơm và dứa là hai tên gọi vùng miền,"6174,7497,9611,11487,13139,15513,18923"
119,Nấm đông cô,nấm hương,shiitake mushroom,7,Cá Chẽm Hấp Song Nhĩ | Miến dong Eatclean hầm xương nấm tuyết,SAME,Nấm đông cô và nấm hương là một,"6207,8061,14492,24570,35937,38143,42402"
120,thịt đùi heo,thịt đùi,chicken thigh,7,"Thịt bắp giò và móng giò kho quế, hoa hồi, thảo quả | Chà Bông Heo (Ruốc) Bằng Máy Làm Mochi",SAME,Thịt đùi heo là thịt đùi,"6574,6741,7837,8462,15512,17987,19423"
122,nước cốt dừa,nước cốt,extract,7,Cà Ri Cá Chim | SP.0988 - Bánh Canh Tôm Thịt Miền Tây,SAME,Nước cốt dừa là một loại nước cốt,"8803,9459,14768,15842,16313,17807,19917"
124,súp lơ,bông cải,broccoli,7,Mì xào thịt thăn súp lơ | Cháo thịt gà nấm súp lơ 🥦,SAME,Súp lơ và bông cải là một,"10440,13634,13678,26013,31054,32167,40107"
125,nguội,cơm,cooked rice,7,"Cơm chiên thịt bò xào | Cơm Cá Hồi, Súp Lơ Đút Lò",SAME,Cơm nguội dùng làm cơm chiên,"10926,20186,21760,32655,41002,42529,61565"
126,bia,lon bia,beer,7,"Tôm phốc-Tôm càng biển hấp bia | Bánh xèo tôm thịt,nấm bào ngư ăn kèm rau cải xanh và rau sống",SAME,Bia và lon bia cùng là một chất lỏng,"14805,17951,21199,22728,23067,24752,29507"
127,Hành khô,hành tím,shallot,7,Bò xào đậu hà lan cà rốt | Bún hải sản mẹ Nga!,SAME,Hành khô ở Việt Nam thường là hành tím,"17189,50324,52649,55863,56188,56288,56829"
129,bột mì,Bột (chung),flour,7,Chả nấm chay | Măng Tây nướng cùng Chả cá Tuna,SAME,Bột mì thuộc nhóm bột chung,"22428,26829,29421,30017,31140,39327,48129"
138,dấm táo,dấm,vinegar,6,"Salad Táo, Rau Diếp Cừu & Hạt Óc Chó Sốt Dầu Dấm | Salad Rau Diếp Xoăn, Bắp Cải Tím & Ức Gà Áp Chảo",SAME,Dấm táo là một loại dấm,"6110,16105,18337,18896,19680,20743"
139,thịt heo rừng,thịt heo,pork,6,Thịt Heo Rừng Xào Cải Chua | Heo Rừng Nấu Tiêu Xanh,SAME,Thịt heo rừng là một loại thịt heo,"6296,6323,6331,12119,14729,41994"
144,rau ngổ,rau om,rice paddy herb,6,"Canh Chua Chả Cá Hố, Rau Sam, Bông Giờ | Canh lườn cá hồi nấu măng chua",SAME,Rau ngổ và rau om là tên gọi khác nhau,"15973,17302,17632,29756,43794,64875"
145,đuôi heo,thịt heo,pork,6,Bún đuôi heo nấm rơm | Mì Đuôi Heo Hầm Ngũ Trân,SAME,Đuôi heo là một phần của thịt heo,"20948,21091,34614,53656,54079,63878"
148,bạc hà dọc mùng,bạc hà,mint,6,Canh Chua Cá Thu Lá Me | Lẩu cá diêu hồng,SAME,Bạc hà và dọc mùng là tên gọi khác nhau,"22230,24315,43305,47709,50194,53456"
151,thịt,thịt nạc dăm,pork shoulder,6,Canh củ rau cải cúc (tần ô) | Thịt nướng giềng mẻ,SAME,Thịt trong canh thường dùng thịt nạc dăm,"22881,39287,52814,53367,60482,63101"
152,gân bò,thịt bò,beef,6,Bún bò gân chả bì đơn giản | Gân bò nấu mì Chũ,SAME,Gân bò là một phần của thịt bò,"23356,28115,30777,31089,36876,45556"
156,mì lá tươi,mì,noodles,6,Mì lá tươi nấu giò heo | Chả giò mì lá tươi cuộn thịt,SAME,Mì lá tươi là một loại mì,"24711,24716,24793,24879,24882,24929"
157,sốt teriyaki,sốt,sauce,6,Phi lê cá lóc sốt teriyaki | Lườn Cá Hồi Teriyaki Nướng Cuốn Tỏi & Tía Tô,SAME,Sốt teriyaki thuộc nhóm sốt,"26342,35989,39660,41685,46014,51222"
160,nước cốt dừa,sữa dừa,coconut milk,6,Bánh Canh Cua | Bánh bò nướng làm bằng trứng vịt,SAME,Nước cốt dừa và sữa dừa thường dùng thay thế,"26738,32792,33807,38549,40711,47110"
162,gạo nếp,gạo,rice,6,"Cháo nấm chay thơm ngon, mát bổ (ngày 1) | MÓN LÀO: LARB MOO - SALAD THỊT BĂM LÀO 🇱🇦",SAME,Gạo nếp thuộc nhóm gạo,"27888,37869,41970,42112,44777,52990"
163,hành củ,Hành,Scallion,6,Thịt má heo rim củ cải muối | Canh cá bã trầu,SAME,Hành củ là hành,"28730,29640,29759,31373,36447,36933"
165,lá ngò,lá,leaves,6,Cá Ngừ Nấu Mẵng | Nấm Rơm Kho Đậu Hủ,SAME,Lá ngò là bộ phận lá của cây ngò,"32086,32113,36615,38792,40059,47964"
170,cải chua,dưa cải,pickled mustard greens,5,Cá Ồ Kho Chuối Cau | Thịt Nạc Heo Xào Cải Chua,SAME,Cải chua là một loại dưa cải,"7128,10372,11924,22232,44316"
176,dấm bỗng,dấm,vinegar,5,Lẩu Riêu Cua Đồng Bắp Bò Ngày Quốc Khánh 2/9 | Bún ốc bò,SAME,Dấm bỗng là một loại dấm đặc thù,"9439,29038,33263,36993,47168"
181,thịt bò băm,Thịt băm,Minced pork,5,Cháo thịt bò băm xào | Bò băm xào lá lốt,SAME,Thịt bò băm thuộc nhóm thịt băm,"12544,15390,15583,17289,18528"
182,ớt hiểm,ớt,chili pepper,5,Nấm rơm kho tiêu xanh chay | Cháo CÁ DÒ,SAME,Ớt hiểm là một loại ớt,"12810,22535,22656,27740,29687"
184,rau húng quế,quế,Cinnamon,5,Cơm thịt rang mắm ruốc và rau húng quế | Gỏi rau muống thịt luộc,SAME,Rau húng quế và quế (trong mapping) gây nhầm lẫn,"14974,29323,40676,42022,47605"
185,dâu ăn,dầu ăn,Vegetable Oil,5,Canh tôm và mộc nấu khổ qua | Canh chay rong biển đậu hủ nấm kim châm,SAME,Dầu ăn viết sai chính tả,"18678,29837,30839,31019,40840"
187,ậu phộng,đậu phộng,peanut,5,Gỏi khế trộn bò | Rau sam nộm,SAME,Đậu phộng viết thiếu chữ cái đầu,"20329,21316,29697,31695,42816"
189,Bột cà ri,Bột (chung),flour,5,Thịt xào hành tây cà ri | Chân nấm xào cà ri sả ớt,SAME,Bột cà ri thuộc nhóm bột gia vị,"21792,32510,43591,45545,46609"
190,xương ống heo,thịt heo,pork,5,SP.0829 - Súp Cua Ngô Vàng Tuyết Nhĩ | SP.0802 - Canh Xương Ống Heo Tiềm Tam Bảo,SAME,Xương ống heo thuộc nhóm thịt heo,"21893,24351,27559,28300,34574"
191,đậu trắng,hộp đậu trắng,canned white beans,5,"Gỏi chay : bắp cải tím, nấm đùi gà, đậu hũ | Chả đậu tôm thịt",SAME,Đậu trắng và hộp đậu trắng là một loại,"22167,28701,33593,46571,53600"
192,Bột chiên xù,Bột (chung),flour,5,Chả cá bọc trứng muối chiên xù | Cá chiên xù,SAME,Bột chiên xù thuộc nhóm bột chung,"22502,34394,39242,47010,62508"
193,nghệ,bột nghệ,turmeric powder,5,Cá chuồn chiên củ nén | Bún cá lóc nấu dễ - nhanh - ngon,SAME,Nghệ tươi thường được dùng làm bột nghệ,"22551,29279,29599,33448,41663"
194,bún tàu,bún,rice vermicelli,5,Cá Chẽm Hấp Kim Châm Xì Dầu | SP.0818 - Chả Cua Đút Lò,SAME,Bún tàu là một loại bún (miến),"22555,23040,25852,29415,34761"
197,Bánh đa,bánh tráng,rice paper,5,Mì Quảng tôm gà trứng | Mì Quảng tôm cua hấp dẫn,SAME,Bánh đa và bánh tráng thường gọi thay thế,"24804,24845,25023,30378,43992"
199,Gia vị nước hàng,gia vị,seasoning,5,"Cá ngân kho chuối xanh, cà chua | Cá mối kho măng, chuối xanh",SAME,Nước hàng dùng làm gia vị,"27114,50042,51008,54886,63961"
206,t tươi,thịt heo,pork,5,Ganjang Gejang- Cua ngâm tương | Lẩu cá thác lác,SAME,T tươi có thể hiểu là thịt tươi (thịt heo),"50480,50545,58208,58521,64093"
207,ngò rí,rau ngò rí,coriander leaves,4,Sườn Heo Hầm Đậu Đen | Canh Củ Dền Nấu Xương Heo,SAME,Cùng là một loại rau gia vị,"6053,16060,17741,42908"
210,thịt vai heo xay,thịt nạc dăm,pork shoulder,4,Thịt vai heo rim cà chua | Canh bắp cải nấu thịt vai heo xay,SAME,Thịt vai heo thường được gọi là nạc dăm,"7815,11025,11071,11134"
213,nấm sò nâu,nấm bào ngư,oyster mushroom,4,"Cháo nấm, tempeh | Đậu non, tempeh chiên sốt nấm kim châm",SAME,Nấm sò nâu và nấm bào ngư cùng họ nấm,"8555,11157,14417,17071"
215,giá sống,rau sống,fresh herbs,4,Canh gân bò nấu chua | Phở Bò Sài Gòn,SAME,Giá sống thuộc nhóm rau sống,"8572,10513,11075,15007"
217,Bạc hà,bạc hà,mint,4,Canh Chua Cá Nấu Lá Me | Canh chua lườn cá hồi,SAME,Cùng là một tên gọi,"9022,10685,18288,42290"
220,rễ mùi,rau mùi,coriander leaves,4,Lưỡi heo luộc | Thịt nách heo luộc,SAME,Rễ mùi là một phần của rau mùi,"9639,16822,16851,19169"
221,nấm đông cô khô,nấm hương,shiitake mushroom,4,Canh Đùi Gà Nấu Nấm Và Cải Bẹ Xanh | Ramen thịt heo đơn giản,SAME,Nấm đông cô và nấm hương là một,"11259,19351,19544,62194"
223,ngổ,rau om,rice paddy herb,4,Bò Xào Nấm Dưa Leo | Lẩu bò nhúng mẻ,SAME,Ngổ và rau om là tên gọi khác nhau,"12392,15633,40864,43115"
226,Khoai sọ,khoai môn,taro,4,Canh khoai sọ rau rút (nhút) | Canh hầm thịt gà với rau củ,SAME,Khoai sọ và khoai môn cùng một chi,"13361,35980,44934,53809"
227,nâm đông cô,nấm hương,shiitake mushroom,4,Mì Udon Gà Và Nấm Đông Cô | Cải thìa sốt nấm đông cô và sườn gà chay,SAME,Nấm đông cô và nấm hương là một,"14849,36318,37703,38124"
228,súp rau củ,viên súp rau củ,vegetable bouillon cube,4,Canh Cải Brussels Củ Dền Tôm Khô | 🌱 Canh Chua Nấm & Củ Hủ Kim Chi Chay,SAME,Súp rau củ thường ám chỉ dạng viên súp,"16101,36794,43859,47177"
229,Mắm,nước mắm,fish sauce,4,Sườn Heo Ram Me | Đầu Cá Thu Nấu Lá É,SAME,Mắm trong chế biến Việt Nam thường là nước mắm,"16277,27831,35518,61486"
230,bôt ngot,mỳ chính,MSG,4,Nụ hoa mướp xào thịt heo và nấm bào ngư | Thịt kho tiêu và đậu hủ,SAME,Bột ngọt và mì chính là hai tên gọi vùng miền,"16310,48959,49419,50689"
231,tỏi phi,tỏi,garlic,4,Mì gói trộn bò trứng | Giá hẹ xào tôm khô,SAME,Tỏi phi được làm từ tỏi,"17144,21311,30657,47790"
232,đậu cô ve,đậu que,green beans,4,Đậu hũ non sốt nấm đông cô | Đậu Cô Ve Xào Thịt Heo,SAME,Đậu cô ve và đậu que là một,"20148,26472,41628,64207"
237,bột ngô,Bột (chung),flour,4,Ớt chuông nhồi thịt sốt dầu hào | Viên đậu hũ xúc xích,SAME,Bột ngô thuộc nhóm bột chung,"22134,33750,35320,61197"
238,súp gà,súp,soup,4,Canh Rau Tầm Ma Gà Xé | Thịt Heo Hầm Đậu Trắng,SAME,Súp gà là một loại súp cụ thể,"22516,34070,38692,45094"
239,ớt chuông vàng,ớt,chili pepper,4,Mực Xào Thập Cẩm | Mực mai xào tam sắc,SAME,Ớt chuông thuộc họ ớt,"22695,22806,33060,38602"
241,móng giò,giò,pork sausage,4,"Canh rau tầm bóp nấu móng giò | Canh sườn, móng giò nấu khoai tây, nấm mỡ",SAME,Móng giò là một phần của giò heo,"22831,25283,25398,51239"
243,tép tỏi,tỏi,garlic,4,SP.0809 - Chén Thịt Hấp Trứng Gà | Bún Tàu Xào Tôm Khô & Rau Củ,SAME,Tép tỏi là đơn vị của củ tỏi,"24181,29529,34817,35551"
245,lá hoành thánh,lá,leaves,4,Hoành thánh gói thịt hấp chấm nước tương | Lá hoành thánh chiên kèm rau củ xào,SAME,Lá hoành thánh thuộc nhóm lá (vỏ bánh),"24706,24736,24835,44975"
253,húng quế,rau húng chó,mint,4,Súp Huyết Bò | Nấm đùi gà kho cà tím,SAME,Húng quế và húng chó là một,"27064,37811,47329,60972"
254,ớt chuông xanh đỏ vàng,ớt,chili pepper,4,Gan heo xào ớt chuông | Rau Xào Ngũ Sắc,SAME,Ớt chuông nhiều màu vẫn thuộc nhóm ớt,"27222,42486,50831,61127"
255,bánh đa đỏ,bánh,cake,4,Bánh đa cá diếc | Bánh đa xào thịt,SAME,Bánh đa đỏ thuộc nhóm bánh (sợi bánh),"27408,27418,27572,34130"
257,mì Chũ,mì,noodles,4,Mì Chũ cá chiên giòn | Mì Quảng tôm cua nấu bằng mì Chũ,SAME,Mì Chũ là một loại mì,"28050,28068,28078,28082"
261,sốt mayonaise,sốt,sauce,4,Cơm Viên Cá Ngừ Phô Mai | Dưa Leo Kẹp Cá Ngừ,SAME,Mayonaise là một loại sốt,"30140,34009,36348,41816"
262,Hành củ,Hành,Scallion,4,Canh cá khoai nấu thơm cà | Thịt Ngan Om Sấu,SAME,Hành củ thuộc nhóm hành,"30334,31891,35364,46704"
263,sườn bò,thịt bò,beef,4,"Sườn bò, bò viên hầm ăn với bánh mì | Sườn Bò Hầm Đậu Ngự",SAME,Sườn bò thuộc nhóm thịt bò,"30820,36604,37945,40356"
265,củ hành,Hành,Scallion,4,Cải thìa sốt nấm mèo | Thịt bò xào ớt chuông,SAME,Củ hành thuộc nhóm hành,"31657,38210,60683,64176"
266,súp lơ xanh,bông cải,broccoli,4,Cơm nắm cá cơm | Thịt Bò Xào Súp Lơ Xanh,SAME,Súp lơ xanh còn gọi là bông cải xanh,"32013,32749,62122,64279"
267,bột rau câu giòn,Bột (chung),flour,4,RAU CÂU lá dứa-sữa dừa-cà phê | Thạch rau câu sợi thanh long đỏ,SAME,Bột rau câu thuộc nhóm bột chung,"32292,32943,34983,60917"
269,Rau củ ăn kèm,rau sống,fresh herbs,4,Sandwich kẹp xúc xích phômai rau củ | Cơm bento: Ông Noel vui tính (Lườn cá hồi rim nước tương),SAME,Rau củ ăn kèm tương đương rau sống,"33621,36042,37994,47901"
270,xương bò,thịt bò,beef,4,Bún Bò Huế(Xương Bò) | Lẩu Bò (Bò Nạm & Xương),SAME,Xương bò thuộc nhóm thịt bò,"34182,44764,45967,63621"
271,lá xà lách,lá,leaves,4,Tôm rang muối ớt | 🌱 Bún Tàu Trộn Nấm Xào Giá Chay (Vegan),SAME,Xà lách là một loại lá (rau),"34746,37420,41119,63944"
273,lá ngò rí,lá,leaves,4,Canh Bông Cải Xanh Nấu Tôm | Nấm Mối Kho Sả Ớt,SAME,Lá ngò rí là một phần của rau ngò,"37086,37697,38760,38785"
275,bột rau câu con cá dẻo,Bột (chung),flour,4,Rau câu khoai lang tím | Rau câu sữa bắp lá dứa,SAME,Bột rau câu thuộc nhóm bột chung,"43348,44121,53922,63125"
279,n kèm,rau sống,fresh herbs,4,Cá hồi nướng nồi chiên không dầu | Ramen thịt heo đơn giản,SAME,Đồ ăn kèm (n kèm) thường là rau sống,"51895,53248,54328,61491"
282,muối tôm,Tôm muối,Salted shrimp,4,Bánh Tráng Trộn Muối Tôm Đơn Giản | Khế lắc muối tôm,SAME,Muối tôm là dạng muối tôm khô,"64960,65079,65108,65124"
283,tỏi băm,tỏi,garlic,3,Bánh hỏi thịt heo | Heo quay kho cà chua,SAME,Tỏi băm được làm từ tỏi,"6004,8460,14162"
285,Nấm đông cô khô,nấm hương,shiitake mushroom,3,Gà xào nấm cải thìa | Nấm đông cô kho gừng,SAME,Nấm đông cô và nấm hương là một,"6395,14889,62398"
286,Dầu mè,dầu vừng,sesame oil,3,Gà xào nấm cải thìa | Súp Sò Điệp Bong Bóng Cá,SAME,Dầu mè và dầu vừng là một,"6408,9042,15793"
289,bột bánh xèo,Bột làm bánh,flour,3,Bánh tôm chiên khoai lang | Bánh khọt nhân tôm thịt,SAME,Bột bánh xèo là một loại bột làm bánh,"6483,8147,8958"
292,ngỗ,rau om,rice paddy herb,3,Canh Thịt Bò Nấu Cải Chua | Canh Chua Giá Đỗ Nấm Kim Châm,SAME,Ngổ và rau om là một (sai chính tả),"7119,11343,13553"
293,đầu hành,hành lá,green onion,3,Canh bí xanh nấu rong biển tôm khô | Canh cà chua nấu mực,SAME,Đầu hành là một phần của hành lá,"7207,7635,10904"
295,thịt rang,thịt heo,pork,3,"Chả cá, thịt và tóp mỡ sốt cà | Dưa leo cà rốt xào thịt",SAME,Thịt rang được chế biến từ thịt heo,"7613,7816,18221"
297,chanh vàng,chanh,lime,3,"Sinh Tố Dưa Leo Táo Xanh & Rau Chân Vịt Detox | Salad Trộn Trứng Luộc, Cá Cơm Muối & Nụ Bạch Hoa",SAME,Chanh vàng là một loại chanh,"7951,18897,40769"
300,lá é,lá,leaves,3,"Lẩu nấm lá é | Cà Pháo, Cà Đắng Giã Cá Khô",SAME,Lá é thuộc nhóm các loại lá gia vị,"8240,11103,28314"
302,t tươi,ớt,chili pepper,3,Măng Xào Hành Tây Rau Răm Chay | Rau tần ô trộn,SAME,T tươi là viết tắt của ớt tươi,"8347,59193,59393"
303,dầu hào chay,dầu hào,oyster sauce,3,Súp lơ xào nấm lộc nhung (món chay) | Nấm Và Bông Cải Sốt Tóc Tiên Chay,SAME,Dầu hào chay là một loại dầu hào,"8631,15795,32661"
306,mộc nhĩ,nấm mèo,wood ear mushroom,3,"Cải bắp cuộn tôm, thịt | Bánh đa tôm, mọc, chả cá",SAME,Mộc nhĩ và nấm mèo là một,"9615,12993,18218"
307,t hiểm,ớt hiểm,bird chili,3,Cá bông lau kho sốt tiêu | Mực Hấp Cuốn Bánh Tráng,SAME,T hiểm là viết tắt của ớt hiểm,"9867,11755,25955"
308,bí đao,bí xanh,winter melon,3,Canh bí đao nấu cùng thịt xay | Canh bí đao nấu giò heo,SAME,Bí đao và bí xanh là một,"10194,21022,21303"
309,nước sôi,nước,water,3,Cá Bạc Má Kho Hành Tăm | Cá Nục Hấp Kho Cà Bằng Nồi Áp Suất,SAME,Nước sôi là nước ở nhiệt độ cao,"10694,32741,37468"
311,Trứng,Trứng gà,Chicken Egg,3,Mì Udon trộn Kim chi thịt băm🍜 | Thịt ba chỉ chiên giòn,SAME,Trứng trong món mì thường mặc định là trứng gà,"10878,27529,47071"
312,thịt nạc vai heo,thịt nạc dăm,pork shoulder,3,Thịt heo nướng mắm ruốc | SP.0924 - Thịt Vai Heo Xào Cải Thìa,SAME,Thịt nạc vai heo và nạc dăm là một loại,"10882,12936,14746"
313,nấm linh chi nâu,nấm linh chi,lingzhi mushroom,3,Canh cải thảo nấu nấm | Canh rau muống thịt bò,SAME,Nấm linh chi nâu là một loại nấm linh chi,"10886,18093,29487"
314,Hành lá hành củ gia vị,hành lá,green onion,3,"Mì udon nấu cà chua, ớt chuông, nấm kim châm | Nấm sò yến nấu cà chua, trứng",SAME,Chứa hành lá trong mô tả raw,"11396,17299,19174"
315,thịt,thịt heo,pork,3,Khoai Tây Xào Thịt Ngẫu Hứng | Đậu làng Mơ rim thịt băm,SAME,Thịt trong món Việt thường mặc định là thịt heo,"12376,17368,17782"
317,thịt bò bằm,Thịt băm,Minced pork,3,"Rau Tiến Vua Xào Thịt Bò Bằm | Canh thịt bò bằm nấu nấm hương tươi, khoai tây, cà rốt",SAME,Thịt bò bằm là một loại thịt băm,"12448,14074,20422"
319,sò gấc,sò,clam,3,Cháo sò gấc nấm 🍄‍🟫 rong biển | Cháo hạt mix sò gấc rau ngót 🌿 phô mai 🧀,SAME,Sò gấc là một loại sò,"13635,26665,27089"
320,rượu vang trắng,rượu,cooking wine,3,"Cánh Gà Nấu Rượu Vang, Sốt Cà Chua Và Rau Củ | Tôm Xanh Hấp Rượu Vang Trắng",SAME,Rượu vang trắng là một loại rượu,"14158,43006,47306"
321,rau húng quế,rau húng chó,mint,3,Phở Sườn Bò | Thịt xay chả cá rang mắm ruốc,SAME,Húng quế và húng chó là một ở miền Bắc,"14661,15004,25932"
324,cua lột,cua,crab,3,Cua Lột Chiên Bột | Cua lột chiên xù,SAME,Cua lột là cua đang trong kỳ thay vỏ,"15672,27404,27462"
328,nươc côt dưa,sữa dừa,coconut milk,3,"Bánh xèo tôm thịt,nấm bào ngư ăn kèm rau cải xanh và rau sống | Chè trôi nước 4 màu tự nhiên từ rau củ quả",SAME,Nước cốt dừa và sữa dừa là một,"17950,43818,44605"
329,chuối xanh,chuối,banana,3,Thịt nhồi chuối xanh | Cá kho chuối xanh,SAME,Chuối xanh là một trạng thái của quả chuối,"18034,25601,36845"
330,đậu chiên,đậu hũ,tofu,3,Rau củ xào chay | Bún chả cá thìa là,SAME,Đậu chiên được làm từ đậu hũ,"18355,23931,53184"
331,củ hành khô,hành tím,shallot,3,Thịt băm xào ngô ngọt | Pizza thịt băm xúc xích ngô ngọt,SAME,Củ hành khô thường chỉ hành tím ở Việt Nam,"19030,19943,19948"
332,bắp cải tím,bắp cải,cabbage,3,"Bắp cải tím xào thịt heo | Gỏi chay : bắp cải tím, nấm đùi gà, đậu hũ",SAME,Bắp cải tím là một loại bắp cải,"19032,22165,27242"
333,mực nang,mực,squid,3,Mực nang xào cần tây | Mực nang xào dưa cải,SAME,Mực nang là một loại mực,"20431,25755,64973"
334,khóm tỏi,tỏi,garlic,3,"Hải sản Phú Quý hấp: mực ống, cua gạo, cua mặt trăng và nhum tươi | Vào bếp cùng con: gỏi đu đủ Thái không tôm, không cay",SAME,Tên địa phương hoặc lỗi viết của khóm tỏi,"20869,44954,45591"
338,bột ớt Hàn Quốc,ớt,chili pepper,3,Thịt ba rọi 1 nắng áp chảo | Nấm Rơm Kho Tiêu Xanh,SAME,Bột ớt là ớt được xay mịn,"21810,42479,44140"
340,phomai,Bột phô mai,cheese powder,3,Thịt bò viên nướng phomai bằng nckd | Steak bò sốt phomai,SAME,Phomai dạng bột thường dùng cho món nướng,"21950,22017,41978"
343,hành tây tím,hành tím,shallot,3,Mực Xào Thập Cẩm | Salad Thịt Bằm Trứng,SAME,Hành tây tím thường được gọi chung là hành tím,"22693,26524,46538"
344,mỡ heo,thịt heo,pork,3,Mực nang xào tóp mỡ | Bánh hỏi thịt nướng,SAME,Mỡ heo là một phần của thịt heo,"22719,30542,64575"
346,tôm lột,tôm thẻ loại to,shrimp,3,Cơm bento: Gấu koala hồng đáng yêu (Đậu hũ xào tôm nấm) | Bún Nưa Nấu Tôm & Rong Biển,SAME,Tôm lột thường là tôm thẻ to,"23178,25673,45332"
349,tôm lột vỏ,tôm thẻ loại to,shrimp,3,Tôm thịt rim cà chua | Cháo nấm mối đen,SAME,Tôm lột vỏ thường là tôm thẻ to,"23749,26179,32606"
352,Cần tàu,cần tây,celery,3,Mực Xào Nấm Rau Củ | Cá Đổng Nấu Ngót,SAME,Cần tàu còn được gọi là cần tây,"24573,26085,32628"
354,dọc mùng bạc hà,bạc hà,mint,3,Bún cá lóc | Canh Chua Cá Mú,SAME,Dọc mùng miền Nam gọi là bạc hà,"25016,44070,45070"
355,rau câu,bột rau câu,agar powder,3,Sữa chua granola và rau câu cam | Rau câu táo,SAME,Rau câu nấu từ bột rau câu,"25032,25108,25110"
357,trứng,Trứng gà,Chicken Egg,3,Vetula: Nui lứt xào trứng ăn với chả mực và rau củ luộc | Hoành thánh tôm thịt,SAME,Trứng trong món xào thường là trứng gà,"25259,29101,38744"
358,mì soba,mì,noodles,3,Mì soba nấu bò nấm | Mì Soba nấu tôm thịt,SAME,Mì soba là một loại mì,"25393,25464,41069"
359,củ cải trắng,củ cải,radish,3,"Xương heo hầm khoai tây, dền, cà rốt, củ cải trắng | Củ cải trắng hấp thịt",SAME,Củ cải trắng là một loại củ cải,"25498,36508,40893"
360,khoai lang tím,khoai lang,sweet potato,3,Súp thịt gà khoai lang tím đậu hũ non | Cháo thịt heo khoai lang tím 🍠,SAME,Khoai lang tím là một loại khoai lang,"25567,25893,47352"
362,xương đuôi heo,thịt heo,pork,3,Canh Củ Sen Hầm Đuôi Heo | Hủ Tíu Mực,SAME,Xương đuôi là một phần của thịt heo,"26449,32621,40391"
363,cá giò,Cá bớp,Cobia,3,Canh Cá Giò Nấu Lá Me Non | Canh Cá Giò Nấu Lá Giang,SAME,Cá giò là tên gọi khác của cá bớp,"26514,26993,46167"
364,bao tử heo,thịt heo,pork,3,Gỏi Bao Tử Heo | Bao tử heo xào rau cải bẹ non,SAME,Bao tử heo là bộ phận của heo,"26574,38620,38658"
367,măng chua,măng,bamboo shoots,3,Canh cá thác lác nấu măng chua | Lẩu cá bớp măng chua,SAME,Măng chua là măng được muối chua,"26834,30041,37354"
368,qua tim heo,thịt heo,pork,3,Cháo tim heo hạt sen | Tim heo xào đậu cô ve,SAME,Tim heo là một bộ phận của heo,"27382,41090,41237"
376,rau húng,rau húng chó,mint,3,Hoa chuối trộn tôm thịt | Gỏi đu đủ khô bò,SAME,Rau húng ở VN thường chỉ húng chó/quế,"29191,38415,39348"
380,Bánh canh,bánh,cake,3,"Bánh canh chả cá, thịt bằm | Bánh canh chân nấm củ cải khô",SAME,Bánh canh là một loại bánh (sợi),"30155,41634,47517"
381,ồ ăn kèm,rau sống,fresh herbs,3,Cá diêu hồng chiên giòn chấm mắm nêm cá cơm | Bún Riêu Nấu Nấm Đông Trùng Hạ Thảo,SAME,Đồ ăn kèm gỏi/chiên thường là rau sống,"30217,35714,38386"
382,Ngò thơm,Hành ngò,mixed herbs,3,Canh Cà Chua Trứng Nấm Chả Cua🍥🍅 | Bún Sườn Non Dọc Mùng Nấm Me,SAME,Ngò thơm nằm trong nhóm hành ngò,"30429,38292,40871"
383,bánh hỏi,bánh,cake,3,Bánh hỏi thịt nướng | Bánh hỏi - bò nướng,SAME,Bánh hỏi là một loại bánh làm từ bột gạo,"30553,39196,48048"
385,Bí đao,bí xanh,winter melon,3,Cháo ếch bí đao | Canh sườn rau quả,SAME,Bí đao còn gọi là bí xanh,"31379,35192,48170"
388,Hạt sen,sen,lotus,3,Cháo ếch hạt sen | Cháo sườn hạt sen nấm 🍲,SAME,Hạt sen từ cây sen,"31664,34212,35812"
389,Cá,cá hú,pangasius fish,3,Cá sốt | Cá chiên xù,SAME,Cá hú là một loài cá cụ thể,"31686,34396,45234"
390,Dâu ăn,dầu ăn,Vegetable Oil,3,Mực ống xào mướp và nấm bào ngư | Cá kình kho lạt(kho mẵn),SAME,Dâu ăn là lỗi chính tả của dầu ăn,"31762,32718,39603"
391,tắc,nước tắc,kumquat juice,3,Tai heo ngâm cóc non | Gỏi ổi khô mực,SAME,Tắc dùng lấy nước cốt để ngâm,"32236,36219,46541"
392,bột ớt,ớt,chili pepper,3,"Thịt chiên bột | Pizza Đế Mỏng Với Sốt Cà Homemade, Nấm, & Thịt Nguội",SAME,Bột ớt là ớt xay khô,"32689,41374,60886"
393,Rau húng quế,quế,Cinnamon,3,Cuốn Bún Đậu Hủ Chấm Mắm Tôm | Bò Bía,SAME,Rau húng quế gọi tắt là quế,"33024,36017,37421"
401,Sốt sữa chua,sốt,sauce,3,Salad cá hồi sốt sữa chua dễ không tưởng | Salad Rau Diếp Xoăn Trắng (Endive) Táo & Thịt Nguội,SAME,Sốt sữa chua là một loại sốt nói chung,"37789,39550,40681"
405,tôm càng,tôm,shrimp,3,Mì Quảng tôm càng | Tôm càng sốt phomai,SAME,Tôm càng là một loại tôm,"41110,41528,41976"
406,Lá mắc mật,thảo mộc,herbs,3,Thịt chim nướng lá mắc mật | Thịt rang lá mắc mật,SAME,Lá mắc mật là một loại thảo mộc,"42111,43212,45240"
407,Sốt mè rang,sốt,sauce,3,Salad rau củ | Salad ớt chuông rau mầm,SAME,Sốt mè rang là một loại sốt,"43856,50071,54000"
408,đậu hũ trứng,đậu hũ,tofu,3,Đậu hũ trứng sốt rau củ | Món cho bé : Đậu hũ trứng sốt thịt,SAME,Đậu hũ trứng là một loại đậu hũ,"43917,45641,64326"
411,muôi,gia vị,seasoning,3,Thịt kho trứng cút và đậu hủ | Gỏi nấm bào ngư chay,SAME,Muối là một loại gia vị (viết sai chính tả),"48880,49173,49413"
412,miêng đâu hu,đậu hũ,tofu,3,Bún đậu hủ nước tương | Bún riêu cua tóp mỡ,SAME,Miếng đậu hũ chính là đậu hũ,"49476,50747,52502"
414,t xay,Thịt băm,Minced pork,3,Bò Bía Chay | Bún Riêu Cua Bắp Bò,SAME,T xay (thịt xay) tương đương thịt băm,"49807,50180,52171"
416,ầu hành,hành lá,green onion,3,Cá ngừ kho thơm cà chua | Cá điêu hồng kho dầu hào,SAME,Đầu hành là một phần của hành lá,"51718,51763,60501"
417,Dùng kèm,rau sống,fresh herbs,3,Cuốn Maki Bơ & Cá Ngừ | Sushi Cơm Cuộn Bọc Trứng Cá Chuồn,SAME,Dùng kèm trong maki/cuốn thường là rau sống,"57214,59398,59483"
419,cá dò,cá dìa,rabbitfish,2,Cá dò nấu ngọt | Cháo CÁ DÒ,SAME,Cá dò và cá dìa là cùng một loài,"6032,22530"
421,heo rừng,thịt heo,pork,2,Heo Rừng Rang Lá Lốt | Mực nướng sa tế - heo rừng nướng chao,SAME,Heo rừng là một loại thịt heo,"6138,42138"
422,Lòng đỏ trứng,Trứng gà,Chicken Egg,2,"Mì Ý Xốt Kem Cheese với Bacon, Nấm Mối và Bông Cải Xanh | Bánh mì sandwich bọc rau củ",SAME,Lòng đỏ trứng thuộc về trứng gà,"6635,30580"
424,Bột bắp,bột ngô,cornstarch,2,Thịt Bò Xào Su Hào | Ba chỉ sốt tắc (heo),SAME,Bột bắp và bột ngô là một,"6663,19306"
425,nạc xay,nạc heo,lean pork,2,Chả cá thác lác hấp bầu | Bánh tráng cuộn thịt chiên giòn,SAME,Thịt nạc xay thường là nạc heo,"6942,17295"
427,Giò sống,giò,pork sausage,2,Canh Mọc Nấm Hương | Chả Cua (Bún Bò Huế),SAME,Giò sống là một loại giò,"7716,13779"
429,Rau cải chíp,cải thìa,bok choy,2,Phở xào bò,SAME,Cải chíp và cải thìa là một,"7770,64397"
431,t bằm,Thịt băm,Minced pork,2,Chả nấm kim châm chiên cay | Đậu hũ chiên sốt me sả,SAME,T bằm (thịt bằm) là thịt băm,"7813,59197"
432,rau húng lủi,rau thơm,herbs,2,"Thịt Luộc Cà Pháo Mắm Nêm | Gỏi CHÂN GÀ, CÀ PHÁO với TÔM chua",SAME,Húng lủi là một loại rau thơm,"7872,11138"
434,Nước sốt mè rang,sốt,sauce,2,Salad tôm - đậu gà | Salad khế rau củ,SAME,Nước sốt mè rang là một loại sốt,"8043,23632"
436,củ cải khô,củ cải,radish,2,Cá ngừ kho củ cải khô | Canh Củ Cải Khô Nấu Xương Heo,SAME,Củ cải khô làm từ củ cải,"8165,12389"
439,Dầu mè,dầu ăn,Vegetable Oil,2,Cá bạc má kho mía | Nui xào bò,SAME,Dầu mè là một loại dầu ăn,"8344,9012"
440,củ Cà rốt,bã củ cà rốt,carrot pulp,2,Thịt Má Đùi Gà Nấu Táo Đỏ Pate | Chả Lụa Cuộn Rau Củ,SAME,Củ cà rốt là nguyên liệu gốc của bã cà rốt,"8356,14171"
441,hoa lơ trắng,bông cải trắng,cauliflower,2,Canh Sườn Heo Hoa Lơ Trắng | SP.0804 - Thăn Heo Xào Hoa Lơ Trắng,SAME,Hoa lơ trắng và bông cải trắng là một,"8655,24338"
442,t,ớt,chili pepper,2,Cá Tắc Kè nướng mọi | Sụn Heo Kho Sả Ớt,SAME,t (viết tắt) thường là ớt trong gia vị,"8808,9773"
444,củ sắn,củ đậu,jicama,2,Bánh xèo nhân tôm củ sắn | Củ sắn xào tôm,SAME,Củ sắn (miền Nam) là củ đậu (miền Bắc),"8977,20825"
447,ngò,rau ngò rí,coriander leaves,2,"Đậu Bắp, Nấm Đông Cô Áp Chảo | Bánh canh cá nục nướng Đà Nẵng",SAME,Ngò thường dùng chỉ rau ngò rí,"9036,37434"
448,Củ sắn,củ đậu,jicama,2,SP.0995 - Bò Bía Mặn | Bò pía đơn giản tại nhà,SAME,Củ sắn (Nam) và củ đậu (Bắc) là một,"9048,20708"
449,Tương đen,sốt,sauce,2,SP.0995 - Bò Bía Mặn | Bò pía đơn giản tại nhà,SAME,Tương đen là một loại sốt chấm,"9083,20721"
450,ậu khuôn,đậu hũ,tofu,2,Nấm Đùi Gà Nhồi Chay | Đậu bóp rau răm,SAME,Đậu khuôn là tên gọi khác của đậu hũ,"9146,15635"
454,dầu mè,dầu ăn,Vegetable Oil,2,Đậu cuốn nấm kim châm chay | SP.0946 - Bò Xào Đậu Đũa Teriyaki,SAME,Dầu mè là một loại dầu ăn,"10199,11763"
455,bí đỏ hồ lô,bí hồ lô,bottle gourd,2,Cháo bí đỏ tôm nõn | Canh bí đỏ thịt viên,SAME,Bí đỏ hồ lô chính là bí hồ lô,"10254,14538"
456,da heo quay,heo quay,roast pork,2,Da HEO quay xào dưa cải chua | Dưa chua trộn da heo quay,SAME,Da heo quay là một phần của heo quay,"10316,20793"
457,Nước đá lạnh,nước,water,2,Tôm chiên xù kiểu Nhật (Ebi Furai) | Tôm Sốt Trái Thơm Mayonaise,SAME,Nước đá lạnh thành phần chính là nước,"10332,33314"
458,cá điêu hồng,cá diêu hồng,tilapia,2,Canh cải rổ cá điêu hồng | Cá điêu hồng rang lá lốt,SAME,Cách viết khác của cá diêu hồng,"10347,11821"
460,Nhân tôm thịt,thịt xay,meat filling,2,"Há Cảo Nhân Tôm Thịt | Bánh Ướt Trứng Nhân Tôm Thịt (Bột pha sẵn, bột tự pha và tráng bằng chảo)",SAME,Nhân tôm thịt chứa thịt xay,"10461,10534"
462,tương đen,sốt,sauce,2,Phở Bò Sài Gòn | Phở Chiên Giòn Xúc Thịt Bò,SAME,Tương đen là một loại sốt,"10514,14914"
463,nước cốt me,nước cốt,extract,2,Canh chua lườn cá hồi | Canh Chua Giá Đỗ Nấm Kim Châm,SAME,Nước cốt me là một loại nước cốt,"10682,11328"
464,hành củ,hành tím,shallot,2,Canh chua thịt bằm nấu mùng | Mực ống xào su hào,SAME,Hành củ thường dùng chỉ hành tím,"10697,15207"
465,shrimp tôm,tôm thẻ loại to,shrimp,2,"Wonton, seafood noodles, crispy chicken (hoành thánh, mì hải sản, gà giòn)",SAME,"Shrimp là tôm, thường gán tôm thẻ","10847,51360"
466,bắp cải,lá bắp cải,cabbage leaves,2,Canh chua tôm bông điên điển | Canh bắp cải bông điên điển nấu thịt vai xay,SAME,Lá bắp cải thuộc cây bắp cải,"10979,12724"
468,tỏi khô gia vị,gia vị,seasoning,2,"Rau tầm bóp xào tóp mỡ | Canh tôm nấu rau muống, nấm đùi gà",SAME,Tỏi khô là một loại gia vị,"11200,11230"
469,bánh đa,bánh đa mè,sesame rice cracker,2,Bánh đa cá ngần + chả cá ngần | Rau bò khai xào bánh đa nắm Quỳnh Côi,SAME,Bánh đa mè là một loại bánh đa,"11355,16830"
471,bắp,bắp ngọt,sweet corn,2,Mì Quảng gà cá tôm | Vetula: Nui lứt xào trứng ăn với chả mực và rau củ luộc,SAME,Bắp thường dùng chỉ bắp ngọt,"11400,25258"
473,thịt quay,thịt heo,pork,2,Thịt quay kho nước tương | Ớt chuông xào đậu que và heo quay,SAME,Thịt quay làm từ thịt heo,"11626,11901"
477,thịt thăn bò,nạc thăn,pork tenderloin,2,Bò Xào Lúc Lắc | Bò xào ớt chuông,SAME,Thịt thăn bò là một loại nạc thăn,"12380,13255"
478,cà chua beef,cà chua,tomato,2,Bò Xào Lúc Lắc | Đậu Hũ Sốt Thịt Cà Chua,SAME,Cà chua beef là một loại cà chua,"12398,14690"
481,thịt vai,thịt nạc dăm,pork shoulder,2,Cá nục nhí kho thịt vai heo | Thịt rang dừa,SAME,Thịt vai heo thường là thịt nạc dăm,"12744,30052"
483,mực khô,mực,squid,2,Mực xào cần tây rau củ 🥗 | Hũ Tiếu Hải Sản,SAME,Mực khô là mực đã qua sơ chế,"13386,17619"
484,cây nấm đông cô tươi,nấm hương,shiitake mushroom,2,Nem Gà Nấm,SAME,Nấm đông cô và nấm hương là một,"13855,62680"
486,thịt nạc,nạc heo,lean pork,2,Canh khoai lang nấu thịt bằm | Canh rau xà lách nấu thịt,SAME,Thịt nạc thường là nạc heo,"14078,14083"
489,tôm,ram tôm,shrimp rolls,2,Ram rế tôm thịt | Tôm ram,SAME,Tôm là nguyên liệu chính của ram tôm,"14544,45653"
491,táo đỏ,táo tàu,jujube,2,Đuôi Heo Hầm Sâm Ngọc Linh | Đuôi bò hầm đậu ngự thuốc bắc,SAME,Táo đỏ khô thường được gọi là táo tàu,"14602,44831"
492,bánh mì,bánh mì sandwich,sandwich bread,2,Da heo chay cháy tỏi ớt (chay) | Giò heo cuộn chiên giòn (món chay),SAME,Bánh mì sandwich là một loại bánh mì,"14892,24093"
496,đậu,đậu hũ,tofu,2,Cá đuối om | Đậu hũ kho thịt,SAME,"Trong ngữ cảnh món om, đậu thường là đậu hũ","15156,25762"
497,tôm,chả tôm,shrimp cake,2,Chả tôm thịt | Chả tôm mực sốt teriyaki,SAME,Tôm là nguyên liệu của chả tôm,"15192,42985"
499,ăn kèm,rau sống,fresh herbs,2,📣 Thịt bò xào húng quế kiểu Thái 🥩🫑🧅🌿,SAME,Đồ ăn kèm món Thái thường là rau sống,"15862,62225"
501,thịt nướng,thịt heo,pork,2,Bún thịt nướng đậu hũ | Cơm nắm rong biển thịt nướng,SAME,Thịt nướng trong bún thường là thịt heo,"16364,18124"
503,ớt băm,ớt hiểm,bird chili,2,Cá Bống Giậm Kho Khô | Đậu Đũa Xào Sa Tế Tôm và Mắm Belacan Malaysia,SAME,Ớt băm thường dùng ớt hiểm tại Việt Nam,"16664,16802"
504,Sốt lẩu Thái,cốt lẩu,hot pot base,2,Canh rau muống nấu nghêu chua cay | Lẩu Thái nhúng bò nấm và rau,SAME,Sốt lẩu Thái là một loại cốt lẩu,"16680,17884"
506,sốt bulgogi,sốt,sauce,2,Mì lạnh ăn kèm thịt nướng sốt bulgogi | Gan lợn ướp sốt bulgogi nướng,SAME,Sốt bulgogi là một loại sốt,"17231,42380"
507,nấm sò yến,nấm bào ngư,oyster mushroom,2,"Nấm sò yến nấu cà chua, trứng | Canh rau diếp nấu nấm (món chay)",SAME,Nấm sò yến thuộc dòng nấm bào ngư,"17297,29840"
511,mỡ phần,mỡ heo,lard,2,Rau muống xào tóp mỡ | Bánh đa cua Hải Phòng,SAME,Mỡ phần là một loại mỡ heo,"17911,34122"
512,thịt,thịt viên,meatballs,2,Mì gạo nấu thịt viên | Canh khoai tây cà rốt nấu thịt viên,SAME,Thịt viên được làm từ thịt,"18095,19867"
513,rau cải xanh,cải bẹ xanh,mustard greens,2,Canh Cải Ngọt Nấu Tôm Biển | Bánh xèo nấm chay,SAME,Rau cải xanh thường gọi là cải bẹ xanh,"18127,37614"
518,cá róc con,cá lóc,snakehead fish,2,Cá Róc Chiên Cà Ri,SAME,Cá róc là cách gọi địa phương của cá lóc,"19298,61040"
519,thịt bắp giò,giò heo,pork hock,2,"Thịt bắp heo kho củ cải | Thịt bắp giò kho măng, nấm hương",SAME,Thịt bắp giò thuộc phần giò heo,"19481,53541"
520,lạc rang,đậu phộng,peanut,2,Nộm tép (hoặc tôm) | Bím bò chua ngọt,SAME,Lạc và đậu phộng là một,"19540,32806"
521,lòng đỏ trứng gà,Trứng gà,Chicken Egg,2,Món Pháp Blanquette De Veau - Thịt Bê Hầm Cà Rốt Nấm Phủ Sốt Bơ Trứng | Tôm hùm nướng phomai,SAME,Lòng đỏ là thành phần của trứng gà,"19606,43345"
522,Rau cải xanh,cải bẹ xanh,mustard greens,2,Canh cải xanh nấm thì là | Bún khế chả cá,SAME,Rau cải xanh là cải bẹ xanh,"20006,32704"
523,ngao,nghêu,clam,2,Rau dền cơm nấu ngao | Rau bí nấu ngao,SAME,Ngao và nghêu là một (tên gọi vùng miền),"20016,41394"
524,t tỏi,bột tỏi,garlic powder,2,Cá ngừ hấp | Bò nhúng mẻ,SAME,T tỏi có thể là viết tắt bột tỏi,"20031,20319"
525,đậu hũ non,đậu hũ,tofu,2,Đậu hũ non sốt nấm đông cô | Đậu hũ lướt ván,SAME,Đậu hũ non là một loại đậu hũ,"20128,43930"
526,tôm bóc vỏ,tôm thẻ loại to,shrimp,2,Tôm rim bơ tỏi | Cần tây xào hải sản,SAME,Tôm bóc vỏ thường dùng tôm thẻ,"20929,23690"
527,nước luộc thịt,nước hầm xương,broth,2,Canh cà nấm nấu da heo thịt xay | Thịt Luộc Bossam (보쌈) - Ẩm thực Hàn Quốc,SAME,Nước luộc thịt có thể coi là nước hầm xương,"21008,48534"
528,gạo lứt,gạo,rice,2,Cơm gạo lứt trứng chiên tôm nấm | Cơm gạo lứt với tôm nõn rim cà chua,SAME,Gạo lứt là một loại gạo,"21123,60704"
529,Chuối xanh,chuối,banana,2,Thịt luộc chuối xanh mùi vị cuộc đời | Chuối xanh om đậu nấm mỡ,SAME,Chuối xanh là trạng thái của quả chuối,"21240,27033"
530,heo quay,thịt heo,pork,2,Heo quay da giòn xào dưa leo hành tây | Thịt kho tiêu mới lạ với heo quay,SAME,Heo quay được làm từ thịt heo,"21363,40430"
531,bơ sáp chín,bơ,butter,2,Salad Bơ Cá Hồi Xông Khói | Trứng Cuộn Trái Bơ Cá Hồi,SAME,Bơ sáp là một loại quả bơ,"21403,21555"
534,sò điệp,sò,clam,2,"SP.0829 - Súp Cua Ngô Vàng Tuyết Nhĩ | Bào Ngư, Sò Điệp, Vẹm Xanh, Ốc Bulot, Tôm Hùm Đất- Sốt Cajun Bơ Tỏi",SAME,Sò điệp là một loại sò,"21895,45164"
538,ớt chuông xanh nhỏ,ớt,chili pepper,2,Filet Cá Saba Nauy Nấu Légume | Râu mực xào lá quế,SAME,Ớt chuông là một loại ớt,"22681,28682"
539,bơ thực vật,bơ,butter,2,Mì Ý tôm sốt cải bó xôi | Ếch xào bơ tỏi hành tây,SAME,Bơ thực vật là một loại bơ,"22857,50092"
540,huyết bò,thịt bò,beef,2,Bò nạm hầm củ quả | Súp Huyết Bò,SAME,Huyết bò là thành phần từ con bò,"22935,27061"
541,cải đỏ,củ cải đỏ,red radish,2,Nui giò heo | Tôm xào bông cải,SAME,Cải đỏ là cách gọi khác của củ cải đỏ,"22956,48045"
542,màu dầu điều,dầu màu điều,annatto oil,2,SP.0818 - Chả Cua Đút Lò | Lẩu Riêu Cua Đồng Bắp Bò Ngày Quốc Khánh 2/9,SAME,Màu dầu điều chính là dầu màu điều,"23042,61423"
545,heo,sườn heo,pork ribs,2,Bún mắm nêm tai heo | Phá lấu tai mũi heo,SAME,Sườn heo thuộc về con heo,"23399,34539"
546,bông cải trắng,bông cải,broccoli,2,Bông cải trắng xào thịt bò | Phở sắn chiên giòn sốt mực xào rau củ chua ngọt,SAME,Bông cải trắng là một loại bông cải,"23460,25415"
547,cua đồng,cua,crab,2,Canh HOA THIÊN LÝ nấu cua đồng | Bánh đa cua hải sản,SAME,Cua đồng là một loại cua,"23502,25631"
548,Dưa chuột,dưa,pickles,2,Gỏi chả+heo quay | Salad rau 🤫,SAME,Dưa chuột thuộc họ nhà dưa,"23646,48155"
551,bò khô,thịt bò,beef,2,Gỏi bò khô | Giá hẹ xào bò khô,SAME,Bò khô làm từ thịt bò,"23922,47809"
552,thịt nạc dăm,nạc heo,lean pork,2,Bánh Xèo Nấm Nhân Thịt | Đậu hũ kho thịt,SAME,Thịt nạc dăm là một loại nạc heo,"23967,25761"
553,chân giò,giò,pork sausage,2,Chân giò hầm rau củ | Thịt đông siêu đơn giản,SAME,Chân giò chính là giò heo,"24128,45367"
554,Gia vị sốt,sốt,sauce,2,Nấm kho tàu hủ | Thịt băm bọc trứng sốt cà chua,SAME,Sốt là một dạng gia vị sốt,"24139,62298"
557,Tỏi phi,tỏi,garlic,2,Mì lá tươi nấu giò heo | Đậu hũ kho thịt,SAME,Tỏi phi được làm từ tỏi,"24714,25764"
561,đậu cove nhật,đậu que,green beans,2,Bông Kim Châm Kho Rau Củ Chay | Phở sắn chiên giòn sốt mực xào rau củ chua ngọt,SAME,Đậu cove và đậu que là một,"25238,25413"
562,nui lứt,nui,pasta,2,Vetula: Nui lứt xào trứng ăn với chả mực và rau củ luộc | Nui lứt nấu tôm,SAME,Nui lứt là một loại nui,"25254,25260"
566,Mắm tép,tép,small shrimp,2,"Thịt, tôm chưng mắm tép | Thịt Ba Chỉ Xào Mắm Tép",SAME,Mắm tép được làm từ tép,"25472,64335"
567,tôm sắt bóc nõn,tôm thẻ loại to,shrimp,2,Cải làn xào tôm nấm | Canh mùng tơi rau đay nấu tôm sắt,SAME,Tôm sắt là một loại tôm,"25492,25512"
571,tôm sắt nguyên vỏ,tôm thẻ loại to,shrimp,2,Tôm sắt rim mắm | Bún tôm Quảng Ninh,SAME,Tôm sắt là một loại tôm,"25573,29763"
572,Tôm nõn,tôm thẻ loại to,shrimp,2,Súp Tôm Tóc Tiên | Canh bầu tôm nõn,SAME,Tôm nõn là thịt tôm,"25604,30512"
573,bún nưa,bún,rice vermicelli,2,Bún nưa xào tôm | 🌱 Bún Nưa Nấu Nấm & Cà Chua Ba Màu,SAME,Bún nưa là một loại bún,"25623,38981"
574,thịt má heo,thịt heo,pork,2,Cải làn xào thịt má heo | Thịt má heo rim củ cải muối,SAME,Thịt má heo là một phần thịt heo,"25705,28728"
576,bì heo,thịt heo,pork,2,SP.0793 - Bì Cuốn Thịt Khìa | Nộm bì heo cóc xanh,SAME,Bì heo là da của con heo,"25870,46328"
577,rau cải làn,rau cải ngồng,choy sum,2,Cải làn xào thịt bò | Cải làn xào nấm chay,SAME,Cải làn và cải ngồng rất giống nhau,"25888,25894"
579,mắm cá lóc,cá lóc,snakehead fish,2,Mắm chưng cá lóc | Mắm Cá Lóc Đồng Chưng Thịt Trứng,SAME,Mắm cá lóc làm từ cá lóc,"25963,46037"
580,Rong nho,rong biển,seaweed,2,Salad da cá | Salad rau 🤫,SAME,Rong nho là một loại rong biển,"26009,48153"
584,mùi tàu,ngò gai,culantro,2,Canh Khoai Sọ Nấu Sườn Heo | Thịt dê bóp ^^,SAME,Mùi tàu và ngò gai là một,"26512,45913"
585,gạo mix hạt,gạo,rice,2,Cháo hạt mix thịt gà 🍗 nấm 🍄táo đỏ | Cháo hạt mix sò gấc rau ngót 🌿 phô mai 🧀,SAME,Gạo mix hạt vẫn chứa gạo làm chủ đạo,"26660,26664"
586,Cá rô,cá rô phi,tilapia,2,Cá Rô Kho Tộ - Đậm Đà Hao Cơm | Cá sốt cà chua ngon hấp dẫn 😋,SAME,Cá rô đồng thường bị gộp với cá rô phi,"26750,30135"
589,nước lọc,nước,water,2,Cá Thu Chiên Sốt Mắm Tỏi Ớt | Nấm đùi gà sốt cay,SAME,Nước lọc chính là nước,"26942,31073"
591,sốt chua ngọt,sốt,sauce,2,Nọng má heo chiên sốt chua ngọt | Tôm hoa viên sốt chua ngọt,SAME,Sốt chua ngọt là một loại sốt,"27173,30253"
592,ớt chuông nhỏ,ớt,chili pepper,2,"Gan heo xào thơm (dứa) | Đậu phụ nhồi rau, nấm sốt cà chua",SAME,Ớt chuông là một loại ớt,"27199,33534"
593,bánh đa đỏ khô,bánh,cake,2,Bánh đa đỏ trộn tôm cua | Bánh đa đỏ xào tôm,SAME,Bánh đa đỏ là một loại bánh,"27445,27474"
594,Nước chấm mắm tôm,Tôm muối,Salted shrimp,2,Cá sòng luộc cạn cuốn bánh tráng chấm mắm tôm | Đậu hũ chấm mắm tôm với lá tía tô và kinh giới,SAME,Mắm tôm làm từ tôm muối,"27614,33081"
595,sách bò,thịt bò,beef,2,Gỏi sách bò | Sách bò xào,SAME,Sách bò là một bộ phận của bò,"27664,35008"
596,lá é húng quế trắng,lá,leaves,2,Đầu Cá Thu Nấu Lá É | Nấm Linh Chi Trắng Xào Lá É,SAME,Lá é là một loại lá,"27827,28211"
597,tỏi cô đơn,tỏi,garlic,2,Chả Cá Thác Lác Nhà Quết Siêu Dẻo | Thịt Cốt Lếch Iberico Ram,SAME,Tỏi cô đơn là một loại tỏi,"27877,40158"
599,tuỷ bò,thịt bò,beef,2,Tuỷ Bò Chiên Giòn | Tuỷ bò chiên,SAME,Tuỷ bò là thành phần từ con bò,"28024,28424"
603,lá quế,lá,leaves,2,"Nấm kho lá quế | Cà tím, nấm đùi gà xào lá quế",SAME,Lá quế là một loại lá,"28292,31076"
604,vú heo,thịt heo,pork,2,Vú heo nướng sa tế | Vú heo nướng chao,SAME,Vú heo là một phần của thịt heo,"28451,35366"
607,tía,tía tô,perilla leaves,2,Cháo cá chạch | SP.0750 - Mực Nhúng Giấm,SAME,Tía là cách gọi tắt của tía tô,"28997,30310"
608,Mắm me,me,tamarind,2,Cá Chạch chiên giòn chấm mắm me | Khô Cá Haddock (Cá Tuyết Chấm Đen) Chiên Giòn Chấm Mắm Me,SAME,Mắm me có thành phần chính là me,"29011,42957"
609,Sốt Teriyaki,sốt,sauce,2,Mì udon trộn sốt teriyaki và rau củ xào | Đậu phụ om sốt Teriyaki,SAME,Sốt Teriyaki là một loại sốt,"29016,47062"
610,gia vị nấu phở,gia vị,seasoning,2,Mì tôm thịt | Phở bò viên 🍲,SAME,Gia vị nấu phở thuộc nhóm gia vị,"29022,46665"
611,bắp chuối,chuối,banana,2,Hoa chuối trộn tôm thịt | Bún Đuôi Heo,SAME,Bắp chuối là hoa của cây chuối,"29189,54088"
613,thịt heo,thịt heo,pork,2,Thịt bò cuốn lá lốt | Canh cải thảo nấu nấm,SAME,Hai tên gọi hoàn toàn giống nhau,"29691,65127"
615,sốt thịt xá xíu cholimex,sốt,sauce,2,Xôi vò thịt xá xíu | Thịt ba rọi xá xíu,SAME,Sốt xá xíu thuộc nhóm sốt,"29809,32669"
617,táo đỏ khô,táo,apple,2,Chè táo đỏ nấm tuyết hạt sen mộc nhĩ phổ tai | 🌱 Chè Đu Đủ Táo Đỏ Nấm Tuyết Kỷ Tử,SAME,Táo đỏ khô là một loại táo,"29965,62474"
618,Bột tỏi,tỏi,garlic,2,Cá John Dory (Cá Dây Nhật) Nướng Bơ & Hoa Tỏi Ba Góc | Cá Minh Thái Ướp Nghệ Chiên Giòn,SAME,Bột tỏi làm từ tỏi,"30024,36093"
619,Sườn bò,thịt bò,beef,2,"Bún sườn bò, bò viên | Sườn Bò Nướng Tái Trên Than Hoa",SAME,Sườn bò thuộc nhóm thịt bò,"30055,36451"
620,Rau cải cay,rau cải đắng,bitter greens,2,Cá chìa vôi nướng mọi | Canh Cải Cay Nấu Tôm,SAME,Cải cay và cải đắng thường là một loại,"30079,45411"
622,Rau húng,rau húng chó,mint,2,Mỳ Quảng bò (phiên bản fake) | Nộm nấm đùi gà hoa chuối,SAME,Rau húng ở miền Bắc thường là húng chó,"30374,37100"
626,Bột rau câu dẻo,Bột (chung),flour,2,Thạch rau câu sợi lá dứa – cốt dừa – café | Rau câu flan cheese cà phê,SAME,Bột rau câu thuộc nhóm bột chung,"31647,33206"
630,ớt chuông baby,ớt,chili pepper,2,"Ớt Chuông Nhồi Chả Cá | Bí non, ớt chuông xào tim heo",SAME,Ớt chuông là một loại ớt,"32755,45679"
631,Sốt nước tương,sốt,sauce,2,Cà Tím Dồn Thịt Rim Nước Tương | Nấm Đùi Gà Cuộn Sốt Nước Tương Chay,SAME,Sốt nước tương thuộc nhóm sốt,"33052,62176"
632,Bơ thực vật,bơ,butter,2,[Món Chay] Rau câu sợi xào sò điệp chay | Nấm sốt sa tế,SAME,Bơ thực vật thuộc nhóm bơ,"33153,45119"
633,nước chanh,chanh,lime,2,Đậu phụ tẩm mắm hành | Gỏi gà bắp cải rau răm,SAME,Nước chanh vắt từ quả chanh,"33595,53267"
635,bột màu điều,Bột (chung),flour,2,Bún Bò Huế Tái Nạm | Thịt heo Đông Pha,SAME,Bột màu điều thuộc nhóm bột chung,"33880,54060"
637,Rau sông,rau sống,fresh herbs,2,Cá ngừ đại dương chiên | Cá chỉ vàng và cá ngân chiên giòn,SAME,Rau sông là lỗi viết sai của rau sống,"33888,41097"
638,ớt sa tế,ớt,chili pepper,2,"Bún Bò Huế (Nạm bò, chân giò, xương bò, giò sống) | Mì Gói Mama Tôm Cà Chua & Ớt Sa Tế Siêu Cay 🌶",SAME,Ớt sa tế có thành phần chính là ớt,"33940,39533"
640,Bột ngô,Bột (chung),flour,2,Thịt viên tứ hỉ (thịt viên đầu sư tử) | Tôm sốt mayonaise cay,SAME,Bột ngô thuộc nhóm bột chung,"34110,35633"
643,chuối chát,chuối,banana,2,Nấm bào ngư hấp gừng sả | Cá lóc nướng sa tế,SAME,Chuối chát là một loại chuối xanh,"34288,41762"
644,tôm thẻ,tôm thẻ loại to,shrimp,2,"Bánh tôm, bánh tép | Hamburger thanh long kẹp tôm trứng",SAME,Tôm thẻ chính là loại tôm thẻ,"34591,37718"
645,thịt nạc bằm,nạc heo,lean pork,2,"Bánh Bột Lọc Nhân Tôm Thịt | Chả Trứng Thịt Nấm, Cà Rốt, Ớt Chuông",SAME,Thịt nạc bằm làm từ thịt nạc heo,"34868,43611"
649,dầu điều,dầu màu điều,annatto oil,2,Heo quay ba chỉ | Khô Bò Miếng Ăn Tết,SAME,Dầu điều và dầu màu điều là một,"35228,51188"
650,màu điều,dầu màu điều,annatto oil,2,Vú heo nướng chao | Đậu hũ chiên sốt chao,SAME,Màu điều thường chỉ dầu màu điều,"35370,43313"
653,lá húng lủi,lá,leaves,2,"💚 Salad Nui Ống, Nấm, Cà Chua, Olive & Fêta Healthy (Vegetarian) | Bánh Tráng Cuốn Đậu Hủ Muối Tôm Hành Phi",SAME,Lá húng lủi là một loại lá,"35859,53271"
657,Lá húng quế,lá,leaves,2,🌱 Canh Dứa Cà Chua Nấm Chay | Thịt Vịt Luộc Chấm Nước Mắm Gừng Tỏi Ớt,SAME,Lá húng quế là một loại lá,"36562,42693"
658,cá trứng,cá,fish,2,Cá Trứng Tẩm Mè Chiên Giòn | Cá Trứng Chiên Giòn,SAME,Cá trứng thuộc nhóm cá,"36611,43467"
659,thịt nạc xay,nạc heo,lean pork,2,"Bánh ít Trần nhân đậu xanh, thịt băm | Bánh tráng chiên nhân thịt băm và phô mai chấm sốt mù tạt mật ong",SAME,Thịt nạc xay làm từ thịt nạc heo,"36851,61739"
661,mì Quảng,mì,noodles,2,Mì Quảng Cá Lóc | Mì Quảng gà cá tôm,SAME,Mì Quảng thuộc nhóm mì,"37128,51340"
662,ớt chuông xanh vàng,ớt,chili pepper,2,Eatclean cơm gạo lứt+ bò lúc lắc | Mực sim xào ớt chuông,SAME,Ớt chuông là một loại ớt,"37185,61122"
663,sốt mè rang,sốt,sauce,2,Cơm chộn rong biển nhân cá ngừ | Salad Sốt Mè Rang Bò Trứng,SAME,Sốt mè rang thuộc nhóm sốt,"37209,49581"
665,cá cơm sữa,cá cơm,anchovy,2,Cá Cơm Sữa Chiên Giòn | Cá Cơm Sữa Kho,SAME,Cá cơm sữa là loại cá cơm nhỏ,"37622,40052"
667,bột Rau câu giòn g,Bột (chung),flour,2,Rau câu dừa cà phê | Rau câu sữa dừa khoai lang tím,SAME,Bột rau câu thuộc nhóm bột chung,"37982,45447"
668,Mộc nhĩ,nấm mèo,wood ear mushroom,2,"Cá song (mú) hấp xì dầu miến (bún tàu) | Bánh gối nhân thịt, trứng cút, lạp sườn",SAME,Mộc nhĩ và nấm mèo là một,"38006,46692"
670,Cồi sò điệp,sò,clam,2,"Mì Hải Sản (Trai, Sò Điệp, Mực Nang Baby) Cay Nhẹ | Mì Ý (Spaghetti) Sốt Kem Nấm & Cồi Sò Điệp",SAME,Cồi sò điệp thuộc nhóm sò,"38176,42781"
673,khô bò,thịt bò,beef,2,Gỏi đu đủ khô bò | Gỏi dưa hấu bò khô,SAME,Khô bò làm từ thịt bò,"38412,43557"
675,thịt ba rọi rút sườn hoặc thịt xay,Thịt ba chỉ,pork belly,2,Mắm Cá Chưng | Mắm Cá Thu Chưng,SAME,Ba rọi chính là ba chỉ,"38737,46029"
678,súp rau củ,soup,soup,2,"🌱 Bún Nưa Nấu Nấm & Cà Chua Ba Màu | 🌱 Súp Rau Củ Khoai Tây, Cà Rốt, Súp Lơ (Vegan)",SAME,Súp rau củ thuộc nhóm soup,"38980,42997"
680,Dấm bỗng,dấm,vinegar,2,Bún hải sản | Canh chua đậu phụ dấm bỗng,SAME,Dấm bỗng thuộc nhóm dấm,"39064,43962"
682,cồi sò điệp,sò,clam,2,Canh Xà Lách Xoong Nấm Mỡ & Cồi Sò Điệp | Mì Udon Khô Trộn Cồi Sò Điệp & Rau Diếp Cừu,SAME,Cồi sò điệp thuộc nhóm sò,"39214,47035"
683,lá ngò gai,lá,leaves,2,Vào bếp cùng con: salad rau hỗn hợp | Vào bếp cùng con: Taco tôm với tortilla từ bột mì và sốt salsa xoài,SAME,Lá ngò gai là một loại lá,"39247,40675"
684,ngò mùi,Hành ngò,mixed herbs,2,Vào bếp cùng con: salad rau hỗn hợp | Nấm Rơm Nấu Lá Me,SAME,Ngò mùi là cách gọi khác của hành ngò,"39249,43117"
688,bong bóng cá hú,cá hú,pangasius fish,2,Lòng cá hú xào rau muống | Canh măng cá và lòng cá,SAME,Bong bóng cá hú là bộ phận cá hú,"39875,39879"
690,Lá ngò rí,lá,leaves,2,Canh Thịt Nạc Khoai Tây | Blinis Topping Cá Ngừ Mayonaise Bắp Ngọt,SAME,Lá ngò rí là một loại lá,"40210,42932"
692,lá Cà ri,lá,leaves,2,Cà ri rau củ | Cà Ri Đùi Ếch Chôm Chôm,SAME,Lá cà ri là một loại lá,"41794,54191"
693,bánh đa nem,bánh tráng,rice paper,2,Nem hải sản ! | Nem cá hồi chiên xù,SAME,Bánh đa nem và bánh tráng là một,"42039,46076"
694,Sữa đặc ng Thọ,sữa,milk,2,Bò beefsteak sốt kem nấm | Bánh mì thịt khìa,SAME,Sữa đặc thuộc nhóm sữa,"42084,42088"
695,bơ avocado,bơ,butter,2,Salad cá hồi chín tái sốt teriyaki (Salad with medium-rare teriyaki salmon) | Salad Cobb với bánh cá 🥗 (Cobb salad with fish cake),SAME,Avocado là tên tiếng Anh của quả bơ,"42279,43748"
696,ồ chua,đồ chua,pickled vegetables,2,Bún bò xào sả | Xôi cá cơm,SAME,Ồ chua là lỗi viết sai của đồ chua,"42815,44783"
697,rau húng quế trắng,rau húng chó,mint,2,Nấm Rơm Nấu Lá Me | Canh Cá Bè Nấu Lá Me,SAME,Húng quế trắng (húng quế) thường được mapping vậy,"43112,43548"
701,mộc,nấm mèo,wood ear mushroom,2,"Hủ Tiếu Mộc Nấm, Thịt Bằm (Nước Hầm Xương Gà Cực Ngọt) | Bánh canh mộc giò heo",SAME,Mộc là tên gọi khác của nấm mèo (mộc nhĩ),"43834,46374"
702,Nước lẩu,nước,water,2,Lẩu Bò Tiềm (Bò Nạm và Bò Viên) | Lẩu Thái Chua Cay Hải Sản 🦐 🐟 🥬,SAME,Nước lẩu thuộc nhóm chất lỏng/nước,"43981,46168"
706,Rau mùi ngò rí ngò gai,rau ngò rí,coriander leaves,2,Canh bí xanh nấu nấm hương | Rau củ sắc mùa thu,SAME,Ngò rí là một thành phần trong hỗn hợp rau mùi,"45635,48174"
707,Tim bò,thịt bò,beef,2,Đậu Que Xào Tim Bò | Cải Kale Xào Tim Bò,SAME,Tim bò thuộc nhóm thịt bò,"45800,47452"
708,còi sò điệp,sò,clam,2,"Bún cà ri hải sản 🦐🦑 | Còi sò điệp lăn bột, rau củ ngũ sắc sốt xì dầu cho bé",SAME,Cồi sò điệp thuộc nhóm sò,"45975,61965"
710,syrup thốt nốt,siro,syrup,2,Cá lóc kho tương | Ếch Sốt Teriyaki (Bé 12m+),SAME,Syrup thốt nốt là một loại siro,"46255,46342"
711,giò,giò heo,pork hock,2,"Gỏi cuốn gà, tôm | Cuốn rau, quả thịt",SAME,Giò trong món nước thường là giò heo,"46591,51966"
712,kem chua,kem,cream,2,Nacho Heo Xé & Dứa Chua Ngọt - Pulled Pork & Caramelized Pineapple Nachos | Taco Bò Xay - Ground Beef Tacos,SAME,Kem chua thuộc nhóm kem,"47152,47400"
713,Bánh bagels,bánh,cake,2,Bánh Vòng Cá Ngừ & Phô Mai Kem - Cream Cheese Tuna Bagels 🥯 | Bagels Thịt Hun Khói và Phô Mai Kem (Cream Cheese Bacon & Egg Bagels) 🥯🥯🥯,SAME,Bánh bagels thuộc nhóm bánh,"47369,47800"
715,muông canh nươc tương,nước tương,Soy sauce,2,Bánh Mandu Hấp Nhân Tôm Thịt | Nấm rơm kho nước tương,SAME,Muỗng canh nước tương là định lượng nước tương,"48759,49955"
717,cai trưng cut,trứng cút,quail eggs,2,"Thịt kho trứng cút và đậu hủ | Trứng cút lộn xào hành,rau răm",SAME,Cái trứng cút là trứng cút,"48875,52589"
718,muông cafe đương,đường,sugar,2,Đậu hủ hấp xốt dầu hào | Thịt băm rang mặn ngọt,SAME,Muỗng cafe đường là định lượng đường,"48884,49188"
719,bôt băp,bột ngô,cornstarch,2,Hamburger Cơm Thịt Bò Bằm Áp Chảo | Cà tím cuộn thịt heo xay và giò sống chiên xù,SAME,Bột bắp và bột ngô là một,"49008,49498"
720,muông cafe hat nêm,gia vị,seasoning,2,Thịt băm rang mặn ngọt | Tôm Càng Xanh Luộc Nước Dừa Tươi,SAME,Hạt nêm thuộc nhóm gia vị,"49203,52794"
722,thit bo băm,Thịt băm,Minced pork,2,Thịt bò nướng mỡ chài | Mì spaghetti bò,SAME,Thịt bò băm thuộc nhóm thịt băm,"49741,51892"
724,hành khô băm nhỏ,hành tím,shallot,2,Thịt heo quay lá móc mật | Tai heo sốt thái,SAME,Hành khô ở VN thường là hành tím,"50321,56834"
725,dầu hạt lanh,dầu ăn,Vegetable Oil,2,Salad Cá Trích Xông Khói | Cá Đuối Luộc Súp Bouillon Kèm Đậu Hà Lan Cà Rốt,SAME,Dầu hạt lanh thuộc nhóm dầu ăn,"50875,61177"
726,bánh phơ,bánh,cake,2,Phở Cuốn Bò Xào | Phở Cuốn Thịt Heo,SAME,Bánh phở thuộc nhóm bánh (sợi bánh),"51114,62452"
728,rễ ngò,rau ngò rí,coriander leaves,2,"Khao Kha Moo - Giò Heo Hầm (Thailand) | Mì, hủ tiếu giò heo",SAME,Rễ ngò là một bộ phận rau ngò rí,"52001,56713"
729,Bông so đũa,hoa,flower,2,Canh tôm bông so đũa | Lẩu Cá Kèo Miền Tây,SAME,Bông so đũa thuộc nhóm hoa,"52591,64090"
730,sườn cánh buồm,sườn heo,pork ribs,2,Súp bánh phồng tôm | Canh bóng thả tôm tươi,SAME,Sườn cánh buồm là một phần sườn heo,"52646,60005"
731,giò lụa chay,chay,vegetarian,2,Rau củ xào chay | Soup rau củ chay,SAME,Giò lụa chay thuộc nhóm đồ chay,"53186,61584"
733,cà ri bột,Bột (chung),flour,2,Cà Ri Đùi Ếch Chôm Chôm | Cà Ri Cá Chim,SAME,Bột cà ri thuộc nhóm bột gia vị,"54179,64118"
735,giò heo phần móng,thịt heo,pork,2,Giò heo kho thơm | Canh rau má nấu giò heo,SAME,Giò heo thuộc nhóm thịt heo,"54450,64316"
736,Blinis,bánh,cake,2,Blinis Topping Cá Ngừ Phô Mai Tươi & Olive Xanh | Blinis Topping Cá Ngừ Mayonaise Bắp Ngọt,SAME,Blinis là một loại bánh,"56235,56241"
738,t Sở thích ăn cay,ớt,chili pepper,2,Đậu ve xào thịt ba chỉ 🥩 | Canh nấm kim châm đậu phụ (+cà chua),SAME,Sở thích ăn cay ám chỉ dùng ớt,"56297,56303"
739,ường phèn,đường,sugar,2,Sữa Đậu Xanh - Rau má | Bánh canh xương bò viên,SAME,Đường phèn là một loại đường,"57580,57900"
746,bánh đa Quỳnh Côi,bánh,cake,2,"Rau bò khai xào tóp mỡ, tôm và bánh đa nắm Quỳnh Côi | Bánh đa cá rô",SAME,Bánh đa thuộc nhóm bánh (sợi),"61188,61868"
748,Tôm tươi,tôm thẻ loại to,shrimp,2,Canh Bí Đỏ Cải Bẹ Dún Nấu Tôm | Canh Bí Xanh Nấu Tôm,SAME,Tôm tươi thuộc nhóm tôm nói chung,"64352,64383"
749,khoảng g ậu phụ,chả đậu hũ,tofu cake,1,Mộc nhĩ kho đậu phụ,SAME,Đậu phụ dùng làm chả đậu hũ,5977
750,Phô mai mozzarella,phô mai,cheese,1,Tôm Càng Nướng Phô Mai,SAME,Mozzarella là một loại phô mai,5986
753,trứng vịt hoặc gà,trứng vịt,duck egg,1,Cơm chiên lạp xưởng rau củ,SAME,Trứng vịt hoặc gà bao gồm trứng vịt,6037
758,sườn heo,sườn heo,pork ribs,1,Bún hải sản đơn giản,SAME,Hai tên gọi hoàn toàn giống nhau,6064
760,Rau ngổ,rau om,rice paddy herb,1,Mì Gói Mực Chua Cay,SAME,Rau ngổ còn gọi là rau om,6086
761,cá ong căn,cá ong,target fish,1,Cá ông căn kho khô,SAME,Cá ong căn là tên đầy đủ của cá ong,6090
764,vỏ bánh hamburger nướng sẵn trong siêu thị,vỏ bánh,dough wrapper,1,Burger bò,SAME,Vỏ bánh hamburger là một loại vỏ bánh,6131
765,sốt bbq,sốt,sauce,1,Burger bò,SAME,Sốt BBQ thuộc nhóm sốt,6135
766,Thịt bò băm,Thịt băm,Minced pork,1,Mì Ý Bò Băm,SAME,Thịt bò băm thuộc nhóm thịt băm,6154
767,lá mắc mật,lá,leaves,1,Thịt Ba Chỉ Nướng Lá Mắc Mật,SAME,Lá mắc mật thuộc nhóm lá,6163
769,nấm khô nấm hương nấm lộc nhung,nấm hương,shiitake mushroom,1,Măng xào nấm,SAME,Nấm hương là một thành phần trong hỗn hợp,6171
770,cafe sữa loại in,café,coffee,1,RAU CÂU lười (Lazy Jelly),SAME,Cafe sữa thuộc nhóm café,6177
771,nước cốt dừa hoặc sữa tươi,nước cốt dừa đóng hộp,canned coconut milk,1,RAU CÂU lười (Lazy Jelly),SAME,Nước cốt dừa tươi/sữa thay thế được cốt đóng hộp,6178
772,sữa đặc sữa ông Thọ,sữa,milk,1,RAU CÂU lười (Lazy Jelly),SAME,Sữa đặc là một loại sữa,6179
775,rau mùi ngò gai rau răm rau thơm rau tía tô,rau ngò rí,coriander leaves,1,Gỏi Thịt Bò Hoa Chuối,SAME,Ngò gai có mặt trong danh sách rau thơm,6239
777,sả đập dập cắt khúc,thanh sả cây khúc gừng non,lemongrass ginger,1,Cá Hú Kho Tiêu (Siêu Hao Cơm),SAME,Sả đập dập là một dạng thanh sả,6267
779,n kèm hành lá ngò rí hành tím phi vàng chanh ớt xay,hành lá nhánh hành tỏi củ,aromatics mix,1,BÁNH CANH chả cá thì là,SAME,Hành lá có mặt trong danh sách gia vị kèm,6295
780,thịt đùi heo rừng,thịt đùi,chicken thigh,1,Thịt Heo Rừng Luộc,SAME,Thịt đùi heo rừng thuộc nhóm thịt đùi,6324
781,thịt nạc vai heo rừng,thịt nạc dăm,pork shoulder,1,Măng Xào Thịt Vai Heo Rừng,SAME,Nạc vai heo rừng tương đương nạc dăm,6329
782,trứng to,trứng vịt,duck egg,1,Nem cua bể,SAME,Trứng to thường ám chỉ trứng vịt,6376
783,Thịt má đùi gà,thịt đùi,chicken thigh,1,Gà xào nấm cải thìa,SAME,Má đùi gà là một phần thịt đùi,6407
786,đậu ve vettulanh,đậu que,green beans,1,"Thịt bò xào su su, ngò rí",SAME,Đậu ve và đậu que là một,6461
787,Rau cần tây cần tàu,cần tây,celery,1,Rau Củ Xào Ngũ Sắc,SAME,Cần tây và cần tàu về cơ bản là một,6466
788,Thịt vai,thịt nạc dăm,pork shoulder,1,Thịt Hầm Ngon Như Thịt Hộp,SAME,Thịt vai heo thường được gọi là nạc dăm,6472
789,Nước sốt xào mì,nước cốt,extract,1,Mì xào tôm kiểu Thái,SAME,Nước sốt xào mì thuộc nhóm nước cốt/xốt,6494
790,Lòng đỏ trứng gà,Trứng gà,Chicken Egg,1,Tôm Phô Mai Nướng Nồi Chiên Không Dầu,SAME,Lòng đỏ trứng gà thuộc trứng gà,6534
791,Bắp sú,bắp cải,cabbage,1,Đậu cô ve xào thịt bò cà chua,SAME,Bắp sú là tên gọi khác của bắp cải,6550
792,củ Hành khô,hành tím,shallot,1,Đậu cô ve xào thịt bò cà chua,SAME,Hành khô ở VN là hành tím,6551
793,tôm sú,tôm sú,shrimp,1,Mực Xào Lá Húng Quế,SAME,Hai tên gọi hoàn toàn giống nhau,6568
794,lá húng quế trắng,rau húng chó,mint,1,Mực Xào Lá Húng Quế,SAME,Húng quế trắng và húng chó là một loại,6581
795,Nấm hạ thảo không bắt buộc,Nấm đông trùng hạ thảo,Cordyceps militaris,1,Rau Mồng Tơi Xào,SAME,Nấm hạ thảo là nấm đông trùng hạ thảo,6619
796,Rau cải cúc rau tần ô,rau tần ô,chrysanthemum greens,1,Canh Rau Cải Cúc Nấu Đơn Giản,SAME,Cải cúc và tần ô là một,6621
799,phi lê cá basa,chả cá,fish cake,1,Chả CÁ basa,SAME,Phi lê cá basa dùng làm chả cá,6667
801,sốt kho đa dụng,sốt,sauce,1,Cá Liệt Lệ Kho Khế,SAME,Sốt kho đa dụng là một loại sốt,6831
804,kì trứng,Trứng gà,Chicken Egg,1,Mì mực nấu nấm,SAME,Kì trứng là lỗi gõ từ quả trứng,6895
805,Xôi trắng,xôi,sticky rice,1,Lưỡi heo nấu ngũ vị,SAME,Xôi trắng là một loại xôi,6943
806,nước lọc nước dừa,nước dừa,coconut water,1,Cá chim kho thơm,SAME,Thành phần chứa nước dừa,6946
807,Sườn non,sườn heo,pork ribs,1,Bún Nấm Cá Thác Lác Khổ Qua,SAME,Sườn non là một loại sườn heo,6949
808,Khổ qua,mướp đắng,bitter melon,1,Bún Nấm Cá Thác Lác Khổ Qua,SAME,Khổ qua và mướp đắng là một,6951
809,bông súp lơ trắng,bông cải trắng,cauliflower,1,Súp lơ xào thịt bò,SAME,Bông súp lơ trắng và bông cải trắng là một,7004
812,rau tập tàng,rau tạp,mixed greens,1,Canh Rau Tập Tàng Nấu Tôm Tươi,SAME,Rau tập tàng là hỗn hợp rau tạp,7150
813,bột hành bột tỏi,bột hành,Onion powder,1,Thịt ba chỉ nướng NCKD,SAME,Chứa bột hành trong raw_name,7168
816,Tôm tươi,tôm sú,shrimp,1,Canh Mướp Hương Nấu Tôm Rim Táo Đỏ,SAME,Tôm tươi có thể là tôm sú,7305
817,thịt nạc vai heo rang,thịt nạc dăm,pork shoulder,1,Tép đồng rang thịt,SAME,Nạc vai và nạc dăm cùng nhóm thịt nạc heo,7346
819,Cải chua,dưa cải,pickled mustard greens,1,Canh Cải Chua Hầm Xương Heo,SAME,Cải chua và dưa cải là một,7419
820,hành tây tỏi,hành tây,onion,1,Tôm catfish nướng,SAME,Chứa hành tây trong hỗn hợp raw,7427
821,Dạ dày heo,bao tử heo,pork stomach,1,"Dạ dày, tai heo bóp chua",SAME,Dạ dày heo và bao tử heo là một,7435
822,Tỏi ớt đỏ chanh,chanh ớt rau thơm,lime chili herbs,1,"Dạ dày, tai heo bóp chua",SAME,Tương đồng về nhóm nguyên liệu chanh ớt,7436
823,trứng vịt cồ,trứng vịt,duck egg,1,Trứng vịt cồ chiên thịt vai xay,SAME,Trứng vịt cồ là một loại trứng vịt,7603
824,tôm nõn lột sẵn,tôm thẻ loại to,shrimp,1,Chả tôm cuộn rong biển bánh tráng,SAME,Tôm nõn thường là tôm thẻ,7607
829,t đỏ xanh,ớt xanh,green chili,1,Cá nục chuối kho ớt hiểm,SAME,Chứa ớt xanh trong raw,7810
830,củ Hành,hành tím,shallot,1,Cá nục chuối kho ớt hiểm,SAME,Củ hành ở VN thường là hành tím,7811
831,bún gạo lứt tươi,gạo lứt,brown rice,1,Bún GẠO LỨT nấu tôm,SAME,Bún gạo lứt làm từ gạo lứt,7844
834,gia vị Tacos,gia vị,seasoning,1,Tacos bò băm,SAME,Gia vị Tacos là một loại gia vị,7948
835,cải bẹ dún,cải dún,leaf mustard,1,Canh Bí Đỏ Cải Bẹ Dún Nấu Tôm,SAME,Cải bẹ dún và cải dún là một,7965
836,tay ậu gà,đậu gà,chickpeas,1,Salad tôm - đậu gà,SAME,Lỗi gõ 'tay ậu gà' là đậu gà,8039
838,lá mắc mật,rau thơm,herbs,1,Heo Quay Da Giòn Lá Mắc Mật,SAME,Lá mắc mật thuộc nhóm rau thơm,8113
839,t bột,Bột (chung),flour,1,Cá bống Sông Trà kho,SAME,Ớt bột (t bột) thuộc nhóm Bột (chung),8173
840,Hành ớt,hành tím,shallot,1,Cá bớp kho nước dừa,SAME,Chứa hành (hành tím) trong raw,8213
841,thịt chiên xù,nạc thăn,pork tenderloin,1,Mỳ trứng xào thịt thăn chiên giòn,SAME,Thịt chiên xù trong mỳ thường dùng nạc thăn,8234
842,me,me,tamarind,1,Cá chim kho cà chua,SAME,Me là me,8274
843,lá Rong biển khô,lá nori,nori,1,Chổi Phù Thủy Halloween (Nấm Kim Châm Chiên Giòn),SAME,Lá rong biển khô dùng làm lá nori,8284
844,chả cá hàn quốc,chả cá,fish cake,1,Chả cá hàn quốc (nước dùng),SAME,Chả cá Hàn Quốc là một loại chả cá,8285
845,Nấm đông cô hoặc nấm mỡ,nấm hương,shiitake mushroom,1,Súp kem nấm miso,SAME,Nấm đông cô và nấm hương là một,8308
849,ớt mỏ chim,ớt hiểm,bird chili,1,Cá Linh Kho Nước Dừa,SAME,Ớt mỏ chim là một loại ớt hiểm,8352
851,rau cần hành thì là,thì là,dill,1,Canh củ nấu cá và rau cần,SAME,Chứa thì là trong hỗn hợp rau,8409
852,Hành tía tô lá lốt,hành tía tô,perilla,1,Đầu cá lăng nấu thịt chuối đậu,SAME,Chứa hành và tía tô trong raw,8415
854,Tương ở Hàn,tương ớt,chili sauce,1,Thịt ba chỉ sốt cay kiểu Hàn,SAME,Tương ở Hàn thường chỉ tương ớt (gochujang),8432
855,Bít tết bò băm,bít tết,beef steak,1,Hamburg Steak (Thịt bít tết bò băm kiểu Nhật),SAME,Bít tết bò băm dùng làm món bít tết,8454
856,bột màu điều,hạt màu điều,annatto seeds,1,Thịt heo Đông Pha,SAME,Bột màu điều làm từ hạt màu điều,8472
857,bột chiên gà,bột gà,chicken powder,1,Tôm hùm (Lobster) tẩm bột chiên sốt nấm,SAME,Bột chiên gà thuộc nhóm bột gà,8528
858,rau ngon,rau ngót,sweet leaf bush,1,Cá khoai nấu rau ngót,SAME,Rau ngon là lỗi gõ của rau ngót,8534
859,tai nấm đông cô,nấm hương,shiitake mushroom,1,Khoai môn bọc thịt chiên giòn,SAME,Nấm đông cô và nấm hương là một,8541
860,mc dầu hào,dầu hào,oyster sauce,1,Khoai môn bọc thịt chiên giòn,SAME,Dầu hào là dầu hào,8543
861,bột tàn,Bột (chung),flour,1,Khoai môn bọc thịt chiên giòn,SAME,Bột tàn (bột tàn mì) thuộc nhóm Bột,8548
862,g shorterning,mỡ,lard,1,Khoai môn bọc thịt chiên giòn,SAME,Shortening là chất béo dạng mỡ trừu,8549
866,su lơ xanh,bông cải,broccoli,1,Su lơ xanh xào bò,SAME,Su lơ xanh và bông cải (xanh) là một,8567
867,tép khô,tép,small shrimp,1,Trứng chiên tép khô hải sản,SAME,Tép khô làm từ con tép,8569
868,vịt quay,thịt vịt,duck,1,Thịt quay kho đơn giản,SAME,Thịt vịt quay làm từ thịt vịt,8575
869,Thịt nạc xay,thịt nạc dăm,pork shoulder,1,Khoai Tây Xào Thịt Nạc,SAME,Thịt nạc xay thường dùng nạc dăm,8617
870,trứng cá sặc rằn,trứng cá,fish roe,1,Cá rô kho trứng với tóp mỡ,SAME,Trứng cá sặc rằn là một loại trứng cá,8652
871,Hành lá thì là tỏi ớt hành,hành lá nhánh hành tỏi củ,aromatics mix,1,"Cá om dưa, cách cơ bản và nhanh gọn",SAME,Tương quan các loại hành tỏi gia vị,8716
872,Măng chua đậu bắp,măng chua,pickled bamboo shoots,1,Canh chua nấu nấm,SAME,Chứa măng chua trong hỗn hợp,8717
873,Thơm cà chua,cà chua,tomato,1,Canh chua nấu nấm,SAME,Chứa cà chua trong hỗn hợp,8718
874,cải cay,cải bẹ xanh,mustard greens,1,Miến cá lóc,SAME,Cải cay là tên khác của cải bẹ xanh,8719
875,Củ nén hành tím ớt,hành tím,shallot,1,Miến cá lóc,SAME,Chứa hành tím trong hỗn hợp,8720
876,Mướp hương,mướp,luffa,1,Mướp hương xào nấm trùng thảo,SAME,Mướp hương là một loại mướp,8721
878,củ cải nhỏ,củ cải đỏ,red radish,1,Lẩu tôm bầu,SAME,Củ cải nhỏ thường là củ cải đỏ (radish),8732
879,sườn sụn non,sườn heo,pork ribs,1,Lẩu tôm bầu,SAME,Sườn sụn là một phần sườn heo,8745
880,ậu khuôn chiên,đậu hũ,tofu,1,Nấm Đùi Gà Xào Sả Ớt,SAME,Đậu khuôn chiên là một tên gọi của đậu hũ,8749
881,nước Sốt chua ngọt,sốt chua ngọt,sweet sour sauce,1,Rau càng cua sốt dầu giấm,SAME,Nước sốt chua ngọt là sốt chua ngọt,8820
882,chả chá,chả cá,fish cake,1,Chả cá xào nấm và rau củ,SAME,Chả chá là lỗi gõ của chả cá,8823
883,trứng gà và tôm,Trứng gà,Chicken Egg,1,Rau càng cua sốt dầu giấm,SAME,Chứa trứng gà trong hỗn hợp,8837
885,cây hành hoa thì là,thì là,dill,1,Cá chim đen sốt cà,SAME,Chứa thì là trong hỗn hợp,8860
886,mắm thìa bột canh,bột canh,Seasoning powder,1,Cá chim đen sốt cà,SAME,Bột canh là bột canh,8862
887,Hành lá hành tím hành tây tuỳ chọn,hành lá nhánh hành tỏi củ,aromatics mix,1,Mì tôm bí đỏ siêu ngon cho bé,SAME,Chứa nhiều loại hành gia vị,8929
888,lá quế,quế,Cinnamon,1,"Nấm đùi gà, mì căn kho lá quế",SAME,Lá quế là một cách gọi húng quế,8932
891,sả tỏi,tỏi,garlic,1,Cá linh nấu chua với bông súng cơm mẻ,SAME,Chứa tỏi trong hỗn hợp,8993
892,Thịt bò thăn thái lát,nạc thăn,pork tenderloin,1,Nui xào bò,SAME,Thịt bò thăn là nạc thăn,9007
894,Thơm,dứa,pineapple,1,Canh Chua Cá Nấu Lá Me,SAME,Thơm và dứa là một,9037
895,húng thơm,rau thơm,herbs,1,SP.0998 - Bò Áp Chảo Cải Son,SAME,Húng thơm thuộc nhóm rau thơm,9039
898,thịt thăn,nạc thăn,pork tenderloin,1,Phở sắn thịt băm sấu,SAME,Thịt thăn là nạc thăn,9062
900,ớt sừng ớt hiểm,ớt sừng,red chili,1,Canh chua bông điên điển ngó sen nấu cùng tôm mực,SAME,Chứa ớt sừng trong hỗn hợp,9131
904,Táo đỏ,táo tàu,jujube,1,Chè Lê Nấm Tuyết,SAME,Táo đỏ khô thường được gọi là táo tàu,9250
905,thịt băm mỡ,Thịt băm,Minced pork,1,Chả Thịt Băm Trứng Muối Cá Hộp,SAME,Thịt băm mỡ là một loại thịt băm,9265
909,da heo,bì heo,pork skin,1,CHÁO huyết-da heo cuộn,SAME,Da heo dùng để làm bì heo,9450
910,bánh canh bột gạo,bột bánh canh,tapioca flour,1,SP.0988 - Bánh Canh Tôm Thịt Miền Tây,SAME,Bánh canh bột gạo làm từ bột bánh canh,9460
912,khoanh thơm,dứa,pineapple,1,Bún Sườn Bò Tơ,SAME,Thơm và dứa là hai tên gọi một loại quả,9488
913,vị rang thơm,rau thơm,herbs,1,Bún Sườn Bò Tơ,SAME,Gia vị rang thơm thường là các loại rau thơm,9489
914,bột men đỏ,Bột (chung),flour,1,Thịt GÀ đóng hộp (Homemade Chicken Luncheon),SAME,Bột men đỏ là một loại bột dùng tạo màu,9516
916,sườn sụn heo,sụn heo,pork cartilage,1,Sườn sụn heo nướng,SAME,Sườn sụn heo là một loại sụn heo,9586
917,nhãn bắp cải,nhãn,longan,1,RAU CÂU nhãn tươi,SAME,Nhãn bắp cải là một giống nhãn,9607
918,nước cốt lá cẩm,nước cốt,extract,1,RAU CÂU nhãn tươi,SAME,Nước cốt lá cẩm là một loại nước cốt,9609
921,Cá giò,Cá bớp,Cobia,1,Cá Giò Kho Cải Chua,SAME,Cá giò là tên gọi khác của cá bớp,9668
922,kem cheese,kem,cream,1,Cá hồi tartare,SAME,Kem cheese (cream cheese) thuộc nhóm kem sữa,9690
925,Bánh tráng sắn,bánh tráng,rice paper,1,"Mực hấp rau muống cuốn bánh tráng sắn – đơn giản mà ngon ""hết sẩy""",SAME,Bánh tráng sắn là một loại bánh tráng,9853
927,nước tương tsuyu,nước tương,Soy sauce,1,Cơm cá hồi nấu gọn trong nồi cơm điện,SAME,Nước tương Tsuyu là một loại nước tương Nhật,9900
928,nước thịt rang,nước thịt kho,braising sauce,1,Nấm đùi gà xào bông cải,SAME,Nước thịt rang tương đương nước thịt kho,9901
931,rau húng cay húng lủi,rau thơm,herbs,1,Ốc Bươu Nhồi Thịt Hấp,SAME,Húng cay và húng lủi là rau thơm,9944
932,tôm hoặc,tôm sú,shrimp,1,Gỏi Cuốn/Bún Tôm Thịt sốt tương đen,SAME,Tôm hoặc (tôm) có thể là tôm sú,9964
935,ớt không cay,ớt chuông,bell pepper,1,Tôm hấp tàu hũ trắng sauce nước tương,SAME,Ớt không cay thường dùng chỉ ớt chuông,9991
936,sốt nấm hương,nấm hương,shiitake mushroom,1,Mì Trứng Trộn Sốt Nấm Hương,SAME,Sốt nấm hương làm từ nấm hương,10000
939,là gia vị,gia vị,seasoning,1,Cá chim trắng nấu ngót thìa là,SAME,Thì là là một loại gia vị,10057
940,nước hầm xương heo,nước,water,1,Canh Hẹ Đậu Hũ,SAME,Nước hầm xương thành phần chính là nước,10065
941,bánh tráng sắn,bánh tráng,rice paper,1,Cá Diêu Hồng Chiên Mè Cuốn Bánh Tráng Sắn,SAME,Bánh tráng sắn là một loại bánh tráng,10104
944,Tương,nước tương,Soy sauce,1,Đậu phụ sốt chua ngọt,SAME,Tương (miền Bắc) thường được hiểu là nước tương,10223
945,cải chíp,cải thìa,bok choy,1,Canh gà cải thìa nấm,SAME,Cải chíp và cải thìa là một,10285
947,lá Chanh Kaffir,lá chanh,kaffir lime leaves,1,Cà Ri Đùi Ếch Chôm Chôm,SAME,Lá chanh Kaffir là một loại lá chanh,10367
948,mực cơm,mực,squid,1,Mực cơm luộc chua cay,SAME,Mực cơm là một loại mực,10504
949,mỡ bò,mỡ,lard,1,Phở Bò Sài Gòn,SAME,Mỡ bò là một loại mỡ,10510
950,hạt thì là,thì là,dill,1,Phở Bò Sài Gòn,SAME,Hạt thì là lấy từ cây thì là,10511
951,Rong biển mè,rong biển,seaweed,1,Cơm chiên cá hộp,SAME,Rong biển mè chứa rong biển,10528
952,dầu hành phi,hành tím,shallot,1,"Bánh Ướt Trứng Nhân Tôm Thịt (Bột pha sẵn, bột tự pha và tráng bằng chảo)",SAME,Dầu hành phi làm từ hành tím,10532
953,nước,nước,water,1,Măng tây cuốn thịt,SAME,Nước là nước,10561
957,giấm chanh rượu trắng,dấm,vinegar,1,Bao tử CÁ BASA khìa nước dừa,SAME,"Giấm, chanh là chất tạo chua như dấm",10597
958,Nhân nhồi mực,nhân heo,pork filling,1,Mực Ống Nhỏ Nhồi Thịt Sốt Tương Dầu Hành,SAME,Nhân nhồi mực thường làm từ thịt heo xay,10621
961,cá mím,cá mó,parrotfish,1,Cá mím nấu chua,SAME,Cá mím là tên gọi khác của cá mó,10727
962,nước hầm xương và xương heo,nước,water,1,Canh rong biển nấu nấm,SAME,Nước hầm xương thành phần chính là nước,10753
963,nước cốt tắc,nước cốt,extract,1,Hải sản ngâm cay,SAME,Nước cốt tắc là một loại nước cốt,10759
964,Hành Khô củ,hành tím,shallot,1,Thịt Heo Bọc Sả,SAME,Hành khô củ thường chỉ hành tím,10785
965,đậu bắp,đậu bắp,okra,1,Rau dền xào tỏi,SAME,Đậu bắp là đậu bắp,10792
966,cơm rượu,rượu,cooking wine,1,Bánh bò ổ,SAME,Cơm rượu chứa men và rượu,10811
968,bột ớt Cayenne,bột ớt,chili powder,1,Cá Tầm Nướng Xốt Sa Tế,SAME,Ớt Cayenne là một loại ớt,10818
972,nước đá lạnh,nước,water,1,Ếch xào bơ tỏi hành tây,SAME,Nước đá lạnh là nước,10900
973,bắp chuối,hoa chuối,banana blossom,1,Bún Đuôi Heo,SAME,Bắp chuối và hoa chuối là một,10915
974,Mì cua,cua,crab,1,Các món lai rai với cua,SAME,Mì cua có thành phần là cua,11020
975,Hành khô gia vị hành lá rau mùi,gia vị,seasoning,1,Nấm xào tổ ong (dạ dày bò),SAME,Hành ngò là một loại gia vị,11028
978,sốt bơ,sốt,sauce,1,Bánh pateso nhân thịt,SAME,Sốt bơ là một loại sốt,11072
979,Mùi tàu,ngò gai,culantro,1,Canh cá lăng nấu chua,SAME,Mùi tàu và ngò gai là một,11118
980,nấm đông cô gr,nấm hương,shiitake mushroom,1,Ức gà xào nấm đông cô ớt chuông,SAME,Nấm đông cô và nấm hương là một,11122
982,Hành lá hành củ gia vị,hành ngò,scallion cilantro,1,"Đậu non, tempeh chiên sốt nấm kim châm",SAME,"Hành lá, hành củ thuộc nhóm hành ngò",11158
984,bột kho cá,kho cá,braised fish,1,Cá đồng kho nồi cơm điện,SAME,Bột kho cá dùng để kho cá,11178
985,Giềng ớt,riềng,galangal,1,Cá đồng kho nồi cơm điện,SAME,Giềng (riềng) là thành phần chính,11179
986,Gia vị hành lá rau mùi tỏi khô,Hành ngò,mixed herbs,1,"Su su xào thịt bò, vó bò",SAME,"Hành lá, rau mùi thuộc nhóm hành ngò",11184
988,cá rìa công,cá dìa,rabbitfish,1,Cá rìa công nướng sả,SAME,Cá rìa công là một loại cá dìa,11224
990,nấm mèo mộc nhĩ,nấm mèo,wood ear mushroom,1,Nấm Kim Châm Xào Ngũ Sắc,SAME,Nấm mèo và mộc nhĩ là một,11335
991,Chả cá ngần,chả cá,fish cake,1,Bánh đa cá ngần + chả cá ngần,SAME,Chả cá ngần là một loại chả cá,11372
992,Hành lá rau răm gia vị,gia vị,seasoning,1,"Canh gà đậu, nấm kim châm",SAME,"Rau răm, hành lá là gia vị",11376
994,Gia vị bột nghệ,bột nghệ,turmeric powder,1,Mì Quảng gà cá tôm,SAME,Bột nghệ là một loại gia vị,11401
997,thịt heo quay phần ba rọi,Thịt ba chỉ,pork belly,1,Heo Quay Kho Trứng Cút,SAME,Thịt heo quay ba rọi làm từ ba chỉ,11404
998,Dầu dừa,dầu ăn,Vegetable Oil,1,Cá mòi hộp kho trứng,SAME,Dầu dừa là một loại dầu ăn,11458
1003,mứt mơ,mứt,fruit preserve,1,💚 Cơm Taco Okinawa Chay Với Đậu Hủ (Vegan),SAME,Mứt mơ là một loại mứt,11546
1005,thịt bò viên,thịt viên,meatballs,1,Lẩu thịt rau củ,SAME,Bò viên là một loại thịt viên,11596
1008,rau salad xoong,rau xoong,watercress,1,Lẩu thịt rau củ,SAME,Salad xoong và rau xoong là một,11613
1009,chà bông cá lóc,chà bông,pork floss (Southern: chà bông / Northern: ruốc),1,SP.0954 - Cháo Dinh Dưỡng Thịt Heo Rau Củ,SAME,Chà bông cá lóc là một loại chà bông,11645
1010,lá quế khô,rau basil,basil,1,Bò Kho Xốt Vang,SAME,Lá quế khô (basil khô) chính là basil,11680
1014,Boa rô tuỳ chọn,Tỏi tây (Hành Boaro),leek,1,Đậu phụ xào ngải cứu,SAME,Boa rô chính là tỏi tây,11844
1016,hoa hành,hành lá,green onion,1,SP.0943 - Bò Xào Hoa Hành,SAME,Hoa hành là bộ phận của cây hành lá,11867
1017,hạt bắp Mỹ,bắp ngọt,sweet corn,1,Giò Sống Cuộn Rong Biển Tôm Thịt,SAME,Bắp Mỹ chính là bắp ngọt,11907
1020,Nước lẩu,cốt lẩu,hot pot base,1,Lẩu cá dìa mùng tơi,SAME,Nước lẩu và cốt lẩu cùng mục đích,11983
1022,Gia vị hành,gia vị,seasoning,1,Cá sốt cà,SAME,Hành là một loại gia vị,12104
1023,sốt Thái,sốt,sauce,1,Mực sốt Thái với ổi hồng,SAME,Sốt Thái là một loại sốt,12130
1025,thịt vai rang,thịt nạc dăm,pork shoulder,1,Đậu que xào thịt vai heo,SAME,Thịt vai heo thường gọi là nạc dăm,12174
1028,phù trúc tươi,tàu hũ ky,tofu skin,1,Lẩu cua đồng,SAME,Phù trúc tươi chính là tàu hũ ky tươi,12203
1032,góc trái thơm,dứa,pineapple,1,Canh xương bò nấu rau muống bắp chuối,SAME,Thơm chính là dứa,12285
1033,nước bột bắp,bột ngô,cornstarch,1,SP.0932 - Cá Hồi Áp Chảo Sốt Dâu Tằm & Salad Giấm Mè,SAME,Nước bột bắp làm từ bột ngô,12301
1034,Cốm socola,cốm,young rice,1,Thạch rau câu milo sữa công thức,SAME,Cốm socola là một loại cốm trang trí,12304
1035,bột bánh bao sẵn,vỏ bánh bao,bao wrapper,1,Bánh Bao Nhân Thịt Bò Phô Mai Kéo Sợi (Bột Pha Sẵn),SAME,Bột bánh bao dùng làm vỏ bánh bao,12305
1037,trứng gà non,Trứng gà,Chicken Egg,1,TRỨNG GÀ NON xào nấm,SAME,Trứng gà non là một loại trứng gà,12456
1040,Gừng tỏi gia vị,gia vị,seasoning,1,Đậu cove xào thịt bò,SAME,Gừng tỏi là các loại gia vị,12464
1041,rau tiến vua khôg,Rau tiến vua,Mountain Jelly Vegetable,1,Rau Tiến Vua Xào Thịt Bò Bằm,SAME,"Lỗi chính tả, chính là rau tiến vua",12465
1043,ớt xiêm,ớt hiểm,bird chili,1,Bún Cá Ngừ Nấu Mẵn,SAME,Ớt xiêm là một loại ớt hiểm nhỏ,12551
1044,mực sữa,mực,squid,1,Mực sữa rim nước mắm,SAME,Mực sữa là một loại mực,12591
1045,nước trộn gỏi,sốt,sauce,1,Bò xào lót rau càng cua,SAME,Nước trộn gỏi là một loại sốt,12619
1047,thịt vai nướng,thịt nạc dăm,pork shoulder,1,Cơm cuộn thịt vai nướng,SAME,Thịt vai nướng làm từ nạc dăm,12765
1048,cải rổ cải làn,cải rổ,leaf mustard,1,Nấm Lộc Nhung Xào Cải Rổ Chay,SAME,Cải rổ và cải làn là một,12830
1049,phomai mozarella,phô mai,cheese,1,Trứng chiên thịt và rau củ,SAME,Mozzarella là một loại phô mai,12878
1051,chả cá basa,chả cá,fish cake,1,SP.0923 - Chả Cá Tóc Tiên,SAME,Chả cá basa là một loại chả cá,12942
1052,chả lụa chay,chả chay,vegetarian sausage,1,Đậu hũ xào nấm mèo,SAME,Chả lụa chay là một loại chả chay,12946
1054,cà phê tương ớt,tương ớt,chili sauce,1,Cá bớp kho tiêu,SAME,Cách gọi định lượng cà phê tương ớt,12983
1056,bắp Mỹ,bắp ngọt,sweet corn,1,Bún mọc chả cá,SAME,Bắp Mỹ chính là bắp ngọt,13009
1057,cải mầm đá,mầm cải,mustard sprouts,1,Cải mầm đá xào thịt bò,SAME,Cải mầm đá thuộc dòng cải mầm,13057
1058,rau om rau ngổ,rau om,rice paddy herb,1,Đầu Cá Trê Nấu Canh Khoai Mỡ,SAME,Rau om và rau ngổ là một,13101
1059,dầu hào nấm chay,dầu hào,oyster sauce,1,Nấm chiên chay,SAME,Dầu hào nấm chay là một loại dầu hào,13102
1060,mầm đá bé,mầm cải,mustard sprouts,1,Rau mầm đá xào tỏi (món chay),SAME,Mầm đá chính là mầm cải,13105
1061,hành lá tỏi,hành tỏi,garlic and onion,1,Phở xào thịt bò chuẩn vị nhà hàng,SAME,Gồm hành lá và tỏi,13162
1062,súp rau củ,súp,soup,1,Canh Rau Bó Xôi Non & Chả Tôm Quết Thả Viên,SAME,Súp rau củ là một loại súp,13167
1063,đậu hũ non,đậu non,silken tofu,1,Đậu hũ non hấp trứng sốt thịt băm,SAME,Đậu hũ non và đậu non là một,13186
1064,kim chi cải thảo,kim chi,kimchi,1,Chả Cá Trộn Rau Muống,SAME,Kim chi cải thảo là loại kim chi phổ biến,13208
1065,Hành khô hành lá rau răm thì là,Hành ngò,mixed herbs,1,"Canh củ nấu cá quả, rau cần",SAME,Hỗn hợp hành ngò răm thì là,13214
1067,xà lách,rau xà lách,lettuce,1,Bò xào ớt chuông,SAME,Xà lách chính là rau xà lách,13280
1068,măng tây,măng tây,asparagus,1,Bông cải xào nấm(stir-fried Baby Broccoli with mushrooms),SAME,Hai tên gọi hoàn toàn giống nhau,13293
1070,lá cuốn,lá,leaves,1,Bún cá cuốn chấm mắm dì Cẩn 🤤,SAME,Lá cuốn là một loại lá,13384
1072,ướp thịt nướng,gia vị,seasoning,1,Thịt ba chỉ cuộn khoai tây,SAME,Gia vị dùng để ướp thịt nướng,13388
1074,Thịt heo rừng lai,thịt heo,pork,1,Thịt heo rừng xào rau càng cua,SAME,Thịt heo rừng là một loại thịt heo,13430
1075,bột hạt mùi,hạt mùi,coriander seeds,1,Cá hồi muối,SAME,Bột hạt mùi làm từ hạt mùi,13431
1077,cá quả phi lê,cá lóc,snakehead fish,1,Cá quả chan dấm bỗng,SAME,Cá quả chính là cá lóc,13433
1078,bắp ngô,bắp ngọt,sweet corn,1,Nui xào ngô sốt thịt nướng sả,SAME,Bắp ngô chính là bắp ngọt,13434
1079,chim,thịt chim,poultry meat,1,Súp thịt chim 🐦 bí đỏ,SAME,Chim chính là thịt chim,13436
1082,rau diếp xoăn,cải diếp,lettuce,1,Kimbap cuốn rau Eatclean,SAME,Diếp xoăn là một loại cải diếp,13512
1084,lá thơm,lá,leaves,1,Pizza Sandwich Bò Bằm,SAME,Lá thơm là một loại lá gia vị,13518
1085,củ cải đỏ,củ cải đỏ,red radish,1,Roasted Turkey Bacon and Brussels Sprouts Mix(cải Brussels nướng cùng thịt gà tây),SAME,Hai tên gọi hoàn toàn giống nhau,13577
1086,khổ qua,mướp đắng,bitter melon,1,Khổ qua nhồi cá thác lát,SAME,Khổ qua và mướp đắng là một,13580
1087,turkey bacon,thịt xông khói,smoked bacon,1,Roasted Turkey Bacon and Brussels Sprouts Mix(cải Brussels nướng cùng thịt gà tây),SAME,Turkey bacon là một loại thịt xông khói,13587
1088,bột garlic salt,bột tỏi,garlic powder,1,Roasted Turkey Bacon and Brussels Sprouts Mix(cải Brussels nướng cùng thịt gà tây),SAME,Garlic salt chứa thành phần bột tỏi,13591
1089,rau dưa,dưa cải,pickled mustard greens,1,Bún nấm trộn tempeh,SAME,Rau dưa ở đây là dưa cải,13630
1090,ường gạt ngang,đường,sugar,1,Khô cá cơm rim mặn ngọt siêu bắt cơm 😊,SAME,Lỗi chính tả của đường,13633
1092,cải hoa hồng,cải,mustard greens,1,Cải Hoa Hồng Xào Tôm,SAME,Cải hoa hồng là một loại cải,13712
1094,rượu trắng,rượu,cooking wine,1,Chả Cua (Bún Bò Huế),SAME,Rượu trắng là một loại rượu,13780
1095,Măng lá,măng,bamboo shoots,1,Măng lá xào rau răm,SAME,Măng lá là một phần của măng,13781
1098,Pate nấm,patê,pate,1,Bò Wellington,SAME,Pate nấm là một loại pate,13838
1100,bánh canh bột xắt,bột bánh canh,tapioca flour,1,Bánh canh bột xắt chả cá,SAME,Bột bánh canh dùng làm bánh canh bột xắt,13840
1101,chả cá vo viên,cá viên,fish balls,1,Bánh canh bột xắt chả cá,SAME,Chả cá vo viên chính là cá viên,13842
1102,cá basa,cá ba sa,pangasius fish,1,Cá Saba Nướng Sốt Teriyaki,SAME,Cá basa và cá ba sa là một,13846
1105,thịt xay nạc mỡ,nạc heo,lean pork,1,Thịt Viên Lá Lốt,SAME,Thịt xay nạc mỡ làm từ nạc heo,13893
1108,thịt nạc đùi heo,thịt đùi,chicken thigh,1,Thịt nạc đùi lợn nấu với nấm hương,SAME,Thịt nạc đùi heo thuộc nhóm thịt đùi,13995
1114,sốt pizza,xốt cà chua,tomato sauce,1,Pizza thịt heo nấm hương tươi,SAME,Sốt pizza thường có nền là xốt cà chua,14066
1119,bơ lạt,bơ,butter,1,"Cánh Gà Nấu Rượu Vang, Sốt Cà Chua Và Rau Củ",SAME,Bơ lạt thuộc nhóm bơ,14160
1120,hành tím băm,hành tím,shallot,1,"Cánh Gà Nấu Rượu Vang, Sốt Cà Chua Và Rau Củ",SAME,Hành tím băm làm từ hành tím,14161
1121,kem tươi,kem,cream,1,Soup khoai tây kem nấm,SAME,Kem tươi thuộc nhóm kem,14163
1126,Hành khô hành lá rau mùi gia vị,Hành ngò,mixed herbs,1,Đậu trắng sốt nấm,SAME,Hỗn hợp hành ngò mùi là nhóm hành ngò,14267
1127,nước đá,nước,water,1,Chả cá,SAME,Nước đá tan ra thành nước,14269
1128,đậu tương Hàn,đậu nành,soybeans,1,Thịt lợn luộc kiểu Hàn,SAME,Đậu tương chính là đậu nành,14295
1129,ớt bột,bột ớt,chili powder,1,Tai heo trộn rong sụn sốt thái,SAME,Ớt bột và bột ớt là một,14297
1130,đậu hũ chiên,đậu hũ,tofu,1,Tảo Xoắn Xào Rau Răm Chay,SAME,Đậu hũ chiên làm từ đậu hũ,14298
1132,rau nêm gai ôm,rau nêm,seasoning herbs,1,Lẩu cá kèo lá giang,SAME,Rau nêm gai ôm thuộc nhóm rau nêm,14303
1133,thịt heo quay chay,thịt chay,plant-based meat,1,Thịt chay kho xì dầu,SAME,Heo quay chay thuộc nhóm thịt chay,14333
1134,Gia vị hành lá,hành lá,green onion,1,"Đậu hũ, khoai tây rim cà chua",SAME,Hành lá là một loại gia vị,14337
1135,ớt trái cây đỏ,ớt chuông,bell pepper,1,Bông Cải Trắng Xào Nấm Chay,SAME,Ớt trái cây đỏ thường là ớt chuông,14340
1136,tai mũi heo,tai heo,pork ear,1,"TAI, MŨI heo ngâm nước mắm",SAME,Mũi heo thường đi kèm tai heo,14361
1138,đậu nhỏ,đậu hũ,tofu,1,Đậu phụ xào rong biển ngải cứu,SAME,Đậu nhỏ thường chỉ miếng đậu hũ,14364
1139,dấm gạo,dấm,vinegar,1,Tai Heo Rau Tiến Vua Ngâm Chua Ngọt,SAME,Dấm gạo thuộc nhóm dấm,14445
1140,cá đội đèn,cá đối,mullet,1,Cá đội đèn chiên,SAME,Cá đội đèn là tên gọi khác cá đối,14484
1141,Lơ xanh,bông cải,broccoli,1,Nui Xào Rau Củ,SAME,Lơ xanh chính là bông cải xanh,14509
1142,sốt chao đỏ,chao,fermented tofu,1,SP.0915 - Thịt Heo Xào Chao Đỏ,SAME,Sốt chao đỏ làm từ chao,14515
1143,Nước lọc,nước,water,1,Miến gà nấm hương,SAME,Nước lọc là nước,14547
1144,cá thu nướng,cá thu,mackerel,1,Ruốc cá thu nướng Nghệ An,SAME,Cá thu nướng làm từ cá thu,14548
1145,Bột chiên xù,bột xù,breadcrumbs,1,Thịt gà chiên xù,SAME,Bột chiên xù và bột xù là một,14550
1146,Sốt phomai,phô mai,cheese,1,Thịt nướng đút lò phomai,SAME,Sốt phomai làm từ phô mai,14552
1147,thịt heo xay,thịt heo,pork,1,Ram rế tôm thịt,SAME,Thịt heo xay là thịt heo,14554
1148,bánh ram rế,ram,fried spring rolls,1,Ram rế tôm thịt,SAME,Bánh ram rế là một loại vỏ ram,14555
1149,ba cọng hành lá,hành lá,green onion,1,Ram rế tôm thịt,SAME,Ba cọng hành lá là hành lá,14556
1150,xương ống,xương heo,pork bones,1,Phở Sườn Bò,SAME,Xương ống thường là xương heo,14639
1151,hạt ngò,bột ngò,coriander powder,1,Phở Sườn Bò,SAME,Hạt ngò xay ra thành bột ngò,14660
1152,nui rau củ,nui,pasta,1,Nui Sốt Bò Bằm Bỏ Lò,SAME,Nui rau củ là một loại nui,14694
1153,sốt me,sốt,sauce,1,Thịt sốt me,SAME,Sốt me thuộc nhóm sốt,14737
1154,bông cải baby,bông cải,broccoli,1,Bò Xào Đậu Hoà Lan,SAME,Bông cải baby là một loại bông cải,14801
1155,bánh tráng,bánh tráng,rice paper,1,Bánh phở chiên giòn kèm thịt xào hành tây,SAME,Bánh tráng và bánh tráng là một,14809
1157,bún,bún,rice vermicelli,1,Bánh phở cuốn thịt nướng,SAME,Hai tên gọi hoàn toàn giống nhau,14827
1160,Hành lá chanh tương ớt rau thơm,chanh ớt rau thơm,lime chili herbs,1,"Phở đuôi bò, gà",SAME,Hỗn hợp này chứa chanh ớt rau thơm,14873
1161,garlic pepper,bột tỏi,garlic powder,1,Best ham hocks (Giò heo hầm),SAME,Garlic pepper có thành phần chính bột tỏi,14875
1162,onion salf,hành tây,onion,1,Best ham hocks (Giò heo hầm),SAME,Onion salt (muối hành) làm từ hành tây,14876
1164,ngũ vị hương,bột ngũ vị hương,five spice powder,1,Heo quay nổ bì đơn giản,SAME,Ngũ vị hương và bột ngũ vị hương là một,14916
1170,Phần cốt bánh,nhân bánh,filling,1,Bánh rau câu cheese coffee,SAME,Phần cốt bánh có thể coi là nhân bánh,15078
1171,rau diếp cá,dấp cá,fish mint,1,Rau diếp cá trộn bò,SAME,Diếp cá và dấp cá là một,15082
1172,bắp cải nhỏ,bắp cải,cabbage,1,Cải thảo xào nấm hương,SAME,Bắp cải nhỏ thuộc nhóm bắp cải,15132
1174,tai mui heo,tai heo,pork ear,1,Mì phá lấu tai mũi heo và kim chi,SAME,Tai mũi heo bao gồm tai heo,15138
1175,bún gạo khô,bún,rice vermicelli,1,Mì Xào Nấm Chay,SAME,Bún gạo khô thuộc nhóm bún,15141
1177,giềng,riềng,galangal,1,Cá đuối om,SAME,Giềng và riềng là một,15167
1180,thịt đùi dê,thịt đùi,chicken thigh,1,Thịt Dê Xào Lăn,SAME,Thịt đùi dê thuộc nhóm thịt đùi,15198
1181,chả tôm thịt,chả tôm,shrimp cake,1,Canh bí nấu chả tôm thịt,SAME,Chả tôm thịt bao gồm chả tôm,15211
1182,bông cải chip,cải thìa,bok choy,1,Bắp bò luộc kiểu Hàn 사태수육,SAME,Bông cải chip (cải thìa con) là cải thìa,15232
1185,sốt kem,kem,cream,1,Mỳ ý sốt tôm 🦞🦞🦞,SAME,Sốt kem thuộc nhóm kem,15288
1186,bánh ram,bánh tráng,rice paper,1,Chả giò ram thịt bò rau củ,SAME,Bánh ram chính là một loại bánh tráng,15329
1187,khế,khế,starfruit,1,Ếch chiên nước mắm,SAME,Hai tên gọi hoàn toàn giống nhau,15342
1188,tàu hủ gr,đậu hũ,tofu,1,Nấm kim châm sốt cà chua,SAME,Tàu hủ chính là đậu hũ,15362
1189,lòng trắng trứng gà vịt,Trứng gà,Chicken Egg,1,Súp tôm ngô ngọt,SAME,Lòng trắng trứng thuộc nhóm trứng gà,15369
1190,khoai cao khoảng kg,khoai môn,taro,1,Tôm bó củi,SAME,Khoai cao là một loại khoai môn,15387
1191,bột garlic pepper,bột tỏi,garlic powder,1,Thịt bò thăn nướng (beef chuck roast),SAME,Garlic pepper có thành phần chính bột tỏi,15414
1192,cơm bột ớt,bột ớt,chili powder,1,Đậu hũ rim cay ngọt Hàn Quốc 두부조림,SAME,Cơm bột ớt (bột ớt dùng nấu cơm/món),15420
1195,rau húng quê,rau húng chó,mint,1,Phở Cuốn Bò Xào,SAME,Rau húng quê là húng quế/húng chó,15474
1196,cà rốt đậu Hà Lan,đậu hà lan,peas,1,Nấm hương nhồi đậu hũ non hấp,SAME,Hỗn hợp chứa đậu Hà Lan,15509
1198,đương,đường,sugar,1,Đậu hủ kho tương,SAME,Đương viết sai chính tả của đường,15546
1199,rau cải xanh đuôi phụng,cải bẹ xanh,mustard greens,1,🌱 Canh Cải Xanh Đuôi Phụng Nấu Đậu Hủ (Vegan),SAME,Cải xanh đuôi phụng là cải bẹ xanh,15549
1201,phi lê cá giấm trắng,lườn cá,fish fillet,1,Cá dấm trắng chiên giòn sốt chua ngọt,SAME,Phi lê cá là phần thịt lườn cá,15696
1202,đậu phộng rang,đậu phộng,peanut,1,Chả cá Lã Vọng từ cá hồi,SAME,Đậu phộng rang là một trạng thái của đậu phộng,15881
1203,cải xà lách xoong,cải xoong,watercress,1,Cá Hồng Nấu Nấm Và Cải Xà Lách Xoong,SAME,Cùng là một loại rau cải,15898
1205,Bò shin,nạm bò,beef brisket,1,Mì bò đài loan,SAME,Bò shin (bắp/nạm) thuộc nhóm nạm bò,16015
1206,súp nấm,súp,soup,1,🌱 Canh Bầu Nấm Bào Ngư & Mầm Củ Dền,SAME,Súp nấm thuộc nhóm súp,16019
1207,kim quất,tắc,kumquat,1,Salad Cá Hồi Ngâm Tương Sốt Dầu Dấm,SAME,Kim quất là tên gọi khác của tắc,16061
1208,Hoa cúc tần,rau thơm,herbs,1,Salad Cá Hồi Ngâm Tương Sốt Dầu Dấm,SAME,Hoa cúc tần thuộc nhóm rau thơm,16062
1209,Sốt dầu dấm,dầu giấm,vinaigrette,1,Salad Cá Hồi Ngâm Tương Sốt Dầu Dấm,SAME,Sốt dầu dấm và dầu giấm là một,16063
1210,lá bắp cải tím,bắp cải,cabbage,1,"Salad Rau Diếp Xoăn, Bắp Cải Tím & Ức Gà Áp Chảo",SAME,Bắp cải tím thuộc nhóm bắp cải,16083
1211,Rau răm hành ngò,rau răm,vietnamese coriander,1,Lưỡi heo trộn hành tây,SAME,Rau răm có trong hỗn hợp rau răm hành ngò,16098
1212,tương,nước tương,Soy sauce,1,Thịt ba chỉ xào bạch tuộc 🐙,SAME,Tương thường được dùng chỉ nước tương,16133
1214,Lá thiên lý,hoa thiên lý,tonkin jasmine flower,1,Canh cua lá thiên lý,SAME,Lá và hoa thiên lý cùng từ một cây,16269
1215,lòng cá thu,cá,fish,1,Lòng Cá Thu Xào Sả Ớt,SAME,Lòng cá thu thuộc nhóm cá,16274
1216,chả lá,chả lụa,vietnamese ham,1,Bún bò không mắm ruốc,SAME,Chả lá là cách gọi chả lụa gói lá,16295
1217,sốt hummus,sốt,sauce,1,Bắp nếp Điện Biên trộn rau củ và sốt hummus,SAME,Hummus thuộc nhóm các loại sốt,16348
1218,xương và nước hầm xương,nước,water,1,Canh rau tần ô nấu xương heo,SAME,Nước hầm xương thuộc nhóm nước dùng,16362
1220,cá mòi,cá mòi,sardine,1,SP.0896 - Bò Né Đặc Biệt,SAME,Hai tên gọi hoàn toàn giống nhau,16378
1222,thịt bò xào,thịt vai bò,beef shoulder,1,Mì Bò Trứng Kim Chi,SAME,Thịt bò xào thường dùng thịt vai bò,16468
1223,nghêu,nghêu,clam,1,Trứng chiên rau muống,SAME,Hai tên gọi hoàn toàn giống nhau,16489
1224,rau cải canh,rau cải đắng,bitter greens,1,Bánh đa cá rô,SAME,Cải canh còn được gọi là cải đắng,16531
1225,rau thơm rau răm,rau răm,vietnamese coriander,1,Gỏi đu đủ tôm khô,SAME,Rau răm có trong hỗn hợp rau thơm,16536
1226,lá sả,lá sả,lemongrass leaves,1,Bánh bò lá dứa,SAME,Hai tên gọi hoàn toàn giống nhau,16562
1227,nước luộc hến,nước,water,1,Cháo Hến Rau Đắng,SAME,Nước luộc hến thuộc nhóm chất lỏng/nước,16593
1229,cua đồng xay,riêu cua,crab paste,1,CUA đồng kho mặn,SAME,Cua đồng xay dùng để làm riêu cua,16622
1230,Lá húng quế trắng,rau basil,basil,1,Canh Đu Đủ Nấu Cá Thu,SAME,Húng quế trắng là một loại rau basil,16655
1231,cá Bống Giậm,cá bống,goby fish,1,Cá Bống Giậm Kho Khô,SAME,Cá bống giậm thuộc họ cá bống,16662
1232,dưa vàng,dưa gang,oriental melon,1,Rau quả trộn sốt,SAME,Dưa vàng thường chỉ dưa gang hoặc dưa lưới,16682
1233,cá thu vẩy,cá thu,mackerel,1,Cá thu vẩy sốt cà chua,SAME,Cá thu vẩy thuộc nhóm cá thu,16684
1234,Hành lá rau răm thìa là,rau răm,vietnamese coriander,1,Cá thu vẩy sốt cà chua,SAME,Rau răm có trong danh sách rau thơm,16686
1235,Lá khoai lang,khoai lang,sweet potato,1,"Canh đầu tôm nấu khoai sọ, rau lang",SAME,Lá khoai lang từ cây khoai lang,16693
1236,tôm rim,ram tôm,shrimp rolls,1,Canh rau mồng tơi nấu tôm bồ hóc,SAME,Tôm rim là cách chế biến ram tôm,16710
1237,ớt xanh,ớt,chili pepper,1,Cá thu nấu dưa cải chua,SAME,Ớt xanh thuộc nhóm ớt,16730
1238,sốt sa tế,satế,chili satay,1,Cá Bống Cát Kho Tiêu,SAME,Sốt sa tế là sa tế,16738
1240,nước cốt dừa loãng nước dão,sữa dừa,coconut milk,1,Thịt Heo Kho Măng Nước Cốt Dừa,SAME,Nước cốt dừa dão tương đương sữa dừa,16771
1242,thịt nách heo,thịt heo,pork,1,Thịt nách heo luộc,SAME,Thịt nách heo thuộc nhóm thịt heo,16820
1249,Bò nạc,nạm bò,beef brisket,1,Bento box 15: cơm bò & bắp,SAME,Bò nạc thường dùng phần nạm hoặc thăn,17093
1251,mì trộn,mỳ trứng,egg noodles,1,Mì gói trộn bò trứng,SAME,Mì trộn thường làm từ mì trứng,17143
1252,ngũ vị thịt nướng,bột ngũ vị hương,five spice powder,1,Thịt nướng ướp ngũ vị,SAME,Gia vị ngũ vị thịt nướng là ngũ vị hương,17148
1253,bột bánh xèo cốt dừa,Bột (chung),flour,1,Bánh Xèo Rau Rừng,SAME,Bột bánh xèo thuộc nhóm bột chung,17149
1254,Lá mơ lông,lá mơ,stinky vine leaves,1,Lá mơ lông cuốn đậu hũ,SAME,Lá mơ lông là lá mơ,17183
1257,quất,tắc,kumquat,1,Bánh tráng trộn bò khô,SAME,Quất còn gọi là tắc,17224
1258,trứng luộc,Trứng gà,Chicken Egg,1,Mì lạnh ăn kèm thịt nướng sốt bulgogi,SAME,Trứng luộc thường là trứng gà,17230
1259,thịt heo đùi,thịt đùi,chicken thigh,1,"Mì Quảng gà, heo",SAME,Thịt heo đùi thuộc nhóm thịt đùi,17232
1260,rau quế,rau basil,basil,1,SP.0885 - Cuốn Rau Thơm Chấm Thịt Kho,SAME,Rau quế là một loại rau basil,17258
1261,Hành củ hành lá rau mùi gừng,Hành ngò,mixed herbs,1,"Xương đuôi heo nấu khoai tây, củ canh (khoai mỡ)",SAME,Hỗn hợp hành mùi gừng là hành ngò,17328
1262,cà chua quả me,cà chua,tomato,1,Canh bồng khoai nấu thịt,SAME,Cà chua có mặt trong danh sách,17330
1264,cá chép giòn,cá chép,carp,1,Riêu cá chép giòn,SAME,Cá chép giòn thuộc loài cá chép,17349
1265,Hành lá rau răm thì là,Hành ngò,mixed herbs,1,Riêu cá chép giòn,SAME,Hành lá rau răm là nhóm hành ngò,17351
1266,mộc nhĩ g nấm hương,nấm hương,shiitake mushroom,1,Bánh đa hải sản,SAME,Nấm hương có mặt trong danh sách,17354
1267,cá rô đồng,cá đồng,fish,1,Bánh đa cá rô đồng,SAME,Cá rô đồng thuộc nhóm cá đồng,17358
1268,gạo tẻ,gạo,rice,1,"Cháo tôm, nấm tươi",SAME,Gạo tẻ thuộc nhóm gạo,17366
1270,đậu làng mơ,đậu hũ,tofu,1,Canh đậu làng Mơ nấu nấm tươi,SAME,Đậu làng Mơ là một loại đậu hũ,17398
1271,ớt đỏ xanh,ớt xanh,green chili,1,Lươn đồng xào rau ngổ,SAME,Ớt đỏ xanh gồm cả ớt xanh,17450
1274,Sốt kem thì là,kem chua,sour cream,1,Bí Ngòi Nhồi Thịt Băm Sốt Kem Chua Thì Là,SAME,Sốt kem thì là tương đương kem chua thì là,17595
1275,rau bồng khoai,rau bồng,sea vegetable,1,"Canh bồng khoai nấu tôm, thịt",SAME,Rau bồng khoai là rau bồng,17614
1276,Gừng hành tỏi khô,hành tỏi,garlic and onion,1,Cá nhụ sốt cà,SAME,Hành tỏi khô có trong danh sách,17617
1277,xương sườn,xương heo,pork bones,1,Hũ Tiếu Hải Sản,SAME,Xương sườn thuộc nhóm xương heo,17618
1278,mộc nhĩ nấm hương,nấm hương,shiitake mushroom,1,"Chả nấm,đậu, lá lốt",SAME,Nấm hương có trong hỗn hợp,17648
1279,chả cá nhồng,cá nhòng,anchovy,1,Cá Nục Nấu Lá Me,SAME,Chả cá nhồng làm từ cá nhòng,17670
1280,rau Húng Quế,rau húng chó,mint,1,Thịt Heo Xào Húng Quế,SAME,Rau húng quế là rau húng chó,17678
1281,thịt bò bò xào,thịt vai bò,beef shoulder,1,Bò xào sả hành,SAME,Thịt bò xào thường dùng thịt vai,17709
1282,cá điêu hồng kg,cá diêu hồng,tilapia,1,Canh CÁ nấu khế & húng chanh,SAME,Hai tên gọi cùng một loài cá,17736
1283,đầu cá ngừ lớn,cá ngừ,tuna,1,Bún Đầu Cá Ngừ Cà Chua Rau Thơm,SAME,Đầu cá ngừ thuộc nhóm cá ngừ,17739
1286,đương phen bôt,đường,sugar,1,Rau Câu Dưa Hấu,SAME,Đường phèn bột thuộc nhóm đường,17769
1288,rau dền cơm,rau dền,amaranth greens,1,Rau dền cơm nấu mọc tôm thịt,SAME,Rau dền cơm thuộc nhóm rau dền,17908
1289,Hành tỏi gia vị,hành tỏi,garlic and onion,1,Rau dền cơm nấu mọc tôm thịt,SAME,Hành tỏi là một phần của gia vị,17909
1290,sắn lớn,sắn,cassava,1,Cơm bento: Những ngôi nhà đầy hoa (Cơm thịt xay rang và xúc xích),SAME,Sắn lớn thuộc nhóm sắn,17912
1291,hành tim băm nho,hành tím,shallot,1,Canh rong biển khô nấu nấm kim châm và thịt bằm,SAME,Hành tim (tím) là hành tím,17938
1293,bôt chiên gion,Bột (chung),flour,1,"Bánh xèo tôm thịt,nấm bào ngư ăn kèm rau cải xanh và rau sống",SAME,Bột chiên giòn thuộc nhóm bột chung,17948
1294,gia,giá,bean sprouts,1,"Bánh xèo tôm thịt,nấm bào ngư ăn kèm rau cải xanh và rau sống",SAME,Gia là viết tắt của giá đỗ,17953
1297,soup bò,súp,soup,1,Soup Bò hầm rau củ,SAME,Soup bò thuộc nhóm súp,17979
1299,bánh canh,bột bánh canh,tapioca flour,1,Bánh canh nấu thịt xay,SAME,Bánh canh thường ám chỉ sợi bột bánh canh,18106
1300,bò nằm,nạm bò,beef brisket,1,Mì Ý Dẹt Malfadine Sốt Bò Bằm Cà Chua Cà Rốt,SAME,Bò nằm là cách viết sai của bò nạm,18116
1304,sốt kem nấm,sốt,sauce,1,SP.0864 - Gà Viên Nấu Kem Nấm Súp Lơ,SAME,Sốt kem nấm là một loại sốt,18183
1305,cá rô phi chiên giòn,cá rô phi,tilapia,1,Chả giò cá rô phi,SAME,Cá rô phi chiên giòn vẫn là cá rô phi,18217
1306,thân nấm Hải Sản nấm Bạch Tuyết,nấm bạch tuyết,white mushroom,1,Canh Rau Tần Ô Nấu Nấm,SAME,Raw name chứa tên nấm bạch tuyết,18254
1308,nụ bạch hoa,bạch hoa,white flower,1,Salad Cải Rocket & Tartar Cá Ngừ,SAME,Nụ bạch hoa chính là bạch hoa (capers),18328
1309,ml nước lọc,lít nước,water,1,Thịt băm viên sốt cà chua,SAME,Nước lọc và nước nói chung là một,18332
1310,gừng mè rang,Mè (Vừng),sesame seeds,1,Rau củ xào chay,SAME,Raw name chứa thành phần mè rang,18358
1312,vĩ nấm cái,nấm bào ngư,oyster mushroom,1,Nấm đút lò (Baked mushrooms),SAME,Vĩ nấm cái là tên gọi khác của nấm bào ngư,18416
1314,tép hành,hành lá,green onion,1,Cơm rang cá mặn,SAME,Tép hành là cách gọi dải hành lá nhỏ,18548
1317,tôm rảo tằm,tôm thẻ loại to,shrimp,1,Tôm rảo tằm rang thịt má heo,SAME,Tôm rảo là một loại tôm thẻ tự nhiên,18640
1318,Gừng hành củm tỏi,hành tỏi,garlic and onion,1,Cá măng (cá nhồng) sốt cà,SAME,Raw name chứa hỗn hợp hành tỏi,18663
1319,lá hẹ,giá hẹ,bean sprouts,1,Canh hẹ nấu cá quả,SAME,Lá hẹ là thành phần chính của giá hẹ,18666
1321,thịt nạc băm,thịt nạc dăm,pork shoulder,1,Rau bò khai xào thịt băm,SAME,Thịt nạc băm thường dùng thịt nạc dăm,18675
1322,đầu cá,cá măng,barracuda,1,Đầu cá măng nấu chua,SAME,Đầu cá măng chính là cá măng,18685
1323,bạc hà nho,bạc hà,mint,1,Canh chua cá cờ,SAME,Bạc hà nho là tên một giống bạc hà,18693
1325,chanh trà hành lá hành khô rau mùi gia vị,Hành ngò,mixed herbs,1,Canh thịt băm nấu chanh trà,SAME,Hỗn hợp raw chứa hành và rau mùi,18712
1326,hành lá hẹ,hành lá,green onion,1,Bánh Xèo Tôm Mực,SAME,Raw name chứa thành phần hành lá,18731
1327,nấm linh chi trắng Hokto,nấm linh chi,lingzhi mushroom,1,Bánh Xèo Nấm,SAME,Nấm linh chi trắng là một loại nấm linh chi,18754
1330,cá,cá đù,drum fish,1,Cá Đù Chiên Muối Sả Ớt,SAME,Cá đù là một loại cá,18766
1331,cá bống tượng,cá bống,goby fish,1,Cá bống tượng chưng nước tương,SAME,Cá bống tượng là một loại cá bống,18789
1332,bống tượng,cá bống,goby fish,1,Cá bống tượng chưng nước tương,SAME,Bống tượng là cách gọi tắt cá bống tượng,18790
1333,bí chanh,bí xanh,winter melon,1,Canh Bí Chanh Nấu Tôm,SAME,Bí chanh là tên gọi khác của bí xanh,18817
1334,đậu rán,đậu hũ,tofu,1,Bánh đa xào nước trộn rau thơm,SAME,Đậu rán làm từ đậu hũ,18823
1335,Gừng hành tỏi khô,tỏi gừng,garlic ginger,1,Cá sủ nấu canh chua với chả cá,SAME,Hỗn hợp raw chứa tỏi và gừng,18873
1336,thịt nạc xay loại có mỡ,nạc heo,lean pork,1,Mắm Cá Thu Muối Vùi Chưng Thịt Băm,SAME,Thịt nạc xay có mỡ chính là nạc heo,18917
1339,Rau quế tím húng,rau thơm,herbs,1,Gỏi gân bò cóc non,SAME,Quế tím và húng là các loại rau thơm,19060
1340,dầu olive,dầu ô liu,olive oil,1,Nấm Mỡ Nhồi Thịt Băm Húng Tây Nướng,SAME,Dầu olive và dầu ô liu là một,19076
1341,nạc cà chua xay,xốt cà chua,tomato sauce,1,"Đùi Vịt Sốt Cà Chua, Nấm Mỡ & Olive Xanh",SAME,Nạc cà chua xay dùng làm xốt cà chua,19080
1343,hành Poro,Tỏi tây (Hành Boaro),leek,1,Nấm Đùi Gà Kho Gừng Chay,SAME,Hành Poro chính là tỏi tây/Boaro,19140
1344,Sốt kho,nước thịt kho,braising sauce,1,Nấm Đùi Gà Kho Gừng Chay,SAME,Sốt kho chính là nước dùng để kho thịt,19141
1345,thịt nách lợn,thịt heo,pork,1,Thịt nách lợn luộc,SAME,Thịt nách lợn là một phần của thịt heo,19168
1346,Sốt hồng,sốt,sauce,1,Tôm chiên sốt hồng,SAME,Sốt hồng là một loại sốt pha,19177
1347,nước cốt dừa dão,sữa dừa,coconut milk,1,Thịt bò xào lá cách,SAME,Nước cốt dừa dão là một dạng sữa dừa,19238
1348,nước cốt kẹo,nước cốt,extract,1,Thịt bò xào lá cách,SAME,Nước cốt kẹo (nước màu) là một loại nước cốt,19239
1349,Thơm bạc hà cà chua,cà chua,tomato,1,Bún Cá Ngừ Chả Cá Eat Clean,SAME,Hỗn hợp raw chứa thành phần cà chua,19268
1352,dồi chiên,lòng heo,pork offal,1,Bánh hỏi lòng heo - món ngon xứ Nẫu (Bình Định - Phú Yên),SAME,Dồi chiên làm từ lòng heo,19324
1353,Dầu mè ớt,dầu ớt,chili oil,1,Ramen thịt heo đơn giản,SAME,Dầu mè ớt là một loại dầu ớt,19379
1354,hành thái lát,hành tím,shallot,1,Ramen thịt heo đơn giản,SAME,Hành thái lát ở VN thường là hành tím,19381
1355,Sốt Samurai,xốt salad,salad dressing,1,"Salad Táo, Bơ & Chả Tôm Quết Sốt Samurai",SAME,Sốt Samurai là một loại xốt salad,19419
1357,lá nếp bánh tẻ,lá dứa,pandan leaves,1,Thịt ức gà cuộn lá nếp chiên,SAME,Lá nếp là tên gọi miền Bắc của lá dứa,19456
1358,Chanh ta,chanh trà,tea lemon,1,"Rau muống xào tép biển (con moi, con ruốc)",SAME,Chanh ta là một loại chanh (lime),19517
1359,Me gia vị,gia vị,seasoning,1,Nấm rim me,SAME,Me gia vị là một loại gia vị nấu,19534
1360,củ Cà Rốt,bã củ cà rốt,carrot pulp,1,Cá Đuối Luộc Súp Bouillon Kèm Đậu Hà Lan Cà Rốt,SAME,Củ cà rốt là nguyên liệu gốc của bã cà rốt,19557
1361,Gia vị ướp gà,gia vị,seasoning,1,Ức Gà Kho Hạt Điều Nấm Đông Cô,SAME,Gia vị ướp gà là một loại gia vị,19563
1362,thit bò,thăn bò,beef tenderloin,1,Ớt chuông xào thịt bò,SAME,Thịt bò dùng trong xào thường là thăn bò,19595
1365,Ngò tây,mùi tây,parsley,1,🌱 Canh Nấm Mỡ Cà Rốt & Lá Súp Lơ Trắng,SAME,Ngò tây chính là mùi tây (parsley),19659
1366,nước tương tamari,nước tương,Soy sauce,1,Salad Cá Trích Xông Khói,SAME,Nước tương tamari là một loại nước tương,19681
1367,mc dầu ăn,dầu ăn,Vegetable Oil,1,🌱 Nấm Xào Đậu Hà Lan & Ớt Chuông Đỏ,SAME,Muỗng canh (mc) dầu ăn là dầu ăn,19816
1368,squash,bí xanh,winter melon,1,"Ớt chuông, squash xào nấm",SAME,Squash là tên tiếng Anh của bí/mướp/bí xanh,19839
1369,nạc vai,thịt nạc dăm,pork shoulder,1,Thịt Heo Kho Thơm (Dứa 🍍),SAME,Nạc vai thường được dùng như nạc dăm,19848
1370,thịt chiên,thịt heo,pork,1,Cơm trộn cá ngừ ngâm dầu sốt mayonaise,SAME,Thịt chiên làm từ thịt heo,19871
1371,xà lách xoong,rau xoong,watercress,1,Canh thịt xay nấu xà lách xoong,SAME,Xà lách xoong và rau xoong là một,19893
1373,Nhân bánh Tôm đậu hũ hẹ,nhân bánh,filling,1,Buổi sáng thanh đạm:HÁ CẢO TÔM-RONG BIỂN,SAME,Nhân bánh chứa các thành phần làm nhân,20042
1374,tàu xì hạt,tàu xì,fermented black beans,1,SP.0845 - Bò Xào Ngũ Sắc,SAME,Tàu xì hạt chính là tàu xì,20079
1376,cá Sa Pa,cá saba,mackerel,1,Cá Sa Pa kho kim chi kiểu Hàn,SAME,Cá Sa Pa là cách viết khác của cá Saba,20167
1378,vỏ bánh đa nem,bánh tráng,rice paper,1,"Bánh Gà, Ngô, Nấm",SAME,Vỏ bánh đa nem là một loại bánh tráng,20180
1379,giấm bỗng,dấm,vinegar,1,Cá Lăng Ướp Cơm Mẻ Nấu Giấm Bỗng,SAME,Giấm bỗng là một loại dấm thủ công,20251
1380,rau ngô,rau om,rice paddy herb,1,Cá Chốt Om Măng Chua Khế Chuối Chát,SAME,Rau ngô là lỗi gõ của rau ngổ/rau om,20258
1382,Gừng hành tím,hành tím,shallot,1,Gỏi trái cóc tôm thịt,SAME,Raw name chứa thành phần hành tím,20303
1383,pasta,nui,pasta,1,Pasta Phô Mai Kem Và Cá Ngừ,SAME,Pasta có thể bao gồm các loại nui,20363
1384,Hành lá lốt tía tô,hành tía tô,perilla,1,Cá ngạnh nấu ám,SAME,Raw name chứa hành và tía tô,20377
1385,bông súp lơ xanh,bông cải,broccoli,1,Dẻ Sườn Heo Nướng Sốt Xá Xíu,SAME,Súp lơ xanh là một loại bông cải,20381
1386,cà chua quả sấu,cà chua,tomato,1,Cá dìa nấu canh chua,SAME,Raw name chứa thành phần cà chua,20406
1387,măng trúc ngâm chua,măng,bamboo shoots,1,Măng Trúc Xào Bò,SAME,Măng trúc là một loại măng,20428
1388,bánh kaiser,bánh mì,bread,1,"Bánh Kaiser Với Thịt Bò Viên, Trứng, Phô Mai Và Cà Chua",SAME,Bánh kaiser là một loại bánh mì,20433
1389,phô mai bào,phô mai,cheese,1,Cơm Thịt Bò Bỏ Lò Với Ớt Chuông Ăn Kèm Thịt Bò Viên Áp Chảo,SAME,Phô mai bào làm từ phô mai,20436
1390,cá viên,cá viên,fish balls,1,Lẩu bò nhúng giấm với khế chua,SAME,Cá viên là cá viên,20451
1391,Rau om ngò gai,ngò gai,culantro,1,Canh cá dìa nấu măng chua,SAME,Raw name chứa thành phần ngò gai,20456
1392,trứng cá ngừ,trứng cá,fish roe,1,"Trứng cá ngừ kho dứa, cà chua, nước dừa",SAME,Trứng cá ngừ là một loại trứng cá,20471
1393,Gừng hành tỏi ớt gia vị,hành tỏi ớt,garlic chili mix,1,"Trứng cá ngừ kho dứa, cà chua, nước dừa",SAME,Raw name chứa hỗn hợp hành tỏi ớt,20473
1394,cơm mẻ,nước mẻ,fermented rice sauce,1,Cá trê biển nấu chuối đậu,SAME,Cơm mẻ dùng để làm nước mẻ,20479
1396,cải xanh,cải bẹ xanh,mustard greens,1,Canh cải xanh nấu tôm,SAME,Cải xanh thường là cải bẹ xanh,20606
1397,thịt gà nguội,thịt nguội,ham,1,Kaiser (Kaiserbroodje) - Bánh Mì Phổ Biến Tại Hà Lan Với Trứng Và Thịt Gà Nguội,SAME,Thịt gà nguội là một loại thịt nguội,20626
1399,Hành tím hành lá,hành tím,shallot,1,Bún riêu cua tóp mỡ,SAME,Raw name chứa thành phần hành tím,20691
1400,cf mắm,nước mắm,fish sauce,1,Mực nhồi,SAME,Cà phê (cf) mắm là cách gọi nước mắm,20715
1401,Gia vị xào tôm,gia vị,seasoning,1,Bún cá Kiên Giang (Phiên bản tôm),SAME,Gia vị xào tôm là một loại gia vị,20716
1403,Hành củ hành lá mùi tàu gia vị,Hành ngò,mixed herbs,1,Xương đuôi heo và móng giò nấu khoai Mán vàng,SAME,Hành mùi thuộc nhóm hành ngò,20746
1405,giò heo lấy phần móng giò,thịt heo,pork,1,Canh đu đủ hầm giò heo,SAME,Móng giò là một phần thịt heo,20842
1407,mật ong cà phê,mật ong,Honey,1,"Hải sản Phú Quý hấp: mực ống, cua gạo, cua mặt trăng và nhum tươi",SAME,Mật ong cà phê là một loại mật ong,20866
1409,sốt majonnaise,sốt,sauce,1,Tôm sốt trái thơm (dứa),SAME,Majonnaise (mayonnaise) là một loại sốt,20897
1411,mực kim hấp,mực,squid,1,Mực kim um dầu,SAME,Mực kim là một loại mực,20923
1412,củ hành khô thái lát nhỏ,Hành,Scallion,1,Cơm chiên tôm 🍤,SAME,Hành khô thái lát là hành,20969
1413,thịt spam,thịt hộp,canned meat,1,Cơm Chiên Thịt Spam Trái Thơm,SAME,Spam là một loại thịt hộp,20973
1417,Sốt hành tăm,sốt,sauce,1,"🌱 Salad Su Hào, Nấm & Măng Tây Rừng Sốt Hành Tăm",SAME,Sốt hành tăm là một loại sốt,21002
1419,lưỡi heo,thịt heo,pork,1,Lưỡi heo luộc chấm mắm gừng,SAME,Lưỡi heo là một phần thịt heo,21016
1424,sốt lẩu Thái,sốt,sauce,1,Lẩu Thái với các loại nấm,SAME,Sốt lẩu Thái là một loại sốt,21070
1425,táo Tàu,táo,apple,1,Mì Đuôi Heo Hầm Ngũ Trân,SAME,Táo Tàu là một loại táo khô,21093
1429,mì chùm ngây,mì,noodles,1,Mì rau chùm ngây xào tôm nấm,SAME,Mì chùm ngây là một loại mì,21178
1430,cuốn bánh đa,bánh,cake,1,Bánh Đa Xào Lòng Gà Với Măng Và Nấm Hương,SAME,Bánh đa thuộc nhóm bánh,21190
1431,mực trứng,mực,squid,1,Mực Trứng Hấp Gừng,SAME,Mực trứng là một loại mực,21197
1432,Cải xanh cay,rau cải đắng,bitter greens,1,Mực Trứng Hấp Gừng,SAME,Cải xanh cay thường gọi là cải đắng,21201
1434,chân giò phần nạc,giò,pork sausage,1,Thịt chân giò luộc kèm cải chua,SAME,Thịt chân giò thuộc nhóm giò/thịt heo,21237
1435,Dứa chua,dứa,pineapple,1,Thịt luộc chuối xanh mùi vị cuộc đời,SAME,Dứa chua là quả dứa,21241
1436,thịt quay,heo quay,roast pork,1,Cơm bento: Gà con ham học (Dưa chua xào thịt quay),SAME,Thịt quay thường là heo quay,21286
1437,đầu cổ chân gà,chân gà,chicken feet,1,Canh bí xanh nấu xương gà và thịt xay,SAME,Gồm chân gà và các bộ phận khác,21300
1438,thịt bằm gr minced pork,thịt heo,pork,1,Món phụ/Side dish: Khoai tây xào thịt bằm/Potatoes stir-fried with minced pork,SAME,Thịt bằm làm từ thịt heo,21323
1442,dưa chuột to,dưa,pickles,1,Salad rau diếp dưa chuột cà rốt,SAME,Dưa chuột thuộc nhóm dưa,21417
1443,Rau húng quế húng hà nội,quế,Cinnamon,1,Salad rau diếp dưa chuột cà rốt,SAME,Húng quế là loại quế (rau thơm),21419
1447,cải chip,cải thìa,bok choy,1,Rau cải chip xào tỏi,SAME,Cải chip và cải thìa là một,21515
1448,bột cà ri gr,Bột (chung),flour,1,CÀ RY rau củ quả,SAME,Bột cà ri thuộc nhóm bột,21536
1449,ớt chuông màu,ớt,chili pepper,1,Mì UDON tươi xào rau củ,SAME,Ớt chuông thuộc nhóm ớt,21588
1454,bún tươi,bún,rice vermicelli,1,Miến cà chua thịt bằm,SAME,Bún tươi thuộc nhóm bún,21729
1456,cá hương,cá hường,snapper,1,Cá hường 1 nắng muối sả và nghệ chiên,SAME,Cá hương là cách gọi cá hường,21737
1457,rau xà lách xoong,rau xà lách,lettuce,1,Canh xà lách xoong nấu thịt xay,SAME,Xà lách xoong thuộc nhóm xà lách,21741
1460,Mè trắng,Mè (Vừng),sesame seeds,1,Thịt xào hành tây cà ri,SAME,Mè trắng là vừng (mè),21790
1461,thịt bò,thịt bò,beef,1,Súp Kem Bí Đỏ Cá Hồi,SAME,Thịt bò là thịt bò,21830
1462,cây xoài thanh long táo xoài vv,trái cây,fruit,1,Salad Cá Hồi Cải Xoăn Kale,SAME,"Xoài, thanh long, táo là trái cây",21842
1465,cá phèn hồng nắng,cá hồng,snapper,1,Cá phèn hồng 1 nắng chiên sốt mắm tỏi ớt,SAME,Cá phèn hồng thuộc nhóm cá hồng,21874
1466,rễ ngò rí,rau ngò rí,coriander leaves,1,SP.0830 - Thịt Heo Quay Đông Pha,SAME,Rễ ngò rí là một phần ngò rí,21886
1467,rượu Thiệu Hưng,rượu,cooking wine,1,SP.0830 - Thịt Heo Quay Đông Pha,SAME,Rượu Thiệu Hưng là một loại rượu,21891
1468,chả xoắn Nhật,chả,sausage,1,SP.0829 - Súp Cua Ngô Vàng Tuyết Nhĩ,SAME,Chả xoắn Nhật thuộc nhóm chả,21896
1469,củ sắn,sắn,cassava,1,SP.0829 - Súp Cua Ngô Vàng Tuyết Nhĩ,SAME,Củ sắn và sắn (miền Nam) là một,21898
1470,sốt kem phô mai,phô mai,cheese,1,SP.0828 - Cá Hồi Sốt Bí Đỏ Phô Mai,SAME,Sốt kem phô mai chứa phô mai,21925
1471,Nước tương pha chua ngọt,nước,water,1,Cơm thịt một nắng nướng nồi chiên không dầu,SAME,Nước tương pha thành phần chính là nước,21946
1477,cá mờm sữa,cá,fish,1,Món ngon từ cá MỜM CƠM SỮA,SAME,Cá mờm sữa là một loại cá,22042
1479,tàu hủ ky lá tươi,lá,leaves,1,TÀU HỦ KY cuốn tôm thịt chiên,SAME,Tàu hũ ky lá là dạng lá,22069
1480,bột rau câu giòn g,Bột (chung),flour,1,Rau câu vân mây lá dứa,SAME,Bột rau câu thuộc nhóm bột,22085
1482,sốt phomai,sốt,sauce,1,Cơm nắm cá hồi trộn sốt phomai chiên giòn,SAME,Sốt phomai là một loại sốt,22110
1485,gia vị ướp xá xíu,gia vị,seasoning,1,Thịt ba chỉ cuộn đậu bắp,SAME,Gia vị xá xíu là gia vị,22130
1489,phô mai Emmental,phô mai,cheese,1,Tartine Bánh Mì Nướng Phô Mai Emmental Phủ Cá Hồi Gravlax,SAME,Phô mai Emmental là một loại phô mai,22190
1491,giỏ Gia vị cơ bản,gia vị,seasoning,1,Súp gà nấm,SAME,Gia vị cơ bản là gia vị,22206
1492,Húng quế trắng,rau húng chó,mint,1,Canh Chua Cá Thu Lá Me,SAME,Húng quế trắng thuộc nhóm húng chó/quế,22236
1493,cá bò ngừ,cá ngừ,tuna,1,Cá Bò Ngừ Nấu Mẵn,SAME,Cá bò ngừ thuộc nhóm cá ngừ,22237
1497,gia vị nước hàng,gia vị,seasoning,1,Cá trôi kho dưa,SAME,Gia vị nước hàng là gia vị,22371
1501,con cá thu đao,cá thu,mackerel,1,Canh kim chi cá thu đao,SAME,Cá thu đao là một loại cá thu,22470
1503,xoài keo,xoài,mango,1,Cá kèo kho rau răm dùng kèm xoài keo,SAME,Xoài keo là một giống xoài,22485
1504,Cá Lóc Bông,cá lóc,snakehead fish,1,Cá Lóc Bông Kho Nước Dừa Xiêm,SAME,Cá lóc bông là một loại cá lóc,22489
1505,Lạc rang mắm tôm bún,đậu phộng,peanut,1,Bún cá chấm/ chả cá Lã Vọng,SAME,Lạc chính là đậu phộng,22549
1506,cá chuối,cá lóc,snakehead fish,1,Cá chuối kho chuối (kho nhanh và kho khô),SAME,Cá chuối là tên gọi khác của cá lóc,22562
1507,chuối lá chuối lùn chuối ta,lá chuối,banana leaves,1,Cá chuối kho chuối (kho nhanh và kho khô),SAME,Lá chuối dùng để lót/gói cá,22564
1508,thịt đầu heo ngâm giấm,thịt heo,pork,1,"Gỏi Đu Đủ, Xoài, Thịt Đầu Heo",SAME,Thịt đầu heo là một phần thịt heo,22593
1511,cá trê vàng,cá trê,catfish,1,Cá Trê Vàng Chiên Mắm Gừng,SAME,Cá trê vàng là một loại cá trê,22640
1513,mực mai,mực,squid,1,Mực mai xào hành tây,SAME,Mực mai là một loại mực,22667
1516,sốt Hàn Quốc,sốt,sauce,1,SP.0821 - Thịt Heo Sốt Hàn Quốc,SAME,Sốt Hàn Quốc là một loại sốt,22714
1518,sụn lưỡi heo,thịt heo,pork,1,SP.0820 - Canh Cải Bó Xôi Sụn Lưỡi Heo,SAME,Sụn lưỡi heo là một phần thịt heo,22745
1519,sốt cô đặc Knorr,sốt,sauce,1,SP.0820 - Canh Cải Bó Xôi Sụn Lưỡi Heo,SAME,Sốt cô đặc là một loại sốt,22748
1520,cá rô đồng,cá rô,perch,1,Canh củ cá rô đồng,SAME,Cá rô đồng là một loại cá rô,22755
1522,bánh canh tươi,bánh,cake,1,Bánh canh chả cua siêu tốc,SAME,Bánh canh là một loại bánh (sợi),22767
1524,tôm nõn đã rim,ram tôm,shrimp rolls,1,Canh cải cúc nấu tôm nõn,SAME,Tôm nõn rim là một loại ram tôm,22772
1525,bánh đa mè,Mè (Vừng),sesame seeds,1,Gỏi bò rau má,SAME,Mè là thành phần chính của bánh đa mè,22779
1526,tôm nõn đã rim qua,ram tôm,shrimp rolls,1,Nem bơ hải sản,SAME,Tôm nõn rim là một loại ram tôm,22789
1529,cà chua bi,chua bi,plum,1,Rau tần ô luộc tạo hình vòng nguyệt quế,SAME,Cà chua bi là tên đầy đủ,22802
1531,Gia vị tỏi khô,gia vị,seasoning,1,Salad rau mầm,SAME,Gia vị tỏi khô thuộc nhóm gia vị,22847
1532,Gốc hành,hành lá,green onion,1,Canh cải bó xôi cá rô đồng,SAME,Gốc hành là một phần của hành lá,22862
1533,rau ngót rừng,rau ngót,sweet leaf bush,1,Canh rau ngót rừng,SAME,Rau ngót rừng là một loại rau ngót,22863
1534,dựng heo hoặc xương ống,xương heo,pork bones,1,LẨU cá thác lác-khổ qua,SAME,Dựng heo/xương ống đều là xương heo,22872
1539,mắm chay pha sẵnpha sẵn tuỳ các bạn,chay,vegetarian,1,Bún bì chay (có thêm heo quay chay),SAME,Mắm chay là đồ chay,22905
1540,tỏi xay và đ ớt xay mình mua nhiêu đó thôi mà còn bị dư ra á nên nếu các bạn mua ít được thì mua nha mua ít quá mình ngại á nên mua đại mỗi thứ đ,hành tỏi ớt,garlic chili mix,1,Bún bì chay (có thêm heo quay chay),SAME,Tỏi và ớt xay tương ứng hành tỏi ớt,22908
1542,dừa nhỏ có thể thay bằng nước,nước dừa,coconut water,1,Đậu hủ khìa chay,SAME,Dừa nhỏ lấy nước là nước dừa,22945
1545,canh vắt lấy nước cốt,nước cốt,extract,1,Gỏi mực,SAME,Nước cốt vắt từ chanh/tắc,22982
1548,thịt xay,thịt viên,meatballs,1,Canh cải thìa nấu thịt viên,SAME,Thịt xay dùng để làm thịt viên,23011
1549,măng Tây,măng,bamboo shoots,1,Măng Tây Xào Thịt Bằm,SAME,Măng tây là một loại măng (theo cách gọi),23017
1550,măng tay,măng,bamboo shoots,1,Canh măng tây nấu tôm,SAME,Măng tay là lỗi viết tắt của măng tây,23072
1551,mực,mực,squid,1,Gỏi khoai môn TÔM càng,SAME,Mực là cùng một loại,23075
1552,rau cần tàu cắt khúc,cần tây,celery,1,Miến Xào Tôm Cua,SAME,Cần tàu là tên khác của cần tây,23105
1553,Nước cốt lẩu Thái,nước cốt,extract,1,Lẩu Thái tôm càng xanh mực mai,SAME,Cốt lẩu là một loại nước cốt,23131
1554,Nước chấm sốt tắc,nước tắc,kumquat juice,1,Lẩu Thái tôm càng xanh mực mai,SAME,Sốt tắc là nước tắc pha,23136
1555,măng tây khoang gr,măng,bamboo shoots,1,"Măng tây,cà rốt và bông cải xanh xào thịt bò",SAME,Măng tây thuộc nhóm măng,23207
1556,boa rô,Tỏi tây (Hành Boaro),leek,1,Đậu hủ kho tương hột (món chay),SAME,Boa rô chính là tỏi tây,23216
1557,kim chi cà rốt,cà rốt,carrot,1,Canh kim chi tôm thịt,SAME,Kim chi cà rốt làm từ cà rốt,23242
1558,bơ Tường An,bơ,butter,1,Bông thiên lý xào thịt bò,SAME,Bơ Tường An là một loại bơ,23389
1559,chả lá Miền Trung,lá,leaves,1,Bún mắm nêm tai heo,SAME,Chả lá là chả gói lá,23401
1560,Bún gạo lứt,bún,rice vermicelli,1,"Bún gạo lứt, sốt cà chua thịt bằm",SAME,Bún gạo lứt là một loại bún,23433
1562,Hành răm thìa là gia vị,gia vị,seasoning,1,Cá nục hấp,SAME,Hỗn hợp gia vị rau thơm,23445
1563,táo đỏ nếu có,táo,apple,1,Xương heo hầm rau củ,SAME,Táo đỏ là một loại táo,23452
1564,gram thịt nạc,nạc heo,lean pork,1,Rau mầm đá xào thịt nạc,SAME,Thịt nạc là nạc heo,23464
1565,ngồng cải hoa vàng,rau cải ngồng,choy sum,1,Ngồng cải hoa vàng xào tôm giá,SAME,Ngồng cải là rau cải ngồng,23471
1566,tôm nõn rang qua,ram tôm,shrimp rolls,1,Ngồng cải hoa vàng xào tôm giá,SAME,Tôm nõn rang là một loại ram tôm,23473
1567,cà chua quả ớt,cà chua,tomato,1,"Canh cá chua hoa chuối, su hào",SAME,"Cà chua và ớt, có cà chua",23479
1568,chanh quả ớt,ớt,chili pepper,1,"Gỏi hoa chuối tép, thịt ba chỉ",SAME,"Chanh và ớt, có ớt",23485
1571,cá trên biển,cá trê,catfish,1,Cá trê biển nấu hoa chuối,SAME,Cá trê biển là một loại cá trê,23527
1572,Tía,tía tô,perilla leaves,1,Cá trê biển nấu hoa chuối,SAME,Tía là viết tắt của tía tô,23532
1573,Hành lá thì là,hành lá,green onion,1,Cá trê biển nấu hoa chuối,SAME,Hỗn hợp có hành lá,23533
1574,Riềng hành khô,riềng,galangal,1,Cá trê biển nấu hoa chuối,SAME,Hỗn hợp có riềng,23535
1575,Dầu ăn tương ớt,ớt,chili pepper,1,Bông bí nhồi cá thác lác chiên giòn,SAME,Hỗn hợp có tương ớt,23543
1576,bông chuối bông,chuối,banana,1,Canh Chua Bông Chuối Khô Cá Tra,SAME,Bông chuối là một phần của chuối,23546
1577,húng quế,rau basil,basil,1,Canh Chua Bông Chuối Khô Cá Tra,SAME,Húng quế chính là Thai basil,23551
1578,gân bò hầm mềm,thịt bò,beef,1,Gân bò xào cà chua dưa leo,SAME,Gân bò là một phần thịt bò,23591
1579,rau câu deo Jelly,bột rau câu,agar powder,1,Rau Câu Chữ Tài Lộc Và Thỏi Vàng Cho Ngày Vía Thần Tài,SAME,Rau câu Jelly làm từ bột rau câu,23615
1580,Chanh ớt rau thơm húng mùi tàu ngò hành lá tía tô,hành lá,green onion,1,Gỏi chả+heo quay,SAME,Hỗn hợp nhiều rau có hành lá,23644
1581,Sốt dầu giấm,sốt,sauce,1,Rau củ trộn salad,SAME,Sốt dầu giấm là một loại sốt,23652
1583,Thịt heo thịt bò xay,thịt bò,beef,1,Chả huế/chả chiên/giò bò,SAME,Hỗn hợp thịt có thịt bò,23697
1584,nước đá tbsp,nước,water,1,Chả huế/chả chiên/giò bò,SAME,Nước đá là nước,23698
1586,ớt xanh loại to,ớt,chili pepper,1,Ớt xanh nhồi thịt bò,SAME,Ớt xanh là một loại ớt,23703
1587,hành tây củ gừng củ giềng cây sả trái ớt quả táo quả cà chua và ít lá chanh,cà chua,tomato,1,Cá rô phi kho,SAME,Hỗn hợp nhiều loại có cà chua,23712
1588,thịt nạc xay bạn chọn thịt nạc vai cho ngon nha,thịt nạc dăm,pork shoulder,1,Cà chua nhồi thịt rim,SAME,Nạc vai chính là thịt nạc dăm,23722
1589,ớt chuông xanh cam đỏ,ớt,chili pepper,1,MỰC 1 nắng chiên nước mắm,SAME,Ớt chuông là một loại ớt,23726
1590,Gia vị thìa là,gia vị,seasoning,1,Cá nấu ngót,SAME,Thì là là một loại gia vị,23763
1591,lá thơm khô Provence,lá,leaves,1,Salad Nấm Mỡ Cháy Bacon,SAME,Lá thơm là một loại lá,23772
1592,lá thơm Provence,lá,leaves,1,Cá Tuyết Nướng Nấm Mỡ Nâu & Lá Thơm Provence,SAME,Lá thơm là một loại lá,23777
1594,dầu mè nếu không thích mùi,Mè (Vừng),sesame seeds,1,Mì Gói Nấu Nấm Mỡ & Thanh Cua Surimi,SAME,Dầu mè làm từ mè,23859
1595,lá ngò tây hoặc ngò rí tuỳ thích,lá,leaves,1,Salad Gà Nấm Healthy,SAME,Ngò tây/ngò rí là các loại lá,23865
1596,đùi gà bọc sả chay,sả,lemongrass,1,Gỏi nấm bào ngư chay,SAME,Đùi gà chay bọc sả có sả,23889
1597,thịt lườn công,thịt chim,poultry meat,1,Thịt công xào sả ớt,SAME,Thịt lườn công là thịt chim,23896
1598,Hành ngò ngò gai,hành ngò,scallion cilantro,1,Mì Gói Nấm Trứng,SAME,Ngò gai thuộc nhóm hành ngò,23912
1599,hành tím tỏi giã nhỏ,tỏi,garlic,1,Cá Bớp Kho,SAME,Hỗn hợp có tỏi,23915
1600,Salad hành lá hành tây hành phi chanh ớt,salad,salad,1,Bún chả cá thìa là,SAME,Các loại rau trộn thành salad,23939
1601,Chanh rượu trắng,chanh,lime,1,Phi lê cá lóc chiên mắm tỏi ớt,SAME,"Chanh và rượu trắng dùng sơ chế, chủ yếu là chanh",23957
1603,ớt chuông ngọt đỏ,ớt,chili pepper,1,Bánh Xèo Nấm Nhân Thịt,SAME,Ớt chuông ngọt là một loại ớt,23969
1605,lòng heo,thịt heo,pork,1,Lòng heo và cật heo luộc,SAME,Lòng heo là bộ phận từ con heo,24009
1606,Táo đỏ,táo,apple,1,Lẩu gà nấu nấm,SAME,Táo đỏ khô thường được gọi tắt là táo,24019
1607,nạm gân,nạm bò,beef brisket,1,Bún bò giò heo,SAME,Nạm gân là một phần của nạm bò,24043
1611,khóm tỏi tươi,tỏi,garlic,1,Thịt bò hầm kiểu Nhật,SAME,"Nhầm lẫn từ vựng, khóm tỏi chứa tỏi",24097
1612,Tỏi nước mắmđường,tỏi,garlic,1,Mực khô chiên giòn,SAME,Hỗn hợp chứa tỏi,24103
1613,sốt tomyum,sốt,sauce,1,Mì xào Tomyum hải sản,SAME,Sốt tomyum là một loại sốt,24117
1614,Dầu ăn tỏi băm,tỏi,garlic,1,Mì xào Tomyum hải sản,SAME,Hỗn hợp dầu và tỏi,24120
1615,Thịt gác bếp,thịt heo,pork,1,Ngồng cải xào thịt gác bếp,SAME,Thịt gác bếp thường là thịt heo hoặc bò,24122
1617,Hành tím hành tây hành phi,hành tím,shallot,1,Gỏi Gà Rau Lang,SAME,"Hỗn hợp các loại hành, có chứa hành tím",24153
1618,Hành tím tỏi ớt,hành tỏi ớt,garlic chili mix,1,Cá mú hấp + Cháo đầu cá,SAME,Hành tỏi ớt là nhóm gia vị tương ứng,24160
1619,Rau sống hành lá ngò dưa leo chanh rau cần,hành lá,green onion,1,Cá mú hấp + Cháo đầu cá,SAME,Hỗn hợp rau sống có chứa hành lá,24161
1620,bô óc heo,thịt heo,pork,1,"Súp tóc tiên óc heo,thanh cua và tôm",SAME,Óc heo là bộ phận từ con heo,24165
1621,sốt cà chua cô đặc,cà chua,tomato,1,Taco thịt bò và taco tôm cá với salsa xoài,SAME,Sốt cà chua làm từ cà chua,24193
1623,bột gia vị Fajita,Bột (chung),flour,1,Taco thịt bò và taco tôm cá với salsa xoài,SAME,Gia vị Fajita ở dạng bột,24203
1625,cà phê đen,café,coffee,1,Rau câu cá chép,SAME,Cà phê đen là một loại café,24283
1626,táo đỏ Tân Cương,táo,apple,1,SP.0802 - Canh Xương Ống Heo Tiềm Tam Bảo,SAME,Táo đỏ là một loại táo,24353
1627,Ngò rí chanh,chanh,lime,1,Ragout Bò,SAME,Hỗn hợp ngò rí và chanh,24373
1631,Hành lá mùi ta ngò rí,hành lá,green onion,1,Canh mọc rau củ,SAME,Hỗn hợp rau thơm có chứa hành lá,24405
1632,Sốt kho đa dụng,sốt,sauce,1,Cá Bông Lau Kho Tiêu,SAME,Sốt kho là một loại sốt,24409
1633,mỡ nước hoặc dầu ăn,mỡ,lard,1,Cá Lóc Bông Kho Tiêu,SAME,Mỡ nước là mỡ heo dạng lỏng,24413
1635,hành tây trái ớt ít hành hoa,ớt,chili pepper,1,Tàu hũ trứng Nhật Bản sốt nấm,SAME,Hỗn hợp có chứa ớt,24431
1637,thịt nạc dăm lựa loại nhiều mỡ,nạc heo,lean pork,1,Rêu Đá - Thịt Viên Tẩm Bột Xù Sốt Mật Ong,SAME,Thịt nạc dăm là một loại nạc heo,24459
1639,Lá vừng,lá,leaves,1,Thịt lợn nướng ướp kiểu Hàn Quốc,SAME,Lá vừng (lá mè) là một loại lá,24507
1641,rau súp lơ baby,bông cải,broccoli,1,Thịt nai xào súp lơ baby,SAME,Súp lơ baby là một loại bông cải,24535
1642,Hành tím chanh hoặc nước cốt chanh ớt,hành tỏi ớt,garlic chili mix,1,Bún cá hồi,SAME,"Hỗn hợp gia vị có chứa hành, ớt",24540
1644,nước tô,nước,water,1,Rau bắp cải xào,SAME,Nước tô là nước dùng/nước lọc,24548
1645,Gia vị tỏi,tỏi,garlic,1,Rau đậu Hoà lan xào nấm,SAME,Gia vị tỏi có chứa tỏi,24562
1646,ớt chuông củ hành tây,ớt,chili pepper,1,Cá diêu hồng hấp xì dầu,SAME,Hỗn hợp có chứa ớt chuông,24578
1647,Nước tương dầu hào ớt,ớt,chili pepper,1,Cá tầm kho tộ với quả cọ,SAME,Hỗn hợp gia vị có chứa ớt,24585
1648,mộc nhĩ hành khô nước tương dầu hào ớt hành lá,hành lá,green onion,1,"Quả cọ nhồi thịt sốt nước tương, dầu hào",SAME,Hỗn hợp có chứa hành lá,24589
1649,tôm đất tép bạc làm sạch,tôm thẻ loại to,shrimp,1,Canh Đu Đủ Hườm Nấu Tôm Đất,SAME,Các loại tôm nhỏ thuộc nhóm tôm thẻ/tôm nói chung,24595
1650,tim heo nhỏ khoảng gr,thịt heo,pork,1,Bún Gạo Xào Tim Heo,SAME,Tim heo là bộ phận từ con heo,24611
1652,Cá chim chiên nghệ,cá chim,pomfret,1,Cá chim biển trắng chiên nghệ và canh hầm đậu củ quả,SAME,Món cá chim chiên nghệ làm từ cá chim,24628
1653,ớt chuông vàng đỏ và xanh,ớt,chili pepper,1,Nấm xào ớt chuông,SAME,Ớt chuông là một loại ớt,24648
1654,Tôm càng xanh sống,tôm thẻ loại to,shrimp,1,Tôm kho tàu,SAME,Tôm càng xanh thuộc nhóm tôm lớn,24653
1655,Tỏi phibột nêmtiêu,tỏi,garlic,1,Chuối cao làm từ mực,SAME,Hỗn hợp có chứa tỏi phi,24669
1656,tôm càng lúa,tôm thẻ loại to,shrimp,1,Tôm Càng Lúa Nướng Mọi,SAME,Tôm càng lúa thuộc nhóm tôm,24671
1657,ớt chuông vàng quả ớt chuông đỏ,ớt,chili pepper,1,"Xà lách carol trộn nấm, đậu khuôn",SAME,Ớt chuông là một loại ớt,24682
1658,Măng chua,măng,bamboo shoots,1,Canh cá nâu măng chua,SAME,Măng chua là một loại măng,24686
1659,ngò gai ngò ôm,ngò gai,culantro,1,Canh cá nâu măng chua,SAME,Hỗn hợp rau thơm có ngò gai,24690
1660,mướp khía,mướp,luffa,1,Mướp khía xào bò,SAME,Mướp khía là một loại mướp,24692
1661,tôm rang chín,ram tôm,shrimp rolls,1,Bánh khọt tôm phiên bản mì lá,SAME,Tôm rang dùng làm nhân ram tôm,24727
1663,cá sơn thóc,cá sơn,reef fish,1,Cá Sơn Thóc Nấu Ngót,SAME,Cá sơn thóc là một loại cá sơn,24745
1665,lá mì tươi,mì,noodles,1,Mì Lá cuốn cá ngừ,SAME,Lá mì là một loại mì sợi dẹt,24790
1666,nén dầu phụng,hành tăm (củ nén),shallot,1,Mì Quảng tôm gà trứng,SAME,Nén là tên gọi khác của hành tăm,24805
1668,hoành thánh lá,lá,leaves,1,Hoành thánh lá bọc thịt chiên giòn,SAME,Hoành thánh lá là một loại lá bột,24813
1669,bò gân,thịt bò,beef,1,Bò kho dùng với mì lá tươi,SAME,Bò gân là thịt bò,24818
1672,Trứng cút trứng gà,trứng cút,quail eggs,1,Soup tôm bong bóng cá,SAME,"Hỗn hợp trứng, có chứa trứng cút",24866
1673,Khô cá đù,cá lù đù,croaker fish,1,Khô cá đù chưng thịt băm,SAME,Khô cá đù làm từ cá lù đù,24875
1674,Hành lá gừng,hành lá,green onion,1,Khô cá đù chưng thịt băm,SAME,Hỗn hợp hành gừng có hành lá,24877
1675,Hành sả băm,sả,lemongrass,1,Mì lá tươi cuốn thịt nướng,SAME,Hỗn hợp có chứa sả,24907
1676,tôm sắt hoặc nớt size nhỏ,tôm thẻ loại to,shrimp,1,Súp gà bong bóng cá,SAME,Tôm sắt/nớt thuộc nhóm tôm,24953
1677,lá mè lá vừng,Mè (Vừng),sesame seeds,1,Nấm Cuộn Lá Mè Chay,SAME,Lá mè chính là lá vừng,24963
1678,Vỏ tôm và đầu tôm,tôm thẻ loại to,shrimp,1,Bún suông tôm,SAME,Vỏ và đầu tôm từ con tôm,24982
1679,Bánh đa nướng,bánh,cake,1,Mì Quảng ếch đơn giản,SAME,Bánh đa là một loại bánh,25043
1680,Sốt kho chay,sốt,sauce,1,Nấm Kho Lá Gừng Chay,SAME,Sốt kho là một loại sốt,25072
1681,cổ vịt,cổ cánh vịt,duck neck wing,1,Cổ vịt nhồi tiết heo,SAME,Cổ vịt thuộc nhóm cổ cánh vịt,25081
1683,bạc hà đậu bắp,bạc hà,mint,1,Canh chua cá sơn thóc,SAME,Hỗn hợp có chứa bạc hà,25087
1684,thơm rau ngỗ,rau thơm,herbs,1,Canh chua cá sơn thóc,SAME,Hỗn hợp rau thơm,25089
1685,me hành lá,hành lá,green onion,1,Canh chua cá sơn thóc,SAME,Hỗn hợp có chứa hành lá,25090
1686,nui gạo lứt,gạo,rice,1,Nui Lứt Nấu Nấm Và Thịt Băm,SAME,Nui gạo lứt làm từ gạo,25100
1687,rau ngót Nhật,rau ngót,sweet leaf bush,1,Canh rau ngót Nhật thịt bằm,SAME,Rau ngót Nhật là một loại rau ngót,25139
1688,bún nưa gr,bún,rice vermicelli,1,Bún nưa xào mực,SAME,Bún nưa là một loại bún,25196
1689,Gia vịmì chính nước mắmớt xaynước tương tỏi ớt chinsu,ớt,chili pepper,1,Bún nưa xào mực,SAME,Hỗn hợp gia vị có chứa ớt,25200
1692,rong chân vịt,rong biển,seaweed,1,Nước rau câu rong chân vịt nha đam,SAME,Rong chân vịt là một loại rong biển,25246
1693,lá nha đam,lá,leaves,1,Nước rau câu rong chân vịt nha đam,SAME,Lá nha đam là một loại lá,25250
1694,súp cô đặc,súp,soup,1,Canh Củ Hồi Thịt Viên,SAME,Súp cô đặc là một loại súp,25253
1695,đậu cove,đậu que,green beans,1,Vetula: Nui lứt xào trứng ăn với chả mực và rau củ luộc,SAME,Đậu cove chính là đậu que,25256
1696,Chả mực,chả,sausage,1,Vetula: Nui lứt xào trứng ăn với chả mực và rau củ luộc,SAME,Chả mực là một loại chả,25257
1697,bắp tách hạt tùy loại rau củ,bắp ngọt,sweet corn,1,Nui lứt nấu tôm,SAME,Bắp tách hạt là bắp ngọt,25262
1698,Cải cay,rau cải đắng,bitter greens,1,Cá chìa vôi nướng sa tế,SAME,Cải cay thường là cải đắng,25268
1700,Hành lá hành khô mùi tàu gia vị,hành lá,green onion,1,"Canh sườn, móng giò nấu khoai tây, nấm mỡ",SAME,Hỗn hợp gia vị có chứa hành lá,25286
1701,nui gạo lứt,nui,pasta,1,Nui Lứt Nấu Nấm,SAME,Nui gạo lứt là một loại nui,25287
1702,rau củ broccoli carrots đậu ve ớt chuông hành,bông cải,broccoli,1,Rau củ xào kim châm,SAME,Broccoli là bông cải xanh,25306
1705,Tỏi ớt băm,ớt,chili pepper,1,Phi Lê Cá Điêu Hồng Chiên Giòn Chấm Mắm Ngò,SAME,Tỏi ớt băm chứa thành phần ớt,25344
1707,đuôi heo chặt khoanh,thịt heo,pork,1,Nui nấu đuôi heo,SAME,Đuôi heo thuộc nhóm thịt heo,25365
1708,nui lứt xoắn,nui,pasta,1,🌱 Nui Lứt Xoắn Xào Nấm Chay,SAME,Nui lứt xoắn là một loại nui,25371
1710,Gia vị hành răm thìa là ớt tươi,ớt,chili pepper,1,Cá hấp xì dầu,SAME,Hỗn hợp có chứa thành phần ớt tươi,25390
1711,nấm hương tươi nấm linh chi trắng,nấm hương,shiitake mushroom,1,Mì soba nấu bò nấm,SAME,Có thành phần nấm hương tươi,25395
1712,gia vị lẩu Thái,gia vị,seasoning,1,Mì soba nấu bò nấm,SAME,Gia vị lẩu Thái thuộc nhóm gia vị,25397
1713,Hành lá mùi tàu,hành lá,green onion,1,"Canh móng giò, bắp bò nấu khoai tây, cà rốt",SAME,Có thành phần hành lá,25402
1715,Rau thơm ram răm ớt trái chanh tỏi,rau răm,vietnamese coriander,1,Tim heo trộn,SAME,Có thành phần rau răm,25405
1717,Hành lá tỏi băm,hành lá,green onion,1,Phở sắn chiên giòn sốt mực xào rau củ chua ngọt,SAME,Có thành phần hành lá,25418
1718,thịt vai băm xay nhỏ,thịt nạc dăm,pork shoulder,1,"Thịt, tôm chưng mắm tép",SAME,Thịt vai băm thường là nạc dăm,25470
1719,Riềng xay củ sả củ hành khô,sả,lemongrass,1,"Thịt, tôm chưng mắm tép",SAME,Có thành phần củ sả,25473
1720,tía tô lá lốt,lá lốt,betel leaves,1,"Đầu, xương cá diêu hồng nấu hoa chuối",SAME,Có thành phần lá lốt,25478
1721,Mẻ chua gia vị cơ bản,gia vị,seasoning,1,"Đầu, xương cá diêu hồng nấu hoa chuối",SAME,Mẻ chua thuộc nhóm gia vị,25482
1722,rau mầm đá,rau mầm,microgreens,1,Rau mầm đá luộc,SAME,Rau mầm đá thuộc nhóm rau mầm,25488
1723,Xương heo mình thích hầm củ với xương cổ heo lắm vì phần xương này ăn rất mềm mọng luôn í,thịt heo,pork,1,"Xương heo hầm khoai tây, dền, cà rốt, củ cải trắng",SAME,Xương heo thường được gán vào nhóm thịt heo,25496
1724,Gia vị hành tỏi,tỏi,garlic,1,"Xương heo hầm khoai tây, dền, cà rốt, củ cải trắng",SAME,Có thành phần tỏi,25501
1725,Hành mùi hành củ gia vị,Hành,Scallion,1,Canh bí ngòi nấu tôm,SAME,Có thành phần hành củ,25521
1726,nấm mỡ nâu,nấm mỡ,button mushroom,1,Nấm mỡ nâu kho chay,SAME,Nấm mỡ nâu là một loại nấm mỡ,25533
1728,Sò ngao,sò,clam,1,Canh hải sản nấu nấm,SAME,Ngao thuộc nhóm sò,25537
1729,Gia vị cơ bản hành rau mùi,rau mùi,coriander leaves,1,Canh hải sản nấu nấm,SAME,Có thành phần rau mùi,25540
1730,Mì tàu sợi nhỏ,mì,noodles,1,Mì Bò Viên,SAME,Mì tàu là một loại mì,25541
1731,Giá hẹ,giá,bean sprouts,1,Mì Bò Viên,SAME,Có thành phần giá đỗ,25545
1732,Dấm tiều,dấm,vinegar,1,Mì Bò Viên,SAME,Dấm tiều là một loại dấm,25547
1734,cá ngộ nhỏ nướng cho thơm,cá ngộ,mullet (small-scale),1,Mì Bò Viên,SAME,Cá ngộ nhỏ là cá ngộ,25553
1737,Dầu ăn mỡ,mỡ,lard,1,Tôm sắt rim mắm,SAME,Mỡ thuộc nhóm chất béo,25574
1741,Trứng nếu ăn ngay còn gói cất tủ ăn dần bỏ qua,Trứng gà,Chicken Egg,1,Chả nem nấm,SAME,Trứng trong nấu ăn thường là trứng gà,25597
1745,hành khô gia vị,gia vị,seasoning,1,Bánh đa cua hải sản,SAME,Gia vị bao gồm hành khô,25636
1746,rau cải đắng hoặc cải ngọt không có thì thay bằng hành lá mùi tàu nhen,hành lá,green onion,1,Bánh đa cua hải sản,SAME,Có nhắc đến hành lá,25637
1747,bánh đa đỏ tươi Nếu không có thì dùng bánh đa khô nhen,bánh,cake,1,Bánh đa cua hải sản,SAME,Bánh đa thuộc nhóm bánh,25638
1751,Bột chiên AjiQuick loại chiên hải sản gói xanh dương,Bột (chung),flour,1,Nấm kim châm lắc phô mai,SAME,Bột chiên thuộc nhóm bột chung,25647
1752,phần,giò heo,pork hock,1,Bánh canh tôm mực,SAME,Bánh canh thường có phần giò heo,25665
1754,húng quế mùi ta ngò rí,quế,Cinnamon,1,"Nộm dưa chuột non, tai lợn",SAME,Húng quế là rau quế,25689
1755,xương cổ heo,thịt heo,pork,1,SP.0794 - Canh Mướp Xương Heo Đại Táo,SAME,Xương cổ heo thuộc nhóm thịt heo,25707
1756,Hành tỏi mộc nhĩ nấm hương gừng gia vị,tỏi,garlic,1,Bún mọc tôm nấu cải làn,SAME,Có thành phần tỏi,25729
1757,lá tỏi,tỏi,garlic,1,Mực nang xào dưa cải,SAME,Lá tỏi thuộc cây tỏi,25757
1758,nạc dăm,thịt nạc dăm,pork shoulder,1,Thịt chiên xù kiểu Nhật,SAME,Nạc dăm là tên gọi khác của thịt nạc dăm,25768
1759,bột ngưu báng,Bột (chung),flour,1,Bún hải sản chua ngọt thanh nhẹ,SAME,Bột ngưu báng thuộc nhóm bột chung,25791
1760,da gà chiên mắm tỏi,tỏi,garlic,1,Cải thảo xào thịt quay,SAME,Có thành phần tỏi,25821
1762,Me vắt tùy ăn chua nhiều ít ớt,ớt,chili pepper,1,Canh chua cá cam,SAME,Có thành phần ớt,25840
1763,t tỏi chanh,tỏi,garlic,1,Cá mè hấp,SAME,Có thành phần tỏi,25857
1764,Rau xà lách rau húng rau quế,rau xà lách,lettuce,1,Phở sắn trộn tôm thịt,SAME,Có thành phần rau xà lách,25861
1765,Rau sống thân chuối ớt,ớt,chili pepper,1,Phở sắn cá lóc,SAME,Có thành phần ớt,25866
1766,Gừng hành,gừng,ginger,1,Cải làn xào nấm chay,SAME,Có thành phần gừng,25897
1767,Dầu hào chay dầu mè nước tương rượu trắng,Mè (Vừng),sesame seeds,1,Cải làn xào nấm chay,SAME,Dầu mè thuộc nhóm mè (vừng),25898
1769,ầu cá mackerel cá ngừ cá ngân cá bạc má thu nhật đều được,dầu ngư,fish oil,1,Canh Đầu Cá Mackerel Nấu Cà Chua & Ớt Chuông,SAME,Dầu từ đầu cá tương đương dầu ngư,25951
1770,rau cần tàu,cần tây,celery,1,Bóng bì xào rau củ và nấm,SAME,Cần tàu là cần tây sợi nhỏ,25992
1771,Xà lách xanh tím,xà lách tím,red lettuce,1,Salad da cá,SAME,Có thành phần xà lách tím,26006
1772,nấm,nấm hương,shiitake mushroom,1,Cháo thịt heo 🥓 nấm hương phô mai 🧀,SAME,Nấm trong cháo nấm hương là nấm hương,26067
1773,Phô mai feta,phô mai,cheese,1,"💚 Salad Nấm Mỡ, Olive & Phô Mai Feta",SAME,Phô mai feta là một loại phô mai,26089
1775,Trứng chiên,Trứng gà,Chicken Egg,1,Cơm trộn vét tủ (thịt heo ram và trứng chiên) 😆,SAME,Trứng chiên thường từ trứng gà,26111
1776,xốt Teriyaki,sốt,sauce,1,Đậu hũ chiên xốt Teriyaki,SAME,Xốt Teriyaki thuộc nhóm sốt,26115
1777,sươn non chay,chay,vegetarian,1,Mì Ý Spaghetti Xốt Nấm Chay,SAME,Sườn non chay thuộc nhóm đồ chay,26128
1779,tàu hũ non trứng gà,Trứng gà,Chicken Egg,1,SP.0787 - Tàu Hũ Non Chưng Thịt Xay & Cá Mặn,SAME,Có thành phần trứng gà,26151
1781,mắm cá thu,cá thu,mackerel,1,Mắm cá thu chưng ba rọi,SAME,Mắm cá thu làm từ cá thu,26200
1783,Gừng hành lá,hành lá,green onion,1,Cá mặn chưng thịt,SAME,Có thành phần hành lá,26212
1784,thịt ba rọi bò Mỹ,thịt bò,beef,1,Đậu Hà Lan Xào Ba Rọi Bò Mỹ,SAME,Ba rọi bò Mỹ là thịt bò,26300
1785,hoa chuối tây,hoa chuối,banana blossom,1,Nộm hoa chuối tai lợn,SAME,Hoa chuối tây là hoa chuối,26357
1786,Vừng lạc rang sẵn,đậu phộng,peanut,1,Nộm hoa chuối tai lợn,SAME,Lạc rang là đậu phộng,26359
1787,quất ớt,ớt,chili pepper,1,Thịt Luộc Mắm Tôm,SAME,Có thành phần ớt,26373
1788,cá lóc phi lê,cá lóc,snakehead fish,1,Cá lóc phi lê om nghệ,SAME,Cá lóc phi lê là cá lóc,26382
1789,thịt heo ba chỉ,thịt heo,pork,1,Cá lóc phi lê om nghệ,SAME,Thịt ba chỉ heo thuộc nhóm thịt heo,26383
1790,nghệ tươi,củ nghệ,turmeric root,1,Cá lóc phi lê om nghệ,SAME,Nghệ tươi là củ nghệ,26384
1791,Hành tím nén ớt đỏ,ớt,chili pepper,1,Cá lóc phi lê om nghệ,SAME,Có thành phần ớt đỏ,26385
1794,mõm heo,thịt heo,pork,1,Mõm heo khìa nước dừa,SAME,Mõm heo thuộc nhóm thịt heo,26416
1795,Thịt heo xay nhuyễn,Thịt băm,Minced pork,1,Cá nục thính chưng trứng,SAME,Thịt heo xay là thịt băm,26426
1796,Tỏi hành tím ớt băm nhuyễn,ớt,chili pepper,1,Cá nục thính chưng trứng,SAME,Có thành phần ớt băm,26427
1800,trứng cá chuồn,trứng cá,fish roe,1,Trứng Cá Chuồn Kho Tộ,SAME,Trứng cá chuồn thuộc nhóm trứng cá,26485
1801,Hành tây hành ngò ớt,ớt,chili pepper,1,Bánh canh bột gạo nấu cá lóc,SAME,Raw name chứa thành phần ớt,26495
1802,cá bè đen,cá bè,fish,1,Cá Bè Đen Hấp Xì Dầu,SAME,Cá bè đen là một loại cá bè,26500
1803,lá mùi tàu,ngò gai,culantro,1,Salad Thịt Bằm Trứng,SAME,Mùi tàu và ngò gai là một,26526
1804,Thịt nướng,thịt heo,pork,1,"Miến chả cá, thịt nướng",SAME,Thịt nướng thường làm từ thịt heo,26557
1805,Dầu ăn hành lá,hành lá,green onion,1,Cá lóc fillet lăn bột chiên dòn,SAME,Raw name chứa thành phần hành lá,26565
1806,Sườn heo non,sườn heo,pork ribs,1,Noodles soup cá lóc fillet và bông bí,SAME,Sườn heo non là sườn heo,26570
1807,sốt mayo,sốt,sauce,1,SP.0782 - Tôm Sốt Phô Mai,SAME,Sốt mayo là một loại sốt,26596
1808,sả chút riềng xay hành tỏi,tỏi,garlic,1,Thịt chưng mắm tép,SAME,Raw name chứa thành phần tỏi,26637
1809,mì somen,mì,noodles,1,Mì somen cua biển 🦀 bí đỏ,SAME,Mì somen là một loại mì,26647
1810,cua biển,cua,crab,1,Mì somen cua biển 🦀 bí đỏ,SAME,Cua biển là cua,26648
1811,bí,bí xanh,winter melon,1,Canh bí xanh thịt xay,SAME,Bí trong canh thường là bí xanh,26651
1812,Mướp hương ít rau đến đỏ mùng tơi rau đay,mướp,luffa,1,Canh mướp hương nấu tôm 🍤,SAME,Raw name chứa thành phần mướp,26669
1813,rong nho,rong biển,seaweed,1,Salad cá ngừ rong nho,SAME,Rong nho là một loại rong biển,26683
1814,Thịt chay,chay,vegetarian,1,Bún thịt chay xào sả,SAME,Thịt chay là đồ ăn chay,26686
1815,thịt vai lẫn mỡ hoặc ba chỉ,thịt nạc dăm,pork shoulder,1,Thịt kho mắm tép,SAME,Thịt vai mỡ tương đồng nạc dăm,26697
1816,Rau xanh tùy ý mọi người sẵn gì dùng đó ạ cải cúc cải ngọt cải cay,cải cúc,garland chrysanthemum,1,Phở Tôm 🍤,SAME,Raw name chứa cải cúc,26710
1817,Tỏi hành khô băm,tỏi,garlic,1,Canh dưa bò,SAME,Raw name chứa thành phần tỏi,26713
1818,Topping ăn kèm ba chỉ bò bắp bò bò viên thanh cua,topping,topping,1,Lẩu cá mú đỏ măng chua,SAME,Các loại thịt gọi chung là topping,26726
1819,tôm cỡ vừa,tôm thẻ loại to,shrimp,1,Thịt Ba Chỉ Rang Tép Mặn Ngọt,SAME,Tôm cỡ vừa là một loại tôm thẻ,26744
1820,Hành rau cần,cần tây,celery,1,Măng xào mực,SAME,Rau cần xào mực thường là cần tây,26764
1821,Topping tùy ý thịt bò thanh cua sụn gà cá,topping,topping,1,Lẩu đầu cá hồi nấu măng chua,SAME,Các loại thịt gọi chung là topping,26802
1822,hộp cá tunas,hộp cá ngừ,canned tuna,1,Măng Tây nướng cùng Chả cá Tuna,SAME,Cá tuna chính là cá ngừ,26826
1823,rau spinach đậu cove ớt sừng,ớt,chili pepper,1,Măng Tây nướng cùng Chả cá Tuna,SAME,Raw name chứa thành phần ớt sừng,26827
1824,Rau om ngò gai,rau om,rice paddy herb,1,Canh cá thác lác nấu măng chua,SAME,Rau om là thành phần trong raw name,26836
1826,xả nhánh gừng,gừng,ginger,1,Cá sủ nấu măng chua,SAME,Raw name chứa thành phần gừng,26840
1827,me hoặc sấu mẻ các loại quả chua,me,tamarind,1,Cá sủ nấu măng chua,SAME,Me là một loại quả chua được nhắc tới,26841
1828,Hành răm thìa là ớt hiểm,ớt,chili pepper,1,Cá sủ nấu măng chua,SAME,Raw name chứa thành phần ớt hiểm,26842
1829,sả băm,sả,lemongrass,1,Đậu hủ chiên xả ớt 😋,SAME,Sả băm là sả,26846
1830,ớt sừng băm nhỏ,ớt,chili pepper,1,Đậu hủ chiên xả ớt 😋,SAME,Ớt sừng băm là ớt,26847
1831,bột tỏi hoặc tỏi băm,tỏi,garlic,1,Đậu hủ chiên xả ớt 😋,SAME,Bột tỏi làm từ tỏi,26848
1832,Mắm tôm chanh ớt,ớt,chili pepper,1,Bánh Đa Cua Rau Nhút,SAME,Raw name chứa thành phần ớt,26877
1834,Hành tím tỏi hành lá,hành lá,green onion,1,Măng tươi xào thịt bò,SAME,Raw name chứa thành phần hành lá,26930
1838,Thì là hành,thì là,dill,1,Canh Cá nấu dưa,SAME,Raw name chứa thành phần thì là,27032
1839,đậu nhỏ,đậu,beans,1,Chuối xanh om đậu nấm mỡ,SAME,Đậu nhỏ là một loại đậu,27034
1840,Rau tía tô rau ngò gai,tía tô,perilla leaves,1,Chuối xanh om đậu nấm mỡ,SAME,Raw name chứa thành phần tía tô,27037
1841,Dấm bỗng hoặc Cơm mẻ không có cũng được,dấm,vinegar,1,Chuối xanh om đậu nấm mỡ,SAME,Dấm bỗng là một loại dấm,27038
1842,Nước rang thịt cốt lết,nước cốt,extract,1,Mướp xào thịt xay,SAME,Nước rang thịt là một loại nước cốt,27042
1843,nước hầm xương sườn già,nước,water,1,Canh Khoai Sọ Rau Nhút Nấu Sườn,SAME,Nước hầm xương là nước,27084
1844,Quét mặt lòng đỏ trứng trứng vịt sẽ đẹp nhất dầu mè nước lọc giọt nước hàng,Trứng gà,Chicken Egg,1,Bánh nướng heo mập,SAME,Lòng đỏ trứng vịt/gà đều là trứng,27103
1845,Hành lá tỏi gừng,hành lá,green onion,1,Gan heo xào hành tây,SAME,Raw name chứa thành phần hành lá,27120
1846,bánh canh mua sẵn,bánh,cake,1,Bánh canh chả cá phiên bản lười,SAME,Bánh canh là một loại bánh (sợi),27153
1849,rau tạp tàng mồng tơi rau lang dền đỏ,mồng tơi,malabar spinach,1,Canh rau tạp tàng nấu nghêu,SAME,Raw name chứa thành phần mồng tơi,27210
1850,Rau thơm ngổ điếc ngò gai lá lốt,rau om,rice paddy herb,1,Canh rau tạp tàng nấu nghêu,SAME,Ngổ điếc chính là rau om,27211
1851,thịt vừa nạc vừa mỡ,nạc heo,lean pork,1,Thịt kho trám đen,SAME,Thịt nạc mỡ là một phần nạc heo,27261
1852,tôm thẻ tôm nào cũng được,tôm thẻ loại to,shrimp,1,Tôm rim satế,SAME,Tôm thẻ là nguyên liệu chuẩn,27263
1853,hành lá hành tím tỏi ớt hiểm,hành lá,green onion,1,Tôm rim satế,SAME,Raw name chứa thành phần hành lá,27266
1854,Bầu non hoặc bí non hành Tây ớt chuông hành lá,rau tạp,mixed greens,1,Cá Basa om bầu 🤤,SAME,Hỗn hợp bầu bí chuông là rau tạp,27278
1855,Dầu hào gia vị,gia vị,seasoning,1,Rau mầm cải xào tỏi,SAME,Dầu hào là một loại gia vị,27293
1856,cà chua quả ớt thóc ớt hiểm,cà chua,tomato,1,"Cá ngừ kho dứa, nước dừa",SAME,Raw name chứa thành phần cà chua,27300
1857,gừng củ hành khô củ tỏi,tỏi,garlic,1,"Cá ngừ kho dứa, nước dừa",SAME,Raw name chứa thành phần tỏi,27301
1858,Lá Sen cạn,lá,leaves,1,Lá Sen cạn cuốn thịt bò,SAME,Lá sen cạn là một loại lá,27328
1859,Gan Heo,thịt heo,pork,1,Gan Heo Xào Ngũ Vị,SAME,Gan heo là nội tạng heo,27342
1860,Thịt má lợn tai heo mua sẵn hoặc tự làm,tai heo,pork ear,1,Nộm hoa chuối má lợn,SAME,Raw name chứa thành phần tai heo,27354
1861,mùi ta húng láng,húng láng,spearmint,1,Nộm hoa chuối má lợn,SAME,Húng láng là thành phần trong raw,27356
1862,giò heo lấy phần móng,thịt heo,pork,1,Giò heo nấu khoai sọ,SAME,Móng giò heo là thịt heo,27371
1863,Dâu ănhat nêmhanh tim băm nhohanh lamuôitiêu,hành tím,shallot,1,Cháo tim heo hạt sen,SAME,Raw name (lỗi gõ) chứa hành tím,27386
1864,hành lá thì là,hành lá,green onion,1,Canh cá diếc chua ngọt,SAME,Raw name chứa thành phần hành lá,27485
1865,Thịt nạc vai,thịt nạc dăm,pork shoulder,1,Thịt chiên xù cho bé,SAME,Thịt nạc vai tương đồng nạc dăm,27490
1866,gừng củ tỏi củ hành quả ớt quả cà chua,cà chua,tomato,1,Cá thu sốt cà,SAME,Raw name chứa thành phần cà chua,27495
1867,Gia vị hành lá rau răm thìa là,hành lá,green onion,1,Cá thu sốt cà,SAME,Raw name chứa thành phần hành lá,27496
1868,t xanh ớt đỏ,ớt,chili pepper,1,Cá diếc trứng nấu rau răm,SAME,Ớt xanh ớt đỏ là ớt,27499
1869,rau dền đỏ,rau dền,amaranth greens,1,Rau Dền Đỏ Nấu Chả Cá Thác Lác,SAME,Rau dền đỏ là rau dền,27522
1870,Bánh đa đỏ,bánh,cake,1,Bánh đa đỏ hải sản chay,SAME,Bánh đa đỏ là một loại bánh,27532
1872,lá lốt,lá lốt,betel leaves,1,Rau dền luộc,SAME,Lá lốt gán đúng lá lốt,27565
1874,Húng quế,rau húng chó,mint,1,Bánh Đa Đỏ Trộn Thịt Vịt,SAME,Húng quế miền Bắc gọi húng chó,27573
1878,mắm cá linh cá sặc say nhuyễn,nước mắm,fish sauce,1,Bún cá lóc hương vị Khmer,SAME,Mắm cá say dùng như nước mắm,27600
1879,húng quế,rau thơm,herbs,1,Cá sòng luộc cạn cuốn bánh tráng chấm mắm tôm,SAME,Húng quế là một loại rau thơm,27607
1881,bột me,Bột (chung),flour,1,Cá chỉ vàng sốt me,SAME,Bột me là một dạng bột,27676
1883,lá húng quế trắng lá é trắng,lá,leaves,1,Cá Măng Nấu Lá É,SAME,Lá é là một loại lá,27727
1884,ớt xiêm xanh,ớt,chili pepper,1,Cá Măng Nấu Lá É,SAME,Ớt xiêm xanh là ớt,27728
1885,rau chuối bào,chuối,banana,1,Canh chua bò,SAME,Rau chuối bào làm từ chuối,27749
1886,gan cá thầy tu cá mặt quỷ Monkfish,cá,fish,1,Mì Ý Sốt Gan Cá Monkfish,SAME,Cá thầy tu là một loại cá,27766
1888,Hành tím ớt xanh,hành tỏi ớt,garlic chili mix,1,Cá nục bông kho nước,SAME,Hành tím ớt xanh là hành tỏi ớt,27788
1889,Hành tím ớt,ớt,chili pepper,1,Cá hồng xám um dưa cải muối,SAME,Raw name chứa thành phần ớt,27798
1890,Thì là hành lá,hành lá,green onion,1,Cá hồng xám um dưa cải muối,SAME,Raw name chứa thành phần hành lá,27799
1891,Rau nêm chanh chua,chanh,lime,1,Cá hồng 2 món,SAME,Chanh là thành phần của rau nêm,27803
1892,Gừng tươi chanh hành tây rau thơm ớt sừng,gia vị,seasoning,1,Sách bò bóp chua ngọt,SAME,Hỗn hợp gừng chanh hành là gia vị,27808
1893,Nấm mèo cần tây cà rốt,rau tạp,mixed greens,1,Miến trộn thịt heo rau củ,SAME,Nấm mèo cần cà rốt là rau tạp,27822
1894,cá phèn hồng lớn,cá hồng,snapper,1,Cá Phèn Hồng Kho Cà Chua,SAME,Cá phèn hồng thuộc nhóm cá hồng,27841
1895,Hành hoa mùi thì là,thì là,dill,1,Cá hồng sốt cà chua,SAME,Raw name chứa thành phần thì là,27850
1896,cá hồng cá hường chỉ,cá hường,snapper,1,Cá Hồng Muối Sả Chiên,SAME,Cá hường chỉ là một loại cá hường,27852
1897,hoa cỏ hành three cornered leek tỏi ba góc tỏi hoa ng dã,Tỏi tây (Hành Boaro),leek,1,Bông Tỏi Ba Góc Xào Bò Bằm,SAME,Leek/Tỏi ba góc là hành Boaro,27854
1898,châm nấm,chân nấm,mushroom stem,1,Mì Tôm Nấu Chân Nấm Và Chả Cá,SAME,Châm nấm là lỗi của chân nấm,27881
1899,thìa cafe bột rau củ,Bột (chung),flour,1,"Cháo nấm chay thơm ngon, mát bổ (ngày 1)",SAME,Bột rau củ là một loại bột,27898
1900,Gừng hành ớt,hành tỏi ớt,garlic chili mix,1,Cá hồng hấp gừng,SAME,Gừng hành ớt thuộc nhóm hành tỏi ớt,27910
1901,cá phèn hồng,cá hồng,snapper,1,Cá phèn hồng chiên,SAME,Cá phèn hồng thuộc nhóm cá hồng,27915
1907,Lá quế,lá,leaves,1,🌱 Phở Chay Nấm Đậu Phụ (Vegan),SAME,Lá quế là một loại lá,28013
1909,Tương hột đậu nành,đậu nành,soybeans,1,Nấm đùi gà xiên nướng,SAME,Tương hột làm từ đậu nành,28033
1912,mì chũ gr,mì,noodles,1,🌱 Mì Chũ Xào Rau Củ Chay (Vegan),SAME,Mì chũ là một loại mì,28092
1914,trứng non,Trứng gà,Chicken Egg,1,Mì Chũ trứng non cá viên,SAME,Trứng non là một loại trứng gà,28111
1915,lá húng quế trắng còn gọi là lá é trắng,rau basil,basil,1,Nấm Linh Chi Xào Húng Quế Trắng,SAME,Lá é/húng quế trắng thuộc họ basil,28146
1919,Ngồng tỏi,tỏi,garlic,1,Ngồng tỏi xào thịt bò,SAME,Ngồng tỏi là bộ phận của cây tỏi,28156
1920,cần xào,cần tây,celery,1,Tim heo xào thơm ^^,SAME,Cần xào thường là cần tây,28175
1923,Ruột heo chay,sườn chay,vegetarian ribs,1,Ruột heo chay khìa nước dừa,SAME,Đồ chay thay thế thịt,28240
1925,tuộc,bạch tuộc,octopus,1,Cá Diêu Hồng Biển Và Tuộc Sốt Cà Chua,SAME,Tuộc là cách gọi tắt của bạch tuộc,28326
1926,lá rong biển lá kim cuộn cơm,lá kim,needle leaves,1,Nấm kim châm cuộn rong biển sốt nước tương,SAME,Lá kim là rong biển cuộn cơm,28339
1929,Lá é quế trắng nhiều ít tuỳ thích càng nhiều càng ngon,lá,leaves,1,🌱 Canh Nấm Mỡ Đậu Hủ Lá É (Vegan),SAME,Lá é là một loại lá,28369
1934,tủy heo,thịt heo,pork,1,Tủy heo hấp lá chuối,SAME,Tủy heo là một phần thịt heo,28522
1935,cây nấm theo ý thích mình dùng nấm đông cô và đùi gà,nấm hương,shiitake mushroom,1,Mì gói xào thịt bò nấm,SAME,Nấm đông cô là nấm hương,28541
1936,Tàu hũ ky lá,lá,leaves,1,Thịt trộn củ sen cuộn tàu hũ ky,SAME,Tàu hũ ky lá là một loại lá,28559
1938,xốt mè rang,sốt,sauce,1,Salad cải kale rau mầm,SAME,Xốt mè rang là một loại sốt,28618
1939,râu mực,mực,squid,1,Râu mực nướng,SAME,Râu mực là bộ phận của mực,28651
1941,lá rau quế,lá,leaves,1,Râu mực xào lá quế,SAME,Lá rau quế là một loại lá,28685
1945,nước cốt chanh leo,chanh,lime,1,Cá hồi áp chảo sốt chanh leo,SAME,Chanh leo thuộc nhóm chanh (quả chua),28736
1947,tương đậu Hàn Quốc,miso,miso,1,Canh Kim Chi Râu Mực,SAME,Tương đậu Hàn Quốc tương đồng miso,28746
1948,rau cải cay,rau cải đắng,bitter greens,1,Cá Chim Trắng Biển Hấp Gừng Kèm Rau Củ,SAME,Cải cay thường gọi là cải đắng,28793
1950,muông canh mè trăng,Mè (Vừng),sesame seeds,1,Cá chạch chiên mè trắng,SAME,Mè trắng thuộc nhóm vừng,28869
1952,cá tép đồng,tép,small shrimp,1,Cá tép đồng ôm dưa cải chua,SAME,Tép đồng thuộc nhóm tép,28888
1954,Cá chưng nước tương,cá,fish,1,"Cơm Nát, Cá chưng nước tương cho bé",SAME,Cá chưng là món từ cá,28898
1955,ớt chuông vàng cho ớt chuông vàng ăn đỡ ngấy hơn nhiều đó nha,ớt,chili pepper,1,Trứng Cá Chép Chiên Trứng Thì Là,SAME,Ớt chuông là một loại ớt,28920
1956,chả ram,chả,sausage,1,Chả Ram Tôm Đất Cuốn Rau Sống,SAME,Chả ram là một loại chả,28922
1957,t chuông vàng ớt chuông đỏ,ớt,chili pepper,1,Mực xào ớt chuông 😋,SAME,Ớt chuông thuộc nhóm ớt,28937
1959,Rau sống các loại xà lách diếp cá húng lũi,rau xà lách,lettuce,1,CÁ TAI TƯỢNG chiên xù,SAME,Xà lách thuộc nhóm rau xà lách,28952
1960,rau chuối bào,hoa chuối,banana blossom,1,Bún cá tầm Sapa,SAME,Rau chuối bào làm từ hoa chuối,28990
1963,ớt bột HQ hoặc tương ớt HQ,ớt,chili pepper,1,Mì udon trộn sốt teriyaki và rau củ xào,SAME,Ớt bột/tương ớt thuộc nhóm ớt,29017
1968,Sốt Bolognese,sốt,sauce,1,Nui Sò Lớn Sốt Bò Bằm Bolognese & Phô Mai Burrata,SAME,Sốt Bolognese là một loại sốt,29092
1970,nước uống,nước,water,1,Canh cà chua đậu hũ non,SAME,Nước uống là nước,29107
1971,súp Hảo Hảo,súp,soup,1,Thịt băm sốt nấm cà chua,SAME,Súp Hảo Hảo là một loại súp,29111
1972,ầu hành lá,hành lá,green onion,1,Gỏi xơ mít trộn tôm và tai heo,SAME,Đầu hành lá là bộ phận hành lá,29121
1973,cồi sò điệp tách sẵn,sò,clam,1,Cồi sò điệp xào rau muống,SAME,Cồi sò điệp thuộc nhóm sò,29148
1975,lạc,đậu phộng,peanut,1,"Nộm thịt heo, giá đỗ, rau răm",SAME,Lạc và đậu phộng là một,29234
1976,tương ớt tỉ lệ thìa nước,ớt,chili pepper,1,Cá khô rim mặn ngọt,SAME,Tương ớt thuộc nhóm ớt,29285
1979,mắm tôm đặc,Tôm muối,Salted shrimp,1,Nộm rau muống tép,SAME,Mắm tôm làm từ tôm muối,29343
1983,Mắm tôm mắm,Tôm muối,Salted shrimp,1,Nộm rau muống,SAME,Mắm tôm làm từ tôm muối,29358
1987,tôm xay,tôm thẻ loại to,shrimp,1,Chả giò thịt tôm và rau củ,SAME,Tôm xay làm từ tôm,29410
1988,bột chiên xù nhỏ,Bột (chung),flour,1,Thịt thăn heo chiên xù,SAME,Bột chiên xù thuộc nhóm bột,29427
1990,bún ml nước bát,bún,rice vermicelli,1,Bún cá mùa hè,SAME,Bún là bún,29436
1994,rau thơm ngò ôm ngò gai,rau thơm,herbs,1,Canh chua nấm linh chi nâu,SAME,Ngò gai/ôm là rau thơm,29485
1995,lá cải Beet,lá,leaves,1,Rau Cải Biển (Sea Beet) Xào Thịt Bò,SAME,Lá cải Beet là một loại lá,29490
1996,quả ớt sừng,ớt,chili pepper,1,Cua Hấp Bia,SAME,Ớt sừng là một loại ớt,29509
1997,gram Thịt vai ba chỉ,thịt nạc dăm,pork shoulder,1,Củ sen kho thịt,SAME,Thịt vai nạc dăm gần giống nhau,29513
2000,Rau thơm rau cải xanh,cải bẹ xanh,mustard greens,1,Cuốn tôm thịt,SAME,Cải xanh là cải bẹ xanh,29577
2001,Nước chấm đơn giản,nước,water,1,Cuốn tôm thịt,SAME,Nước chấm cơ bản thành phần chính là nước,29580
2002,Sốt mè,sốt,sauce,1,Cuốn tôm thịt,SAME,Sốt mè là một loại sốt,29581
2003,Sốt sữa chua thì là,thì là,dill,1,Salad Thanh Cua Dâu Tây Sốt Sữa Chua Thì Là,SAME,Thì là là thành phần chính của sốt này,29587
2004,cà chua,cà chua,tomato,1,Salad trái cây: chuối + dưa leo + xà lách + phô mai con bò cười vị dâu + 1 ít sữa đặc,SAME,Hai tên gọi hoàn toàn giống nhau,29616
2005,nước sốt me,me,tamarind,1,Bò sốt phô mai,SAME,Sốt me thành phần chính là me,29656
2006,Sốt me sả,sả,lemongrass,1,Đậu hũ chiên sốt me sả,SAME,Sốt me sả có chứa sả,29659
2007,Cốt me muỗng canh hoặc hơn tuỳ độ chua,me,tamarind,1,Đậu hũ chiên sốt me sả,SAME,Cốt me chính là me,29661
2008,chục lá chanh non,chanh,lime,1,"Vào bếp cùng con: thịt lợn gác bếp cuốn rau mọc ven đường Sải Duần, tươi xanh mơn mởn!",SAME,Lá chanh là bộ phận của cây chanh,29675
2009,sa tế tôm,satế,chili satay,1,"Vào bếp cùng con: thịt lợn gác bếp cuốn rau mọc ven đường Sải Duần, tươi xanh mơn mởn!",SAME,Sa tế tôm là một loại sa tế,29682
2010,lá quế húng quế,lá,leaves,1,Thịt băm xào lá quế kiểu Thái,SAME,Lá quế là một loại lá,29684
2011,lá ngò dùng để trang trí,lá,leaves,1,Nấm Mỡ Kho Sa Tế,SAME,Lá ngò là một loại lá,29723
2012,Nước trộn rau,nước,water,1,Rau tần ô trộn,SAME,Nước trộn rau thành phần chính là nước,29739
2013,chả cá rựa,chả cá,fish cake,1,Canh chua chả cá rựa,SAME,Chả cá rựa là một loại chả cá,29748
2014,Dọc mùng cần nước giá đỗ,giá,bean sprouts,1,Bún tôm Quảng Ninh,SAME,Hỗn hợp có chứa giá đỗ,29770
2015,Riềng sả ớt,ớt,chili pepper,1,Thịt lợn giả cầy không cần mẻ,SAME,Hỗn hợp có chứa ớt,29782
2016,ớt cay nước tương,nước tương,Soy sauce,1,Mực hấp nhồi thịt 🦑,SAME,Hỗn hợp có chứa nước tương,29792
2017,Sốt tương dầu hành,sốt,sauce,1,🌱 Đậu Hủ Chiên Sốt Tương Dầu Hành Chay (Vegan),SAME,Sốt tương dầu hành là một loại sốt,29794
2019,măng lươi,măng,bamboo shoots,1,Canh Giò Heo Nấu Măng Tươi,SAME,Măng lươi là lỗi chính tả của măng tươi,29826
2023,Sữa Bò,sữa,milk,1,Rau Củ Quả Hầm Kem (Chay),SAME,Sữa bò là một loại sữa,29854
2026,thịt xoay con tôm,tôm thẻ loại to,shrimp,1,Lẩu cua nấu bầu,SAME,Thịt xoay tôm có chứa tôm,29946
2027,Nấm bào ngư nấm sò,nấm bào ngư,oyster mushroom,1,Món chay dễ làm| Gỏi rau má,SAME,Nấm sò là tên khác của nấm bào ngư,29949
2028,Nước cốt chanh tắc hoặc dấm,chanh,lime,1,Món chay dễ làm| Gỏi rau má,SAME,Hỗn hợp có chứa chanh,29954
2029,Sốt dầu hào,sốt,sauce,1,Đậu bắp nhồi thịt sốt dầu hào,SAME,Sốt dầu hào là một loại sốt,29960
2030,hạt sen tươi,sen,lotus,1,Chè táo đỏ nấm tuyết hạt sen mộc nhĩ phổ tai,SAME,Hạt sen là một bộ phận của sen,29964
2031,Hành lá Hành tím,hành lá,green onion,1,Nấu canh nấm kim châm siêu ngon cho ngày thanh mát,SAME,Hỗn hợp có chứa hành lá,29989
2034,bột khoai tây bột bắp,Bột (chung),flour,1,BÒ viên,SAME,Bột khoai tây/bắp là các loại bột,30028
2035,Tương ớt xí muội,ớt,chili pepper,1,Cà tím cuộn thịt chiên giòn,SAME,Tương ớt xí muội có chứa ớt,30070
2036,cá ngừ cá thu,cá thu,mackerel,1,Bún Cá Ngừ,SAME,Hỗn hợp có chứa cá thu,30071
2037,Quả quất,tắc,kumquat,1,Cá chìa vôi nướng mọi,SAME,Quả quất chính là quả tắc,30078
2038,mỡ gáy heo,thịt heo,pork,1,Bún riêu cua tóp mỡ,SAME,Mỡ gáy heo là một phần thịt heo,30105
2039,trai dưa tươi lây nươc,dưa,pickles,1,Thịt ram,SAME,"Trái dừa (viết lỗi) lấy nước, mapping dưa sai",30114
2040,dầu mè đen chia lần,Mè (Vừng),sesame seeds,1,Tự làm ruốc tôm ngon hơn hàng!,SAME,Dầu mè làm từ hạt mè,30128
2041,rong biển rắc cơm,cơm,cooked rice,1,Cơm Viên Cá Ngừ Phô Mai,SAME,Rong biển rắc cơm dùng kèm với cơm,30141
2042,Cải,bông cải,broccoli,1,Nui xào bò trứng,SAME,Bông cải là một loại cải,30162
2045,sốt me,me,tamarind,1,Bún riêu hải sản,SAME,Sốt me thành phần chính là me,30189
2046,răm thìa là tỏi gia vị,tỏi,garlic,1,Bún riêu hải sản,SAME,Hỗn hợp có chứa tỏi,30194
2047,tôm sông,tôm thẻ loại to,shrimp,1,Cá lòng tong và tôm sông kho khô,SAME,Tôm sông là một loại tôm,30206
2048,Rau sống rau xà lách tía tô rau húng,rau xà lách,lettuce,1,Cá diêu hồng chiên giòn chấm mắm nêm cá cơm,SAME,Hỗn hợp có chứa rau xà lách,30222
2050,Trái bơ mềm,bơ,butter,1,Beef & Reef Salad,SAME,Trái bơ chính là bơ quả,30232
2051,Sốt cà ri Thái đỏ,sốt,sauce,1,Mực Lá Xào Sốt Cà Ri Thái Đỏ,SAME,Sốt cà ri là một loại sốt,30244
2052,lá chanh hoặc lá lốt,chanh,lime,1,Cá bống đồng chiên giòn,SAME,Lá chanh là bộ phận cây chanh,30291
2053,thịt ba chỉ xay,Thịt băm,Minced pork,1,Ốc nhồi thịt nướng sả,SAME,Ba chỉ xay chính là thịt băm,30294
2054,Hành băm,hành tỏi,garlic and onion,1,Ốc nhồi thịt nướng sả,SAME,Hành băm là một loại hành tỏi,30295
2055,Giấm táo hoặc giấm gạo,táo,apple,1,SP.0750 - Mực Nhúng Giấm,SAME,Giấm táo làm từ táo,30307
2056,bông Onion weed three cornered leek wild garlic tỏi ba góc tỏi hoang dã,tỏi,garlic,1,🌱 Canh Đậu Hủ Bông Tỏi Ba Góc (Three-cornered Leek),SAME,Bông tỏi ba góc có chứa tỏi,30314
2057,bơ mặn,bơ,butter,1,💚 Nấm Bào Ngư & Bơ Mặn Nướng Giấy Bạc (Vegetarian),SAME,Bơ mặn là một loại bơ,30318
2058,Rau xà lách rau thơm,rau xà lách,lettuce,1,Ram cuốn rau sống (Nem cuốn rau sống),SAME,Hỗn hợp có chứa rau xà lách,30452
2059,Hành ngò lá lốt ngò tây,hành lá,green onion,1,Canh chua thịt bò,SAME,Hỗn hợp có chứa hành lá,30472
2060,Cải chíp,cải thìa,bok choy,1,Cải chíp sốt nấm hương,SAME,Cải chíp chính là cải thìa,30494
2061,ầu hành lá boa rô,hành lá,green onion,1,Nấm bào ngư xào giá hẹ (Món chay),SAME,Đầu hành và boa rô thuộc nhóm hành,30503
2062,Mùi tàu ngò gai,ngò gai,culantro,1,Canh bầu tôm nõn,SAME,Mùi tàu chính là ngò gai,30513
2063,Mì trứng cho người ăn,Trứng gà,Chicken Egg,1,Mì xào bò viên rau củ,SAME,Mì trứng thành phần có trứng gà,30516
2065,ớt chuông thái lát,ớt,chili pepper,1,Mì chùm ngây với nấm & rau củ,SAME,Ớt chuông là một loại ớt,30528
2066,hải sản tuỳ chọn prefer mực và tôm,tôm thẻ loại to,shrimp,1,Seafood Pasta - 15 phút!,SAME,Hải sản mực tôm có chứa tôm,30537
2067,mì ý sợi linguine,mì,noodles,1,Crab meat linguine,SAME,Mì Ý linguine là một loại mì,30572
2068,Bánh mì sandwich,sandwich,sandwich,1,Bánh mì sandwich bọc rau củ,SAME,Sandwich là loại bánh mì này,30579
2069,bò bằm,thịt bò,beef,1,Bún Trộn Bò Cuốn Lá Lốt Xiên Que Nướng,SAME,Bò bằm là thịt bò xay,30614
2070,Rau củ dùng kèm tuỳ chọn,rau sống,fresh herbs,1,Bún Trộn Bò Cuốn Lá Lốt Xiên Que Nướng,SAME,Rau củ dùng kèm thường là rau sống,30618
2071,Rau quế,rau thơm,herbs,1,Bún riêu tôm khô,SAME,Rau quế là một loại rau thơm,30662
2073,Móng giò heo sườn heo đuôi heo,sườn heo,pork ribs,1,"Khổ qua nhỏ hầm móng, giò, đuôi heo 😋",SAME,Hỗn hợp có chứa sườn heo,30691
2074,bò kho sốt,sốt,sauce,1,SP.0739 - Phở Bò Kho,SAME,Bò kho sốt là một loại sốt,30704
2075,hũ cà chua sốt,xốt cà chua,tomato sauce,1,SP.0739 - Phở Bò Kho,SAME,Cà chua sốt chính là xốt cà chua,30708
2076,sốt ướp thịt xá xíu,sốt,sauce,1,SP.0738 - Bún Bì Thịt Khìa,SAME,Sốt xá xíu là một loại sốt,30718
2077,Dầu ăn dầu hào dầu mè,Mè (Vừng),sesame seeds,1,SP.0738 - Bún Bì Thịt Khìa,SAME,Hỗn hợp có chứa dầu mè,30727
2078,Húng thơm húng quế húng lủi,quế,Cinnamon,1,SP.0738 - Bún Bì Thịt Khìa,SAME,Húng quế chính là rau quế,30729
2080,Tôm nõn băm nhuyễn,tôm thẻ loại to,shrimp,1,Chả tôm thịt rong biển,SAME,Tôm nõn là một loại tôm,30758
2082,Bột khoai Tây,Bột (chung),flour,1,Chả tôm thịt rong biển,SAME,Bột khoai tây là một loại bột,30763
2084,bún gạo lứt,bún,rice vermicelli,1,Bún cá ngừ gạo lứt,SAME,Bún gạo lứt là một loại bún,30784
2085,thịt heo bò bằm,thịt bò,beef,1,"Canh su hào, cà rốt, thịt bằm",SAME,Hỗn hợp thịt có chứa thịt bò,30789
2086,tỏi hành tím băm,tỏi,garlic,1,"Canh su hào, cà rốt, thịt bằm",SAME,Hỗn hợp có chứa tỏi,30790
2087,Pha mắm trộn,nước mắm,fish sauce,1,Rau muống trộn,SAME,Mắm trộn thành phần chính là nước mắm,30803
2088,Tôm rảo mỏng vỏ,tôm thẻ loại to,shrimp,1,Tôm rang chao lá chanh,SAME,Tôm rảo là một loại tôm,30812
2089,Thịt nạc vai xay,thịt nạc dăm,pork shoulder,1,Làm thịt xay giả Pate trứng,SAME,Nạc vai xay chính là thịt nạc dăm,30815
2090,hành củ thái mỏng,Hành,Scallion,1,Làm thịt xay giả Pate trứng,SAME,Hành củ chính là hành,30817
2091,Hanh lahanh tim,hành tím,shallot,1,Cà tím cuộn thịt heo xay và giò sống chiên xù,SAME,Hỗn hợp có chứa hành tím,30837
2093,tim cật heo,thịt heo,pork,1,Miến xào tim cật heo,SAME,Tim cật heo là nội tạng heo,30880
2094,súp rau củ cô đặc,viên súp rau củ,vegetable bouillon cube,1,🌱 Canh Bắp Cải Trắng Hầm Nấm Khô (Vegan),SAME,Súp cô đặc chính là viên súp,30886
2095,Bánh đa nem bánh chả rế,bánh tráng,rice paper,1,Chả nem tôm thịt,SAME,Bánh đa nem chính là bánh tráng,30904
2098,Lá tỏi gấu,tỏi,garlic,1,🌱 Canh Lá Tỏi Gấu Đậu Hủ (Vegan),SAME,Lá tỏi gấu có chứa tỏi,30916
2099,Sốt truffle ponzu,sốt,sauce,1,Cơm Bò Truffle Ponzu,SAME,Sốt truffle là một loại sốt,30973
2100,dầu nấm truffle,Nấm Truffle,Truffle mushroom,1,Cơm Bò Truffle Ponzu,SAME,Dầu nấm truffle chiết xuất từ nấm truffle,30976
2103,cá thu trứng,cá,fish,1,Cá thu trứng Nhật kho khô,SAME,Cá thu trứng là một loại cá,31002
2104,tôm tầm,tôm thẻ loại to,shrimp,1,Cháo tôm cùng cà rốt,SAME,Tôm tầm là một loại tôm,31013
2105,dâu hao chay,chay,vegetarian,1,Rau củ kho chay,SAME,Dầu hào chay thuộc nhóm đồ chay,31123
2106,tôm tươi bóc vỏ,tôm thẻ loại to,shrimp,1,"Nấm đông cô xào cải thảo, tôm",SAME,Tôm tươi bóc vỏ thuộc nhóm tôm,31148
2107,Nước xương hầm sao cho còn đúng l Nếu cạn thì châm cho đủ l,nước,water,1,"Nui xương, nui thịt bằm ăn sáng",SAME,Nước xương hầm có nền tảng là nước,31187
2109,gram thịt mỡ lẫn ít nạc,nạc heo,lean pork,1,Chả cá mực,SAME,Thịt mỡ lẫn nạc vẫn là thịt nạc heo,31236
2111,thìa là hành lá,hành lá,green onion,1,Chả cá trắm thìa là ăn dặm cho bé 7m,SAME,Hỗn hợp có chứa hành lá,31274
2113,lá húng quế trắng,lá,leaves,1,Canh Đu Đủ Nấu Thịt Bằm,SAME,Lá húng quế trắng là một loại lá,31303
2114,mì rau củ,lá mì,cassava leaves,1,Mì Rau Củ Chay 🥦🥕,SAME,Mì rau củ là một loại mì (lá mì),31312
2115,cá chim lây phân đuôi,cá chim,pomfret,1,Cá chim chiên giòn,SAME,Cá chim lây phân đuôi là cá chim,31322
2116,gia vị cà ri,gia vị,seasoning,1,Lạ miệng với món lợn sốt vang,SAME,Gia vị cà ri là một loại gia vị,31335
2117,khoảng thìa café bột rau câu dẻo,Bột (chung),flour,1,Flan rau câu không cần hấp,SAME,Bột rau câu dẻo là một loại bột,31348
2119,Tỏi dầu,tỏi,garlic,1,Đậu nưa xào bông cải đậu bắp thịt bằm,SAME,Tỏi dầu là hỗn hợp có chứa tỏi,31388
2121,hỗn hợp hành tím tỏi gừng băm nhuyễn,tỏi,garlic,1,Thịt Heo Xào Cải Xá Bấu,SAME,Hỗn hợp có chứa tỏi,31401
2122,cá nhồng đã nạo,cá nhòng,anchovy,1,Canh chua chả cá nhồng,SAME,Cá nhồng và cá nhòng là một,31403
2124,Rau mầm đá,rau mầm,microgreens,1,Mầm đá xào nấm đông cô,SAME,Rau mầm đá thuộc nhóm rau mầm,31425
2125,tai to Nấm đông cô tươi,nấm hương,shiitake mushroom,1,Mầm đá xào nấm đông cô,SAME,Nấm đông cô chính là nấm hương,31426
2126,sợi bánh canh,bánh,cake,1,Bánh canh cá lóc chả cua,SAME,Sợi bánh canh là một loại bánh (bột),31449
2127,Cần tây cần tàu,cần tây,celery,1,Món chay dễ làm | Hủ tiếu nấm,SAME,Cần tàu là một loại cần tây,31502
2128,củ đậu củ sắn,củ đậu,jicama,1,Món chay dễ làm | Hủ tiếu nấm,SAME,Củ sắn (miền Nam) là củ đậu (miền Bắc),31506
2129,chả lá,lá,leaves,1,Bún mắm nêm thịt quay,SAME,Chả lá là một loại chả cuốn lá,31509
2130,Rau thơm xà lách,rau xà lách,lettuce,1,Bún mắm nêm thịt quay,SAME,Rau thơm xà lách có chứa xà lách,31511
2131,Bò bằm,thịt bò,beef,1,Sandwich bò bằm,SAME,Bò bằm là thịt bò,31526
2132,chà bông heo,thịt heo,pork,1,Đậu hũ non chiên chà bông,SAME,Chà bông heo làm từ thịt heo,31537
2133,xốt majonnaise,sốt,sauce,1,Đậu hũ non chiên chà bông,SAME,Mayonnaise là một loại sốt,31540
2134,lá nem bánh tráng,bánh tráng,rice paper,1,Cá kho chay,SAME,Lá nem là tên gọi khác của bánh tráng,31543
2136,Tinh bột khoai tây,Bột (chung),flour,1,Nui Xào Bò - Ướp Bò Mềm và Sốt Xào,SAME,Tinh bột khoai tây là một loại bột,31592
2137,củ hành trắng nhỏ,Hành,Scallion,1,Cá bơn - halibut hấp tương hột,SAME,Hành trắng là một loại hành,31608
2138,thịt lợn sữa ngon lượng mỡ vừa phải đỡ ngấy,thịt heo,pork,1,Thịt lợn sữa nướng cháy cạnh nckd,SAME,Thịt lợn sữa là thịt heo,31616
2139,Chả cá thác lác,chả cá,fish cake,1,Chả cá thác lác rim,SAME,Chả cá thác lác là một loại chả cá,31621
2142,chanh quất,chanh,lime,1,Da heo bóp,SAME,Quất có tính chất tương tự chanh,31697
2144,Sốt ướp thịt,sốt,sauce,1,Thịt ba chỉ nướng ngũ vị hương,SAME,Sốt ướp thịt là một loại sốt,31754
2145,dầu điều nhà làm,hạt điều,cashew,1,Thịt ba chỉ nướng ngũ vị hương,SAME,Dầu điều chiết xuất từ hạt điều,31755
2146,bột ngũ vị hương gói hiệu con Nai Vàng,Bột (chung),flour,1,Thịt ba chỉ nướng ngũ vị hương,SAME,Bột ngũ vị hương là một loại bột,31756
2147,dâu hào,dầu hào,oyster sauce,1,Mực ống xào mướp và nấm bào ngư,SAME,Dâu hào là lỗi chính tả của dầu hào,31763
2148,xúp mì tôm,xúp mì,noodle soup,1,Cá trắm chiên giòn,SAME,Xúp mì tôm là một loại xúp mì,31795
2149,cá chim lây phân đâu cá,cá chim,pomfret,1,Canh cá chim nấu cà chua,SAME,Cá chim lây phân đầu cá là cá chim,31796
2150,nước ép lê hoặc nước ép táo cam nước Coca,táo,apple,1,Sườn Heo Nướng,SAME,Hỗn hợp nước ép có chứa nước táo,31815
2151,đậu phụ g,đậu hũ,tofu,1,두부강정 (đậu phụ sốt tương cà),SAME,Đậu phụ chính là đậu hũ,31828
2152,cật heo tươi,thịt heo,pork,1,Mì Cật Bò Viên,SAME,Cật heo là bộ phận từ con heo,31835
2153,khô cá ngộ nướng,cá ngộ,mullet (small-scale),1,Mì Cật Bò Viên,SAME,Khô cá ngộ làm từ cá ngộ,31841
2154,thịt heo quay,thịt heo,pork,1,Thịt heo quay kho chao,SAME,Thịt heo quay làm từ thịt heo,31879
2156,nạm bò và gân,nạm bò,beef brisket,1,"Nạm bò, gân bò hầm",SAME,Hỗn hợp nạm gân bò chứa nạm bò,31900
2159,Rau củ nướng,rau tạp,mixed greens,1,Thịt Nướng Hàn Quốc,SAME,Rau củ nướng thuộc nhóm rau tạp,31996
2160,Rau xà lách dưa leo cà rốt lá mè,rau sống,fresh herbs,1,Thịt Nướng Hàn Quốc,SAME,Hỗn hợp rau xà lách là rau sống,32005
2162,t sừng giá rau sống,giá,bean sprouts,1,Bún bò xào Phan thiết,SAME,Hỗn hợp rau sống có chứa giá,32018
2163,cải và cà rốt,cà rốt,carrot,1,Bún bò xào Phan thiết,SAME,Hỗn hợp có chứa cà rốt,32019
2165,chanh không hạt,chanh,lime,1,Chả cá Lã Vọng với cá basa,SAME,Chanh không hạt là một loại chanh,32038
2166,ô bánh mì,bánh mì,bread,1,Sườn heo nấu đậu,SAME,Ô bánh mì là bánh mì,32051
2167,gan vịt béo fois gras de canard,thịt vịt,duck,1,Đĩa phô mai thịt nguội ăn chơi,SAME,Gan vịt là bộ phận từ con vịt,32060
2168,Gà tôm mực mỗi loại,tôm thẻ loại to,shrimp,1,"Gà, tôm, mực chiên xù 🍗🦐🦑",SAME,Hỗn hợp hải sản có chứa tôm,32064
2169,Dầu dấm,dấm,vinegar,1,Rau Càng Cua Trộn Cá Mòi,SAME,Dầu dấm có thành phần chính là dấm,32100
2171,Hành củ hành lá ngò,hành lá,green onion,1,Mực ống xào,SAME,Hỗn hợp hành ngò có hành lá,32136
2172,Sốt tỏi ô liu,tỏi,garlic,1,Đĩa phô mai thịt nguội với bánh mì chua và sốt chấm tỏi ô liu,SAME,Sốt tỏi có chứa tỏi,32155
2174,Tôm càng,tôm thẻ loại to,shrimp,1,Gỏi Củ Cải Tôm Càng Nướng,SAME,Tôm càng thuộc nhóm tôm,32208
2175,men dinh dưỡng tuỳ chọn,men,yeast,1,Chả nấm rau củ,SAME,Men dinh dưỡng thuộc nhóm men,32220
2176,nấm đông cô khô ngâm nở,nấm hương,shiitake mushroom,1,Cải Thìa Nấm Đông Cô Xào Dầu Hào,SAME,Nấm đông cô chính là nấm hương,32249
2177,lá tàu hủ ki chiên giòn bóp nhỏ,lá,leaves,1,Bánh Bột Lọc Nấm Chay,SAME,Lá tàu hủ ki là một loại lá bột,32265
2180,tôm đất hấp chín,tôm thẻ loại to,shrimp,1,Gỏi Bạc Hà Tôm Đất,SAME,Tôm đất thuộc nhóm tôm,32311
2182,Rau mùi tàu mùi ta ngò rí ngò gai,rau ngò rí,coriander leaves,1,Chả ngô nấm (ver.2),SAME,Hỗn hợp rau mùi có ngò rí,32378
2183,Nước ngâm chua ngọt,nước,water,1,DƯA đầu heo chua ngọt,SAME,Nước ngâm chua ngọt có nền là nước,32399
2184,giấm ăn giấm nuôi giấm gạo,gạo,rice,1,DƯA đầu heo chua ngọt,SAME,Giấm gạo làm từ gạo,32400
2185,tôm đã lột vỏ,tôm thẻ loại to,shrimp,1,Chả cá lòng tong,SAME,Tôm lột vỏ thuộc nhóm tôm,32426
2187,Chân giò hầm thảo mộc thịt bò tươi,thịt bò,beef,1,Mỳ chân giò / mỳ bò thảo mộc,SAME,Hỗn hợp có chứa thịt bò,32434
2189,cải mầm ngọt,cải ngọt,choy sum,1,"Salad bông chuối, cải mầm ngọt, và cá hồi",SAME,Cải mầm ngọt là một loại cải ngọt,32441
2190,Dầu ăn hoặc bơ ghee,bơ,butter,1,Cà Ri Cá Ngừ Hộp Masala,SAME,Bơ ghee là một loại bơ,32473
2191,bột gia vị Masala,Bột (chung),flour,1,Cà Ri Cá Ngừ Hộp Masala,SAME,Bột gia vị Masala là một loại bột,32475
2192,Rau thơm các loại rau răm húng quế,rau răm,vietnamese coriander,1,Nộm (Gỏi) Hoa Chuối Tôm Thịt,SAME,Hỗn hợp rau thơm có rau răm,32528
2193,Thịt heo đầu rồng,thịt heo,pork,1,Thịt Xiên Nướng,SAME,Thịt đầu rồng là một phần thịt heo,32567
2194,sả hành tỏi riềng,tỏi,garlic,1,Thịt Xiên Nướng,SAME,Hỗn hợp gia vị có chứa tỏi,32569
2195,sốt mì bolognese,sốt,sauce,1,Mì Ý ớt chuông + hành tây + cá basa,SAME,Sốt bolognese là một loại sốt,32583
2196,đầu hành boa rô băm nhỏ,Tỏi tây (Hành Boaro),leek,1,Bò Bía Chay,SAME,Hành boa rô và tỏi tây là một,32595
2198,Bột Nghệ,Bột (chung),flour,1,Salmon with whipping cream sauce (cá hồi sốt kem tươi),SAME,Bột nghệ là một loại bột,32610
2199,Sa tế sò điệp,satế,chili satay,1,Tôm chiên sauce sa tế sò điệp,SAME,Sa tế sò điệp là một loại satế,32634
2200,Rau củ gồm,rau sống,fresh herbs,1,Canh soup nấu thịt gà,SAME,Rau củ dùng kèm như rau sống,32639
2202,Kem wheeping,kem,cream,1,Mỳ ý thịt xông khói sốt kem thơm béo !!!,SAME,Whipping cream là một loại kem,32678
2204,Rau sống xà lách rau thơm,rau xà lách,lettuce,1,Bì Cuốn Nấm Chay,SAME,Có chứa thành phần rau xà lách,32696
2205,con tôm lớn,tôm thẻ loại to,shrimp,1,Bún khế chả cá,SAME,Tôm lớn thường được gán vào tôm thẻ to,32701
2206,nấm đông cô ngâm nở,nấm hương,shiitake mushroom,1,Bún khế chả cá,SAME,Nấm đông cô chính là nấm hương,32703
2207,Làm bột cái bánh bò,Bột (chung),flour,1,Bánh BÒ nướng chảo,SAME,Bột làm bánh thuộc nhóm bột chung,32708
2208,Dâu ăndâu haohat nêmtiêuđươngtỏihanh lá,lá,leaves,1,Thịt bò xào súp lơ xanh,SAME,Có thành phần hành lá,32730
2209,cá nục hấp,cá nục,mackerel,1,Cá Nục Hấp Kho Cà Bằng Nồi Áp Suất,SAME,Cá nục hấp là một trạng thái của cá nục,32735
2210,Tinh bột bắp,Bột (chung),flour,1,KHOAI TÂY CUỘN TÔM - st mẹ Bún,SAME,Tinh bột bắp thuộc nhóm bột chung,32815
2211,thìa cafe dầu mè,Mè (Vừng),sesame seeds,1,Ruốc nấm đùi gà chay,SAME,Dầu mè chiết xuất từ mè vừng,32842
2212,thìa cafe dầu hào chay tạo màu vàng đẹp,chay,vegetarian,1,Ruốc nấm đùi gà chay,SAME,Dầu hào chay thuộc nhóm nguyên liệu chay,32843
2213,sốt bơ đậu,sốt,sauce,1,Đậu hũ chiên giòn chấm sốt bơ đậu phộng,SAME,Sốt bơ đậu thuộc nhóm sốt,32849
2215,lòng heo tim gan cật,thịt heo,pork,1,Lòng Heo Xào Thập Cẩm,SAME,Lòng heo thuộc nhóm các phần từ heo,32861
2216,bột canh tùy sở thích,Bột (chung),flour,1,Lòng Heo Xào Thập Cẩm,SAME,Bột canh thuộc nhóm gia vị bột chung,32872
2217,nước mía,mía,sugarcane,1,Cá Ngừ Kho Thịt,SAME,Nước mía lấy từ cây mía,32879
2218,chả mực,chả,sausage,1,Bún cua chả mực ăn sáng,SAME,Chả mực là một loại chả,32902
2221,thìa canh bột canh,Bột (chung),flour,1,Cá cơm chay (cá ruội chay) rim mặn ngọt,SAME,Bột canh thuộc nhóm bột gia vị chung,32940
2222,mực lá lớn hoặc mực nang mực ống lớn nhỏ gì cũng được tuỳ lượng người dùng,lá,leaves,1,Mực Lá Xào Hành Tây,SAME,Có nhắc đến thành phần mực lá,32947
2223,Mắm cô gái thái,nước mắm,fish sauce,1,Somtum Mực - Gỏi đu đủ mắm Thái + Mực,SAME,Mắm Thái thuộc nhóm các loại nước mắm/mắm,32964
2225,hành lớn hoặc củ nhỏ,Hành,Scallion,1,Cá Hồi Áp Chảo Sốt Kem Nấm Fake Healthy,SAME,Hành lớn/nhỏ đều thuộc nhóm hành,32969
2227,Súp lơ,bông cải,broccoli,1,Mực mai (mực nang) xào súp lơ xanh,SAME,Súp lơ là tên gọi khác của bông cải,33000
2228,Cần tây tỏi tươi,tỏi,garlic,1,Mực mai (mực nang) xào súp lơ xanh,SAME,Có chứa thành phần tỏi tươi,33004
2229,đỏ,Trứng gà,Chicken Egg,1,Tôm sốt trứng muối,SAME,Đỏ (lòng đỏ trứng) là một phần của trứng gà,33010
2230,giò chả hoặc cái xúc xích,giò,pork sausage,1,"Cơm rang trứng Dương Châu | nhiều rau củ, tốt cho sức khỏe",SAME,Giò chả thuộc nhóm giò,33045
2231,thịt băm chay,chay,vegetarian,1,Bún gạo lức xào bò tôm mực (CHAY),SAME,Thịt băm chay thuộc nhóm đồ chay,33159
2233,bún gạo lức khô,bún,rice vermicelli,1,Bún gạo lức xào bò tôm mực (CHAY),SAME,Bún gạo lứt là một loại bún,33167
2234,cộng đỗ cu ve,đậu que,green beans,1,Bún gạo lức xào bò tôm mực (CHAY),SAME,Đỗ cu ve là đậu que,33168
2235,Rau xà lách rau mùi thơm,rau xà lách,lettuce,1,Bún gạo lức xào bò tôm mực (CHAY),SAME,Có thành phần rau xà lách,33169
2236,gân bò đã luộc chín,thịt bò,beef,1,Dưa Chua Kho Gân Bò,SAME,Gân bò thuộc các phần của thịt bò,33179
2237,tôm càng sông,tôm thẻ loại to,shrimp,1,Tôm Càng Sốt Trứng Muối,SAME,Tôm càng thường gán vào nhóm tôm thẻ to,33187
2238,dạ dày heo g,thịt heo,pork,1,Vào bếp cùng con: phá lấu lòng heo đơn giản,SAME,Dạ dày heo thuộc các phần từ heo,33222
2239,Hải sản tôm mực thanh cua,cua,crab,1,Trứng hấp hải sản,SAME,Thanh cua là thành phần giả cua thường dùng,33242
2240,dầu đậu nành,đậu nành,soybeans,1,Bún chả cá chay,SAME,Dầu đậu nành làm từ hạt đậu nành,33262
2243,cá mờm,cá cơm,anchovy,1,Trứng chiên cá mờm,SAME,Cá mờm là loại cá cơm nhỏ,33294
2246,lá vón vén,rau vón,herb,1,Vó bò hầm lá vón vén,SAME,Lá vón vén chính là rau vón,33311
2247,Lòng trắng trứng gà,Trứng gà,Chicken Egg,1,Tôm Sốt Trái Thơm Mayonaise,SAME,Lòng trắng trứng gà là một phần trứng gà,33317
2248,Giò heo,thịt heo,pork,1,Bánh canh cua giò heo,SAME,Giò heo thuộc nhóm thịt heo,33337
2249,Vài con tôm bóc vỏ,tôm thẻ loại to,shrimp,1,Bánh canh cua giò heo,SAME,Tôm bóc vỏ thường gán vào tôm thẻ to,33339
2250,bỗng rượu,rượu,cooking wine,1,Canh Cá Chua,SAME,Bỗng rượu làm từ hèm rượu,33355
2251,thìa cafe dầu hào chay,chay,vegetarian,1,Cải thìa xào nấm hương,SAME,Dầu hào chay thuộc nhóm đồ chay,33370
2252,bột báng ngâm nởluộc chín rửa sạch,Bột (chung),flour,1,Súp cua trân châu,SAME,Bột báng thuộc nhóm bột chung,33382
2256,Hương Thảo,lá hương thảo,rosemary,1,Cá Diêu Hồng hấp không ướp gia vị,SAME,Hương thảo chính là lá hương thảo,33477
2258,ớp cá,gia vị,seasoning,1,Cá hú kho khô,SAME,Ớp (ướp) cá là các loại gia vị,33507
2259,tỏi hành bằm nhỏ,tỏi,garlic,1,Cá hú kho khô,SAME,Có chứa thành phần tỏi,33509
2260,rau mùi mùi tàu,ngò gai,culantro,1,"Đậu phụ nhồi rau, nấm sốt cà chua",SAME,Mùi tàu chính là ngò gai,33537
2261,hoăc muông muôi tôm,Tôm muối,Salted shrimp,1,Thơm Thái lắc muối tôm 🍍🍍🍍,SAME,Muối tôm là tên gọi của tôm muối gia vị,33542
2262,bìa đậu hủ,đậu khuôn trắng lớn hoặc bìa đậu nhỏ,tofu,1,Đậu hủ nhồi thịt sốt cà,SAME,Bìa đậu hủ là đậu khuôn,33581
2264,Gạo lứt đỏ,gạo,rice,1,Tôm rang gạo lứt cải thìa chả cá,SAME,Gạo lứt là một loại gạo,33641
2266,tép tỏi khô,tỏi,garlic,1,Canh rau muống nấu ghẹ,SAME,Tép tỏi là các tép của tỏi,33649
2267,ớt chuông vàng cam đỏ,ớt,chili pepper,1,Thịt Bò Xào Ớt Trái Cây,SAME,Ớt chuông thuộc nhóm ớt,33652
2268,Màu cốt dừa g bột gạo,Bột (chung),flour,1,Bánh da lợn nước cốt dừa,SAME,Bột gạo thuộc nhóm bột chung,33658
2270,trái ớt chuông,ớt,chili pepper,1,Rau củ xào giò nấm chay,SAME,Ớt chuông thuộc nhóm ớt,33674
2271,Nươc mămtoiơt chanh,chanh,lime,1,"Bánh xèo tôm,thịt, mực và trứng cút",SAME,Nước chấm có thành phần chanh,33726
2273,Màu sắc Bột nghệ dầu điều,Bột (chung),flour,1,Bún cá trộn Thái Bình,SAME,Bột nghệ thuộc nhóm bột chung,33738
2274,hành lá rau mùi,hành lá,green onion,1,Viên đậu hũ xúc xích,SAME,Có thành phần hành lá,33749
2275,tương ớt chua ngọt cholimex,ớt,chili pepper,1,Cá diêu hồng phi lê chiên giòn sốt chua ngọt,SAME,Tương ớt làm từ ớt,33763
2276,cá ngư đai dương,cá ngừ,tuna,1,Cá ngừ đại dương chiên,SAME,Cá ngừ đại dương là cá ngừ,33886
2277,muông cafe nươc côt chanh,chanh,lime,1,Cá ngừ đại dương chiên,SAME,Nước cốt chanh lấy từ chanh,33893
2278,thịt bò khô,thịt bò,beef,1,"Nhập môn Mỳ ăn liền căn bản với thịt, trứng, khoai, rau,",SAME,Thịt bò khô làm từ thịt bò,33910
2280,Nước tương dấm mè chấm mandu,dấm,vinegar,1,Bánh Xếp Mandu Nhân Thịt & Kim Chi Cay Chiên Nước,SAME,Có thành phần dấm,33928
2281,c gà,thịt gà,chicken,1,Ức gà áp chảo vị chanh cùng rau củ,SAME,C gà (ức gà) là thịt gà,33997
2282,cá ngừ đóng hộp,hộp cá ngừ,canned tuna,1,Dưa Leo Kẹp Cá Ngừ,SAME,Hai tên gọi cùng chỉ cá ngừ hộp,34008
2283,Lá thơm,lá,leaves,1,Thịt Heo Hầm Đậu Trắng,SAME,Lá thơm là các loại lá gia vị,34067
2284,tỏi hành khô,tỏi,garlic,1,Thịt nướng sốt sa tế mật ong,SAME,Có chứa thành phần tỏi,34072
2285,hành lá mùi,hành lá,green onion,1,Canh bí đỏ tôm thịt,SAME,Có chứa thành phần hành lá,34081
2286,Rau thơm xà lach giá,giá,bean sprouts,1,Bún cá- chả cá - sứa Nha Trang,SAME,Có chứa thành phần giá,34102
2288,ngo rí hanh tim,hành tím,shallot,1,Bún cá- chả cá - sứa Nha Trang,SAME,Hành tim là hành tím,34104
2289,măm tôm,Tôm muối,Salted shrimp,1,Bún cá- chả cá - sứa Nha Trang,SAME,Mắm tôm thuộc nhóm gia vị tôm muối,34106
2290,Rượu thiệu hưng bia,rượu,cooking wine,1,Thịt viên tứ hỉ (thịt viên đầu sư tử),SAME,Rượu Thiệu Hưng là một loại rượu,34113
2291,gừng tỏi khô,tỏi,garlic,1,Thịt viên tứ hỉ (thịt viên đầu sư tử),SAME,Có chứa thành phần tỏi khô,34115
2292,Dầu ăn gia vị cơ bản,gia vị,seasoning,1,Thịt viên tứ hỉ (thịt viên đầu sư tử),SAME,Dầu ăn thuộc nhóm gia vị cơ bản,34118
2293,Lá lốt dùng gói chả rau ghém hành lá mùi tàu hành khô,hành lá,green onion,1,Bánh đa cua Hải Phòng,SAME,Có chứa thành phần hành lá,34129
2294,táo mật,táo tàu,jujube,1,Canh cải khô sườn heo,SAME,Táo mật là một loại táo tàu,34135
2295,cá,cá bống,goby fish,1,Cá bống đục kho tiêu,SAME,Cá bống là một loại cá,34147
2296,Sa tế ớt,ớt,chili pepper,1,Đậu hủ nấu nấm,SAME,Sa tế ớt làm từ ớt,34163
2297,mực ông,mực,squid,1,Mực Hấp Chấm Mắm Gừng,SAME,Mực ống là một loại mực,34170
2300,riêu tôm thịt,tôm thẻ loại to,shrimp,1,"Bánh canh bột xắt nấu thịt gà,riêu tôm thịt",SAME,Riêu tôm làm từ tôm thẻ to,34239
2301,Mì gói gói,mì,noodles,1,"Mì xào bò,cần nước",SAME,Mì gói là một loại mì,34244
2302,Mì dẹp Tagliatelle mực đen đủ cho người dùng,mì,noodles,1,Mì Dẹp Đen Xào Mực Ống,SAME,Mì Tagliatelle là một loại mì,34264
2303,Ruột heo ruột già,thịt heo,pork,1,Ruột Heo Khìa Nước Dừa,SAME,Ruột heo là một phần từ thịt heo,34274
2304,Phi lê cá basa cá lóc,cá lóc,snakehead fish,1,Phi-lê cá chiên xù,SAME,Raw name chứa cá lóc,34293
2305,ầu cá cá chép tươi cá rô phi,cá rô phi,tilapia,1,Canh cá nấu chua,SAME,Raw name chứa cá rô phi,34305
2306,chả cá thác lác,chả cá,fish cake,1,Lẩu cá thác lác,SAME,Chả cá thác lác là chả cá,34326
2307,xương heo có nạc,thịt heo,pork,1,Canh Xương Heo Hầm Bông Cải Tím,SAME,Xương heo có nạc là thịt heo,34377
2308,bông cải súp lơ,bông cải,broccoli,1,Canh Xương Heo Hầm Bông Cải Tím,SAME,Bông cải và súp lơ là một,34378
2309,nấm đông cô nấm mèo,nấm mèo,wood ear mushroom,1,Bánh đúc thịt gà cháy,SAME,Raw name chứa nấm mèo,34385
2310,Dứa khốm cà chua hành tây,cà chua,tomato,1,Bún chả cá thác lác,SAME,Raw name chứa cà chua,34391
2311,thịt ba chỉ hoặc nạc đùi,nạc heo,lean pork,1,Thịt mè xiên que nướng NCKD,SAME,Ba chỉ/nạc đùi là nạc heo,34400
2312,cật heo quả thận heo,thịt heo,pork,1,Cật Heo Xào Bí Ngòi,SAME,Cật heo/thận heo là nội tạng heo,34420
2313,thịt heo có phần da,bì heo,pork skin,1,Thịt nướng giòn da (NCKD),SAME,Thịt có da dùng làm bì heo,34427
2315,Xem công thức nước sốt trộn gỏi ở đây,sốt,sauce,1,Gỏi xoài cá mặn,SAME,Nước sốt là sốt,34485
2316,Nấm mèo nấm đông cô,nấm mèo,wood ear mushroom,1,Cá hấp nấm,SAME,Raw name chứa nấm mèo,34491
2317,bột mỳ,Bột (chung),flour,1,Ếch chiên xào bơ hành sả,SAME,Bột mỳ là một loại bột,34509
2318,thịt ba chỉ hoặc thịt vai,thịt nạc dăm,pork shoulder,1,Thịt luộc quấn bánh tráng,SAME,Thịt vai thường dùng như nạc dăm,34518
2319,mũi heo,thịt heo,pork,1,Phá lấu tai mũi heo,SAME,Mũi heo là thịt heo,34540
2320,nước sauce nêm gourmet hay oyster,hàu,oyster,1,Cơm tấm thịt ba chỉ nướng,SAME,Oyster sauce là sốt hàu,34550
2321,Thính gạo,gạo,rice,1,Nấm thính cuốn lá sung,SAME,Thính gạo làm từ gạo,34569
2322,Tỏi ớt chanh,ớt,chili pepper,1,"Bánh tôm, bánh tép",SAME,Raw name chứa ớt,34593
2324,gói súp bột của mì tôm,Bột (chung),flour,1,Mì thịt bằm bí ẩn,SAME,Gói súp mì là một dạng bột gia vị,34610
2325,Hành lá Ngò rí,hành lá,green onion,1,Súp cua trứng Bắc thảo,SAME,Raw name chứa hành lá,34633
2326,bột ngọtmì chính,Bột (chung),flour,1,"Cá diêu hồng kho cà chua, dứa",SAME,Mì chính là một loại bột gia vị,34641
2327,chả cá thác lác bào sẵn,chả cá,fish cake,1,Chả cá thác lác chiên,SAME,Chả cá thác lác là chả cá,34652
2328,Bột rau câu,Bột (chung),flour,1,Rau câu dừa,SAME,Bột rau câu là một loại bột,34666
2329,Phi lê cá biển loại bất kỳ,lườn cá,fish fillet,1,Canh cá miso,SAME,Phi lê cá có thể là lườn cá,34683
2330,màu dầu điều có thể thay bằng mcf bột nghệ,Bột (chung),flour,1,Món chay dễ làm| Đậu phụ xào ngải cứu,SAME,Bột nghệ là một loại bột,34750
2332,trứng gà lòng trắng,Trứng gà,Chicken Egg,1,Bánh Mặn Mini Nhân Thịt & Rau Củ,SAME,Lòng trắng trứng gà là trứng gà,34760
2333,Nước tương Hàn Quốc,nước,water,1,Thịt Chiên Giòn Sốt Chua Ngọt Hàn Quốc (Tangsuyuk),SAME,Nước tương là chất lỏng (nước),34778
2334,gourmet sauce,sốt,sauce,1,Cá bông lau kho tộ với nước trà,SAME,Gourmet sauce là một loại sốt,34816
2335,nhúm lá trà xanh ngâm lấy nước,lá,leaves,1,Cá bông lau kho tộ với nước trà,SAME,Lá trà xanh là một loại lá,34818
2337,thịt tôm bằm,tôm thẻ loại to,shrimp,1,Bánh Bột Lọc Nhân Tôm Thịt,SAME,Thịt tôm là tôm,34869
2338,canh,chanh,lime,1,Gỏi Cá Cơm Khô,SAME,Canh là lỗi chính tả của chanh,34876
2339,Rau ngô,rau om,rice paddy herb,1,"Canh chua chay đậu hủ trắng,nấm kim châm và cà chua",SAME,Rau ngô là lỗi của rau ngổ (rau om),34890
2340,Tôm nõn bóc vỏ lấy chỉ lưngbụng,tôm thẻ loại to,shrimp,1,Tôm nõn chiên giòn,SAME,Tôm nõn là một loại tôm,34902
2341,nước soda hoặc bia lạnh,nước,water,1,Tôm nõn chiên giòn,SAME,Soda/bia là chất lỏng (nước),34903
2342,Lá húng quế đủ dùng nhúng lẩu,lá,leaves,1,Lẩu Gà Nấm Mỡ Lá Quế,SAME,Lá húng quế là lá,34914
2343,Bún ngải cứu khô,bún,rice vermicelli,1,Món healthy: Bún ngải cứu sốt thịt bằm cà chua,SAME,Bún ngải cứu là một loại bún,34923
2344,xốt xào chua ngọt,sốt,sauce,1,Đậu hủ ma bà (ít cay),SAME,Xốt xào là sốt,34933
2345,đâu hàu,dầu hào,oyster sauce,1,Đậu hủ ma bà (ít cay),SAME,Đâu hàu là lỗi của dầu hào,34935
2346,Cốt bánh,bánh,cake,1,Bánh trung thu rau câu,SAME,Cốt bánh là bánh,34945
2348,cá trạch to,cá chạch,loach,1,Cá trạch kho tương,SAME,Cá trạch là cá chạch,34968
2349,gia vị thuốc bắc,gia vị,seasoning,1,Canh bò hầm thuốc bắc,SAME,Thuốc bắc là một loại gia vị,34973
2350,Hành khô củ nhỏ,Hành,Scallion,1,Canh bò hầm thuốc bắc,SAME,Hành khô là hành,34976
2351,Mã thầy củ sen gram,củ sen,lotus root,1,Canh bò hầm thuốc bắc,SAME,Raw name chứa củ sen,34979
2352,bánh đa nướng sẵn,bánh,cake,1,Nấm xúc bánh đa,SAME,Bánh đa là một loại bánh,34999
2353,sa tế ớt,ớt,chili pepper,1,Rau củ nấu chao (món chay),SAME,Sa tế ớt là ớt,35028
2354,t chanh,chanh,lime,1,Rau củ nấu chao (món chay),SAME,T chanh là lỗi của chanh,35033
2357,muống bột mì,Bột (chung),flour,1,Tôm phô mai bỏ lò,SAME,Bột mì là một loại bột,35067
2359,mc dầu olive,ô liu,olive,1,🌱 Nấm Bào Ngư Sốt Tương Hồi Xiên Que Nướng BBQ Chay (Vegan),SAME,Dầu olive chiết xuất từ ô liu,35097
2360,rau thơm tía tô diếp cá,tía tô,perilla leaves,1,Cá lóc nướng nckd,SAME,Raw name chứa tía tô,35109
2361,dứa gai thơm,dứa,pineapple,1,Cá lóc nướng nckd,SAME,Dứa gai/thơm là quả dứa,35111
2363,gia vị lẩu bò gồm các vị thuốc bắc táo tàu,táo,apple,1,Lẩu Bò Thuốc Bắc Ngày Mưa 🌧,SAME,Raw name chứa táo tàu,35132
2365,Vỏ Banh Trung Thu Rau Câu,thạch rau câu,agar jelly,1,Bánh Trung Thu Rau Câu Nhân Flan,SAME,Vỏ rau câu là thạch rau câu,35141
2366,Nươc côt lá câm tím,lá,leaves,1,Bánh Trung Thu Rau Câu Nhân Flan,SAME,Nước cốt lá cẩm là lá,35151
2367,Nươc côt hoa đâu biêc,nước,water,1,Bánh Trung Thu Rau Câu Nhân Flan,SAME,Nước hoa đậu biếc là nước,35153
2368,gio heo it da heo,bì heo,pork skin,1,Canh bún giò heo,SAME,Da heo là bì heo,35156
2371,Phô mai bột,Bột (chung),flour,1,Mỳ Spaghetti Kem Nấm Gà Bao Ngon Cực Dễ,SAME,Phô mai bột là một loại bột,35257
2373,dấm balsamic,dấm,vinegar,1,"Salad Bò Xào, Cải Rocket, Trái Cây & Phô Mai Burrata Sốt Balsamic Mù Tạt",SAME,Dấm balsamic là dấm,35277
2374,lòng trắng,Trứng gà,Chicken Egg,1,Bánh bò xốp làm từ lòng trắng,SAME,Lòng trắng trứng thuộc trứng gà,35280
2377,ậu bắp dưa leo,dưa leo,cucumber,1,Vú heo nướng chao,SAME,Raw name chứa dưa leo,35372
2378,đậu bé,đậu hũ,tofu,1,Đậu hũ xào mướp đắng,SAME,Đậu bé (đậu phụ) là đậu hũ,35390
2380,rong nho khô,rong biển,seaweed,1,Nấm xào rong nho,SAME,Rong nho là một loại rong biển,35396
2381,Bột điều tạo màu,Bột (chung),flour,1,Dẻ sườn bò om sấu Hà Nội,SAME,Bột điều là một loại bột,35414
2382,nước nhà em thích ăn lỏng,nước,water,1,Cháo nhuyễn xèo thịt bò,SAME,Nước là nước,35419
2383,bột Hành,Bột (chung),flour,1,Tôm rim tiêu,SAME,Bột hành là một loại bột,35485
2384,chanh giấm,chanh,lime,1,Nem thính nấm đùi gà (món chay),SAME,Chanh giấm là chanh,35519
2386,bong ca chay,chay,vegetarian,1,Bóng cá chay chiên giòn mè rang,SAME,Bóng cá chay là đồ chay,35533
2388,rau xa lach xoong nhât va rau ngot nhât,rau xoong,watercress,1,Canh chay đậu hủ nấu mướp và rau,SAME,Raw name chứa rau xoong,35541
2389,vĩ cá bống trứng,cá,fish,1,Cá bống trứng kho tiêu,SAME,Cá bống trứng là cá,35550
2390,tỏi hành băm,tỏi,garlic,1,Mì Quảng Tôm -Mực,SAME,Raw name chứa tỏi,35580
2391,rau tập tàng các loại rau rau đay rau ngót rau bình bát cải trời rau dền,cải,mustard greens,1,Canh Rau Tập Tàng Nấu Mướp,SAME,Raw name chứa cải trời,35603
2392,khoai tây,khoai tây,potato,1,Chè nấm mỡ,SAME,Khoai tây gán đúng khoai tây,35620
2393,Bột tỏi bột gừng,tỏi,garlic,1,Cá hồi sốt nước tương,SAME,Raw name chứa bột tỏi,35698
2395,bột sắn dây,Bột (chung),flour,1,Bún Riêu Nấu Nấm Đông Trùng Hạ Thảo,SAME,Bột sắn dây là một loại bột,35709
2398,Nước vừa đủ bạn ăn,nước,water,1,Canh rau má Nấu tôm và chả cá,SAME,Nước là nước,35752
2399,ế pizza spirulina cho hai bánh,tảo xoắn,spirulina,1,Pizza Cá Ngừ Hộp & Mozzarella Tươi,SAME,Spirulina chính là tảo xoắn,35754
2402,bịch bột rau câu dẻo,Bột (chung),flour,1,Thạch rau câu mít :,SAME,Bột rau câu thuộc nhóm bột,35767
2404,bông súp lơ,bông cải,broccoli,1,Súp lơ xào thịt gà eatclean,SAME,Súp lơ và bông cải là một,35787
2406,ớt chuông đỏ vàng cam,ớt,chili pepper,1,Bò Xào Thập Cẩm,SAME,Ớt chuông thuộc nhóm ớt,35825
2408,Nấm đông cô miếng,nấm hương,shiitake mushroom,1,Tàu hủ và thịt sốt sa tế,SAME,Nấm đông cô là nấm hương,35844
2409,nấm đông cô có nấm mỡ sẽ ngon hơn,nấm hương,shiitake mushroom,1,"Nấm đông cô, đậu gà, cà rốt xào bơ tỏi thơm ngon",SAME,Nấm đông cô là nấm hương,35848
2411,nấm đông cô nấm hương,nấm hương,shiitake mushroom,1,Súp bắp tôm đường đen,SAME,Nấm đông cô là nấm hương,35915
2412,Thịt nạc vai hoặc ba chỉ nhiều nạc hoặc mông vừa đủ cho người ăn g,thịt nạc dăm,pork shoulder,1,Thịt sốt cà chua siêu nhanh gọn đưa cơm,SAME,Thịt vai thuộc nhóm nạc dăm,35924
2413,mỡ chai,mỡ,lard,1,Thịt bò nướng mỡ chài,SAME,Mỡ chài là một loại mỡ,35929
2414,Bún gạo lức,bún,rice vermicelli,1,Cuốn đậu hũ eatclean,SAME,Bún gạo lứt là bún,35956
2417,Bánh đa ngâm nước cho mềm,bánh,cake,1,Bánh đa cua,SAME,Bánh đa thuộc nhóm bánh,35967
2419,dầu olive để quét khay nướng,ô liu,olive,1,Lườn Cá Hồi Teriyaki Nướng Cuốn Tỏi & Tía Tô,SAME,Dầu olive chiết xuất từ ô liu,35987
2422,Sốt tương đen,sốt,sauce,1,Bò Bía,SAME,Sốt tương đen là một loại sốt,36018
2424,Hoa lý,hoa thiên lý,tonkin jasmine flower,1,Mực xào hoa lý,SAME,Hoa lý là hoa thiên lý,36039
2425,bông cải xanh,bông cải,broccoli,1,Rau củ chiên xù và salad rau củ,SAME,Bông cải xanh là bông cải,36056
2427,chân gà tây,chân gà,chicken feet,1,Chân gà tây nấu nấm hương,SAME,Chân gà tây thuộc nhóm chân gà,36062
2431,sốt Bulgogi,sốt,sauce,1,Bún trộn nấm nướng,SAME,Sốt Bulgogi là một loại sốt,36096
2432,Hành khô củ to,Hành,Scallion,1,Cá lóc kho tộ,SAME,Hành khô là hành,36110
2435,thịt băm rang mộc nhĩ,Thịt băm,Minced pork,1,Nấm Mỡ To Nhồi Thịt Băm Rang Mộc Nhĩ,SAME,Thịt băm là thịt băm,36146
2439,Hành lá hành phi,hành lá,green onion,1,Nui thịt bằm,SAME,Hành lá và hành phi là hành,36183
2441,Nấm kim châm nấm hương cũng đc,nấm kim châm,enoki mushroom,1,Canh cá Diếc (lỗi 😂),SAME,Nấm kim châm là nấm kim châm,36188
2443,dưa chuột nhỏ to thì quả,dưa,pickles,1,Salad bò cải mầm,SAME,Dưa chuột thuộc nhóm dưa,36239
2445,nước sốt dầu đấm,sốt,sauce,1,Salad bò cải mầm,SAME,Sốt dầu là một loại sốt,36241
2447,Xanh,đậu xanh,mung beans,1,Bánh bò da lợn,SAME,Đậu xanh thường gọi tắt là xanh,36268
2448,Cải canh,rau cải đắng,bitter greens,1,Canh cải nấu thịt băm rang,SAME,Cải canh là cải đắng,36293
2449,rau nhút,rau sống,fresh herbs,1,Canh cá rô,SAME,Rau nhút dùng làm rau sống,36298
2450,chân giò lấy khúc đùi phía trên,giò,pork sausage,1,Giò heo nướng ngũ vị và khoai tây nghiền,SAME,Chân giò thuộc nhóm giò,36311
2451,sươn ga chay,chay,vegetarian,1,Cải thìa sốt nấm đông cô và sườn gà chay,SAME,Sườn gà chay là đồ chay,36319
2452,Nươc tương boa rô đươnghat nêm chaytiêu,gia vị,seasoning,1,Cải thìa sốt nấm đông cô và sườn gà chay,SAME,"Nước tương, hạt nêm là gia vị",36320
2453,thịt ba chỉ hoặc nạc vai nên có chút mỡ ăn sẽ ngon hơn,thịt nạc dăm,pork shoulder,1,Cà tím nấu thịt ba chỉ và đậu phụ đưa cơm cho ngày mát/ lạnh/ rét,SAME,Thịt vai nạc dăm gần tương đồng,36334
2456,rau ngỗ,rau om,rice paddy herb,1,Cá Ninja Xào Sả Ớt !!!,SAME,Rau ngỗ là rau om,36449
2457,sươn gia heo,thịt heo,pork,1,Canh sườn già heo hầm đu đủ,SAME,Sườn già heo là thịt heo,36454
2458,thịt mọc chiên,mọc viên,pork balls,1,Bún sấu với thịt nạc xay và mọc chiên,SAME,Thịt mọc chiên là mọc viên,36471
2459,tôm băm,tôm thẻ loại to,shrimp,1,Khoai tây nhân thịt chiên xù,SAME,Tôm băm làm từ tôm,36495
2461,lá xà lách mỡ Iceberg,lá,leaves,1,Salad Tôm Xào Tỏi Rau Quả Sốt Mù Tạt,SAME,Lá xà lách là một loại lá,36569
2463,sườn heo Iberico,sườn heo,pork ribs,1,Sườn Heo Iberico Nướng,SAME,Sườn Iberico là sườn heo,36608
2464,lá parsley khô hoặc xô thơm hương thảo kinh giới,mùi tây,parsley,1,Sườn Heo Iberico Nướng,SAME,Parsley là mùi tây,36609
2467,ơt bột,Bột (chung),flour,1,Lườn cá hồi kho hành ớt,SAME,Ớt bột thuộc nhóm bột,36635
2468,lá tảo biển,rong biển,seaweed,1,Giò heo hầm thảo mộc Hàn Quốc,SAME,Tảo biển là rong biển,36649
2469,cá cơm khô nếu có,cá cơm,anchovy,1,Giò heo hầm thảo mộc Hàn Quốc,SAME,Cá cơm khô là cá cơm,36653
2471,bột nghệ chỉ làm màu vàng thêm chút xíu cho đẹp,Bột (chung),flour,1,🌱 Đậu Hủ Trắng Chiên Sả Ớt,SAME,Bột nghệ thuộc nhóm bột,36665
2475,thià cf bột canh,Bột (chung),flour,1,Cá trắm kho trám,SAME,Bột canh thuộc nhóm bột,36686
2476,nươc măm chay,chay,vegetarian,1,Canh chua chay nấm rơm,SAME,Mắm chay là đồ chay,36751
2477,heo xay,Thịt băm,Minced pork,1,Rong biển cuộn nấm kim châm,SAME,Thịt heo xay là thịt băm,36766
2479,bột canh tuỳ sở thích,Bột (chung),flour,1,Nuớc Rau Muống Luộc Dầm Sấu,SAME,Bột canh thuộc nhóm bột,36787
2481,bột rau câu con cá Thái Lan,Bột (chung),flour,1,Rau câu vải nước dừa,SAME,Bột rau câu thuộc nhóm bột,36798
2487,chả ram tôm đất,ram tôm,shrimp rolls,1,Chả Ram Tôm Đất,SAME,Chả ram tôm đất là ram tôm,36864
2488,Rau sống các loại,rau sống,fresh herbs,1,Chả Ram Tôm Đất,SAME,Rau sống là rau sống,36866
2490,hạt nem rau cu dưới tuổi bỏ qua,hạt niêm,seasoning granules,1,MƯỚP HẤP TÔM (Baby food),SAME,Hạt nêm là hạt niêm,36962
2491,rau cải xanh cải cay,cải bẹ xanh,mustard greens,1,Bún Cá Giòn Hà Nội,SAME,Cải xanh là cải bẹ xanh,36996
2493,Lạc vừng rang sẵn,đậu phộng,peanut,1,Nộm nấm đùi gà hoa chuối,SAME,Lạc là đậu phộng,37102
2495,hành cả củ và lá,hành lá,green onion,1,Đậu xào nấm (chay eatclean) (106kcal),SAME,Cả củ và lá đều là hành lá,37146
2496,Bột cacao,Bột (chung),flour,1,Pate nấm chay 🍄🥪,SAME,Bột cacao thuộc nhóm bột,37157
2498,Nấm đông cô khô tươi,nấm hương,shiitake mushroom,1,Bún gạo lứt xào rau củ,SAME,Nấm đông cô là nấm hương,37192
2501,dừa tươi,nước dừa,coconut water,1,Canh khổ qua chả cá thác lác:,SAME,Dừa tươi dùng lấy nước dừa trong món canh,37253
2502,măng tây hoặc loại rau nào tuỳ thích,măng,bamboo shoots,1,Cơm gạo lức với cá hộp,SAME,Măng tây là một loại măng,37269
2503,Gia vị nêm và ít mè trắng,gia vị,seasoning,1,Cơm gạo lức với cá hộp,SAME,Gia vị nêm bao gồm các loại gia vị nói chung,37271
2504,Bột hành bột tỏi,tỏi,garlic,1,Đậu hũ sốt bí đỏ thịt xay,SAME,Bột tỏi là tỏi dạng bột,37276
2505,me rang hoăc đâu phông rang,me,tamarind,1,Gỏi nấm bào ngư chay,SAME,Me rang là một thành phần chính được chọn,37291
2508,Bơ lạt bơ thực vật dầu olive dầu ăn có gì xài đó,bơ,butter,1,Mì Ý sốt kem gà nấm,SAME,Bơ lạt/thực vật đều thuộc nhóm bơ,37346
2509,khoang cà rốt to bằng khoanh đậu hũ,đậu hũ,tofu,1,Đậu hũ trứng nhồi tôm cho bé,SAME,Khoanh đậu hũ chính là đậu hũ,37387
2510,Nước luộc cá,nước dùng,broth,1,Cá Đuối Luộc Chấm Mắm Tỏi Ớt,SAME,Nước luộc cá là một loại nước dùng,37396
2511,Kem tươi yến mạch,kem,cream,1,Mì Ý Tôm Sốt Kem Phômai Bơ,SAME,Kem tươi là một loại kem,37472
2512,Rau húng quế,rau húng chó,mint,1,🌱 Canh Chua Nấm Vị Tomyum Cay (Chay),SAME,Rau húng quế và húng chó là một,37523
2514,rong biên ăn liên,rong biển,seaweed,1,Burger cơm rong biển thịt gà rau củ,SAME,Rong biển ăn liền là rong biển,37706
2515,bột mì số,Bột (chung),flour,1,Hamburger thanh long kẹp tôm trứng,SAME,Bột mì thuộc nhóm bột chung,37716
2516,Cà chua dưa leo,cà chua,tomato,1,Hamburger thanh long kẹp tôm trứng,SAME,Hỗn hợp có chứa cà chua,37721
2517,Xốt Leekumkee,sốt,sauce,1,Burger thịt nướng xốt trứng,SAME,Xốt Lee Kum Kee là một loại sốt,37758
2518,bánh hamburger,bánh,cake,1,Bánh mì hamburger thịt băm,SAME,Bánh hamburger là một loại bánh,37796
2519,bột rau câu nước dừa,Bột (chung),flour,1,Rau câu nước dừa thanh long,SAME,Bột rau câu thuộc nhóm bột chung,37830
2520,ớt ngọt,ớt,chili pepper,1,"Salad Nui Trộn Ức Gà Xé, Rau Củ & Sữa Chua Healthy",SAME,Ớt ngọt là một loại ớt,37839
2521,bột cumin,Bột (chung),flour,1,"Salad Nui Trộn Ức Gà Xé, Rau Củ & Sữa Chua Healthy",SAME,Bột cumin thuộc nhóm bột chung,37846
2522,Thịt heo gà,thịt heo,pork,1,Chả Giò Rế Tôm Thịt với nckd,SAME,Hỗn hợp thịt có chứa thịt heo,37880
2523,đỗ xanh,đậu xanh,mung beans,1,Cháo cá song (mú),SAME,Đỗ xanh là tên gọi khác của đậu xanh,37890
2525,lá húng quế trắng hoặc hành ngò,hành lá,green onion,1,Canh Đu Đủ Nấu Giò Heo,SAME,Hành ngò có chứa hành lá,37912
2527,rau quế,rau húng chó,mint,1,Lagu sườn bò,SAME,Rau quế và húng chó là một,37954
2528,Phô mai parmesan bào nhuyễn,phô mai,cheese,1,Mì Ý (Spaghetti) Thịt Trai Đen Sốt Cà Chua,SAME,Phô mai parmesan là một loại phô mai,37962
2529,Cá ngừ hộp,hộp cá ngừ,canned tuna,1,Cá ngừ dưa leo,SAME,Cá ngừ hộp chính là hộp cá ngừ,38009
2530,trứng tuỳ số lượng người ăn luộc chín lột vỏ,Trứng gà,Chicken Egg,1,Khao Kha Moo - Giò Heo Hầm (Thailand),SAME,Trứng luộc chín là trứng gà/vịt,38011
2532,Cà chua me ớt,cà chua,tomato,1,Canh chua cá mú ăn kèm giá chần,SAME,Hỗn hợp có chứa cà chua,38041
2533,Gia vị cơ bản hành khô,gia vị,seasoning,1,Canh chua cá mú ăn kèm giá chần,SAME,Gia vị cơ bản thuộc nhóm gia vị,38043
2534,Giá khổ qua rau đắng rau muống chẻ,rau muống,water spinach,1,Bắp bò nhúng ớt,SAME,Hỗn hợp rau có chứa rau muống,38064
2535,Mì trứng Bún gạo,mỳ trứng,egg noodles,1,Bắp bò nhúng ớt,SAME,Mì trứng chính là mỳ trứng,38065
2537,Hành hoa thì là,thì là,dill,1,Cá song (mú) nấu kiểu chả cá Lã Vọng,SAME,Hỗn hợp có chứa thì là,38070
2538,Mắm tôm mẻ,mắm tôm,shrimp paste,1,Cá song (mú) nấu kiểu chả cá Lã Vọng,SAME,Mắm tôm mẻ có chứa mắm tôm,38071
2539,Lạc rang sẵn,đậu phộng,peanut,1,Cá song (mú) nấu kiểu chả cá Lã Vọng,SAME,Lạc rang là tên gọi khác của đậu phộng,38072
2540,Mẻ mắm tôm,nước mẻ,fermented rice sauce,1,Cá song nướng riềng mẻ,SAME,Mẻ mắm tôm có chứa nước mẻ,38075
2541,bột chiên xù hoặc vụn bánh mì keto thì bỏ phần này,Bột (chung),flour,1,Thịt bọc trứng (Scotch egg),SAME,Bột chiên xù thuộc nhóm bột chung,38135
2542,bột ngọtđường,Bột (chung),flour,1,Tàu hủ non sauce nấm,SAME,Bột ngọt/đường thuộc nhóm bột chung,38147
2543,Khoai lang,khoai lang,sweet potato,1,Đậu hũ nhồi nấm rim nước tương,SAME,Hai tên gọi giống nhau,38151
2544,Bánh đa nem mỏng,bánh tráng,rice paper,1,Nem rế nấm hải sản,SAME,Bánh đa nem chính là bánh tráng,38155
2545,Nấm đùi gà mục nhĩ nấm hương,nấm đùi gà,king oyster mushroom,1,Nem rế nấm hải sản,SAME,Hỗn hợp nấm có chứa nấm đùi gà,38157
2546,Hành tây cà rốt,cà rốt,carrot,1,Nem rế nấm hải sản,SAME,Hỗn hợp có chứa cà rốt,38158
2548,thịt nạc vai hoặc thịt ba rọi,thịt nạc dăm,pork shoulder,1,Thịt Kho Nấm Rơm,SAME,"Nạc vai, ba rọi tương đương nạc dăm",38218
2549,kem tươi đặc crème frache,kem,cream,1,Bento - Mì Ý Sốt Kem Rau Chân Vịt Topping Cá Hồi Xông Khói,SAME,Kem tươi là một loại kem,38231
2550,đậu côve,đậu que,green beans,1,Chả tôm quinoa bọc đậu côve (baby food),SAME,Đậu côve là tên gọi khác của đậu que,38259
2551,Bột tỏi và nước tương,tỏi,garlic,1,Nui sốt kem khoai tây phô mai và thịt bò,SAME,Bột tỏi chính là tỏi dạng bột,38270
2552,bột cốt dừa,Bột (chung),flour,1,Xôi Thịt Kho Trứng,SAME,Bột cốt dừa thuộc nhóm bột chung,38322
2554,Cá mackerel dòng biển như cá bạc má cá ngân cá saba nhật cá ngừ,cá thu,mackerel,1,Cá Mackerel Chiên Nước Mắm Tỏi Ớt,SAME,Cá mackerel thường được gọi là cá thu,38335
2556,hạt hạnh nhân xay mịn cùng với ml sữa,sữa,milk,1,Hoàn thánh cá hồi sốt kem hạnh nhân,SAME,Hạnh nhân xay cùng sữa thuộc nhóm sữa,38367
2557,Mì Quảng,mì,noodles,1,Mì Quảng Tôm Thịt Sườn Trứng,SAME,Mì Quảng là một loại mì,38372
2558,Nước nhưn,nước,water,1,Mì Quảng Tôm Thịt Sườn Trứng,SAME,Nước nhưn chính là nước dùng,38373
2559,trứng cút trứng gà,trứng cút,quail eggs,1,Mì Quảng Tôm Thịt Sườn Trứng,SAME,Hỗn hợp trứng có chứa trứng cút,38377
2560,bắp chuối bào thân chuối non bào,chuối,banana,1,Mì Quảng Tôm Thịt Sườn Trứng,SAME,Bắp chuối/thân chuối thuộc bộ phận cây chuối,38393
2561,Dầu mè mật ong nước tương dầu hào,dầu hào,oyster sauce,1,Hoàn thánh tôm thịt sốt tỏi tương,SAME,Hỗn hợp có chứa dầu hào,38405
2562,Nước sốt trộn gỏi,sốt,sauce,1,Nộm đu đủ ngó sen tôm thịt,SAME,Nước sốt trộn gỏi là một loại sốt,38442
2563,Hanh lahanh tim băm nươc mămtiêubôt ngotdâu ăn,hành tím,shallot,1,Trứng chiên nấm mối đen,SAME,Hỗn hợp có chứa hành tím,38504
2565,bột bánh bò Vĩnh Thuận,Bột (chung),flour,1,Bánh bò nướng truyền thống,SAME,Bột bánh bò thuộc nhóm bột chung,38547
2568,Nguyên liệu và định lượng làm sốt cây chua ngọt,sốt,sauce,1,MÓN NUI THỊT VIÊN KÈM SỐT CAY CHUA NGỌT 🍋,SAME,Nguyên liệu làm sốt chính là sốt,38617
2569,chén bột chiên xù Topvalu,Bột (chung),flour,1,Đậu hủ trứng chà bông (baby food),SAME,Bột chiên xù thuộc nhóm bột chung,38628
2572,Bột chùm ngây hoặc rau tuỳ thích,Bột (chung),flour,1,Soup khoai tây yến mạch rau chùm ngây,SAME,Bột chùm ngây thuộc nhóm bột chung,38650
2573,Hành tím gừng,gừng,ginger,1,Bao tử heo luộc,SAME,Hỗn hợp có chứa gừng,38659
2574,Hoa cúc tần Pâquerette,hoa cúc,chrysanthemum,1,Canh Tôm Hoa Cúc Tần (Soup de Crevettes aux Pâquerette),SAME,Hoa cúc tần là một loại hoa cúc,38664
2575,ớp thịt,thịt nạc dăm,pork shoulder,1,Tôm Rang Thịt Nạc Vai Đưa Cơm Cực Kỳ,SAME,Ớp thịt (thịt nạc vai) tương đương nạc dăm,38688
2578,Tôm thẻ sú,tôm thẻ loại to,shrimp,1,Gỏi bưởi tôm thịt,SAME,Tôm thẻ sú thuộc nhóm tôm thẻ/sú,38694
2579,Chanh tỏi ớt,ớt,chili pepper,1,Bánh đúc tôm thịt,SAME,Hỗn hợp có chứa ớt,38710
2580,nồi nước lẩu thái chua cay,nước,water,1,"Lẩu Thái Hải Sản, Bò, Gà",SAME,Nước lẩu Thái thuộc nhóm nước dùng,38713
2582,Tim heo xào sẵn còn dư từ hôm nấu cháo tim,thịt heo,pork,1,Đậu Co Ve Xào Tim Heo,SAME,Tim heo là một phần thịt heo,38724
2583,tôm tươi đã làm sạch sẽ,tôm thẻ loại to,shrimp,1,Canh Rau Tập Tàng Nấu Tôm,SAME,Tôm tươi thuộc nhóm tôm thẻ,38766
2584,Rau ngỗ đầu hành lá,hành lá,green onion,1,Canh khoai mỡ nấu tôm tươi,SAME,Hỗn hợp có chứa hành lá,38833
2585,t tỏi sả bột nghệ,tỏi,garlic,1,Cá hú nướng nồi chiên không dầu,SAME,Hỗn hợp có chứa tỏi,38835
2586,bột bắp mc nước,Bột (chung),flour,1,Bí Ngòi Nhồi Thịt Bò Bằm Sốt Tỏi Gấu,SAME,Bột bắp thuộc nhóm bột chung,38859
2587,bún bún khô sợ thì nắm vừa tay,bún,rice vermicelli,1,Bún xào bò kim châm eatclean,SAME,Bún khô chính là bún,38878
2588,Hành tím tỏi hành lá ớt,hành lá,green onion,1,Thịt ba rọi kho măng,SAME,Hỗn hợp có chứa hành lá,38883
2592,thịt ba rọi,Thịt ba chỉ,pork belly,1,Bún mắm nêm thịt heo quay,SAME,Thịt ba rọi chính là thịt ba chỉ,38944
2593,Hành lá hành tím băm,hành lá,green onion,1,Đậu hủ nhồi thịt rim mắm,SAME,Hỗn hợp có chứa hành lá,38968
2594,thịt nạc vai lợn xay nhuyễn,thịt nạc dăm,pork shoulder,1,Bánh bao nhân thịt,SAME,Thịt nạc vai xay tương đương nạc dăm,38985
2595,thịt chỉ,Thịt ba chỉ,pork belly,1,Thịt sốt xì dầu,SAME,Thịt chỉ (ba chỉ) chính là ba chỉ,38994
2596,sa,cá ba sa,pangasius fish,1,Thịt băm rang sả,SAME,Sa (cá ba sa) chính là cá ba sa,39008
2598,củ hành tây củ cải trắng,hành tây,onion,1,Sườn cay Thái Lan (xương heo hầm ớt hiểm),SAME,Hỗn hợp có chứa hành tây,39042
2599,ậu bắp bạc hà,bạc hà,mint,1,Canh chua cá Basa,SAME,Bạc hà (dọc mùng) chính là bạc hà,39051
2600,Nấm kim,nấm kim châm,enoki mushroom,1,Bún hải sản,SAME,Nấm kim chính là nấm kim châm,39063
2601,sườn,sườn heo,pork ribs,1,Thịt chân giò chiên nước mắm,SAME,Sườn là sườn heo trong món này,39070
2603,Sốt thơm,sốt,sauce,1,Bánh đúc yến mạch thịt băm rang,SAME,Sốt thơm là một loại sốt,39091
2604,bơ chín tới,bơ,butter,1,"Salad Cá Hồi Xông Khói, Quả Bơ & Nụ Bạch Hoa",SAME,Bơ chín tới là quả bơ,39094
2605,Tỏi băm sả băm,tỏi,garlic,1,"Bún thịt xiên nướng, chả giò",SAME,Hỗn hợp có chứa tỏi,39100
2606,Bột chiên xù Topvalu,Bột (chung),flour,1,Chả tôm chiên xù (ăn dặm),SAME,Bột chiên xù là một loại bột,39136
2607,Hành tím hoặc dùng bột hành bột tỏi Hành tây múi cau,tỏi,garlic,1,Chả tôm chiên xù (ăn dặm),SAME,Hỗn hợp có chứa tỏi,39139
2608,bột cà ri hữu cơ,Bột (chung),flour,1,Nui gà sốt cà ri rau củ,SAME,Bột cà ri là một loại bột,39142
2609,Rau củ ăn kèm tuỳ ý,rau sống,fresh herbs,1,Nui gà sốt cà ri rau củ,SAME,Rau củ ăn kèm tương tự rau sống,39148
2611,Gia vị ướp mắm dầu hào mật ong tỏi băm,tỏi,garlic,1,Ếch sốt bơ tỏi,SAME,Hỗn hợp có chứa tỏi băm,39184
2612,Sốt ướp thịt nướng,sốt,sauce,1,Bánh hỏi - bò nướng,SAME,Sốt ướp thịt là một loại sốt,39195
2615,cải xà lách xoong cải xoong,cải xoong,watercress,1,Canh Xà Lách Xoong Nấm Mỡ & Cồi Sò Điệp,SAME,Xà lách xoong chính là cải xoong,39213
2616,súp nêm vị gà,súp,soup,1,Canh Xà Lách Xoong Nấm Mỡ & Cồi Sò Điệp,SAME,Súp nêm là một loại súp,39216
2617,sốt tương đen,sốt,sauce,1,Đậu phụ sốt tương đen,SAME,Sốt tương đen là một loại sốt,39218
2618,Nước sốt dầu dấm,dấm,vinegar,1,Vào bếp cùng con: salad rau hỗn hợp,SAME,Nước sốt dầu dấm có chứa dấm,39251
2619,giò heo bắp trên,thịt heo,pork,1,Giò heo nạc kho trứng,SAME,Giò heo là bộ phận từ thịt heo,39258
2620,Xà lách rau húng cải tím,cải,mustard greens,1,Gỏi bò,SAME,Hỗn hợp có chứa cải tím,39280
2621,bột chiên xù Miwon,Bột (chung),flour,1,Thịt lợn chiên giòn,SAME,Bột chiên xù là một loại bột,39296
2622,bột chiên xù Topvalu,Bột (chung),flour,1,Khoai tây bọc tôm chiên xù (baby food),SAME,Bột chiên xù là một loại bột,39320
2623,ml nước cốt dừa cream yến mạch,sữa dừa,coconut milk,1,Soup bắp hải sản (không bột năng),SAME,Hỗn hợp nước cốt dừa là sữa dừa,39326
2624,Dầu hào bột canh dầu ăn g lạc rang,Bột (chung),flour,1,Thịt đùi gà xào lăn,SAME,Bột canh là một loại bột,39375
2625,Lá tỏi gấu non mùa xuân,tỏi,garlic,1,Lá Tỏi Gấu Cuộn Bò Bằm Xiên Que Nướng,SAME,Lá tỏi gấu là một loại tỏi,39380
2627,hành tím dầu ăn,hành tím,shallot,1,Gỏi xoài tôm khô,SAME,Hỗn hợp có chứa hành tím,39409
2628,lá cẩm,lá,leaves,1,Rau câu sữa dừa lá cẩm,SAME,Lá cẩm là một loại lá,39423
2629,Sốt ướp BBQ brown sugar,đường,sugar,1,Dẻ sườn bò nướng,SAME,Sốt có đường (brown sugar) là đường,39430
2630,Nấm kim châm bông cải,nấm kim châm,enoki mushroom,1,Dẻ sườn bò nướng,SAME,Hỗn hợp có chứa nấm kim châm,39431
2631,hành tây củ gừng nhỏ,gừng,ginger,1,Cháo mực,SAME,Hỗn hợp có chứa gừng,39455
2632,Gừng hành tím tỏi ớt,ớt,chili pepper,1,Da heo luộc chấm mắm nêm,SAME,Hỗn hợp có chứa ớt,39483
2633,Phô mai emmental,phô mai,cheese,1,Bánh Mì Thịt Nguội Và Phô Mai Emmental,SAME,Emmental là một loại phô mai,39509
2634,Bơ salted butter,bơ,butter,1,Bánh Mì Thịt Nguội Và Phô Mai Emmental,SAME,Salted butter là bơ mặn,39511
2636,bì đậu hũ,đậu hũ,tofu,1,Thịt kho măng đậu hũ,SAME,Bì đậu hũ làm từ đậu hũ,39516
2637,mì mama Thái chua cay,mì,noodles,1,Mì Gói Mama Tôm Cà Chua & Ớt Sa Tế Siêu Cay 🌶,SAME,Mì mama là thương hiệu mì gói,39530
2639,cải Endive lớn hoặc cây nhỏ Endive còn được gọi là rau diếp trắng,cải diếp,lettuce,1,Salad Rau Diếp Xoăn Trắng (Endive) Táo & Thịt Nguội,SAME,Cải Endive còn gọi là rau diếp trắng,39547
2640,giá đỗ,giá,bean sprouts,1,Món chay: Canh rau ngót giá đỗ,SAME,Giá đỗ chính là giá,39563
2641,mướp hương,mướp,luffa,1,Món chay: Canh rau ngót giá đỗ,SAME,Mướp hương là một loại mướp,39564
2642,Tôm size nhỡ ăn sẽ ngon hơn tôm to,tôm thẻ loại to,shrimp,1,Bún Tôm Hải Phòng Keto,SAME,Tôm nhỡ và tôm thẻ to là tôm,39571
2643,Cần tây tỏi tây củ hành tây điểm cà rốt,tỏi,garlic,1,Mực xào cần tỏi tây,SAME,Hỗn hợp có chứa tỏi tây,39585
2644,Boa rô rau mùi ta ngò rí,rau ngò rí,coriander leaves,1,Bánh canh nấm,SAME,Ngò rí chính là rau ngò rí,39615
2645,nấm sò,nấm bào ngư,oyster mushroom,1,Mì Soba Súp Bò Nấm,SAME,Nấm sò còn gọi là nấm bào ngư,39619
2647,Hành lá ngò thơm,hành lá,green onion,1,Hủ Tiếu Măng Gà Nấm,SAME,Hỗn hợp có chứa hành lá,39712
2648,Húng Quế,rau húng chó,mint,1,Cơm Chiên Rau Xanh,SAME,Húng quế là một loại rau húng chó,39734
2649,Thịt,thịt nạc dăm,pork shoulder,1,Trứng hấp sốt tôm thịt cho bé,SAME,Thịt trong món này là thịt nạc dăm,39753
2650,Tỏi hành lá ớt xắt nhỏ,hành lá,green onion,1,Đậu hũ sa tế,SAME,Hỗn hợp có chứa hành lá,39780
2651,Bột ớt,ớt,chili pepper,1,Canh thịt heo (돼지국밥),SAME,Bột ớt là ớt,39786
2652,mắm hàn quốc,nước mắm,fish sauce,1,Canh thịt heo (돼지국밥),SAME,Mắm Hàn Quốc thường là nước mắm,39788
2653,Mì quảng,mì,noodles,1,Mì quảng ếch,SAME,Mì quảng là một loại mì,39795
2654,chanh ưu tiên chanh vàng,chanh,lime,1,Surf n Turf (Steak và hải sản),SAME,Chanh vàng là một loại chanh,39814
2655,bột số,bột mì,wheat flour,1,Mushroom Bun 🍄 bánh mì ngọt hình nấm 🍄,SAME,Bột số (thường là số 8/11) là bột mì,39820
2656,Giò nhỏ,giò,pork sausage,1,Súp gà nấm bổ dưỡng,SAME,Giò là giò heo trong súp,39830
2657,cải đỏ cà rốt,cà rốt,carrot,1,"Hủ Tíu Ức Gà, Nấm & Rau Củ",SAME,Cải đỏ là cách gọi khác của cà rốt,39856
2658,bao tử cá lóc,cá lóc,snakehead fish,1,Lòng cá lóc xào dưa chua,SAME,Bao tử cá lóc thuộc con cá lóc,39891
2659,rau ôm ngò gai,ngò gai,culantro,1,Lòng cá lóc xào dưa chua,SAME,Hỗn hợp có chứa ngò gai,39895
2660,thịt xay ướp hoặc thịt thái nhỏ ướp,Thịt băm,Minced pork,1,Nui sao xào thịt rau củ,SAME,Thịt xay chính là thịt băm,39897
2664,Rau củ ớt chuông đậu que bắp,ớt,chili pepper,1,Pizza khoai tây hải sản,SAME,Hỗn hợp có chứa ớt chuông,39945
2665,Rau củ hỗn hợp,cải,mustard greens,1,Cơm nắm ruốc cá hồi,SAME,Rau củ hỗn hợp chứa các loại cải,39952
2666,Hat nêmdâu ănbôt ngotmăm ruôchanh tim,hành tím,shallot,1,Canh rau lang nấu tôm tươi,SAME,Hỗn hợp có chứa hành tím,39973
2667,ớt chuông đỏ xanhvàng,ớt,chili pepper,1,Ớt chuông xào thịt bò,SAME,Ớt chuông là một loại ớt,39998
2668,quenelle vegetarian,chay,vegetarian,1,💚 Quenelle Vegetarian Sốt Nấm Đút Lò,SAME,Quenelle vegetarian là đồ chay,40014
2669,Sốt cà ri đặc kiểu hủ cà ri dầu hiệu ng Chà Và ở VN,sốt,sauce,1,💚 Quenelle Vegetarian Sốt Nấm Đút Lò,SAME,Cà ri dầu là một loại sốt,40018
2670,lá ngò hoặc rau răm rau húng lủi,rau răm,vietnamese coriander,1,Nấm Bào Ngư Hấp Sả Chấm Mắm Gừng,SAME,Hỗn hợp có chứa rau răm,40027
2672,Nước đậu nành,sữa đậu nành,soy milk,1,Đậu hũ trứng chiên giòn,SAME,Nước đậu nành chính là sữa đậu nành,40078
2673,hành lá ngò thơm,hành lá,green onion,1,Canh Bí Đao Bào Nấu Tôm Tươi,SAME,Hỗn hợp có chứa hành lá,40084
2674,Khay rau củ thập cẩm mua siêu thị,rau sống,fresh herbs,1,Cơm chiên rau củ thập cẩm,SAME,Rau củ thập cẩm tương tự rau sống,40115
2675,Cá hồng,cá diêu hồng,tilapia,1,Cá hồng biển chiên,SAME,Cá hồng và cá diêu hồng tương đồng,40118
2676,lá chua me đất,lá me,tamarind leaves,1,Canh cá nấu chua me đất,SAME,Chua me đất dùng lấy vị chua như lá me,40130
2677,đuôi cá Monkfish nhỏ,cá mặt quỷ,stonefish,1,Món Pháp - Cá Thầy Tu Bọc Bacon Nướng Lá Thơm,SAME,Cá Monkfish/Thầy Tu chính là cá mặt quỷ,40134
2678,sả ớt băm,ớt,chili pepper,1,Sườn chay dồn thịt chiên,SAME,Hỗn hợp có chứa ớt băm,40149
2679,thịt cốt lết Iberico,cốt lết,pork chop,1,Thịt Cốt Lếch Iberico Ram,SAME,Thịt cốt lết Iberico là thịt cốt lết,40154
2680,Boa rô dâu ăn hat nêm chay muôi ngo ri,chay,vegetarian,1,"Canh chay rong biển đậu hủ,nấm hương và tàu hủ ky",SAME,Món canh chay là đồ chay,40232
2681,sươn chay ga,chay,vegetarian,1,"Bánh canh chay sườn chay gà,đậu hủ và nấm bào ngư",SAME,Sườn chay gà là đồ chay,40233
2683,Chanh ơt trai,chanh,lime,1,"Bánh bột lọc chay nhân tàu hủ ky,nấm mèo và cà rốt",SAME,Chanh ớt chứa chanh,40253
2684,dầu ăn mình dùng dầu mè loại dùng cho nấu nướng,Mè (Vừng),sesame seeds,1,🌱 Đậu Hủ Sốt Cà (Vegan),SAME,Dầu mè chiết xuất từ mè (vừng),40277
2685,Hanh láhanh tim băm nho,hành tím,shallot,1,Cá thác lác trộn thịt heo chiên,SAME,Hỗn hợp có chứa hành tím,40282
2686,agar,rau câu,agar / agar-agar,1,Khổ qua dồn cá thác lác,SAME,Agar là bột làm rau câu,40293
2687,jelly,bột rau câu,agar powder,1,Khổ qua dồn cá thác lác,SAME,Jelly là thạch/rau câu,40294
2688,vani,vani,vanilla,1,Khổ qua dồn cá thác lác,SAME,Vani là vani,40295
2689,miêng sươn chay,chay,vegetarian,1,"Sườn chay,đậu hủ chiên,xào giá và cà rốt",SAME,Sườn chay là đồ chay,40326
2690,gia,gia vị,seasoning,1,"Sườn chay,đậu hủ chiên,xào giá và cà rốt",SAME,Gia là viết tắt của gia vị,40328
2691,nươc côt chanh,chanh,lime,1,Cá trê chiên giòn,SAME,Nước cốt chanh là chanh,40336
2692,Mắm gia vị,gia vị,seasoning,1,Canh sườn bò củ cải,SAME,Mắm gia vị là một loại gia vị,40360
2693,xôi nguội còn dư,xôi,sticky rice,1,Cháo Sườn Nấm - Món Dễ Ăn Cho Người Bệnh,SAME,Xôi nguội làm từ xôi,40390
2694,con tôm,tôm thẻ loại to,shrimp,1,Canh Khoai Môn Bào Nấu Tôm Thịt,SAME,Con tôm thuộc nhóm tôm,40413
2695,Tương ớt dầu hào nước tương,ớt,chili pepper,1,SP.0696 - Thịt Rim Xốt Cay,SAME,Hỗn hợp tương ớt có chứa ớt,40420
2696,Vi cá,cá,fish,1,Súp Vi Cá,SAME,Vi cá là bộ phận của cá,40436
2697,Hat nêmdâu ănmuôitiêuhanh timhanh lá,lá,leaves,1,Canh rong biển nấu đậu hủ và thịt bằm,SAME,Hỗn hợp có chứa hành lá,40450
2698,nấm hương và mộc nhĩ,nấm hương,shiitake mushroom,1,Chả nem tôm cua bề bề,SAME,Hỗn hợp có chứa nấm hương,40460
2699,thịt lợn nửa nạc nửa mỡ,nạc heo,lean pork,1,Nem lụi/ Chạo heo bọc sả,SAME,Thịt nửa nạc nửa mỡ là nạc heo,40497
2700,a nem,bánh tráng,rice paper,1,Nem lụi/ Chạo heo bọc sả,SAME,Lá nem chính là bánh tráng,40503
2701,hạt sen,sen,lotus,1,Đậu hũ non từ hạt sen sốt cam,SAME,Hạt sen là một phần của cây sen,40518
2706,rau nêm canh chua tỏi phi gia vị,tỏi,garlic,1,🔸️CANH CHUA CÁ HÚ BẮP CẢI,SAME,Có chứa thành phần tỏi phi,40574
2707,đậu hủ lụa hoặc đậu hủ chiên càng ngon,đậu non,silken tofu,1,🌱 Canh Chua Bắp Chuối & Nấm Chay (Vegan),SAME,Đậu hũ lụa chính là đậu hũ non,40585
2708,Rau canh chua ngò om ngò gai hành lá,hành lá,green onion,1,🌱 Canh Chua Bắp Chuối & Nấm Chay (Vegan),SAME,Có chứa thành phần hành lá,40587
2709,nui sao,nui,pasta,1,Nui sao thịt bằm rau củ,SAME,Nui sao là một hình dạng của nui,40590
2711,Hành tím tép tỏi cây hành lá,hành lá,green onion,1,"Món Kho quẹt kết hợp rau luộc, cơm cháy",SAME,Có chứa thành phần cây hành lá,40603
2712,nước tương hành lá gia vị nêm nếm,hành lá,green onion,1,🔸️THỊT BA CHỈ RIM CHAO,SAME,Có chứa thành phần hành lá,40652
2713,bơ sáp,bơ,butter,1,Vào bếp cùng con: Taco tôm với tortilla từ bột mì và sốt salsa xoài,SAME,Bơ sáp là một giống bơ ăn quả,40661
2714,ớt hành lá,hành lá,green onion,1,Cá chỉ vàng kho tiêu,SAME,Có chứa thành phần hành lá,40684
2715,Gia vị ướp cá,cá,fish,1,Cá hồi lăn vụn dừa,SAME,Cụm từ chỉ nguyên liệu cá đã tẩm ướp,40692
2717,cà ri dầu,bột cà ri,Curry powder,1,Phá lấu sách bò,SAME,Cà ri dầu là một dạng sốt/bột cà ri,40718
2718,bột nấu bò kho,Bột (chung),flour,1,Phá lấu sách bò,SAME,Bột nấu bò kho thuộc nhóm bột gia vị,40719
2719,hành tỏi gia vị nêm nếm,tỏi,garlic,1,🔸️THỊT BĂM RANG TÔM MẶN NGỌT,SAME,Có chứa thành phần tỏi,40737
2720,c trứng vịt c trứng gà,trứng vịt,duck egg,1,🔸️THỊT CHƯNG TRỨNG & NẤM RƠM,SAME,Có chứa thành phần trứng vịt,40739
2721,hành ngò gia vị nêm nếm,hành ngò,scallion cilantro,1,🔸️CANH BÍ ĐỎ THỊT BĂM,SAME,Hành ngò là sự kết hợp hành và ngò,40749
2722,sả băm mcp ớt băm,ớt,chili pepper,1,🔸️ỨC GÀ XÀO SẢ ỚT VỚI NẤM ĐÙI GÀ BABY,SAME,Có chứa thành phần ớt băm,40759
2723,củ hành tím cây hành lá,hành lá,green onion,1,Thịt ba chỉ rang cháy cạnh,SAME,Có chứa thành phần cây hành lá,40764
2724,ớt chuông xanh gr,ớt,chili pepper,1,🔸️ỚT CHUÔNG XANH XÀO THỊT BĂM,SAME,Ớt chuông là một loại ớt,40765
2728,Mơ hanh,mơ,apricot,1,Bánh tráng kẹp bánh ít nhân tôm thịt,SAME,Mơ hanh là tên gọi khác của quả mơ,40845
2729,thịt heo bằm,Thịt băm,Minced pork,1,Cháo Thịt Bằm Nấu Từ Nước Luộc Gà,SAME,Thịt heo bằm chính là thịt băm,40867
2730,trai tim heo,thịt heo,pork,1,"Tim heo xào bông cải xanh,su su và bắp cải",SAME,Tim heo thuộc nhóm thịt heo,40899
2733,bạc hà cắt mỏng,bạc hà,mint,1,Canh chua cá bớp,SAME,Bạc hà (dọc mùng) cắt mỏng,40939
2734,ớt chuông cam cắt mỏng,ớt,chili pepper,1,Canh chua cá bớp,SAME,Ớt chuông thuộc nhóm ớt,40941
2735,Dầu ăn dầu mè dầu hào,Mè (Vừng),sesame seeds,1,Phở xào vét tủ super rau,SAME,Dầu mè chiết xuất từ mè (vừng),40958
2737,Rau cải bông xanh cải bông trắng,bông cải,broccoli,1,Cơm gà nghệ nấu nấm hương,SAME,Cải bông chính là bông cải,40975
2740,Cá chiên,cá mặt quỷ,stonefish,1,Cá Thầy Tu (Monkfish) Chiên Kèm Bún Tàu Xào Tương Hột,SAME,Cá chiên (Monkfish) trong món là cá mặt quỷ,41012
2741,tinh bột bắp,Bột (chung),flour,1,Cá Thầy Tu (Monkfish) Chiên Kèm Bún Tàu Xào Tương Hột,SAME,Tinh bột bắp thuộc nhóm bột chung,41014
2742,Bún tàu xào tương hột,bún,rice vermicelli,1,Cá Thầy Tu (Monkfish) Chiên Kèm Bún Tàu Xào Tương Hột,SAME,Bún tàu là một loại bún,41016
2743,sách bò hoặc nguyên liệu nấu phá lấu,thịt bò,beef,1,Sách bò xào gia vị phá lấu,SAME,Sách bò thuộc các phần của thịt bò,41024
2744,Tỏi tây có,tỏi,garlic,1,"Thịt bò xào khoai tây, cần tây",SAME,Tỏi tây (boa-rô) thường được gán vào nhóm tỏi,41031
2748,tỏi củ hành tím,tỏi,garlic,1,Mì Quảng tôm càng,SAME,Có chứa thành phần tỏi,41116
2749,Sốt tương trộn,sốt,sauce,1,Rice Bowl - Cơm Quinoa Trộn Ức Gà Xé & Rau Quả Tươi,SAME,Sốt tương trộn là một loại sốt,41123
2750,hành tỏi phi,tỏi,garlic,1,Rice Bowl - Cơm Quinoa Trộn Ức Gà Xé & Rau Quả Tươi,SAME,Có chứa thành phần tỏi phi,41124
2753,Hành tây tỏi băm,tỏi,garlic,1,Thịt viên Thuỵ Điển,SAME,Có chứa thành phần tỏi băm,41162
2754,bột mì đa dụng,Bột (chung),flour,1,Thịt viên Thuỵ Điển,SAME,Bột mì đa dụng thuộc nhóm bột chung,41169
2757,Hành gừng,gừng,ginger,1,Thịt luộc,SAME,Có chứa thành phần gừng,41220
2758,Dầu gạo,dầu ăn,Vegetable Oil,1,SP.0692 - Rau Đắng Xào Tỏi,SAME,Dầu gạo là một loại dầu ăn,41225
2759,dầu bào ngư,dầu hào,oyster sauce,1,SP.0691 - Thăn Heo Xào Ngồng Tỏi,SAME,Dầu bào ngư là tên gọi khác dầu hào,41229
2762,Cà rốt củ cải trắng,cà rốt,carrot,1,Bánh canh ghẹ chả cá,SAME,Có chứa thành phần cà rốt,41279
2763,Hành lá hành củ rau răm chanh ớt,hành lá,green onion,1,Bánh canh ghẹ chả cá,SAME,Có chứa thành phần hành lá,41280
2764,Cà rốt hành lá,hành lá,green onion,1,Chạo mực bọc xả,SAME,Có chứa thành phần hành lá,41295
2766,bột chùm ngây,Bột (chung),flour,1,Cơm chiên rau chùm ngây tôm,SAME,Bột chùm ngây thuộc nhóm bột chung,41311
2768,ế Bánh,bánh,cake,1,"Pizza Đế Mỏng Với Sốt Cà Homemade, Nấm, & Thịt Nguội",SAME,Đế bánh pizza là một loại bánh,41360
2769,ớt chuông xắt hạt lựu,ớt,chili pepper,1,Salad trứng trộn rau củ,SAME,Ớt chuông thuộc nhóm ớt,41398
2771,tôm xám trứng,tôm thẻ loại to,shrimp,1,Tôm Xám Trứng Ram Mặn,SAME,Tôm xám kích cỡ lớn gán vào tôm thẻ to,41419
2772,củ hành trắng,Hành,Scallion,1,Ba rọi bò xào củ hành,SAME,Củ hành trắng (hành tây) là một loại hành,41438
2774,Bánh canh mua hoặc tự làm,bánh,cake,1,Bánh Canh Tôm Nấm,SAME,Bánh canh là một loại bánh/sợi,41477
2775,Thịt ướp gia vị,gia vị,seasoning,1,Scotch Eggs - Thịt Bọc Trứng Lòng Đào,SAME,Thịt đã ướp bao gồm cả gia vị,41485
2776,bột hành khô,Bột (chung),flour,1,Scotch Eggs - Thịt Bọc Trứng Lòng Đào,SAME,Bột hành khô thuộc nhóm bột gia vị,41488
2777,T tương ớt,ớt,chili pepper,1,Tôm rim cay ngọt,SAME,Tương ớt làm từ ớt,41495
2779,Thịt nạc chiên xá,nạc heo,lean pork,1,"Cơm Chiên Thập Cẩm (Tỏi, Trứng, Thịt Xá Xíu)",SAME,Thịt nạc xá xíu thuộc nhóm nạc heo,41549
2780,phi lê cá bơn Limande,lườn cá,fish fillet,1,Gỏi Cuốn Phi Lê Cá Bơn Chiên Giòn,SAME,Phi lê cá là phần lườn cá,41555
2783,Bột nổi,Bột (chung),flour,1,Tôm chiên phồng,SAME,Bột nổi thuộc nhóm bột gia trợ,41603
2784,tương ớt ăn kèm,ớt,chili pepper,1,Tôm chiên phồng,SAME,Tương ớt làm từ ớt,41605
2785,Ngò rí ớt,ớt,chili pepper,1,Súp bồ câu củ sen nấm đông trùng hạ thảo,SAME,Có chứa thành phần ớt,41616
2788,Mì nưa,mì,noodles,1,Mì nưa xào rau nấm,SAME,Mì nưa là một loại mì (keto),41675
2790,gio heo,thịt heo,pork,1,Bún Bò Huế Giò Heo Huyết Chả,SAME,Giò heo thuộc nhóm thịt heo,41713
2791,thịt giò heo,thịt heo,pork,1,Thịt Nấu Đông,SAME,Thịt giò heo thuộc nhóm thịt heo,41728
2792,Sốt cà,sốt,sauce,1,Cá lóc chiên xù sốt chua ngọt cho bé,SAME,Sốt cà (cà chua) là một loại sốt,41746
2793,bột cà ri n,Bột (chung),flour,1,Cà ri rau củ,SAME,Bột cà ri thuộc nhóm bột gia vị,41790
2795,Bún Rice noodles,gạo,rice,1,Bún bò chua cay,SAME,Bún làm từ thành phần chính là gạo,41828
2796,nước ép thơm,nước ép dứa,pineapple juice,1,Bò xào cần tây ớt chuông,SAME,Nước ép thơm chính là nước ép dứa,41843
2798,sốt spaghetti,mì spaghetti,spaghetti,1,Nui spaghetti bò-instant pot,SAME,Sốt spaghetti dùng cho mì spaghetti,41875
2799,củ hành trắng băm nhỏ,Hành,Scallion,1,Nui spaghetti bò-instant pot,SAME,Củ hành trắng là một loại hành,41877
2801,Dầu ăn g bơ nhạt để chiên cá cho thơm,bơ,butter,1,Bún cá Hải Phòng,SAME,Bơ nhạt là một loại bơ,41883
2802,bột sư tử cho cá vàng đẹp thơm,Bột (chung),flour,1,Bún cá Hải Phòng,SAME,Bột sư tử là một loại bột,41886
2803,hành củ tỏi gia vị,tỏi,garlic,1,Cá nướng riềng mẻ,SAME,Raw name chứa tỏi,41940
2804,lát ham,thịt nguội,ham,1,Cá kho rau củ,SAME,Lát ham là thịt nguội,41980
2805,nghệ hoặc bột saffron tuỳ thích,Bột (chung),flour,1,Thịt Gà Luộc,SAME,Bột saffron là một loại bột,41993
2806,suờn heo,thịt heo,pork,1,Măng Hầm Sườn Heo,SAME,Sườn heo là thịt heo,42001
2807,hành tím và tỏi,tỏi,garlic,1,Măng Hầm Sườn Heo,SAME,Raw name chứa tỏi,42003
2808,lá ngò trang để trang trí,lá,leaves,1,Tôm Hấp Sả,SAME,Lá ngò là một loại lá,42007
2809,vi cá khô,cá,fish,1,Súp Gà Vi Cá,SAME,Vi cá khô là từ cá,42011
2810,Hài cốt gà xương cục xương,xương gà,chicken bones,1,Bún hải sản mẹ Nga!,SAME,Xương cục xương là xương gà,42030
2812,rượu vang đỏ,rượu,cooking wine,1,Món Pháp - Bourguignon De Boeuf (Bò Hầm Rượu Vang Đỏ),SAME,Rượu vang đỏ là rượu,42049
2814,Bột xá xíu muỗng canh đầy,Bột (chung),flour,1,Xá xíu nấm đùi gà,SAME,Bột xá xíu là một loại bột,42064
2815,ăn,rau sống,fresh herbs,1,Thịt Bò Xào Hành Tây Lá Lốt,SAME,Ăn kèm thường là rau sống,42075
2816,lá hương thảo xạ hương,lá hương thảo,rosemary,1,Bò beefsteak sốt kem nấm,SAME,Lá hương thảo gán đúng,42082
2817,Sốt Tương xào,sốt,sauce,1,Nui Trộn Thịt Vẹm & Rau Củ Sốt Tương Xào,SAME,Sốt tương xào là sốt,42104
2818,Móng giò rút xương luộc sẵn,giò,pork sausage,1,Móng giò rau tiến vua ngâm mắm,SAME,Móng giò là giò,42117
2820,Hành tỏi ớt băm,ớt,chili pepper,1,Mực nướng sa tế - heo rừng nướng chao,SAME,Raw name chứa ớt,42141
2821,Sữa đặc ông thọ,sữa,milk,1,Bánh ướt thịt nướng,SAME,Sữa đặc là sữa,42152
2822,hanh tim băm nho,hành tím,shallot,1,Tôm rim thịt,SAME,Hành tím băm là hành tím,42159
2824,dâu mè,Mè (Vừng),sesame seeds,1,Bún thịt nướng xiên que,SAME,Dầu mè chiết xuất từ mè,42228
2825,Thịt ram ngũ vị,nạc thăn,pork tenderloin,1,Mì Trộn Nước Tương Tỏi Ớt & Thịt Thăn Heo Ram,SAME,Thịt ram dùng nạc thăn,42254
2826,Sốt Teriyaki Teriyaki sauce,sốt,sauce,1,Salad cá hồi chín tái sốt teriyaki (Salad with medium-rare teriyaki salmon),SAME,Sốt Teriyaki là sốt,42272
2827,Lá cải salad leaves,lá,leaves,1,Salad cá hồi chín tái sốt teriyaki (Salad with medium-rare teriyaki salmon),SAME,Lá cải là lá,42277
2829,Bún tàu miến,bún,rice vermicelli,1,Chả cua thịt trứng,SAME,Bún tàu là miến (dạng bún),42307
2830,Pha sốt,sốt,sauce,1,Cá hấp tương,SAME,Pha sốt tạo ra sốt,42313
2831,mỳ chính bột canh iốt,Bột (chung),flour,1,Mỳ tôm rau ngót,SAME,Bột canh là một loại bột,42324
2832,Nếu bạn thích ăn béo có thể vừa bắp giò vừa ba chỉ,giò,pork sausage,1,Thịt kho đông,SAME,Bắp giò là giò,42333
2834,Bột rau câu dòn,Bột (chung),flour,1,Rau câu Chép Koi,SAME,Bột rau câu là bột,42409
2835,Dừa tươi,nước dừa,coconut water,1,Rau câu Chép Koi,SAME,Dừa tươi dùng lấy nước dừa,42410
2837,Nước cốt dâu,nước cốt,extract,1,Rau câu Chép Koi,SAME,Nước cốt dâu là nước cốt,42413
2838,Cà phê hoà tan,café,coffee,1,Rau câu Chép Koi,SAME,Cà phê là café,42414
2840,Khoai lang cà rốt củ sen hạt sen nấm đông cô táo đỏ,cà rốt,carrot,1,Miến canh dừa rau củ chay (Lẩu sen dừa chay),SAME,Raw name chứa cà rốt,42483
2841,bột ngọttuỳ sở thích,mỳ chính,MSG,1,Canh Mực Lá Nấu Ngót,SAME,Bột ngọt là mỳ chính,42495
2843,bột khoai tây,Bột (chung),flour,1,Chả Mực,SAME,Bột khoai tây là bột,42551
2844,Topping chả lụa xúc xích tôm thịt tuỳ ý,topping,topping,1,Bánh xèo rau củ,SAME,Các loại trên là topping,42564
2845,sốt Chuno Chuno sauce,sốt,sauce,1,Giản dị Okonomiyaki với đậu phụ (Simple okonomiyaki with tofu),SAME,Sốt Chuno là sốt,42589
2846,Tôm,ram tôm,shrimp rolls,1,Chả ram tôm,SAME,Tôm để làm ram tôm,42601
2847,Ram,ram,fried spring rolls,1,Chả ram tôm,SAME,Ram là chả ram,42603
2848,Rau thơm nửa quả chanh tương ớt,ớt,chili pepper,1,Bún thịt heo,SAME,Tương ớt chứa ớt,42609
2849,Sốt kem nấm,nấm,mushroom,1,Cá Hồi Nướng Sốt Kem Nấm,SAME,Sốt kem nấm chứa nấm,42621
2850,Hành tây bột hành tây,Bột (chung),flour,1,Bánh mực cho bé,SAME,Bột hành tây là bột,42650
2851,ớt chuông đỏ rửa sạch bổ đôi bỏ hột cắt sợi,ớt,chili pepper,1,Gỏi cuốn rau mầm cải đỏ,SAME,Ớt chuông là ớt,42656
2853,thạch cao phi,gia vị,seasoning,1,Mứt rau câu,SAME,Thạch cao phi là gia vị,42677
2855,Gừng sả,sả,lemongrass,1,Bắp bò ngâm mắm,SAME,Raw name chứa sả,42684
2856,ngao biển,nghêu,clam,1,Canh Rau Mồng Tơi Nấu Ngao Mát Lành,SAME,Ngao biển là nghêu,42686
2857,Tỏi ngâm ớt,ớt,chili pepper,1,Thịt Vịt Luộc Chấm Nước Mắm Gừng Tỏi Ớt,SAME,Raw name chứa ớt,42691
2858,cá phèn,cá phèn hồng,red mullet,1,Cá phèn kho,SAME,Cá phèn là cá phèn hồng,42724
2859,dưa cải lá súp lơ,dưa cải,pickled mustard greens,1,Dưa Cải Chua Lá Súp Lơ Trộn Tôm Khô Chua Ngọt,SAME,Dưa cải làm từ súp lơ,42735
2860,Lá ngò trang trí không bắt buộc,lá,leaves,1,Cà Chua Nhồi Thịt Nướng & Cơm Nóng,SAME,Lá ngò là lá,42758
2861,Rau xanh ăn kèm tuỳ chọn,rau mầm,microgreens,1,Cà Chua Nhồi Thịt Nướng & Cơm Nóng,SAME,Rau xanh có thể là rau mầm,42759
2862,sả củ tỏi củ hành nhánh gừng bằng ngón tay cái,tỏi,garlic,1,Thịt bò nhúng mẻ,SAME,Raw name chứa tỏi,42765
2863,Lá estragon khô,lá,leaves,1,Nui Ống Sốt Thịt Heo Xào Cà Chua,SAME,Lá estragon là lá,42777
2864,nước luộc gà,thịt gà,chicken,1,Mì Tôm Trứng Các Loại Giò Và Nước Ninh Gà,SAME,Nước luộc gà từ thịt gà,42793
2865,t tươi chanh,chanh,lime,1,Bún bò xào sả,SAME,Raw name chứa chanh,42813
2866,sốt dầu trứng,mayonnaise,mayonnaise,1,Bánh mì ciabatta kẹp cá ngừ bò sốt mayonnaise và quả tầm bóp (thù lù),SAME,Sốt dầu trứng là mayonnaise,42826
2870,cu ca rôt rau răm,rau răm,vietnamese coriander,1,Gỏi đu đủ tôm thịt,SAME,Raw name chứa rau răm,42872
2871,Nươc mămđương chanh,chanh,lime,1,Gỏi đu đủ tôm thịt,SAME,Raw name chứa chanh,42873
2872,âu phông rang gia nho mè rang hanh phiơttỏi,Mè (Vừng),sesame seeds,1,Gỏi đu đủ tôm thịt,SAME,Raw name chứa mè,42874
2873,Rau thơm ngò gai húng quế rau ngo om,rau thơm,herbs,1,Canh chua cá linh bông điên điển,SAME,Húng quế là rau thơm,42887
2874,Lá súp lơ trắng,súp,soup,1,Lá Bông Cải Trắng (Súp Lơ) Xào Bò Bằm,SAME,Lá súp lơ là súp lơ,42890
2876,Tỏi sả thì là,tỏi,garlic,1,Cá điêu hồng chiên sốt chanh dây + cải bó xôi,SAME,Raw name chứa tỏi,42902
2877,Tỏi ớt đâm nhuyễn,hành tỏi ớt,garlic chili mix,1,Khô Cá Haddock (Cá Tuyết Chấm Đen) Chiên Giòn Chấm Mắm Me,SAME,Raw name chứa hành tỏi ớt,42959
2878,Cá basa phi lê cắt,cá ba sa,pangasius fish,1,Chả cá Lã Vọng Hà Nội,SAME,Cá basa là cá ba sa,42960
2879,Hành lá hành tây,hành lá,green onion,1,Chả cá Lã Vọng Hà Nội,SAME,Raw name chứa hành lá,42963
2883,Dâu hao đương hat nêm nươc tương mât ong dâu mè,Mè (Vừng),sesame seeds,1,Bún thịt nướng từ nồi chiên không dầu,SAME,Dầu mè chiết xuất từ mè,43028
2886,Bột rau câu giòn,Bột (chung),flour,1,Rau câu cafe cốt dừa,SAME,Bột rau câu là bột,43081
2887,Rau mùi tàu rau thì là,thì là,dill,1,Canh cá,SAME,Raw name chứa thì là,43106
2888,lá rau tần dày,thảo mộc,herbs,1,Nấm Rơm Nấu Lá Me,SAME,Rau tần dày là thảo mộc,43113
2889,Phần topping,topping,topping,1,"Súp Bắp 3 Loại Nấm (Nấm Mỡ, Nấm Hương, Nấm Bào Ngư) - Vegetarian",SAME,Nấm là phần topping,43145
2890,cá phèn đổng,cá đổng,threadfin bream,1,Cá phèn đổng kho,SAME,Cá phèn đổng là cá đổng,43150
2891,tôm và càng tôm hùm đã luộc chín,tôm hùm,lobster,1,Udon hải sản,SAME,Càng tôm hùm là tôm hùm,43162
2892,lá ngò để trang trí,lá,leaves,1,Đậu Hũ Kho Nấm,SAME,Lá ngò là lá,43168
2893,Hành tây tỏi hành tím hành ngò,tỏi,garlic,1,Cơm chiên kimchi bò xúc xích 🍳,SAME,Raw name chứa tỏi,43199
2894,Tương đen tương ớt ăn phở,ớt,chili pepper,1,Phở Tái Đơn Giản Với Viên Súp Phở Bò 🍲,SAME,Tương ớt chứa ớt,43209
2895,Thịt lợn,thịt heo,pork,1,Thịt rang lá mắc mật,SAME,Thịt lợn là thịt heo,43211
2896,Tỏi gừng,tỏi,garlic,1,Cá điêu hồng chưng tương,SAME,Raw name chứa tỏi,43218
2897,chân giò cái chân trước,giò,pork sausage,1,Thịt Chân Giò Nấu Đông - Món Ngon Cho Ngày Tết Cổ Truyền 🧧 🧧,SAME,Chân giò là giò,43220
2898,Phô mai cheddar,phô mai,cheese,1,"Pizza Thịt Nguội, Phô Mai và Olive",SAME,Phô mai cheddar là phô mai,43227
2900,nui sò lớn,nui,pasta,1,Nui Sò Nhồi Bò Bằm Sốt BBQ Phủ Phô Mai,SAME,Nui sò là nui,43236
2901,Nem rế,nem,spring rolls,1,Nem rế hải sản,SAME,Nem rế là một loại nem,43285
2902,Bột điều,Bột (chung),flour,1,Món chay: Chả đậu hũ tía tô,SAME,Bột điều thuộc nhóm bột,43289
2903,Gừng xả,gừng,ginger,1,Cá hồi sốt terayaki,SAME,"Chứa gừng, mapping gừng là đúng",43290
2905,chao,nước chao,fermented tofu sauce,1,Đậu hũ chiên sốt chao,SAME,Chao và nước chao cùng bản chất,43311
2907,hành trắng cắt mỏng và nhánh hành lá cắt khúc,hành lá,green onion,1,Bò xào lăn,SAME,Đều là các loại hành lá,43334
2908,Tỏi và hành tím băm,tỏi,garlic,1,Bò xào lăn,SAME,Có chứa tỏi,43335
2909,Hành tây hành tím,hành tím,shallot,1,Mực Xào Sa Tế,SAME,Có chứa hành tím,43340
2911,Gia vị dùng bằng bột để ướp thịt,Bột (chung),flour,1,Thịt chiên nước mắm,SAME,Gia vị dạng bột thuộc nhóm bột,43408
2912,Dầu ăn mè trắng,dầu ăn,Vegetable Oil,1,Nấm đùi gà sốt bát vị,SAME,Dầu mè là dầu ăn,43419
2913,hộp cá ngừ vị cà chua gr,cà chua,tomato,1,Nui Xào Cá Ngừ Hộp & Cà Chua Phủ Phô Mai,SAME,Có chứa vị cà chua,43424
2914,Tôm rim,ram tôm,shrimp rolls,1,"Bagels Bacon, Trứng, Phô Mai và Tôm",SAME,Tôm rim tương đồng ram tôm,43431
2915,bột Rau câu giòn,Bột (chung),flour,1,Rau câu bánh sinh nhật,SAME,Bột rau câu thuộc nhóm bột,43447
2916,Tương ớt tương xí muội dầu mè,ớt,chili pepper,1,SP.0681 - Thịt Heo Saute,SAME,Tương ớt làm từ ớt,43486
2919,Hành lá mùi ta,hành lá,green onion,1,"CANH THỊT BÒ HẦM KHOAI TÂY, CÀ RỐT",SAME,Có chứa hành lá,43568
2920,chân giò khoang kg,giò,pork sausage,1,Giò heo giả cầy,SAME,Chân giò là một loại giò,43622
2921,Các loại hạt đậu ngự đậu đỏ hạt lớn đậu trắng hạt lớn,đậu ngự,lima beans,1,Gà hầm táo và rau củ,SAME,Có chứa đậu ngự,43641
2922,rau Cha om rau thối rau gai pắc nam,rau thơm,herbs,1,Miến Đậu Xanh Xào Sò Điệp & Rau Gai,SAME,Các loại rau này là rau thơm,43644
2923,Chanh rau răm ngo ri,rau răm,vietnamese coriander,1,Gỏi bò bóp thấu,SAME,Có chứa rau răm,43684
2924,Hành tím tỏi lạc rang ớt,ớt,chili pepper,1,Gỏi bò bóp thấu,SAME,Có chứa ớt,43685
2925,Dưa leo ca rôt trang tri tuy y thich,dưa leo,cucumber,1,Gỏi bò bóp thấu,SAME,Có chứa dưa leo,43686
2926,Cà rốt susu nấm đùi gà khoai tây đậu hũ tuỳ thích,đậu hũ,tofu,1,Mì ý sốt bơ và rau củ nướng chay,SAME,Có chứa đậu hũ,43692
2927,dầu ăn và mc tỏi băm,tỏi,garlic,1,Mực xào bắp cải và cà chua,SAME,Có chứa tỏi,43711
2928,tép tỏi băm nhỏ,tỏi,garlic,1,Bún Đậu Mắm Tôm Combo Cơ Bản,SAME,Tép tỏi là tỏi,43719
2930,Trứng luộc Boiled eggs,Trứng gà,Chicken Egg,1,Salad Cobb với bánh cá 🥗 (Cobb salad with fish cake),SAME,Trứng luộc thường là trứng gà,43746
2932,nước tương bần,nước,water,1,Thịt heo kho tương bần,SAME,Nước tương bần là một loại nước,43768
2933,Gan bò,thịt bò,beef,1,Gan bò rim,SAME,Gan bò thuộc bộ phận con bò,43795
2935,Hat nêmdâu điêuhanh tim băm nhoit muôibôt ngot,hành tím,shallot,1,Bánh canh giò heo và giò sống,SAME,Có chứa hành tím,43832
2936,ớt chuông chín,ớt,chili pepper,1,Salad rau củ,SAME,Ớt chuông là một loại ớt,43853
2937,Dầu mè hoặc dầu olive,dầu vừng,sesame oil,1,Súp gà nấm hương,SAME,Dầu mè là dầu vừng,43894
2938,dưa leo quả cà chua,cà chua,tomato,1,Eatclean - Cá nục nướng + Salad dầu giấm sốt mè rang + cơm gạo lứt,SAME,Có chứa cà chua,43897
2939,hành ớt băm,ớt,chili pepper,1,Eatclean - Cá nục nướng + Salad dầu giấm sốt mè rang + cơm gạo lứt,SAME,Có chứa ớt,43899
2940,hành nướng gừng nướng hành tây,gừng,ginger,1,Phở Bò Chuẩn Mùi Vị Tiệm (phake không dùng xương),SAME,Có chứa gừng nướng,43911
2941,Rau ngò tàu húng quế ngò rí bạc hà hành tây thái lát mỏng giá,rau ngò rí,coriander leaves,1,Phở Bò Chuẩn Mùi Vị Tiệm (phake không dùng xương),SAME,Có chứa rau ngò rí,43913
2942,xương đuôi heo có xương bò càng ngon,thịt bò,beef,1,Phở (bánh đa) bò,SAME,Xương bò thuộc con bò,43926
2944,lá húng quế,rau húng chó,mint,1,Đậu đũa muối chua xào thịt bằm,SAME,Húng quế là húng chó,43941
2945,Tôm,tôm viên,shrimp balls,1,Canh cải cúc nấu tôm viên,SAME,Tôm là thành phần tôm viên,43959
2946,cá vừa vừa khoảng kg,cá lóc,snakehead fish,1,Cá quả kho tiêu 🐟🐟,SAME,Cá quả là cá lóc,43973
2947,tỏi củ hành khô trái ớt,ớt,chili pepper,1,Cá quả kho tiêu 🐟🐟,SAME,Có chứa ớt,43974
2948,gia vị tiềm bò,thịt bò,beef,1,Lẩu Bò Tiềm (Bò Nạm và Bò Viên),SAME,Gia vị tiềm cho thịt bò,43982
2950,Rau cần tàu,cần tây,celery,1,Cá điêu hồng nấu ngót,SAME,Cần tàu là một loại cần tây,44003
2951,nấm xào xả ớt,ớt,chili pepper,1,Eatclean - Bún rau củ nước tương,SAME,Có chứa ớt,44028
2952,Hành ngò lá,hành lá,green onion,1,Cháo cá chép,SAME,Có chứa hành lá,44052
2955,me chín hoặc quả sấu lá me non,lá me,tamarind leaves,1,Canh Chua Cá Mú,SAME,Có chứa lá me,44072
2957,tôm bạc biển,tôm thẻ loại to,shrimp,1,Tôm Cháy Tỏi,SAME,Tôm bạc biển là tôm thẻ,44090
2958,chao đỏ,chao,fermented tofu,1,SP.0675 - Thịt Heo Hấp Chao Đỏ,SAME,Chao đỏ là một loại chao,44117
2959,sữa bắp,sữa,milk,1,Rau câu sữa bắp lá dứa,SAME,Sữa bắp là một loại sữa,44120
2960,Hành vàng Yellow Onion,hành tây,onion,1,Galbijjim | Thịt kho hàn quốc nấu trong nồi cơm điện (Korean braised meat with ricecooker),SAME,Hành vàng là hành tây,44127
2961,Hành tỏi khô dầu ăn dầu điều dầu hào gia vị,tỏi,garlic,1,Cơm rang dưa bò,SAME,Có chứa tỏi,44166
2962,Phần bột Croissants,Bột (chung),flour,1,💚 Bánh Sừng Bò Ngàn Lớp Kiểu Pháp Cỡ Nhỏ (Mini French Croissants),SAME,Bột làm bánh thuộc nhóm bột,44170
2963,dầu ăn mc tỏi băm và mc hành tím băm,tỏi,garlic,1,Tôm ram mặn,SAME,Có chứa tỏi,44180
2967,Tỏi củ hành tây,tỏi,garlic,1,Su Hào Xào Thịt Bò - Món Xào Đưa Cơm Mùa Lạnh,SAME,Có chứa tỏi,44256
2968,hộp cá ngừ hộp cà chua khô,cà chua,tomato,1,Nui Xào Cà Chua & Cá Ngừ Hộp Gia Vị Ý,SAME,Có chứa cà chua,44257
2969,Gia vị khô Italian,gia vị,seasoning,1,Nui Xào Cà Chua & Cá Ngừ Hộp Gia Vị Ý,SAME,Gia vị khô là gia vị,44262
2971,bột bắp pha với mc nước,Bột (chung),flour,1,Súp lơ xào tôm,SAME,Bột bắp thuộc nhóm bột,44268
2972,là,thì là,dill,1,Cá điêu hồng om dưa,SAME,"Viết thiếu, là thì là",44333
2973,cá ngác cá lóc cá rô nhỏ,cá lóc,snakehead fish,1,Cá kho tiêu nước tương,SAME,Có chứa cá lóc,44337
2974,Thịt heo rừng,thịt heo,pork,1,Thịt heo rừng chiên giòn,SAME,Thịt heo rừng là thịt heo,44351
2976,t bột t sa tế,Bột (chung),flour,1,Súp Tôm Gà Vỏ Bưởi,SAME,Dạng bột thuộc nhóm bột,44360
2977,cá thu xông khói,cá thu,mackerel,1,Spaghetti Sốt Kem Tươi Vị Chanh & Cá Hồi Xông Khói,SAME,Cá thu xông khói là cá thu,44419
2978,nấm đông cơ tươi,nấm hương,shiitake mushroom,1,Eatclean / Cháo Yến Mạch Thịt Bằm Nấm + Trứng Lòng Đào,SAME,Nấm đông cô là nấm hương,44441
2979,bột mì nguyên cám hữu cơ,Bột (chung),flour,1,Xíu mại nguyên cám nhân cua thịt,SAME,Bột mì thuộc nhóm bột,44446
2981,Rau thơm tía tô húng quế húng lủi húng cây,tía tô,perilla leaves,1,Bánh Hỏi Heo Quay,SAME,Có chứa tía tô,44504
2982,Nguyên liệu làm bún cho máy Philips,bún,rice vermicelli,1,Bún Thịt Viên Nướng,SAME,Nguyên liệu làm bún là bún,44513
2983,bột gạo nguyên cám,Bột (chung),flour,1,Bún Thịt Viên Nướng,SAME,Bột gạo thuộc nhóm bột,44514
2985,Tỏi ớt gừng,tỏi gừng,garlic ginger,1,Bì heo chiên giòn,SAME,Có chứa tỏi và gừng,44548
2986,Sả băm ớt băm,ớt,chili pepper,1,Cá kèo chay sả ớt,SAME,Có chứa ớt,44556
2987,nước cốt hủ tíu mua sẵn,nước cốt,extract,1,Bún cá Thu Nhật 15p,SAME,Nước cốt là một loại nước cốt,44558
2988,t bột ăn siêu cay,Bột (chung),flour,1,Canh Kim Chi Bò Bằm Siêu Cay,SAME,Bột ăn cay thuộc nhóm bột,44567
2989,Chao,nước chao,fermented tofu sauce,1,Khô heo chay,SAME,Chao và nước chao tương đồng,44576
2990,tỏi hành lá,hành lá,green onion,1,Bắp xào bơ tôm - chà bông,SAME,Có chứa hành lá,44609
2991,ớt bột hàn mc nước tương,ớt,chili pepper,1,Bắp xào bơ tôm - chà bông,SAME,Ớt bột làm từ ớt,44612
2992,Dưa leo nấm nấm đông cô,nấm hương,shiitake mushroom,1,Gỏi nấm chay Trung,SAME,Có chứa nấm đông cô,44613
2993,Mè dầu mè tương ớt nước tương đậu nành,ớt,chili pepper,1,Gỏi nấm chay Trung,SAME,Có chứa tương ớt,44615
2995,bánh tráng Vietsuisse,bánh tráng,rice paper,1,Cơm chiên rau củ sốt Singapore và Nem Cua Rán,SAME,Bánh tráng là bánh tráng,44634
2996,Rau củ tuỳ ý hấp và luộc ăn kèm,rau sống,fresh herbs,1,Cơm gạo lứt với Tôm càng xanh sốt me,SAME,Rau củ luộc ăn kèm là rau sống,44648
2997,Rau củ quả tuỳ ý ăn kèm,rau sống,fresh herbs,1,Cơm Hàu Nấm Chiên Trứng,SAME,Rau củ quả ăn kèm là rau sống,44657
2998,Thịt ba chỉ nạc dăm,nạc heo,lean pork,1,Thịt xào chua ngọt,SAME,Thịt ba chỉ là nạc heo,44665
3000,Cà chua hành hoa,cà chua,tomato,1,Canh nấm tươi cho người thích ăn nấm,SAME,Có chứa cà chua,44700
3002,Hành khô ớt,ớt,chili pepper,1,Lòng lợn xào rau răm,SAME,Hỗn hợp có chứa ớt,44735
3003,trái ớt chuông nhỏ,ớt,chili pepper,1,Bánh Mì Pita Nhân Thịt Cừu Nướng Sốt BBQ,SAME,Ớt chuông là một loại ớt,44743
3004,mcf bột thì là,Bột (chung),flour,1,Bánh Mì Pita Nhân Thịt Cừu Nướng Sốt BBQ,SAME,Bột thì là thuộc nhóm bột gia vị nói chung,44747
3005,Hành tây cà rốt hành lá,hành lá,green onion,1,Mì xào bò,SAME,Hỗn hợp có chứa hành lá,44773
3006,Dầu điều đỏ hoặc bột điều khô,Bột (chung),flour,1,Mắm tép chưng thịt bao ngon ngày đông,SAME,Bột điều thuộc nhóm bột chung,44796
3008,ớt chuông bào sợi,ớt,chili pepper,1,Gỏi xoài và cá chiên xù kiểu Thái (phiên bản dành cho em bé),SAME,Ớt chuông là một loại ớt,44810
3009,cá basa hoặc cá trê Phụng dùng cá basa,cá trê,catfish,1,Gỏi xoài và cá chiên xù kiểu Thái (phiên bản dành cho em bé),SAME,Hỗn hợp cá có chứa cá trê,44812
3011,dầu hẹ,hẹ,chives,1,Bánh Bột Lọc Nhân Tôm,SAME,Dầu hẹ được làm từ lá hẹ,44841
3013,mì tôm kim chi,kim chi,kimchi,1,"Mì Kim Chi Cay, Trứng Và Tôm",SAME,Hỗn hợp mì có chứa kim chi,44879
3014,mcf bột thì là cumin,Bột (chung),flour,1,Falafel - Chả Đậu Gà & Tôm Áp Chảo,SAME,Bột thì là thuộc nhóm bột chung,44889
3015,Tôm áp chảo,tôm thẻ loại to,shrimp,1,Falafel - Chả Đậu Gà & Tôm Áp Chảo,SAME,Tôm áp chảo là một cách chế biến tôm,44898
3016,Sốt Rau củ ăn kèm,xốt salad,salad dressing,1,Falafel - Chả Đậu Gà & Tôm Áp Chảo,SAME,Sốt rau củ là một loại xốt salad,44901
3017,Lá chuối rau răm,rau răm,vietnamese coriander,1,Chả cá nướng từ NCKD,SAME,Hỗn hợp có chứa rau răm,44923
3018,Rau củ kết hợp tuỳ ý,rau sống,fresh herbs,1,Mì Trứng Xào Cá Ngừ Hộp,SAME,Rau củ ăn kèm thường là rau sống,44933
3019,mi Nước Lọc,nước,water,1,Cá Hú Kho Dưa Cải Chua,SAME,Nước lọc chính là nước,44939
3020,Nấm cà rốt đậu que hành tây hành tím,nấm,mushroom,1,Nấm nướng,SAME,Hỗn hợp có chứa nấm,44970
3021,tôm xay băm,tôm thẻ loại to,shrimp,1,"Hoành thánh nhân tôm thịt, tôm lăn bột, bò viên chiên. Món ăn vặt con nít và người lớn đều mê",SAME,Tôm xay thuộc nhóm tôm thẻ/sú,44974
3022,tôm tươi lôt vo căt nho,tôm thẻ loại to,shrimp,1,Hoành thánh tôm thịt sườn non,SAME,Tôm tươi thuộc nhóm tôm thẻ/sú,44988
3023,Vài đầu lobster giả lấy nước vì mình lobster hấp beer rồi,tôm hùm,lobster,1,"Canh mồng tơi, thịt kho tiêu xanh, rau cải muối",SAME,Lobster chính là tôm hùm,44997
3025,cải vàng parsnip,cải,mustard greens,1,Nui Xoắn & Thịt Trai (Vẹm Đen) Sốt Cà Chua Provençal,SAME,Parsnip (củ cải vàng) thuộc nhóm cải/củ,45015
3026,lá thơm khô vùng Provence,lá,leaves,1,Nui Xoắn & Thịt Trai (Vẹm Đen) Sốt Cà Chua Provençal,SAME,Lá thơm khô thuộc nhóm lá gia vị,45018
3027,Bánh ướt,bánh,cake,1,Cá sa ba nướng giấy bạc,SAME,Bánh ướt là một loại bánh làm từ bột,45029
3029,Món ăn kèm Bún tươi hoặc miến,bún,rice vermicelli,1,Lẩu Hải Sản,SAME,Bún tươi chính là bún,45077
3030,cá hanh,cá tráp,sea bream,1,Cá hanh hấp,SAME,Cá hanh thuộc họ cá tráp,45078
3031,Rau sống dưa leo chuối khế,rau sống,fresh herbs,1,Cá hanh hấp,SAME,Hỗn hợp rau quả ăn kèm là rau sống,45081
3032,Hoành thánh tôm thịt,tôm thẻ loại to,shrimp,1,Súp Nấm Hương Hoành Thánh Tôm Thịt,SAME,Nhân hoành thánh có chứa tôm,45083
3033,mỳ hải sản chua cay,hải sản,seafood,1,"Mì Hải Sản (cá hồi, vẹm, tôm và mộc)",SAME,Mì hải sản có chứa hải sản,45123
3034,Sốt Pesto,sốt,sauce,1,Blini (Bánh Xèo Nga) Với Cá Hồi Xông Khói,SAME,Sốt Pesto là một loại sốt,45134
3035,Sốt Madame Lok hoặc cream cheese,phô mai,cheese,1,Blini (Bánh Xèo Nga) Trứng Tôm Muối,SAME,Cream cheese là một loại phô mai,45142
3036,tôm hùm đất,tôm hùm,lobster,1,"Bào Ngư, Sò Điệp, Vẹm Xanh, Ốc Bulot, Tôm Hùm Đất- Sốt Cajun Bơ Tỏi",SAME,Tôm hùm đất thuộc nhóm tôm hùm (nói chung),45162
3037,ốc bulot,ốc,snail,1,"Bào Ngư, Sò Điệp, Vẹm Xanh, Ốc Bulot, Tôm Hùm Đất- Sốt Cajun Bơ Tỏi",SAME,Ốc bulot là một loại ốc,45166
3038,bắp mỹ,bắp ngọt,sweet corn,1,"Bào Ngư, Sò Điệp, Vẹm Xanh, Ốc Bulot, Tôm Hùm Đất- Sốt Cajun Bơ Tỏi",SAME,Bắp Mỹ chính là bắp ngọt,45167
3039,bột cajun,Bột (chung),flour,1,"Bào Ngư, Sò Điệp, Vẹm Xanh, Ốc Bulot, Tôm Hùm Đất- Sốt Cajun Bơ Tỏi",SAME,Bột Cajun thuộc nhóm bột chung,45168
3040,Xốt mè rang,sốt,sauce,1,Salad nấm hầu thủ,SAME,Xốt mè rang là một loại sốt,45182
3041,bột phô mai,Bột (chung),flour,1,Mì ý Cua (phiên bản Pizza 4P’s),SAME,Bột phô mai thuộc nhóm bột chung,45191
3042,hành lá ớt,hành lá,green onion,1,Cá nục xốt cà,SAME,Hỗn hợp có chứa hành lá,45199
3044,ớt chuông xanh đỏ vàng hành tây,ớt,chili pepper,1,Bò Lúc Lắc Tuổi Thơ,SAME,Hỗn hợp có chứa ớt chuông,45226
3045,Tỏi sả,tỏi,garlic,1,Kim chi nấu cá viên,SAME,Hỗn hợp có chứa tỏi,45235
3047,Bò lát chay loại làm từ lúa mạch,chay,vegetarian,1,Bò lát chay nướng lá mắc mật,SAME,Bò lát chay thuộc nhóm đồ ăn chay,45239
3048,Sả tắc ớt cốt me lá chanh,sả,lemongrass,1,Nấm bào ngư xám lắc sả tắc,SAME,Hỗn hợp có chứa sả,45253
3050,lá cải trắng,cải thảo,napa cabbage,1,Cơm Bò Xào Lá Cải Trắng,SAME,Lá cải trắng (củ cải) thuộc nhóm cải,45279
3052,Rau muống cọng Rau răm Tỏi ớt Xả lá chanh gừng,rau răm,vietnamese coriander,1,Ốc móng tay xào rau muống,SAME,Hỗn hợp có chứa rau răm,45288
3053,Nước tương chibi cho bé,nước,water,1,Bánh tôm khoai tây cho bé,SAME,Nước tương thuộc nhóm chất lỏng/nước,45311
3054,Tỏi hành tây Hành ngò lá thơm quế nếu có,hành lá,green onion,1,Phở xào tôm 🦐,SAME,Hỗn hợp có chứa hành ngò/lá,45338
3055,nước xá xị,nước,water,1,Đuôi heo kho Sá xị(xá xị),SAME,Nước xá xị là một loại nước,45357
3056,Hành khô tỏi khô,tỏi,garlic,1,Thịt kho tàu (bằng coca),SAME,Hỗn hợp có chứa tỏi khô,45375
3057,phô mai tươi ricotta,phô mai,cheese,1,💚 Salad Rau Quả Mùa Thu & Phô Mai Ricotta,SAME,Phô mai Ricotta là một loại phô mai,45381
3058,Dấm nho balsamic,dấm,vinegar,1,💚 Salad Rau Quả Mùa Thu & Phô Mai Ricotta,SAME,Dấm nho là một loại dấm,45383
3059,Gia vị nước tương,gia vị,seasoning,1,Món cho bé : Phile đùi gà kho nấm đùi gà,SAME,Nước tương thuộc nhóm gia vị,45444
3060,Thịt mông,thịt nạc dăm,pork shoulder,1,Nem thịt thính gạo,SAME,Thịt mông tương đương thịt nạc dăm/nạc,45459
3061,bì,chả bì,shredded pork roll,1,Nem thịt thính gạo,SAME,Bì là thành phần của chả bì,45460
3063,Hành tỏi ớt chanh,ớt,chili pepper,1,Bún riêu cua đồng,SAME,Hỗn hợp có chứa ớt,45479
3064,cần tầu,cần tây,celery,1,Canh cá nấu ngót,SAME,Cần tàu là tên gọi khác của cần tây,45483
3065,rau mùi răng cưa ngò gai hành lá vừa đủ,hành lá,green onion,1,Miến xào thịt gà,SAME,Hỗn hợp có chứa hành lá,45497
3066,Rau muống nấm bào ngư rau má hành tây,rau má,pennywort,1,Lẩu gân bò măng cay,SAME,Hỗn hợp có chứa rau má,45561
3067,Sốt Cà ri Thái ỏ,sốt,sauce,1,Cà Ri Thái Đỏ Cay Với Tôm & Rau Củ,SAME,Sốt cà ri là một loại sốt,45567
3068,Lưỡi và lòng heo luộc,thịt heo,pork,1,"Bún đậu mắm tôm Halloween với chả đậu hũ, lưỡi heo, và lòng non",SAME,"Lòng, lưỡi heo thuộc nhóm thịt heo",45576
3069,đế bánh,bánh,cake,1,Seafood pizza,SAME,Đế bánh pizza là một loại bánh,45594
3070,Tôm cá ngừ mực nghêu tuỳ ý,tôm thẻ loại to,shrimp,1,Seafood pizza,SAME,Hỗn hợp hải sản có chứa tôm,45603
3071,lá cải kale,cải xoăn,kale,1,Muffin tôm cải kale,SAME,Cải kale chính là cải xoăn,45638
3072,Cá lóc cả thảo tím,cá lóc,snakehead fish,1,Cá hấp cuốn bánh tráng (Cải thảo tím),SAME,Thành phần chính là cá lóc,45640
3073,Nước tương hành lá,hành lá,green onion,1,Món cho bé : Đậu hũ trứng sốt thịt,SAME,Hỗn hợp có chứa hành lá,45645
3074,Hành lá hành tím khô,hành lá,green onion,1,XÔI đậu phộng - thịt băm,SAME,Hỗn hợp có chứa hành lá,45666
3075,Hành tỏi bằm nước tương,tỏi,garlic,1,Nấm bạch tuyết xào nước tương,SAME,Hỗn hợp có chứa tỏi,45674
3076,Lá móc mật,thảo mộc,herbs,1,Thịt nướng lá móc mật,SAME,Lá mắc mật thuộc nhóm thảo mộc,45676
3079,lá ngải thơm tươi hoặc khô estragon,lá,leaves,1,Nấm Mỡ To Nhồi Thịt Băm Lá Ngải Thơm (Estragon),SAME,Lá ngải thơm thuộc nhóm lá gia vị,45702
3080,Rau muống thì là giá đỗ hoa chuối rau mùi,hoa chuối,banana blossom,1,Lẩu cá,SAME,Hỗn hợp có chứa hoa chuối,45716
3081,Nấm rơm gr cà rốt,cà rốt,carrot,1,Cháo nghệ rau củ (Emmy 10m+),SAME,Hỗn hợp có chứa cà rốt,45719
3082,Dầu ăn em bé bộ nghệ củ hành tím,hành tím,shallot,1,Cháo nghệ rau củ (Emmy 10m+),SAME,Hỗn hợp có chứa hành tím,45720
3083,Sa tế gia vị,gia vị,seasoning,1,"Mực xào ớt chuông, bông cải 🥦",SAME,Sa tế thuộc nhóm gia vị,45726
3084,gia vị gà,gia vị,seasoning,1,Gà Tiềm Nấm 🍄 🍗,SAME,Gia vị gà thuộc nhóm gia vị,45736
3085,Lá ngò thơm,lá,leaves,1,Gà Tiềm Nấm 🍄 🍗,SAME,Lá ngò thơm thuộc nhóm lá gia vị,45737
3086,Mỳ nui hoặc mỳ Barila số,nui,pasta,1,Mỳ Ý sốt kem nấm phiên bản dành cho em bé,SAME,Mỳ nui chính là nui,45743
3087,Giò heo gân,thịt heo,pork,1,Bún bò giò nạm,SAME,Giò heo thuộc nhóm thịt heo,45744
3088,Gừng hành khô,gừng,ginger,1,Canh Rau Cải Cay Nấu Thịt Bằm,SAME,Hỗn hợp có chứa gừng,45760
3089,Sả Tỏi,tỏi,garlic,1,Mì Spaghetti thịt bò,SAME,Hỗn hợp có chứa tỏi,45781
3092,chanh to,chanh,lime,1,Eatclean/ Salad Cá Ngừ,SAME,Chanh to chính là quả chanh,45836
3094,Phần nhân thịt gà ruốc nấm,ruốc nấm,mushroom floss,1,Bánh bao nhân thịt gà ruốc nấm healthy,SAME,Hỗn hợp có chứa ruốc nấm,45858
3095,Italian seasoning,gia vị,seasoning,1,Thịt Ram Siêu Nhanh Cho Ngày Bận Rộn,SAME,Italian seasoning thuộc nhóm gia vị,45862
3096,gia vị gà tiềm,gia vị,seasoning,1,Lẩu gà tiềm nấu nấm,SAME,Gia vị gà tiềm thuộc nhóm gia vị,45868
3097,Mì soba,mì,noodles,1,Mì Soba Súp Dashi Thịt Heo Nấm Đông Cô,SAME,Mì Soba là một loại mì,45876
3098,Dầu ăn dầu mè thơm,Mè (Vừng),sesame seeds,1,Mì Soba Súp Dashi Thịt Heo Nấm Đông Cô,SAME,Dầu mè thơm chiết xuất từ mè,45883
3099,topping ớt chuông nấm dứa hành tây,topping,topping,1,Pizza bò băm dứa,SAME,Các loại rau củ là topping,45894
3100,Tôm Cay,tôm thẻ loại to,shrimp,1,Mì Ý Tôm Cay - Spicy Prawns Aglio e Olio Tagliolini,SAME,Tôm cay thuộc nhóm tôm thẻ/sú,45895
3201,cá chim đen,cá chim,pomfret,1,Cá chim đen chiên,SAME,Cá chim đen là một loại cá chim,47171
3202,Ngô ngọt rau củ gia vị thịt nguội,bắp ngọt,sweet corn,1,Yến mạch chiên rau củ,SAME,Ngô ngọt chính là bắp ngọt,47173
3203,Gia vị ướp,gia vị,seasoning,1,Heo Quay Đắp Muối Hột,SAME,Gia vị ướp thuộc nhóm gia vị,47184
3204,bột hạt ngò,Bột (chung),flour,1,Heo Quay Đắp Muối Hột,SAME,Bột hạt ngò thuộc nhóm bột gia vị,47187
3206,khuôn đậu,đậu hũ,tofu,1,Bánh quy đậu phụ + bột mỳ nướng nồi chiên k dầu,SAME,Khuôn đậu là tên gọi khác của đậu hũ,47231
3208,t hiểm ớt ngọt,ớt,chili pepper,1,Thịt Heo Ngâm Mắm,SAME,Ớt hiểm và ớt ngọt thuộc nhóm ớt,47268
3209,Tôm càng xanh,tôm,shrimp,1,Tôm càng xanh kho nước dừa,SAME,Tôm càng xanh là một loại tôm,47271
3210,Tỏi hành tím ớt băm hành lá,hành lá,green onion,1,Tôm càng xanh kho nước dừa,SAME,Có chứa thành phần hành lá,47273
3214,kem whipping heavy hoặc sữa chua Hy Lạp hoặc kem chua,kem,cream,1,Mì Bò Stroganoff - Beef Stroganoff Pasta,SAME,Whipping/heavy cream là các loại kem,47307
3215,hành lá hoặc ngò tây trang trí,hành lá,green onion,1,Mì Bò Stroganoff - Beef Stroganoff Pasta,SAME,Có chứa thành phần hành lá,47308
3216,Bột bánh cuốn,Bột (chung),flour,1,Bánh Cuốn Tráng Chảo Nhân Thịt Băm Nấm Mèo,SAME,Bột bánh cuốn thuộc nhóm bột chung,47312
3217,com tôm,tôm thẻ loại to,shrimp,1,Súp tôm các loại củ,SAME,Con tôm (viết lỗi) thuộc nhóm tôm,47353
3218,Xương heo thịt bò,thịt bò,beef,1,Bún bò đơn giản mùa dịch,SAME,Có chứa thành phần thịt bò,47381
3219,Hành tây hành tỏi,tỏi,garlic,1,Bún bò đơn giản mùa dịch,SAME,Có chứa thành phần tỏi,47384
3220,Vài ớt chuông đủ màu,ớt,chili pepper,1,Thịt gà xào ớt chuông,SAME,Ớt chuông thuộc nhóm ớt,47415
3222,Sốt tương,sốt,sauce,1,Nấm đùi gà rim tương,SAME,Sốt tương thuộc nhóm sốt,47434
3223,Giấm táo,dấm,vinegar,1,Nấm đùi gà rim tương,SAME,Giấm táo là một loại dấm,47439
3224,Hành Gia vị,gia vị,seasoning,1,"CHÁO THỊT NẠC BẰM, CẢI BÓ XÔI, CÀ RỐT",SAME,Gia vị thuộc nhóm gia vị,47446
3225,Dầu ăn boa rô,dầu ăn,Vegetable Oil,1,Cháo rau bó xôi và tàu hũ ki,SAME,Có chứa thành phần dầu ăn,47450
3226,cải nồi,cải,mustard greens,1,Canh chua cua bông điên điển,SAME,Cải nồi là một loại rau cải,47460
3227,thính gạo,gạo,rice,1,Bì heo trộn thính,SAME,Thính gạo làm từ gạo,47471
3228,Dầu ăn rau mùi ngò rí ngò gai,rau ngò rí,coriander leaves,1,Cháo nấm củ sen,SAME,Có chứa thành phần ngò rí,47475
3229,Hành lá ngò hành tím,hành lá,green onion,1,Thịt rim tôm,SAME,Có chứa thành phần hành lá,47490
3230,cơm rang nén chặt,cơm,cooked rice,1,Cơm rang bọc trứng chiên rau chùm ngây,SAME,Cơm rang làm từ cơm,47491
3231,Sốt BBQ hũ lớn dùng dần,sốt,sauce,1,Heo Xé Trộn Sốt BBQ - BBQ Pulled Pork,SAME,Sốt BBQ thuộc nhóm sốt,47497
3234,Hành tây ngò hành lá hành tím,hành lá,green onion,1,Bánh canh chả cá+ sườn non,SAME,Có chứa thành phần hành lá,47521
3235,cốt dừa hộplon,dừa,coconut,1,Rau câu sợi - sữa dừa - hoa đậu biếc,SAME,Cốt dừa lấy từ quả dừa,47533
3236,bí mini,bí nụ,pumpkin buds,1,Súp bí đỏ cá hồi,SAME,Bí mini chính là bí nụ,47538
3237,mứt hạt sen,mứt,fruit preserve,1,Bánh trung thu con heo,SAME,Mứt hạt sen là một loại mứt,47561
3238,mứt bí,mứt,fruit preserve,1,Bánh trung thu con heo,SAME,Mứt bí là một loại mứt,47562
3241,Sốt trộn nhân,sốt,sauce,1,Bánh trung thu con heo,SAME,Sốt trộn thuộc nhóm sốt,47571
3242,rượu mai quế lộ,rượu,cooking wine,1,Bánh trung thu con heo,SAME,Rượu mai quế lộ là một loại rượu,47573
3245,rau câu dừa,dừa,coconut,1,Rau câu dừa 🥥 đậu biếc đây😍,SAME,Rau câu dừa làm từ dừa,47590
3247,Thịt heo xúc xích,thịt heo,pork,1,"Mì xào thịt heo, xúc xích",SAME,Có chứa thành phần thịt heo,47631
3248,Cải ngọt cải thảo Cà rốt,cà rốt,carrot,1,Mì Trứng Xào Tôm Thịt,SAME,Có chứa thành phần cà rốt,47651
3249,Tôm thịt,tôm thẻ loại to,shrimp,1,Mì Trứng Xào Tôm Thịt,SAME,Có chứa thành phần tôm,47652
3250,Phần nước nhân,nước,water,1,Mì Quảng tôm thịt trứng 😋😋😋,SAME,Phần nước nhân là một loại nước dùng/sốt,47653
3251,Hành khô ớt bột gia vị,ớt,chili pepper,1,Mì Quảng tôm thịt trứng 😋😋😋,SAME,Có chứa thành phần ớt bột,47658
3252,mì quảng sợi,mì,noodles,1,Mì Quảng tôm thịt trứng 😋😋😋,SAME,Sợi mì quảng thuộc nhóm mì/sợi,47660
3253,Rau sống xà lách rau thơm bắp cải bào mỏng ngò rí,rau ngò rí,coriander leaves,1,Mì Quảng tôm thịt trứng 😋😋😋,SAME,Có chứa thành phần ngò rí,47663
3254,q trứng ml mật ong,Trứng gà,Chicken Egg,1,Bánh quy đậu hũ 🥖🥖,SAME,Có chứa thành phần trứng gà,47668
3255,bột gạo lứt,Bột (chung),flour,1,Bánh bao gạo lứt gà nấm 🐤🥕🍄,SAME,Bột gạo lứt thuộc nhóm bột chung,47677
3257,rau củ hỗn hợp cà rốt đậu que đậu hoà lan bắp mỹ,đậu que,green beans,1,Bánh Xúc Xích Rau Củ Ngàn Lớp,SAME,Có chứa thành phần đậu que,47727
3258,Nước tương dầu hào sốt xá xíu gừng hành tỏi,tỏi,garlic,1,Tai heo phá lấu và xoài xanh lắc,SAME,Có chứa thành phần tỏi,47731
3259,Chân giò,giò,pork sausage,1,Bún mắm tôm,SAME,Chân giò là phần giò heo,47733
3260,Xà lách cà rốt bào sợi ớt chuông rau củ tuỳ mọi người thích cho loại nào,ớt,chili pepper,1,Burrito bò/gà,SAME,Có chứa thành phần ớt chuông,47768
3261,Rau tần dầy húng quế trắng hành lá,hành lá,green onion,1,Canh Cá Bớp Nấu Lá Me,SAME,Có chứa thành phần hành lá,47788
3262,bơ chín,bơ,butter,1,Salad Bơ Tôm 🦐 🥑 🥚,SAME,Bơ chín là quả bơ,47796
3263,dưa chuột bỏ ruột xắt miếng,dưa,pickles,1,Gỏi mực Thái Lan,SAME,Dưa chuột thuộc nhóm dưa,47836
3264,Hành khô hành tươi ớt tươi gia vị,ớt,chili pepper,1,Tép khô rang thịt ba chỉ,SAME,Có chứa thành phần ớt tươi,47848
3265,Làm gan gồm những nguyên liệu hộp bơ nhỏ,bơ,butter,1,Bánh mỳ pate gan heo,SAME,Bơ là nguyên liệu làm gan,47862
3266,nửa ổ bánh mỳ,bánh,cake,1,Bánh mỳ pate gan heo,SAME,Bánh mỳ thuộc nhóm bánh,47868
3267,củ Hành khô hành lá mùi gừng gia vị,hành lá,green onion,1,Cháo cá ngon nhức nách từ cơm nguội,SAME,Có chứa thành phần hành lá,47879
3268,gan bò có tim bò luôn càng ngon,thịt bò,beef,1,Khô Gan Bò Đen,SAME,Gan/tim bò thuộc nhóm thịt bò,47914
3269,bột quế,Bột (chung),flour,1,Khô Gan Bò Đen,SAME,Bột quế thuộc nhóm bột gia vị,47920
3270,Sốt tương chấm Gyoza,sốt,sauce,1,Bánh Xếp Nhật Gyoza Nhân Thịt Chiên Áp Chảo,SAME,Sốt chấm thuộc nhóm sốt,47940
3271,Hanh lango rihanh tim băm nho,hành tím,shallot,1,Cải thảo xào thịt bằm,SAME,Có chứa thành phần hành tím,47979
3273,ường ăn kiêngbột tỏi bột ớt,bột tỏi,garlic powder,1,Cá hồi sốt bơ tỏi phủ dứa 🐟🍍🧈🧄,SAME,Có chứa thành phần bột tỏi,47989
3274,trứng gà và trứng vịt,Trứng gà,Chicken Egg,1,Trứng chưng thịt,SAME,Có chứa thành phần trứng gà,48001
3275,ớt chuông đỏ to,ớt,chili pepper,1,Ratatouille - Món Rau Củ Hầm Nước Pháp 🇫🇷,SAME,Ớt chuông thuộc nhóm ớt,48016
3276,Sốt thịt băm,sốt,sauce,1,Hủ Tíu Mì Khô Sốt Thịt Băm,SAME,Sốt thịt băm thuộc nhóm sốt,48027
3277,cần tây hành lá,hành lá,green onion,1,Tôm xào bông cải,SAME,Có chứa thành phần hành lá,48044
3278,Tỏi ớt hành lá,hành lá,green onion,1,Bánh Hỏi Thịt Ba Chỉ Nướng,SAME,Có chứa thành phần hành lá,48050
3279,mì tương đen,mì,noodles,1,Mì Bò Tương Đen Hàn Quốc 🇰🇷,SAME,Mì tương đen là một loại mì,48058
3280,thịt gram tôm và ml nước đậu xanh lá dứa,ram tôm,shrimp rolls,1,Xôi tôm thịt,SAME,Có chứa thành phần tôm,48072
3281,tỏi cô đơn xắt nhỏ,tỏi,garlic,1,Pizza Rau Củ Sốt Cà Chua Cá Cơm - Veggies Pizza with Anchovy Tomato Base,SAME,Tỏi cô đơn là một loại tỏi,48083
3282,sốt cà chua,cà chua,tomato,1,Pizza Rau Củ Sốt Cà Chua Cá Cơm - Veggies Pizza with Anchovy Tomato Base,SAME,Sốt cà chua làm từ cà chua,48084
3283,rượu trắng lit nước,nước,water,1,Chà bông heo Đài Loan 🇹🇼,SAME,Có chứa thành phần nước,48102
3285,Mỳ miến,mì,noodles,1,Mỳ kiểu Spaghetti sốt bò bằm,SAME,Mỳ miến thuộc nhóm mì/sợi,48110
3287,kem cheese,phô mai,cheese,1,Nui Nơ Xào Tôm,SAME,Kem cheese là một loại phô mai,48145
3289,xả củ tỏi,tỏi,garlic,1,Ba chỉ heo nướng ngũ vị hương đậm đà,SAME,Có chứa thành phần tỏi,48177
3290,xả hành tỏi băm nhuyễn,tỏi,garlic,1,Bò kho,SAME,Có chứa thành phần tỏi băm,48182
3291,bột cary ngũ vị hương,Bột (chung),flour,1,Bò kho,SAME,Bột cà ri/ngũ vị hương thuộc nhóm bột,48183
3292,Dầu mè ớt,ớt,chili pepper,1,Ramen thịt heo đơn giản,SAME,Có chứa thành phần ớt,48297
3294,Nguyên liệu nấu nước luộc,nước,water,1,Thịt Luộc Bossam (보쌈) - Ẩm thực Hàn Quốc,SAME,Nước luộc là một dạng nước,48541
3298,Bôt nănghat nêmbôt điêutỏi,Bột (chung),flour,1,Bánh Mì Nhân Gà Nấm,SAME,Bột năng thuộc nhóm bột chung,48645
3299,Phân quet măt banh mi,bánh mì,bread,1,Bánh Mì Nhân Gà Nấm,SAME,Phần quét mặt dùng cho bánh mì,48649
3302,hung lui,húng láng,spearmint,1,Gỏi ngó sen tai heo,SAME,Húng lủi và húng láng đều là húng,48704
3303,goi bôt chiên xu,vụn bánh mì,breadcrumbs,1,Chả giò hải sản,SAME,Bột chiên xù tương đương vụn bánh mì,48710
3304,dâu hao,dầu hào,oyster sauce,1,Đậu hủ nhồi thịt xốt cà chua,SAME,Dầu hào viết sai chính tả,48778
3306,bôt năng,Bột (chung),flour,1,"Bánh canh cá cờ, đậu hủ từ cơm nguội, bột gạo, bột năng",SAME,Bột năng là một loại bột,48811
3308,Sưa đăc ng Tho,sữa,milk,1,Thịt kho tàu,SAME,Sữa đặc là một loại sữa,48816
3309,sưa đăc,sữa,milk,1,Tôm rim thịt,SAME,Sữa đặc là một loại sữa,48821
3310,t trai,ớt,chili pepper,1,Thịt kho tàu,SAME,Ớt trái là ớt,48827
3311,Hanh toi băm nhohanh la,hành lá nhánh hành tỏi củ,aromatics mix,1,Mực xào bún mì rau củ,SAME,"Chứa hành lá, hành, tỏi",48849
3313,muông cafe dâu hao,dầu hào,oyster sauce,1,Đậu hủ hấp xốt dầu hào,SAME,Dầu hào viết sai chính tả,48890
3314,muông cafe nươc tương,nước tương,Soy sauce,1,Đậu hủ hấp xốt dầu hào,SAME,Nước tương viết sai chính tả,48891
3315,goi gr bôt banh xeo co goi bôt nghê ơ bên trong,bánh xèo,pancake,1,"Bánh xèo tôm,thịt, mực và trứng cút",SAME,Bột bánh xèo dùng làm bánh xèo,48906
3316,goi gr bôt chiên gion,Bột (chung),flour,1,"Bánh xèo tôm,thịt, mực và trứng cút",SAME,Bột chiên giòn là một loại bột,48907
3317,cu ca rôt cu cai trăng,cà rốt,carrot,1,"Bánh xèo tôm,thịt, mực và trứng cút",SAME,Có chứa củ cà rốt,48912
3319,Hanh lamuôidâu ănhat nêm,hành lá,green onion,1,"Bánh xèo tôm,thịt, mực và trứng cút",SAME,Có chứa hành lá,48923
3322,Dâu ănhat nêmbôt ngottiêumuôi,dầu ăn,Vegetable Oil,1,Bún cá rô chả cá,SAME,Có chứa dầu ăn,48938
3323,hanh phi,hành tím,shallot,1,Gỏi đu đủ khô cá chỉ vàng món ăn Việt Nam,SAME,Hành phi làm từ hành tím,49002
3324,thit bo,Thịt băm,Minced pork,1,Hamburger Cơm Thịt Bò Bằm Áp Chảo,SAME,Thịt bò có thể làm thịt băm,49003
3325,Hanh to,hành tím,shallot,1,Hamburger Cơm Thịt Bò Bằm Áp Chảo,SAME,Hành tỏi (viết tắt) chứa hành tím,49004
3326,sốt ssamjang chấm thịt HQ,sốt,sauce,1,우삼겹 된장찌개 - Canh đậu tương thịt bò,SAME,Ssamjang là một loại sốt,49057
3327,Hải sản tuỳ chọn mực tôm là must have,tôm thẻ loại to,shrimp,1,Cơm Ý mực đen,SAME,Tôm là tôm thẻ loại to,49074
3328,Dâu mehat nêmmuôitiêubôt ngot,dầu vừng,sesame oil,1,"Súp tóc tiên óc heo,thanh cua và tôm",SAME,Dầu mè là dầu vừng,49085
3331,âu phông rang gia nho,đậu phộng,peanut,1,🥗Bún Thịt Nướng Chả Giò Miền Nam🥗,SAME,Đậu phộng viết sai chính tả,49106
3332,giâm gao,dấm,vinegar,1,Món Chay Cải Mầm Trộn Nấm Hương Và Tàu Hủ Ky,SAME,Giấm gạo là một loại dấm,49113
3336,muông cafe nươc măm,nước mắm,fish sauce,1,Thịt băm rang mặn ngọt,SAME,Nước mắm viết sai chính tả,49187
3337,muông cafe bôt ngot,mỳ chính,MSG,1,Thịt băm rang mặn ngọt,SAME,Bột ngọt là mỳ chính,49189
3338,It muôi muông cafe đương,đường,sugar,1,Xôi lá cẩm thịt xá xíu,SAME,Đường viết sai chính tả,49191
3340,củ hành để nướng,Hành,Scallion,1,Nấm Mỡ Nhồi Thịt Băm Húng Tây Nướng,SAME,Củ hành là hành,49289
3342,Tôm em dùng tôm nõn đông lạnh loại để trong khay xốp bán ở Wm,tôm thẻ loại to,shrimp,1,Tôm nõn cùng nấm xào dứa và cà chua,SAME,Tôm nõn là tôm thẻ to,49312
3343,Gia vị nấu thìa bột ớt Hq thìa tương HQ thìa nước mơ ngâm HQ có thể thay bằng thìa mật ong chút dầu mè và vừng rang,ớt,chili pepper,1,Mỳ trộn thịt xào kim chi Hàn Quốc,SAME,Có chứa bột ớt,49323
3344,lá lốt tía tô mùi tàu,lá lốt,betel leaves,1,Lẩu Ếch Măng Cay,SAME,Có chứa lá lốt,49337
3346,thit bo ba chi My,ba chỉ bò,beef belly,1,Thịt bò ba chỉ Mỹ cuộn rau củ nướng nồi chiên ko dầu,SAME,Ba chỉ Mỹ là ba chỉ bò,49350
3347,qua chuôi chát,chuối,banana,1,Gỏi bò bóp thấu,SAME,Chuối chát là một loại chuối,49356
3348,Bac ha,bạc hà,mint,1,Canh chua đậu hủ chay,SAME,Bạc hà gán đúng,49368
3350,ca rôt căt hat lưu,cà rốt,carrot,1,Canh khổ qua dồn cá thác lác,SAME,Cà rốt gán đúng,49380
3351,giâm,dấm,vinegar,1,Lườn cá hồi kho hành ớt,SAME,Giấm là dấm,49414
3352,muôitiêu,gia vị,seasoning,1,Cá kình kho lạt(kho mẵn),SAME,Muối tiêu là gia vị,49436
3353,Nươc măm gưng,nước mắm,fish sauce,1,Cháo chân bò hầm đậu xanh,SAME,Nước mắm gừng chứa nước mắm,49459
3354,cai chân bo,thịt bò,beef,1,Cháo chân bò hầm đậu xanh,SAME,Chân bò là thịt bò,49469
3355,cai xanh con non,cải bẹ xanh,mustard greens,1,Canh cải xanh non nấu thịt bò,SAME,Cải xanh là cải bẹ xanh,49472
3356,bôt chiên xù,vụn bánh mì,breadcrumbs,1,Cà tím cuộn thịt heo xay và giò sống chiên xù,SAME,Bột chiên xù là vụn bánh mì,49488
3359,nước hầm bê từ bước trên,nước,water,1,Món Pháp Blanquette De Veau - Thịt Bê Hầm Cà Rốt Nấm Phủ Sốt Bơ Trứng,SAME,Nước hầm là nước,49513
3360,muông cafe muôi,gia vị,seasoning,1,"Chè bắp,khoai môn,nấm tuyết và lá cẩm",SAME,Muối là gia vị,49519
3362,sốt ớt ngọt Thái Lẻn,ớt,chili pepper,1,Cá Thu Sốt Cay (dùng sốt ớt ngọt Thái),SAME,Sốt ớt chứa ớt,49569
3364,ăn canh nhỏ Bột bắp,Bột (chung),flour,1,Bún Đậu Mắm Tôm Nhà Làm Siêu Dễ,SAME,Bột bắp là một loại bột,49587
3366,đầu cổ cánh chân gà,cánh gà,chicken wings,1,Cháo Gà Nấm Lộc Nhung,SAME,Có chứa cánh gà,49591
3367,phi lê cá chọn loại nào dễ dắt thành miếng mỏng và ít xương,lườn cá,fish fillet,1,Canh Cá Dưa Chua Tứ Xuyên nhái Hảo La Má La,SAME,Phi lê cá có thể là lườn,49608
3368,khô cá sặc bạn có thể thay nguyên liệu này bằng các loại khô khác hoặc cá hấp giỏ cũng được,cá sặc,snakehead fish,1,"Cà Pháo, Cà Đắng Giã Cá Khô",SAME,Cá sặc gán đúng,49622
3370,It muôi,gia vị,seasoning,1,Cháo đậu đỏ ăn kèm cá nục kho,SAME,Muối là gia vị,49645
3371,Hanh phihanh láhanh toi băm nho,hành lá nhánh hành tỏi củ,aromatics mix,1,Cháo hàu sữa và mực tươi,SAME,"Chứa hành lá, hành, tỏi",49653
3373,cu nghê tươi tuy thuôc vao thich ăn nghê nhiêuit,củ nghệ,turmeric root,1,Cá trê kho nghệ tươi,SAME,Nghệ tươi là củ nghệ,49661
3374,Bôt ngotơt traihanh toi băm nhohanh látiêu,mỳ chính,MSG,1,Cá trê kho nghệ tươi,SAME,Có chứa bột ngọt,49662
3375,Hanh phidâu ăn,dầu ăn,Vegetable Oil,1,Salad cá ngừ ngâm dầu,SAME,Có chứa dầu ăn,49666
3376,Dâu ăndâu haobôt nêmđươngnươc tươngtiêu,nước tương,Soy sauce,1,🍀Rau Càng Cua Trộn Thịt Bò Miền Trung🍀,SAME,Có chứa nước tương,49670
3377,Dâu ănđươnghat nêmnươc mămnươc mau,dầu ăn,Vegetable Oil,1,Cá trê kho nghệ tươi,SAME,Có chứa dầu ăn,49672
3378,chuôi chatchuôi hôt,chuối,banana,1,Mực Hấp Chấm Mắm Gừng,SAME,Chuối chát là chuối,49749
3380,miêng ca khô bo ep,cá,fish,1,Cá bò khô xốt me,SAME,Cá bò khô là cá,49815
3381,rau ngón biển,măng tây biển,samphire,1,Mì Gói Xào Rau Ngón Biển & Gà Xé,SAME,Rau ngón biển là măng tây biển,49821
3382,t tabaco,ớt xanh,green chili,1,Mì Gói Xào Rau Ngón Biển & Gà Xé,SAME,Ớt tabasco là ớt,49824
3383,ậu Hà Lan hoặc đậu cove,đậu que,green beans,1,Cơm chiên rau củ “ngọc bích “ (ngày 8),SAME,Đậu cove là đậu que,49877
3384,trứng gà thay bằng Ngô ngọt nếu bạn không ăn trứng,Trứng gà,Chicken Egg,1,Cơm chiên rau củ “ngọc bích “ (ngày 8),SAME,Trứng gà gán đúng,49879
3385,Cải xanh xà lách húng quế diếp cá húng cay lá cóc quế vị lá lụa đinh lăng,cóc,ambarella fruit,1,Bánh Xèo Rau Rừng,SAME,Lá cóc là cóc,49889
3386,cá đục cá bống đục,cá bống,goby fish,1,Cá Đục Chiên Giòn Chấm Mắm Ngò,SAME,Cá bống đục là cá bống,49894
3387,bò nằm,thịt bò,beef,1,Mì Ý Dẹt Malfadine Sốt Bò Bằm Cà Chua Cà Rốt,SAME,Thịt bò nằm là thịt bò,49902
3389,Rau ăn kèm xà lách lá cóc diếp cá húng quế,cóc,ambarella fruit,1,Cá Sơn Thóc Nướng Sả,SAME,Lá cóc là cóc,49911
3390,gừng hành khô tỏi khô,tỏi,garlic,1,Bánh canh nấu nấm và mọc tôm,SAME,Có chứa tỏi khô,49926
3391,Tăm,hành tăm (củ nén),shallot,1,Trứng chiên thanh cua tình yêu,SAME,Tăm là hành tăm,49938
3392,ớt chuông không có thì bỏ qua,ớt,chili pepper,1,Trứng chiên thanh cua tình yêu,SAME,Ớt chuông là ớt,49942
3393,bơ nhỏ vừa chín,bơ,butter,1,"Salad Nui Mafalda, Jambon Khô & Rau Quả",SAME,Quả bơ gán đúng,49947
3394,trưng cut,trứng cút,quail eggs,1,Bánh Canh Bột Mì Cá Lóc,SAME,Trứng cút gán đúng,49953
3395,muông cafe dâu ăn,dầu ăn,Vegetable Oil,1,Nấm rơm kho nước tương,SAME,Dầu ăn gán đúng,49956
3396,Nươc mămhat nêmđươngơt traihanh tím,nước mắm,fish sauce,1,Thịt ba chỉ kho củ nghệ và lá nghệ,SAME,Có chứa nước mắm,49960
3397,bột hạt thì là cumin,Bột (chung),flour,1,Thuyền Taco Gà & Rau Quả,SAME,Bột hạt thì là là bột,49998
3398,rau củ,rau tạp,mixed greens,1,Phở xào thịt bò chuẩn vị nhà hàng,SAME,Rau củ là rau tạp,50019
3400,Gia vị thông thường,gia vị,seasoning,1,Bún Riêu Cua Bắp Bò,SAME,Gia vị gán đúng,50056
3401,ớt chuông baby màu cam,ớt,chili pepper,1,Salad ớt chuông rau mầm,SAME,Ớt chuông là một loại ớt,50068
3402,thịt bò bắp nạm gân,nạm bò,beef brisket,1,Bò Kho Xốt Vang,SAME,Thịt nạm nằm trong hỗn hợp raw,50075
3403,gia vị bò kho xốt vang,thịt bò,beef,1,Bò Kho Xốt Vang,SAME,Gia vị dùng cho thịt bò,50077
3405,Hành lá quế ngò gai bánh mì,hành lá,green onion,1,Bò Kho Xốt Vang,SAME,Có chứa hành lá,50085
3406,Nhân tôm thịt,tôm thẻ loại to,shrimp,1,Há Cảo Nhân Tôm Thịt,SAME,Nhân tôm chứa tôm thẻ,50100
3407,n kèm tương ớt nước tương chua ngọt,ớt,chili pepper,1,Há Cảo Nhân Tôm Thịt,SAME,Tương ớt làm từ ớt,50107
3408,súp lơ trắng xanh đều được,bông cải,broccoli,1,Sụn lợn xào thập cẩm,SAME,Súp lơ là bông cải,50149
3409,Gia vị dầu oliu mắm dầu hào,gia vị,seasoning,1,Sụn lợn xào thập cẩm,SAME,"Dầu, mắm là gia vị",50152
3410,Mỡ heo cắt nhỏ,thịt heo,pork,1,Bò Lá Lốt - Ẩm thực Việt,SAME,Mỡ heo thuộc con heo,50155
3411,hành tây ớt chuông đủ màu cắt nhỏmàu sắc,ớt,chili pepper,1,Đậu Phụ Tứ Xuyên Mapo Tofu 麻婆豆腐,SAME,Ớt chuông là một loại ớt,50173
3414,Hat nêmdâu ăndâu hao,dầu ăn,Vegetable Oil,1,Cải thảo xào thịt bằm,SAME,Dầu ăn là dầu ăn,50203
3415,gừng miếng riềng củ hành khô củ tỏi,tỏi,garlic,1,Cá nục kho cà chua,SAME,Có chứa tỏi,50207
3419,Ca hôicai chua tau hu kiđâu hủcon gi nâu đo nha,đồ chua,pickled vegetables,1,"Cơm chiên cá hồi,trứng,cải chua,đậu hủ và tàu hủ ki",SAME,Cải chua là đồ chua,50325
3421,roast red posk,xá xíu,char siu,1,Thịt ba chỉ khìa,SAME,Red pork là xá xíu,50368
3423,trai ca chua,xốt cà chua,tomato sauce,1,Đậu hủ chiên xốt cà chua,SAME,Cà chua dùng làm xốt cà chua,50387
3424,Dâu ănmuôibôt ngotbôt nghê,dầu ăn,Vegetable Oil,1,Cá chỉ vàng muối sả và nghệ chiên,SAME,Dầu ăn là dầu ăn,50389
3425,nươc côt bi đo,bí đỏ,pumpkin,1,Rau câu hoa hồng 2 lớp,SAME,Nước cốt bí đỏ làm từ bí đỏ,50420
3426,bac ha,bạc hà,mint,1,Cá mú nấu canh chua,SAME,Cùng là một loại rau,50431
3427,nươc cafe,café,coffee,1,Rau câu hoa hồng 2 lớp,SAME,Cùng là cà phê,50433
3428,t đỏkhô tươi,ớt sừng,red chili,1,Ganjang Gejang- Cua ngâm tương,SAME,Ớt đỏ/ớt tươi thường là ớt sừng,50468
3429,Dâu ănnươc tươngtoi băm dâu haođươngtiêu,dầu ăn,Vegetable Oil,1,Thịt bò xào hoa thiên lý,SAME,Dầu ăn là dầu ăn,50482
3431,rau sông rau thơm rau diêp caxa lach,rau thơm,herbs,1,"Bánh xèo tôm thịt,nấm bào ngư ăn kèm rau cải xanh và rau sống",SAME,Rau thơm nằm trong nhóm rau sống,50555
3432,toi và ơt băm,hành tỏi ớt,garlic chili mix,1,"Bánh xèo tôm thịt,nấm bào ngư ăn kèm rau cải xanh và rau sống",SAME,"Hỗn hợp chứa tỏi, ớt",50557
3433,tép gạo hoặc tôm rảo tằm,tôm thẻ loại to,shrimp,1,Gỏi xoài tôm (tép),SAME,Tép/tôm rảo thuộc nhóm tôm,50578
3434,đâu đâu ngựđâu đo hat tođâu hai mau,đậu ngự,lima beans,1,Sườn heo nấu đậu,SAME,Có chứa đậu ngự,50589
3435,Hành phi vừa đủ,hành tím,shallot,1,"Cháo nấm chay thơm ngon, mát bổ (ngày 1)",SAME,Hành phi làm từ hành tím,50692
3436,nước tương đậu nành,đậu nành,soybeans,1,SP.0845 - Bò Xào Ngũ Sắc,SAME,Nước tương làm từ đậu nành,50703
3437,cà chua củ xả miếng riềng quả dứa,cà chua,tomato,1,Lẩu cá tầm,SAME,Có chứa cà chua,50709
3439,trắng,cơm,cooked rice,1,Cơm heo quay rim nước mắm,SAME,Cơm trắng là cơm,50726
3440,toiơt,hành tỏi ớt,garlic chili mix,1,Cá cờ chiên chấm nước mắm tỏi ớt,SAME,"Hỗn hợp chứa tỏi, ớt",50733
3441,Hành tím hành lá,hành lá,green onion,1,Bún riêu cua tóp mỡ,SAME,Có chứa hành lá,50751
3442,Món dùng kèm,rau sống,fresh herbs,1,Cơm heo quay rim nước mắm,SAME,Món kèm thường là rau sống,50754
3443,muông canh Nươc măm,nước mắm,fish sauce,1,Cá cờ chiên chấm nước mắm tỏi ớt,SAME,Cùng là nước mắm,50759
3444,muông canh đương,đường,sugar,1,Cá cờ chiên chấm nước mắm tỏi ớt,SAME,Cùng là đường,50760
3446,thịt ba chỉ hoặc vai giòn luộc chín,thịt nạc dăm,pork shoulder,1,Gỏi đu đủ tôm chua Huế,SAME,Thịt nạc vai là nạc dăm,50772
3447,Tôm băm rối,tôm thẻ loại to,shrimp,1,Canh bí ngòi tôm thịt - Hủ tiếu bí ngòi tôm thịt,SAME,Tôm băm là tôm,50791
3449,dầu dừa hữu cơ,dầu ăn,Vegetable Oil,1,Thịt heo bằm chưng mắm tôm sả riềng ớt,SAME,Dầu dừa là dầu ăn,50811
3450,mỗi loại ớt chuông màu xanh đỏ vàng,ớt,chili pepper,1,Thịt Bò Ớt Chuông Xiên Que Nướng NCKD,SAME,Ớt chuông là một loại ớt,50827
3452,Sốt Ssamjang Hàn Quốc người,sốt,sauce,1,Rau Diếp Cuốn Phi Lê Bò Áp Chảo & Kim Chi Chấm Sốt Ssamjang Hàn Quốc,SAME,Ssamjang là một loại sốt,50843
3453,lá rau diếp non,rau xà lách,lettuce,1,"Bún Trộn Thịt Ba Chỉ Nướng, Kim Chi & Rau Diếp Non Sốt Ssamjang",SAME,Rau diếp là xà lách,50855
3454,vung sốt Ssamjang Hàn chấm thịt nướng link kèm bên dưới,sốt,sauce,1,"Bún Trộn Thịt Ba Chỉ Nướng, Kim Chi & Rau Diếp Non Sốt Ssamjang",SAME,Sốt Ssamjang là sốt,50858
3455,súp lơ cắt miếng vừa ăn,bông cải,broccoli,1,Nui Xào Tôm Súp Lơ,SAME,Súp lơ là bông cải,50864
3457,Phần sốt trộn,sốt,sauce,1,Salad Cá Trích Xông Khói,SAME,Sốt trộn là sốt,50874
3458,rau spinach rau dền mồng tơi,cải bó xôi,spinach,1,Salad mix rau củ,SAME,Spinach là cải bó xôi,50901
3459,Trang trí thêm nếu muốn strawberry và blackberry snacks,dâu tây,strawberry,1,Salad mix rau củ,SAME,Strawberry là dâu tây,50908
3460,Hành Khô củ,Hành,Scallion,1,Thịt Heo Bọc Sả,SAME,Hành khô là hành,50911
3461,Rau nêm Húng quế hoặc rau mùi ngò gai ngò rí,rau ngò rí,coriander leaves,1,Canh măng củ muối nấu nấm,SAME,Có chứa ngò rí,50932
3463,Rượu mai quế lộ,rượu,cooking wine,1,Giò Heo Hầm Tóc Tiên,SAME,Rượu mai quế là rượu,50952
3464,cá cơ căt lat,cá cờ,marlin,1,Canh chua cá cờ,SAME,Cá cờ là cá cờ,50956
3466,bột curry sốt truyền thống ức,Bột (chung),flour,1,[Grill idea] Bí ngòi cuộn thịt,SAME,Bột curry thuộc nhóm bột,50982
3468,vừng rang hoặc lạc rang,đậu phộng,peanut,1,Salad rau xà lách và các loại rau thơm,SAME,Lạc rang là đậu phộng,51022
3469,rau Húng Quế,quế,Cinnamon,1,Thịt Heo Xào Húng Quế,SAME,Húng quế là quế,51026
3470,gạo Nhật đã nấu chín,gạo,rice,1,Poke Bowl Cá Hồi & Xoài Sốt Tương Gochujang,SAME,Gạo Nhật là gạo,51032
3471,dầu hạt lanh hoặc dầu olive dầu óc chó dầu mè rang,ô liu,olive,1,Poke Bowl Cá Hồi & Xoài Sốt Tương Gochujang,SAME,Dầu olive là ô liu,51040
3474,tương ớt HQ,ớt,chili pepper,1,제육볶음 Thịt xào cay kiểu Hàn,SAME,Tương ớt làm từ ớt,51055
3475,thịt băm chay nhiều ít tuỳ mình,chay,vegetarian,1,Thịt Bằm Chay Thailand (Lạp Thái),SAME,Thịt băm chay là đồ chay,51065
3476,rau húng quế bắt buộc phải có để tạo ra hương vị món này,quế,Cinnamon,1,Thịt Bằm Chay Thailand (Lạp Thái),SAME,Húng quế là quế,51066
3477,siro dâu tằm,siro,syrup,1,Nước gạo lứt đỏ và thạch rau câu dâu tằm,SAME,Siro dâu là siro,51088
3478,mẻ,nước mẻ,fermented rice sauce,1,"Đầu, đuôi cá lăng nấu canh chua",SAME,Mẻ làm ra nước mẻ,51099
3479,thịt ba chỉ nạc vai thịt mông đều được nha có mỡ xíu xào sẽ ngon hơn,thịt nạc dăm,pork shoulder,1,Thịt lợn xào kim chi chua ngọt,SAME,Thịt nạc vai là nạc dăm,51105
3481,nhỏ ngò Tây,hành ngò,scallion cilantro,1,Tabouleh Couscous Rau Củ,SAME,Ngò tây thuộc nhóm hành ngò,51124
3484,Nước xương hầm nước luộc gà,xương gà,chicken bones,1,Súp tôm ngô ngọt,SAME,Nước luộc gà làm từ xương gà,51143
3485,poro hành tím tỏi băm,tỏi,garlic,1,Bún Chả Cá Chay Đơn Giản,SAME,Có chứa tỏi,51152
3486,Rau thơm húng quế rau răm hành ngò,rau răm,vietnamese coriander,1,Bún Chả Cá Nha Trang,SAME,Có chứa rau răm,51160
3487,tỏi ớt băm nhuyễn,ớt,chili pepper,1,SP.0913 - Phở Thịt Luộc Mắm Nêm,SAME,Có chứa ớt,51167
3488,cá gáy cá chép biển,cá chép,carp,1,Cá Gáy (Cá Chép Biển) Nướng Sả,SAME,Cá gáy là cá chép biển,51169
3489,hạnh nhân bột hoặc hạnh nhân bào lát,Bột (chung),flour,1,SALAD bông cải xanh- thịt xông khói,SAME,Hạnh nhân bột thuộc nhóm bột,51194
3490,Nước hầm xương gà,xương gà,chicken bones,1,Súp Bắp Cua,SAME,Cùng là xương gà,51230
3491,Sốt thìa canh nước cốt tắc củ hành củ tỏi thìa canh mắm thìa canh mật mía,tỏi,garlic,1,Thịt heo sốt sả tắc,SAME,Có chứa tỏi,51256
3492,rau củ cắt hạt lựu bắp cà rốt đậu que đậu hoà lan hành tây,đậu que,green beans,1,Katsu Curry - Cơm Cà Ri Thịt Chiên Xù Nhật Bản,SAME,Có chứa đậu que,51301
3493,Sốt cà ri nhật,sốt,sauce,1,Katsu Curry - Cơm Cà Ri Thịt Chiên Xù Nhật Bản,SAME,Sốt cà ri là sốt,51303
3494,bột gia vị taco,Bột (chung),flour,1,💚 Cơm Taco Okinawa Chay Với Đậu Hủ (Vegan),SAME,Bột gia vị thuộc nhóm bột,51315
3495,mứt mơ,mơ,apricot,1,💚 Cơm Taco Okinawa Chay Với Đậu Hủ (Vegan),SAME,Mứt mơ làm từ mơ,51321
3496,hành tây hành lá tỏi,hành tỏi,garlic and onion,1,Cà tím bung với cá bông lau,SAME,"Có chứa hành, tỏi",51331
3497,Hành tây hành lá rau răm,hành lá,green onion,1,Mì Quảng gà cá tôm,SAME,Có chứa hành lá,51345
3498,mắm tôm,mắm ruốc,shrimp paste,1,Thịt bắp giò (đùi heo) nấu giả cầy,SAME,Mắm tôm gần giống mắm ruốc,51349
3499,riềng sả xay,sả,lemongrass,1,Thịt bắp giò (đùi heo) nấu giả cầy,SAME,Có chứa sả,51350
3500,scallops sò điệp,sò,clam,1,"Wonton, seafood noodles, crispy chicken (hoành thánh, mì hải sản, gà giòn)",SAME,Sò điệp thuộc nhóm sò,51361
3501,ground pork thịt heo xay,thịt heo,pork,1,"Wonton, seafood noodles, crispy chicken (hoành thánh, mì hải sản, gà giòn)",SAME,Thịt heo xay là một dạng thịt heo,51363
3503,salami hoặc thay bằng thịt prosciutto,thịt nguội,ham,1,"Salad rau rocket, salami, táo, lê và Burrata",SAME,Salami và Prosciutto đều thuộc nhóm thịt nguội,51369
3504,phô mai Burrata tươi,phô mai,cheese,1,"Salad rau rocket, salami, táo, lê và Burrata",SAME,Burrata là một loại phô mai tươi,51370
3506,bột cần tây không bắt buộc có để làm cá không còn mùi tanh,Bột (chung),flour,1,Cá chiên popcorn,SAME,Bột cần tây thuộc nhóm bột gia vị,51390
3508,cắt khúc Măng tây trắng,măng,bamboo shoots,1,Súp Bong Bóng Cá Măng Tây,SAME,Măng tây thuộc nhóm măng (nói chung),51409
3509,lá oreganonếu có,lá,leaves,1,Cá chiên hoa cúc ngũ vị hương,SAME,Lá oregano là một loại lá gia vị,51421
3510,bột nhục đậu khấu,Bột (chung),flour,1,Quiche Boa Rô & Thịt Cua Nhện,SAME,Bột nhục đậu khấu thuộc nhóm bột gia vị,51432
3512,củ hoặc poro nhánh Hành tím,hành tím,shallot,1,Cải Rổ Xào Nấm Mèo Chay,SAME,Hành tím là kết quả đúng,51442
3513,hòa tan với ml nước Bột bắp,Bột (chung),flour,1,Súp Sò Điệp Bong Bóng Cá,SAME,Bột bắp thuộc nhóm bột,51454
3515,Bông lơ xanh,bông cải,broccoli,1,Hải Sản Nướng - Grilled SeaFood Plate 🦞 🐠 🦑 🦐,SAME,Bông lơ xanh chính là bông cải xanh,51572
3517,Rau sống rau thơm kinh giới ngò diếp cá,kinh giới,vietnamese balm,1,Tôm Chiên Khoai Môn,SAME,Kinh giới là một loại rau thơm trong hỗn hợp,51612
3518,nacho chips,bánh,cake,1,Nacho Heo Xé & Dứa Chua Ngọt - Pulled Pork & Caramelized Pineapple Nachos,SAME,Nacho chips là một loại bánh giòn,51621
3519,t trái khô,ớt,chili pepper,1,Cá kho keo,SAME,Ớt trái khô chính là ớt,51625
3520,GIA V TIU NG MM MUI BT NGT,gia vị,seasoning,1,Trứng chiên thịt băm,SAME,"Tiêu, đường, muối... đều là gia vị",51627
3521,Hanh laơt traitiêu,gia vị,seasoning,1,Bánh canh giò heo và giò sống,SAME,"Hành, ớt, tiêu đều là gia vị",51663
3522,nguyên liệu nhúng lẩu,thịt,meat,1,Lẩu Hải Sản,SAME,Đồ nhúng lẩu thường bao gồm thịt,51709
3523,t traiơt bôt,bột ớt,chili powder,1,Canh chua cá linh bông điên điển,SAME,Ớt trái/bột thuộc nhóm bột ớt,51793
3524,Rau xanh,cải,mustard greens,1,Miến canh dừa rau củ chay (Lẩu sen dừa chay),SAME,Rau xanh thường thuộc nhóm cải,51813
3525,Tương ơt va sôt mayonnais,tương ớt,chili sauce,1,Khô cá bò ép miếng nướng nồi chiên không dầu,SAME,Tương ớt là thành phần chính,51864
3526,rau susu,su su,chayote,1,Lẩu mực 🦑 nước dừa,SAME,Rau su su chính là su su,51865
3528,Hành khô hành tươi,hành lá,green onion,1,Đậu phụ non sốt thịt băm rang,SAME,Hành tươi chính là hành lá,51923
3529,Dâu haodâu điêuhat nêmnươc mămđươngbôt ngottiêu,gia vị,seasoning,1,Thịt băm rang sả,SAME,Hỗn hợp mắm muối đường... là gia vị,51925
3534,Bột sumac,Bột (chung),flour,1,"Salad Xoài, Cà Chua & Thanh Cua",SAME,Bột sumac thuộc nhóm bột gia vị,52138
3535,ST CHOLIMEX musthave,sốt,sauce,1,Thịt mè xiên que nướng NCKD,SAME,Sốt Cholimex là một loại sốt,52147
3537,nguội để tủ lạnh qua đêm,thịt nguội,ham,1,"Cơm rang trứng Dương Châu | nhiều rau củ, tốt cho sức khỏe",SAME,Thịt nguội lạnh chính là thịt nguội,52222
3538,u đủ chín ướp đá,đu đủ,papaya,1,Cơm thịt nướng vui nhộn,SAME,Đu đủ chín chính là đu đủ,52268
3539,Rau thì nhà có j thì mình luộc ăn thêm á,rau tạp,mixed greens,1,Bánh đa gạo lứt nấu đậu hũ non,SAME,Rau nhà có sẵn là rau tạp,52272
3540,Muôi,gia vị,seasoning,1,Cá trích chiên giòn,SAME,Muối là một loại gia vị,52277
3541,gio sông,giò,pork sausage,1,Giò sống trộn nấm hương chiên,SAME,Giò sống còn gọi là giò,52279
3542,Dâu ănhat nêmđươngtiêu,gia vị,seasoning,1,Giò sống trộn nấm hương chiên,SAME,"Dầu, nêm, đường... là gia vị",52280
3544,ruốc khô hoặc tươi,tép,small shrimp,1,Rau càng cua trộn ruốc xào & trứng luộc,SAME,Ruốc (tôm nhỏ) và tép là tương đương,52373
3545,Màu xanh,đậu xanh,mung beans,1,Bánh da lợn cốm xanh,SAME,Màu xanh bánh da lợn thường từ đậu xanh,52378
3547,bột chiên gà,Bột (chung),flour,1,Tôm hùm (Lobster) tẩm bột chiên sốt nấm,SAME,Bột chiên gà thuộc nhóm bột,52396
3548,Hành xắt nhỏ,hành lá,green onion,1,Bí đỏ non hấp nhồi thịt,SAME,Hành xắt nhỏ là hành lá,52418
3549,tàu hu mêm,đậu hũ,tofu,1,Canh chay rong biển đậu hủ nấm kim châm,SAME,Tàu hũ mềm chính là đậu hũ,52419
3550,mọc sống,giò,pork sausage,1,Bún ốc bò,SAME,Mọc sống chính là giò sống,52425
3553,phô mai parmesan bột,Bột (chung),flour,1,Mì Ý Tôm Phô Mai Bỏ Lò,SAME,Phô mai bột thuộc nhóm bột,52535
3558,thìa là hành dăm,hành lá,green onion,1,Canh riêu cá nấu măng chua,SAME,Hành dăm/thì là thuộc nhóm hành lá,52588
3560,đui ga khoang gr gr,đùi gà,chicken drumstick,1,"Đùi gà nướng nồi chiên không dầu gồm má và đùi gà (da gà,thịt gà và xương gà)",SAME,Đùi gà là đùi gà,52626
3561,Giềng Xả t,sả ớt tỏi hành tím,aromatics mix,1,Cá kho chuối xanh,SAME,"Hỗn hợp sả, riềng, ớt... chứa sả ớt",52639
3562,Nghệ tươi giã nhỏ hoặc bột nghệ,Bột (chung),flour,1,Đậu hũ Nhật xào lá lốt,SAME,Bột nghệ thuộc nhóm bột,52675
3564,Muốicà phê,gia vị,seasoning,1,Canh bầu nấu thịt,SAME,Muối là một loại gia vị,52785
3565,bồng khoai đã tước vỏ,ngó khoai,taro stems,1,Canh bồng khoai nấu thịt,SAME,Bồng khoai và ngó khoai là một,52805
3566,Rem cuốnmua loại rem màu vàng chiên lên giòn ngon cực,vỏ bánh,dough wrapper,1,Nem thịt dọn tủ,SAME,Ram cuốn là vỏ bánh đa nem,52826
3567,Tỏi ớt gừng riềng chanh xả,ớt,chili pepper,1,Mực thái,SAME,Hỗn hợp có chứa ớt,52847
3569,lá cải xanh,cải bẹ xanh,mustard greens,1,Cải xanh cuộn thịt bò,SAME,Lá cải xanh chính là cải bẹ xanh,52876
3570,nhỏ măng tây hoang dã,măng,bamboo shoots,1,"Salad Tôm, Xoài Chín, Su Hào & Măng Tây Rừng Sốt Sữa Chua",SAME,Măng tây hoang dã thuộc nhóm măng,52884
3572,hộp cream cheese mình dùng loại này rất ngon vì nó có vị tỏi trong đó cực hợp với món này,kem,cream,1,Pasta Phô Mai Kem Và Cá Ngừ,SAME,Cream cheese thuộc nhóm kem phô mai,52908
3574,lá mùi tây khô,lá,leaves,1,Pizza thịt băm xúc xích ngô ngọt,SAME,Lá mùi tây chính là lá gia vị,52947
3577,rau thơm rau mùi tàu húng chó húng mèo rau ngổ,rau om,rice paddy herb,1,Nộm tép (hoặc tôm),SAME,Rau ngổ thuộc nhóm rau thơm/ngò ôm,53029
3579,nước luộc rau củ thịt tuỳ thích,nước,water,1,Pasta sốt bí đỏ & cá hồi,SAME,Nước luộc chính là thành phần nước,53080
3581,Húng quế húng lủi rau mùi,rau mùi,coriander leaves,1,"Gỏi rau, củ, quả và rong biển",SAME,Rau mùi có trong hỗn hợp rau thơm,53091
3582,quả chay to,chay,vegetarian,1,Cá nhâm dim chay,SAME,Quả chay là nguyên liệu món chay,53105
3584,rau muống vài cọng rau ngổ ngò,rau om,rice paddy herb,1,Rau muống xào tóp mỡ,SAME,Rau ngổ/ngò chính là rau om,53126
3585,rau thơm các loại Tía tô Kinh giới Húng quế Húng cây Diếp cá,kinh giới,vietnamese balm,1,Mắm Cá Thu Muối Vùi Chưng Thịt Băm,SAME,Kinh giới nằm trong nhóm rau thơm,53149
3586,ớt chuông xanh đỏ,ớt,chili pepper,1,Rau củ xào chay,SAME,Ớt chuông là một loại ớt,53188
3587,lá thơm provence,lá,leaves,1,Mì Ý Bí Ngòi Tôm Phô Mai,SAME,Lá thơm là một loại lá,53203
3588,Mỗi thứ ít nấm đông cô kim châm nấm mèo kỷ tử,nấm hương,shiitake mushroom,1,Cá Hồng hấp sen,SAME,Nấm đông cô chính là nấm hương,53211
3589,dưa hâu khoang kg,dưa,pickles,1,Rau Câu Dưa Hấu,SAME,Dưa hấu thuộc nhóm dưa,53218
3590,nấm tiểu yến Hàn Quốc,nấm,mushroom,1,Mì Nấm Chay,SAME,Nấm tiểu yến là một loại nấm,53240
3591,đậu bi chiên,đậu hũ,tofu,1,Mì Nấm Chay,SAME,Đậu bi chiên là một loại đậu hũ,53241
3592,Vài trái quất nên mua nhiều chút,tắc,kumquat,1,Ba chỉ sốt tắc (heo),SAME,Quất chính là quả tắc,53249
3593,rau diếp cỡ nhỏ,cải diếp,lettuce,1,Phở khô trộn nấm đông cô (món chay),SAME,Rau diếp chính là cải diếp,53253
3594,dưa chuột thái sợi,dưa,pickles,1,Mì lạnh ăn kèm thịt nướng sốt bulgogi,SAME,Dưa chuột thuộc nhóm dưa,53276
3595,cá phèn hồng khô,cá hồng,snapper,1,"Salad xoài, lựu và cá khô",SAME,Cá phèn hồng khô thuộc nhóm cá hồng,53289
3596,lựu,trái lựu,pomegranate,1,"Salad xoài, lựu và cá khô",SAME,Lựu chính là trái lựu,53290
3597,Nhân nhồi mực,mực,squid,1,Mực Ống Nhỏ Nhồi Thịt Sốt Tương Dầu Hành,SAME,Nhân mực thành phần chính là mực,53294
3598,thịt nạc dăm heo,thịt heo,pork,1,Mực Ống Nhỏ Nhồi Thịt Sốt Tương Dầu Hành,SAME,Thịt nạc dăm là thịt heo,53295
3600,lá mùi gai,lá,leaves,1,Củ sen nhồi thịt hấp sốt tôm ớt,SAME,Lá mùi gai là một loại lá,53315
3602,mắm tép Hàn Quốc,tép,small shrimp,1,순두부찌개- Canh đậu phụ non Hàn Quốc,SAME,Mắm tép thành phần chính là tép,53345
3603,đầy hạt nêmđậm nhạt,hạt niêm,seasoning granules,1,Cá chép kho dưa tóp mỡ,SAME,"Lỗi chính tả, hạt niêm là hạt nêm",53365
3606,Giò chay,chay,vegetarian,1,Đậu hũ xào nghệ lá lốt,SAME,Giò chay thuộc nhóm thực phẩm chay,53389
3607,Rau muống bào giá rau răm húng cây chanh ớt,rau răm,vietnamese coriander,1,Bún bò giò heo mắm ruốc,SAME,Rau răm nằm trong danh sách rau ăn kèm,53405
3608,tàu hũ ky loại miếng dày thịt gà chay,chay,vegetarian,1,Đậu gà & nấm đùi gà xào sả ớt,SAME,Thịt gà chay thuộc nhóm thực phẩm chay,53421
3610,Gia vị trộn salad,xốt salad,salad dressing,1,"Salad Rau Diếp Xoăn, Bắp Cải Tím & Ức Gà Áp Chảo",SAME,Gia vị trộn salad là xốt salad,53479
3612,nho đen,trái cây,fruit,1,"Gỏi nho đen, thịt vịt",SAME,Nho đen thuộc nhóm trái cây,53512
3614,Hành tỏi khô hành lá gia vị,hành lá,green onion,1,"Thịt bắp giò kho măng, nấm hương",SAME,Trong danh sách thô có chứa hành lá,53544
3617,tôm tươi đông lạnh,tôm thẻ loại to,shrimp,1,Chả tôm mực viên chiên xù,SAME,Tôm đông lạnh vẫn là tôm,53588
3618,Knorr gà,hạt niêm,seasoning granules,1,Best ham hocks (Giò heo hầm),SAME,Knorr gà là một loại hạt nêm,53604
3619,Sốt cà homemade,sốt,sauce,1,Nui Sốt Bò Bằm Bỏ Lò,SAME,Sốt cà là một loại sốt,53638
3620,hơn sách bò,thịt bò,beef,1,Lòng bò xào cà ri,SAME,Sách bò là một bộ phận của bò,53643
3625,ớt chuông dùng loại màu xanh cho đẹp,ớt,chili pepper,1,Tôm rim chua ngọt Hàn Quốc,SAME,Ớt chuông thuộc họ ớt,53694
3626,tương,tương ớt,chili sauce,1,Cơm sốt tôm chua ngọt 칠리새우덮밥,SAME,Tương trong món cay thường là tương ớt,53748
3628,Rau cần nước dọc mùng bạc hà nấm tươi đậu phụ chiên cá chay bún tươi,bạc hà,mint,1,Lẩu cá chay,SAME,Bạc hà (dọc mùng) nằm trong danh sách,53765
3630,tỏi ớt băm,ớt,chili pepper,1,Thịt Luộc Cà Pháo Mắm Nêm,SAME,Tỏi ớt băm có chứa ớt,53783
3632,củ hành tím củ gừng ớt trái,ớt,chili pepper,1,Cá khoai nấu mẻ,SAME,Ớt trái là ớt,53808
3633,lá và hoa sen cạn,lá,leaves,1,Gỏi Cuốn Thịt Xá Xíu & Hoa Sen Cạn,SAME,Lá sen cạn là một loại lá,53853
3635,Húng quế Thái,rau húng chó,mint,1,Thịt heo xào húng Thái “Pad Krapow Moo” 🌿,SAME,Húng quế Thái là húng chó,53974
3639,bánh gối,bánh,cake,1,Bánh sandwich tôm kiểu Hàn menbosa,SAME,Bánh gối thuộc nhóm các loại bánh,54024
3641,mắm tôm chua miền Tây,Tôm muối,Salted shrimp,1,"Gỏi CHÂN GÀ, CÀ PHÁO với TÔM chua",SAME,Mắm tôm chua làm từ tôm muối,54047
3642,gừng hành lá ớt chuông,hành lá,green onion,1,Thịt heo Đông Pha,SAME,Có chứa hành lá trong danh sách,54063
3643,lá thơm khô tuỳ thích,lá,leaves,1,Bánh Mì Bò Phô Mai,SAME,Lá thơm khô là một loại lá,54115
3644,giấm chanh rượu trắng,chanh,lime,1,Bao tử CÁ BASA khìa nước dừa,SAME,Giấm chanh có thành phần từ chanh,54148
3646,lá Chanh Kaffir,chanh,lime,1,Cà Ri Đùi Ếch Chôm Chôm,SAME,Lá chanh Kaffir là lá chanh,54189
3647,Lòng heo tim heo gan heo phèo bao tử dồi huyết đã luộc,thịt heo,pork,1,Bún Đậu Mắm Tôm Lòng Heo Luộc,SAME,"Lòng, tim, gan heo là từ thịt heo",54243
3648,bột cà ri masala,Bột (chung),flour,1,Mực Ống Xào Bông Cải Xanh Sốt Cà Ri Masala,SAME,Bột cà ri thuộc nhóm các loại bột,54257
3649,huyết heo,thịt heo,pork,1,CHÁO huyết-da heo cuộn,SAME,Huyết heo là bộ phận từ heo,54275
3650,rau xà lách rau thơm các loại giá sống,giá,bean sprouts,1,Bún BÒ xào Nam bộ,SAME,Có giá sống trong danh sách rau,54308
3651,đập dập t tươi,hành tỏi,garlic and onion,1,Nấm Bào Ngư Kho Nước Tương Chay,SAME,Thường là hành tỏi tươi đập dập,54317
3653,tôm đồng tươi làm sạch,tôm thẻ loại to,shrimp,1,Tôm đồng rang tóp mỡ,SAME,Tôm đồng là một loại tôm,54337
3655,Chả quế,chả,sausage,1,SP.0995 - Bò Bía Mặn,SAME,Chả quế là một loại chả,54360
3657,Mật dừa nước,nước dừa,coconut water,1,SP.0995 - Bò Bía Mặn,SAME,Mật dừa nước là sản phẩm từ dừa,54364
3658,Rau xà lách xoong,rau xà lách,lettuce,1,Bún Nấm Cá Thác Lác Khổ Qua,SAME,Xà lách xoong là một loại xà lách,54387
3659,thịt lợn thịt gà tôm xay nhuyễn ướp gia vị vừa ăn,tôm thẻ loại to,shrimp,1,Ớt chuông Nhật nhồi tôm thịt,SAME,Thành phần có chứa tôm xay,54399
3660,bột chiên xù bread crumb,bánh mì,bread,1,Hamburg Steak (Thịt bít tết bò băm kiểu Nhật),SAME,Bột chiên xù làm từ bánh mì,54420
3661,Tôm mực tươi,tôm thẻ loại to,shrimp,1,Canh bồ ngót Nhật và tôm mực,SAME,Có chứa tôm tươi,54448
3662,Hành tím tỏi băm Hành lá,hành lá,green onion,1,Canh bồ ngót Nhật và tôm mực,SAME,Có chứa hành lá,54449
3663,sốt mè rang loại gr,sốt,sauce,1,Salad BÒ-ĐẬU RỒNG,SAME,Sốt mè rang là một loại sốt,54475
3664,thịt ba rọi hoặc thịt nọng,Thịt ba chỉ,pork belly,1,Cá Kèo Kho Tiêu Với Thịt Ba Rọi,SAME,Thịt ba rọi chính là thịt ba chỉ,54494
3665,Phần nước chan,nước,water,1,Bánh trôi nước nhân thịt gà nấm và đậu xanh,SAME,Nước chan là chất lỏng/nước,54527
3667,bột ướp bò kho,Bột (chung),flour,1,Đuôi Heo Hầm Kiểu Bò Kho,SAME,Bột ướp là một loại bột,54547
3668,rượu Mai Quế Lộ,rượu,cooking wine,1,Cánh Gà Nấu Nấm Đông Cô Dầu Mè,SAME,Rượu Mai Quế Lộ là rượu,54570
3669,nấm chân dài nấm loa kèn nấm lọng sen,chân nấm,mushroom stem,1,Nấm Chân Dài Nướng,SAME,Các loại nấm có phần chân nấm,54575
3672,Baoro hành ngò gai lá lốt rau ngổ saua,hành lá,green onion,1,Canh chua nấu nấm,SAME,Hành ngò gai thường bao gồm hành lá,54652
3675,lá é trắng húng quế trắng,lá,leaves,1,Bún Cá Ngừ Nấu Mẵn,SAME,"Lá é, húng quế là các loại lá",54760
3676,đỏ,bí đỏ,pumpkin,1,Cá chuồn sốt cà chua,SAME,Viết tắt của bí đỏ,54791
3677,Ngỗ,rau om,rice paddy herb,1,Canh Chua Cá Thu Lá Me,SAME,Rau ngỗ chính là rau om,54818
3678,Gừng hành tỏi,tỏi,garlic,1,Cá trắm sốt cà chua,SAME,Có chứa tỏi trong hỗn hợp,54889
3679,gừng củ hành củ tỏi quả ớt,hành tỏi ớt,garlic chili mix,1,"Cá thu ngừ kho gừng, hành, tỏi",SAME,"Bao gồm cả hành, tỏi và ớt",54892
3680,Gừng hành tỏi khô gia vị,tỏi,garlic,1,"Cá trắm cỏ, chả cá nấu canh chua",SAME,Có chứa tỏi khô,54913
3681,Hành tỏi khô nước hàng gia vị,tỏi,garlic,1,"Thịt kho nước dừa, ngũ vị",SAME,Có chứa tỏi khô,55009
3682,lap xương,lạp xưởng,chinese sausage,1,Bánh trung thu con heo,SAME,Lỗi chính tả của lạp xưởng,55113
3685,ậu cove,đậu que,green beans,1,Súp cua,SAME,Đậu cove là đậu que,55261
3686,t sate,dầu sate,chili oil,1,Cá chiên ớt sate,SAME,Ớt sate là dầu sate,55545
3687,Sườn nguyên tảng,sườn heo,pork ribs,1,Sườn heo nướng nguyên tảng,SAME,Sườn nguyên tảng là sườn heo,55594
3689,thià là,thì là,dill,1,Sushi cá hồi sốt cay 🍣,SAME,Lỗi chính tả của thì là,55762
3690,sườn sụn băm,sườn heo,pork ribs,1,Thịt sốt cà chua,SAME,Sườn sụn thuộc bộ phận heo,55763
3691,sate gia giảm theo độ ăn cay của nhà mình,dầu sate,chili oil,1,Mực nướng sate bằng nồi chiên không dầu,SAME,Sate chính là dầu sate,55868
3692,Gia vịhạt nêm gàmuốiđườngtiêu,gia vị,seasoning,1,Súp gà nấm hương,SAME,"Hạt nêm, muối, đường là gia vị",56041
3693,Nguyên liệu phở sẵn lần Rang sẵn Chia ra gói nhỏ dùng dần,bánh phở,pho noodles,1,Phở Bò Chuẩn Mùi Vị Tiệm (phake không dùng xương),SAME,Nguyên liệu phở là bánh phở,56042
3694,hành tươi to,hành lá,green onion,1,Cá chép hấp bia,SAME,Hành tươi là hành lá,56126
3696,cỏ xạ hương,lá theme,thyme,1,Khay rau củ nướng cỏ xạ hương,SAME,"Lỗi chính tả, theme là thyme (xạ hương)",56195
3697,t sở thích ăn cay,ớt,chili pepper,1,Canh kim chi đậu phụ nấu tôm,SAME,Ớt tươi dùng để tạo độ cay,56360
3699,Monkfish nhỏ,cá mặt quỷ,stonefish,1,Cá Thầy Tu (Monkfish) Kho Gừng,SAME,Cá monkfish thường gọi là cá mặt quỷ,56467
3702,muốihạt nêmtiêu ớt bột,ớt,chili pepper,1,Mực tẩm bột chiên giòn đơn giản,SAME,Chuỗi văn bản có chứa thành phần ớt bột,56531
3703,bột tỏi bột hành,tỏi,garlic,1,Mực tẩm bột chiên giòn đơn giản,SAME,Chuỗi văn bản có chứa thành phần bột tỏi,56532
3705,mọc nhỉ,nấm mèo,wood ear mushroom,1,Bắp Cải Nhồi Thịt Hấp,SAME,Mọc nhỉ là cách viết sai của mộc nhĩ,56650
3707,Dâu ănnươc mămtỏiơtđươngmuôi,gia vị,seasoning,1,Cá dìa chiên,SAME,Các thành phần này thuộc nhóm gia vị,56837
3708,Hanh lango ritiêu,hành ngò,scallion cilantro,1,Canh rau lang nấu tôm tươi,SAME,"Hành ngò là tên gọi chung của hành lá, ngò",56879
3709,Maysone,mayonnaise,mayonnaise,1,Tôm xốt cốt dừa,SAME,Maysone là cách viết sai của Mayonnaise,57221
3710,t,tôm,shrimp,1,Cá Đuối Luộc Chấm Mắm Tỏi Ớt,SAME,t thường là viết tắt của tôm trong công thức,57415
3711,Dầu hàoước tương,nước tương,Soy sauce,1,MÓN PHILIPPIN: MIẾN XÀO GÀ HEO KIỂU PHILIPPIN 🇵🇭,SAME,Chuỗi văn bản có chứa thành phần nước tương,57496
3712,Kho quẹt,gia vị,seasoning,1,Nấm đùi gà kho cà tím,SAME,Kho quẹt là một loại sốt gia vị mặn,57500
3713,khổ qua gr,mướp đắng,bitter melon,1,Canh khổ qua chả cá thác lác:,SAME,Khổ qua chính là mướp đắng,57583
3715,Dầu hào dầu mè rượu trắng,Mè (Vừng),sesame seeds,1,SP.0844 - Mực Hấp Cải Muỗng Xốt Dầu Hào,SAME,Dầu mè chiết xuất từ mè (vừng),57673
3717,tương kecap ngọt,nước tương,Soy sauce,1,Thịt Băm Rang Nước Mắm Mặn Ngọt,SAME,Kecap ngọt là loại nước tương ngọt Indonesia,57880
3718,ậu,đậu,beans,1,Canh cá Diếc (lỗi 😂),SAME,ậu là viết thiếu của chữ đậu,57884
3719,Cari dầu,sốt,sauce,1,Ếch xào sả không ớt ;),SAME,Cari dầu là một dạng hỗn hợp sốt,57978
3722,t Hàn Quốc,gochujang,gochujang,1,Nấm kim châm sốt cay,SAME,Tương ớt Hàn Quốc chính là Gochujang,58171
3723,bun cong to,bún,rice vermicelli,1,Bún Bò Huế(Xương Bò),SAME,Bun là viết thiếu/sai của bún,58207
3724,t ngọt,cải ngọt,choy sum,1,Gà áp chảo vị sa tế cùng với rau củ,SAME,t ngọt là viết tắt của cải ngọt,58261
3725,sườn thăn,sườn heo,pork ribs,1,Bánh Đa Cua Cà Mau,SAME,Sườn thăn là một phần của sườn heo,58270
3726,lẩu thái,gói lẩu,hot pot mix,1,Lẩu gà và cá điêu hồng chua ngọt...🍅🌶🌽,SAME,Lẩu thái ám chỉ gói gia vị lẩu thái,58361
3727,Rau muống và bắp chuối bào,rau muống,water spinach,1,Bún gân bắp bò mắm ruốc,SAME,Chuỗi văn bản có chứa thành phần rau muống,58415
3729,t,thịt heo,pork,1,Mì Gói Khô Mực Nấm Đông Cô,SAME,t là viết tắt của thịt heo,58600
3730,xạ hương,lá theme,thyme,1,Đĩa phô mai thịt nguội với bánh mì chua và sốt chấm tỏi ô liu,SAME,Xạ hương chính là lá Thyme,58601
3733,Nươc tươngdâu hào dâu ănhanh láđươngtoitiêu,dầu hào,oyster sauce,1,Bánh mì sandwich kèm thịt bò và khoai tây chiên,SAME,Chuỗi văn bản có chứa thành phần dầu hào,58683
3734,chiên giòn nêm sẵn,Bột (chung),flour,1,Nấm hải sản chiên giòn - món chay,SAME,Bột chiên giòn thuộc nhóm bột chung,58941
3736,rau diếp trắng,cải diếp,lettuce,1,Rau Diếp Xoăn Trắng & Nấm Mỡ Áp Chảo Sốt Dấm Mù Tạt,SAME,Rau diếp trắng thuộc loại cải diếp,59025
3737,đến g,gừng,ginger,1,Sữa hạnh nhân bơ rau củ,SAME,đến g là viết lỗi của gừng,59033
3738,U phụ Non Thì ngon hơn nhé,đậu non,silken tofu,1,Rau Củ Quả Hầm Kem (Chay),SAME,"U phụ là đậu phụ, dùng đậu non",59114
3740,Hanhtoitiêu,hành tỏi,garlic and onion,1,Canh rạm rau đay,SAME,Chuỗi văn bản có chứa hành và tỏi,59215
3741,xả,sả,lemongrass,1,Lẩu mỳ tôm chay,SAME,Xả là cách viết sai của sả,59365
3742,rau rừng các loại,rau sống,fresh herbs,1,CÁ TAI TƯỢNG chiên xù,SAME,Rau rừng dùng ăn như rau sống,59397
3744,ngò trang trí,Hành ngò,mixed herbs,1,Bò xào bông bí,SAME,Ngò trang trí thuộc nhóm hành ngò,59489
3747,rau chua rau chút chít rau dương đề thổ đại hoàng,rau sống,fresh herbs,1,Canh Rau Chua (Chút Chít) Nấu Mắm Tôm,SAME,Các loại rau chua dùng làm rau sống,59780
3749,Nước tương dằm ớt,ớt,chili pepper,1,Ếch Xào Rau Cần Nước,SAME,Chuỗi văn bản có chứa thành phần ớt,59855
3751,dạ dày heo,thịt heo,pork,1,Dạ dày heo và lòng heo luộc,SAME,Dạ dày heo là một phần của heo,59875
3752,rau tập tàng,rau sống,fresh herbs,1,Canh Rau Tập Tàng Nấu Cua,SAME,Rau tập tàng thường dùng ăn sống/nấu canh,59930
3753,khấu đuôi heo,thịt heo,pork,1,SP.0867 - Đuôi Heo Tiềm Măng Trúc,SAME,Khấu đuôi heo là một phần của heo,59937
3755,Tàu hủ trắng,hộp đậu trắng,canned white beans,1,Cá lóc muối sả (món chay),SAME,Tàu hủ trắng chính là đậu trắng,60007
3756,sốt cà,sốt,sauce,1,Phi lê cá diêu hồng sốt cà chua,SAME,Sốt cà là một loại sốt,60047
3758,Tỏi gừng dầu hào gia vị,tỏi,garlic,1,Đậu rồng xào thịt bò,SAME,Chuỗi văn bản có chứa thành phần tỏi,60101
3759,Dầu phụng,dầu ăn,Vegetable Oil,1,Mì Quảng tôm bò,SAME,Dầu phụng là một loại dầu ăn,60165
3761,Sụn xương bò,thịt bò,beef,1,Mì gói sụn bò,SAME,Sụn xương bò lấy từ bò,60184
3763,lá súp lơ trắng,bông cải trắng,cauliflower,1,🌱 Canh Nấm Mỡ Cà Rốt & Lá Súp Lơ Trắng,SAME,Lá súp lơ trắng thuộc cây bông cải trắng,60285
3764,ngô non,bắp ngọt,sweet corn,1,Nấm ngọc tẩm xào thịt gà,SAME,Ngô non và bắp ngọt là tương đồng,60303
3766,Dâu haohat nêmtoihanh tím,gia vị,seasoning,1,Hoa thiên lý xào thịt bò tơ,SAME,Các thành phần này thuộc nhóm gia vị,60358
3768,Gia vị gừng tỏi,tỏi,garlic,1,Ngồng su hào xào thịt bò,SAME,Chuỗi văn bản có chứa thành phần tỏi,60405
3771,bắp vàng,bắp ngọt,sweet corn,1,TÀU HỦ KY cuốn tôm thịt chiên,SAME,Bắp vàng chính là bắp ngọt,60570
3772,hành phi đậu phộng rang,đậu phộng,peanut,1,"Thịt bò bóp thấu với hành tây, dưa leo",SAME,Chuỗi văn bản có chứa thành phần đậu phộng,60598
3775,bắp bao tử,bắp ngọt,sweet corn,1,Bắp bao tử xào nấm kim châm,SAME,Bắp bao tử tương đương bắp ngọt nhỏ,60672
3777,bắp non ngô bao tử,bắp ngọt,sweet corn,1,VỊT tiềm nấm hương & bắp non,SAME,Bắp non/ngô bao tử thuộc nhóm bắp,60840
3778,Dầu mè loại thơm,Mè (Vừng),sesame seeds,1,Cháo nấm tảo xoắn,SAME,Dầu mè chiết xuất từ mè (vừng),60854
3780,bánh kaiser,bánh,cake,1,"Bánh Kaiser Với Thịt Bò Viên, Trứng, Phô Mai Và Cà Chua",SAME,Bánh kaiser thuộc nhóm bánh,60921
3781,chuôi chát,chuối,banana,1,Cá Chốt Om Măng Chua Khế Chuối Chát,SAME,Chuối chát là một loại chuối,61027
3782,phê bột cà ri,Bột (chung),flour,1,Cá Róc Chiên Cà Ri,SAME,Bột cà ri thuộc nhóm bột,61041
3783,Tỏi gừng ớt sừng đầu hành lá,hành lá,green onion,1,SP.0912 - Ba Rọi Heo Hồng Xíu,SAME,Chuỗi văn bản có chứa thành phần hành lá,61056
3784,Hanh latoi băm nươc mămđươngdâu ăntiêu,gia vị,seasoning,1,Cá nục chuối chiên xốt cà chua,SAME,Các thành phần này thuộc nhóm gia vị,61065
3788,gia vị lẩu thái,gia vị,seasoning,1,Bún thái hải sản,SAME,Gia vị lẩu thái thuộc nhóm gia vị,61142
3789,nước luộc ngô,nước,water,1,Bún thái hải sản,SAME,Nước luộc ngô là một loại nước,61143
3790,tôm bồ hóc,Tôm muối,Salted shrimp,1,Tôm bồ hóc rim để dành,SAME,Tôm bồ hóc là một loại tôm muối,61144
3791,Húng lủi húng quế rau mùi vừng rang gia vị,rau mùi,coriander leaves,1,"Gỏi bò cà pháo, lạp xưởng",SAME,Chuỗi văn bản có chứa thành phần rau mùi,61156
3792,lá xà lách Romaine,lá,leaves,1,Bún Trộn Bò Ủ Áp Chảo & Xà Lách Romaine,SAME,Lá xà lách là một loại lá,61158
3793,lá xà lách romaine,lá,leaves,1,Salad Cải Diếp Cà Rốt Thanh Cua Sốt Caesar,SAME,Lá xà lách là một loại lá,61168
3795,Hành củ gia vị,Hành,Scallion,1,"Rau bò khai xào tóp mỡ, tôm và bánh đa nắm Quỳnh Côi",SAME,Hành củ thuộc nhóm hành,61189
3796,Hành khô dầu hào gia vị,gia vị,seasoning,1,Cải thìa xào nấm hương tươi,SAME,Hành và dầu hào thuộc nhóm gia vị,61194
3797,sốt trộn gỏi,sốt,sauce,1,Cá ông cụ chiên sốt chua ngọt,SAME,Sốt trộn gỏi là một loại sốt,61196
3798,Lá húng quế ngò gai ngỗ hành lá,hành lá,green onion,1,Cá Thu Nấu Bông Me,SAME,Chuỗi văn bản có chứa thành phần hành lá,61202
3799,cà rốt thơm gia vị,cà rốt,carrot,1,Gỏi rau má chay,SAME,Chuỗi văn bản có chứa thành phần cà rốt,61218
3801,lá hẹ lớn,lá,leaves,1,"Canh hẹ nấu mọc thịt, đậu và nấm rơm",SAME,Lá hẹ là một loại lá,61226
3803,nạc cà chua xay,cà chua,tomato,1,"Đùi Vịt Sốt Cà Chua, Nấm Mỡ & Olive Xanh",SAME,Nạc cà chua xay là cà chua,61296
3804,bột cumin bột hạt thì là,Bột (chung),flour,1,"Đùi Vịt Sốt Cà Chua, Nấm Mỡ & Olive Xanh",SAME,Bột cumin là một loại bột,61299
3805,Gừng tỏi hành lá rau mùi gia vị,hành lá,green onion,1,"Thịt bò, vó bò xào bắp cải",SAME,Trong hỗn hợp có hành lá,61321
3809,bánh canh khô bạn có thể dùng bánh canh tươi nhen,bánh,cake,1,"Bánh canh nấm, đậu và rong biển",SAME,Bánh canh là một loại bánh,61382
3811,chả bì ớt xiêm xanh,ớt,chili pepper,1,Lẩu Riêu Cua Đồng Bắp Bò Ngày Quốc Khánh 2/9,SAME,Chả bì ớt xiêm chứa ớt,61409
3813,Nấm ớt chuông Tảo chile,ớt,chili pepper,1,Tảo Chile xào nấm và ớt chuông,SAME,Ớt chuông là một loại ớt,61454
3814,rau thơm các loại Tía tô Kinh giới Húng lủi Húng quế Ngò gai,kinh giới,vietnamese balm,1,Bún Đậu Thịt Luộc Mắm Tôm,SAME,Trong các loại rau có kinh giới,61465
3815,Hanh lahanh timtoitiêu,gia vị,seasoning,1,Canh tôm và mộc nấu khổ qua,SAME,Hành tỏi tiêu là gia vị,61489
3816,ngọt tuỳ sở thích,đường,sugar,1,Nui Nấu Tôm Thịt,SAME,Chất tạo ngọt thường là đường,61496
3819,tôm đã lột vỏ bỏ đầu đuôi,tôm thẻ loại to,shrimp,1,Mì GÓI xào giòn với tôm-mực,SAME,Tôm lột vỏ là tôm thẻ to,61530
3821,tôm nõn đã bóc vỏ,tôm thẻ loại to,shrimp,1,Mì Gói Nấu Tôm Nõn & Cải Xoăn Kale,SAME,Tôm nõn là tôm thẻ to,61573
3822,lá bắp cải và đậu cove,đậu que,green beans,1,Soup rau củ chay,SAME,Đậu cove là đậu que,61583
3823,súp lơ xanh gram,bông cải,broccoli,1,Súp lơ xanh xào thịt bò,SAME,Súp lơ xanh là bông cải,61596
3824,tương ớt xí muội ăn kèm,ớt,chili pepper,1,Thịt nhồi chuối xanh,SAME,Tương ớt xí muội chứa ớt,61617
3825,lá rau diếp,lá,leaves,1,Bánh Mì Chay Kẹp Rau Củ Đơn Giản,SAME,Lá rau diếp là một loại lá,61619
3827,Rau củ nhà còn bông cải trắng xanh cà rốt,bông cải,broccoli,1,Bento box 14: cơm nắm gochujang + trứng cuộn + thịt bò xào + rau củ,SAME,Bông cải là nguyên liệu trong rau củ,61638
3828,hành tây vài nhánh hành lá,hành lá,green onion,1,Lươn đồng xào rau ngổ,SAME,Trong hỗn hợp có hành lá,61647
3829,bột báng,Bột (chung),flour,1,Chè xoài bột báng thạch rau câu,SAME,Bột báng là một loại bột,61656
3830,vó bò,thịt bò,beef,1,"Nấm ngọc châm, cà rốt xào thịt bò và vó bò",SAME,Vó bò là một phần thịt bò,61663
3832,ậu hũ nấm mèo hoặc đậu hũ trắng bình thường,nấm mèo,wood ear mushroom,1,Lá mơ lông cuốn đậu hũ,SAME,Có chứa nấm mèo,61796
3834,thịt ngựa bạch thái mỏng,Thịt ngựa,Horse Meat,1,Thịt ngựa bạch nhúng mẻ,SAME,Thịt ngựa bạch là thịt ngựa,61818
3835,Rau nêm om ngò gai,rau om,rice paddy herb,1,"Canh chua tôm, đầu mực",SAME,Rau om là rau nêm,61862
3836,rau Húng lủi,húng láng,spearmint,1,Gỏi Bưởi Hồng Cơm Dừa Tôm Thịt,SAME,Húng lủi và húng láng tương đồng,61919
3837,lá xà lách tuỳ sở thích,lá,leaves,1,Sandwich tôm,SAME,Lá xà lách là một loại lá,61928
3838,bột chiên khô rau củ tùy ý đậu bắp carrot khoai,cà rốt,carrot,1,"Còi sò điệp lăn bột, rau củ ngũ sắc sốt xì dầu cho bé",SAME,Có chứa carrot (cà rốt),61966
3839,nạc xay có mỡ,mỡ,lard,1,Chả cốm xanh làm với chả cá thác lác,SAME,Nạc xay có mỡ chứa mỡ,61976
3840,Tỏi băm gia vị hành lá mùi tàu,hành lá,green onion,1,"Khoai tây, bí ngô xào thịt bò",SAME,Trong hỗn hợp có hành lá,61987
3843,Sốt ướp sườn,sốt,sauce,1,Sườn Heo Nướng Tảng,SAME,Sốt ướp sườn là một loại sốt,62025
3847,ớt chuông đỏ vàng,ớt,chili pepper,1,📣 Thịt bò xào húng quế kiểu Thái 🥩🫑🧅🌿,SAME,Ớt chuông là một loại ớt,62219
3849,xúc xích heo,thịt heo,pork,1,Mì tobokki phomai xúc xích heo,SAME,Xúc xích heo làm từ thịt heo,62306
3850,cá lóc chỉ lấy phần xương,cá lóc,snakehead fish,1,Canh ngót rau cần nước,SAME,Xương cá lóc từ cá lóc,62326
3851,tương đen của trung dark soy sauce,sốt,sauce,1,Thịt kho với giò,SAME,Hắc xì dầu (tương đen) là sốt,62337
3852,bắp bò,thịt bò,beef,1,Bắp bò luộc kiểu Hàn 사태수육,SAME,Bắp bò là thịt bò,62358
3853,đuôi bò,thịt bò,beef,1,"Phở đuôi bò, gà",SAME,Đuôi bò là thịt bò,62443
3854,Rau sông xà lachhung luihung quêdiêp cá,rau sống,fresh herbs,1,Phở Cuốn Thịt Heo,SAME,Hỗn hợp rau là rau sống,62455
3855,Hat nêm muôi,gia vị,seasoning,1,Mì Udon Gà Và Nấm Đông Cô,SAME,Hạt nêm muối là gia vị,62466
3857,thịt ba chỉ bò Mỹ,Thịt ba chỉ,pork belly,1,Bò cuộn nấm kim châm nướng BBQ,SAME,Ba chỉ bò là thịt ba chỉ,62489
3858,Gừng hành tỏi khô ớt khô gia vị,gia vị,seasoning,1,"Cá rô phi nấu nấm, cải xoong",SAME,Gia vị là gia vị,62497
3860,Tắc ớt xả,ớt,chili pepper,1,Tai heo trộn rong sụn sốt thái,SAME,Trong hỗn hợp có ớt,62555
3861,Cá không da,lườn cá,fish fillet,1,Chả cá,SAME,Cá không da có thể là lườn,62563
3862,là băm,thì là,dill,1,Chả cá,SAME,Là băm viết tắt của thì là,62568
3868,mini brie cheese,phô mai,cheese,1,Xoài cuộn đùi heo muối 🇪🇸,SAME,Brie cheese là phô mai,62642
3870,đọt lá chùm ruột non,lá,leaves,1,Lá Chùm Ruột Xào Thịt,SAME,Lá chùm ruột là một loại lá,62723
3871,bánh sandwich,sandwich,sandwich,1,Súp kem thịt gà khoai sọ + sandwich 🍞,SAME,Bánh sandwich là sandwich,62744
3873,Bọt chiên xù,vụn bánh mì,breadcrumbs,1,Thịt nạc dăm heo chiên xù kiểu Nhật,SAME,Bột chiên xù là vụn bánh mì,62819
3874,bột hạt mùi,Bột (chung),flour,1,Cá hồi muối,SAME,Bột hạt mùi là một loại bột,62849
3875,Rau xanh tuỳ sở thích,rau sống,fresh herbs,1,Mì udon hầm rau củ Eatclean,SAME,Rau xanh dùng làm rau sống,62864
3878,rong rau câu xu xoa,rong biển,seaweed,1,Thạch rau câu (xu xoa),SAME,Rong xu xoa là một loại rong biển,62946
3880,sữa hạt yến mạch,sữa,milk,1,Rau câu sữa hạt,SAME,Sữa yến mạch là một loại sữa,62997
3881,cá thu máu cá ngừ khoảng kg,cá ngừ,tuna,1,Cá ngừ kho dứa (thơm),SAME,Trong hỗn hợp có cá ngừ,63027
3884,mứt dâu tằm,mứt,fruit preserve,1,SP.0932 - Cá Hồi Áp Chảo Sốt Dâu Tằm & Salad Giấm Mè,SAME,Mứt dâu tằm là một loại mứt,63115
3885,nước bột bắp,Bột (chung),flour,1,SP.0932 - Cá Hồi Áp Chảo Sốt Dâu Tằm & Salad Giấm Mè,SAME,Nước bột bắp là một loại bột,63122
3886,mì udon,mì,noodles,1,"Mì udon nấu cà chua, ớt chuông, nấm kim châm",SAME,Mì udon là một loại mì,63131
3887,Hành tía tô lá lốt,hành lá,green onion,1,Đầu cá lăng nấu thịt chuối đậu,SAME,Hành là hành lá,63138
3888,Riềng xay mẻ bột nghệ mắm tôm gia vị,Bột (chung),flour,1,Đầu cá lăng nấu thịt chuối đậu,SAME,Bột nghệ là một loại bột,63139
3889,sốt nấm hương,sốt,sauce,1,Mì Trứng Trộn Sốt Nấm Hương,SAME,Sốt nấm hương là một loại sốt,63144
3890,tim gan cật heo,thịt heo,pork,1,Mì Trứng Trộn Sốt Nấm Hương,SAME,Tim gan cật heo thuộc thịt heo,63146
3891,rau mùi ngò gai rau răm rau thơm,rau răm,vietnamese coriander,1,Gỏi Sứa Trộn Dưa Rau Muống,SAME,Trong hỗn hợp có rau răm,63150
3892,ớt chuông xanh vàng đỏ,ớt,chili pepper,1,Thịt Heo Rừng Xào Cải Chua Ớt Chuông,SAME,Ớt chuông là một loại ớt,63157
3893,sốt lẩu chua hải sản,sốt,sauce,1,Lẩu cá diêu hồng chua cay dịp 30.4,SAME,Sốt lẩu là một loại sốt,63163
3894,Xôi chè tráng miệng,xôi,sticky rice,1,Lẩu cá diêu hồng chua cay dịp 30.4,SAME,Xôi chè chứa xôi,63171
3895,sách bò đã làm sạch,thịt bò,beef,1,Sách bò xào dứa,SAME,Sách bò thuộc bộ phận bò,63178
3899,thịt heo bò băm,thịt bò,beef,1,Thịt Băm Sốt Đậu Hủ Non Cà Chua,SAME,Thịt bò băm là thịt bò,63341
3901,Canh chua cá ngần,Cá ngần,Noodlefish,1,Bánh đa cá ngần + chả cá ngần,SAME,Canh cá ngần nguyên liệu chính là cá ngần,63372
3902,Gia vị dầu hào tương ớt,ớt,chili pepper,1,SP.0985 - Cơm Xốt Cà Chua Thịt Băm,SAME,Tương ớt có thành phần chính là ớt,63511
3903,lá cà ri tươi,lá,leaves,1,Canh Chua Gà Rau Củ Malaysia,SAME,Lá cà ri là một loại lá,63546
3904,nước hầm xương và xương heo,thịt heo,pork,1,Canh rong biển nấu nấm,SAME,Xương heo thuộc bộ phận của con heo,63561
3905,rong biển trộn cơm,cơm,cooked rice,1,Cơm Trộn Rong Biển Cá Hồi Áp Chảo Cho Bé,SAME,Rong biển trộn cơm dùng để ăn với cơm,63567
3906,Chà bông nấm hoặc chân nấm,chân nấm,mushroom stem,1,Chà bông nấm rong biển,SAME,Chân nấm là một phần của nấm,63601
3907,sốt Terayaki,sốt,sauce,1,Măng tây cuốn thịt,SAME,Sốt Teriyaki là một loại sốt,63609
3908,mỡ gà,thịt gà,chicken,1,Măng Xào Chả Cá,SAME,Mỡ gà thuộc con gà,63654
3909,hành khô củ tỏi,tỏi,garlic,1,Lườn cá ngừ áp chảo,SAME,Hỗn hợp có chứa tỏi,63677
3911,rau thơm húng cay tía tô húng quế diếp cá,tía tô,perilla leaves,1,Cá Diêu Hồng Chiên Mè Cuốn Bánh Tráng Sắn,SAME,Hỗn hợp có chứa tía tô,63746
3914,Tôm thịt rang còn thừa,ram tôm,shrimp rolls,1,Cơm Chiên Từ Tôm Rang Thịt còn thừa,SAME,Tôm rang dùng làm nhân ram tôm,63799
3915,Hành tím hành lá cắt nhỏ,hành lá,green onion,1,Canh bí đao (bí xanh) nấu thịt bằm đơn giản,SAME,Hỗn hợp có chứa hành lá,63803
3916,Gừng tươi ớt tươi,hành tỏi ớt,garlic chili mix,1,Nấm bào ngư xiên hấp chanh sả,SAME,Hỗn hợp có chứa ớt,63809
3917,Gia vị dầu mè dầu ăn,gia vị,seasoning,1,SP.0986 - Đậu Hũ Dồn Thịt Xốt Cà,SAME,Dầu mè và dầu ăn là gia vị,63817
3920,mắm hoặc bột canh chay,Bột (chung),flour,1,Nấm hầu thủ kho chuối xanh (món chay),SAME,Bột canh thuộc nhóm bột gia vị,63845
3923,Sụn lợn sụn heo sụn mặt trăng,thịt heo,pork,1,Sụn Heo Kho Sả Ớt,SAME,Sụn lợn thuộc con heo,63870
3924,Rau mùi tàu hoặc rau mùi ta,ngò gai,culantro,1,Cháo nấm nghệ,SAME,Mùi tàu chính là ngò gai,63887
3925,Hành tươi mùi tàu mùi ta,ngò gai,culantro,1,Thịt thăn thuôn sấu (canh chua sấu thịt thăn),SAME,Mùi tàu chính là ngò gai,63910
3926,Dụng cụ máy xay thịt khuôn hình chữ nhật nồi hấp,thịt gà,chicken,1,Thịt GÀ đóng hộp (Homemade Chicken Luncheon),SAME,Thịt gà đóng hộp làm từ thịt gà,63919
3928,Huyết heo,thịt heo,pork,1,Bún Sườn Bò Tơ,SAME,Huyết heo thuộc con heo,63940
3929,cải hồng,cải,mustard greens,1,🌱 Bún Đậu Hủ Nước Tương Trộn Rau Củ,SAME,Cải hồng là một loại rau cải,63946
3930,Nước tương tỏi ớt,ớt,chili pepper,1,🌱 Bún Đậu Hủ Nước Tương Trộn Rau Củ,SAME,Hỗn hợp có chứa ớt,63948
3932,rau om ngò gai,rau om,rice paddy herb,1,Lẩu Cá Kèo Miền Tây,SAME,Rau om là cách gọi khác của rau ngổ,64042
3933,rau ngò gai ngò om,rau om,rice paddy herb,1,Cá linh nấu chua với bông súng cơm mẻ,SAME,Hỗn hợp có chứa ngò ôm/rau om,64054
3934,củ tỏi ớt,ớt,chili pepper,1,Bánh xèo nhân tôm củ sắn,SAME,Hỗn hợp có chứa ớt,64063
3935,tỏi ớt băm tuỳ khẩu vị,ớt,chili pepper,1,Gỏi bóng cá chay trộn gỏi dưa leo siêu dễ làm,SAME,Hỗn hợp có chứa ớt,64070
3936,Dầu ăn mỡ nước,mỡ,lard,1,Cá Bống Kho Nghệ,SAME,Mỡ nước là mỡ,64076
3937,Rau sống xà lách rau thơm rau răm tía tô lá cóc,rau răm,vietnamese coriander,1,Cá Sòng hấp cuốn bánh tráng rau sống,SAME,Hỗn hợp có chứa rau răm,64079
3939,cua ghẹ bóc vỏ,cua,crab,1,Trứng chiên tép khô hải sản,SAME,Cua ghẹ thuộc nhóm cua,64135
3940,húng cây hoặc rau ôm ngò gai,ngò gai,culantro,1,Canh gân bò nấu chua,SAME,Ngò gai là một phần của hỗn hợp,64144
3942,khoảng g nấm hạ thảo,Nấm đông trùng hạ thảo,Cordyceps militaris,1,Canh Khoai Tây Bông Cải Xanh và Nấm Hạ Thảo,SAME,Nấm hạ thảo là nấm đông trùng hạ thảo,64211
3943,bột cà ri Hàn,Bột (chung),flour,1,Thịt ba chỉ sốt cay kiểu Hàn,SAME,Bột cà ri thuộc nhóm bột,64222
3944,bột tàn mì,Bột (chung),flour,1,Há cảo con cá,SAME,Bột tàn mì thuộc nhóm bột,64238
3946,Gia vị dầu hào dầu oliu mắm tỏi,tỏi,garlic,1,Nấm đông cô tươi xào tôm nõn,SAME,Hỗn hợp có chứa tỏi,64306
3947,Xương sườn louis,xương heo,pork bones,1,Miến dong Eatclean hầm xương nấm tuyết,SAME,Sườn là xương heo,64345
3948,Lá thơm Provence,lá,leaves,1,Nui Nơ Sốt Bò Cà Chua Bỏ Lò,SAME,Lá thơm thuộc nhóm lá,64373
3949,t Hàn Quốc loại hạt to,ớt,chili pepper,1,Chả nấm kim châm chiên cay,SAME,Ớt hạt to là ớt,64380
3951,mực tẩm bột mua sẵn,Bột (chung),flour,1,Mực chiên giòn sốt chua ngọt,SAME,Bột tẩm mực thuộc nhóm bột,64407
3952,tôm nõn lột sẵn,chả tôm,shrimp cake,1,Chả tôm cuộn rong biển bánh tráng,SAME,Tôm nõn dùng làm chả tôm,64442
3953,dưa chuột bé,dưa,pickles,1,Cơm cuộn cá hồi phiên bản em bé,SAME,Dưa chuột là dưa,64488
3954,rong biển cuộn cơm,cơm,cooked rice,1,Cơm cuộn cá hồi phiên bản em bé,SAME,Rong biển cuộn cơm để ăn với cơm,64493
3955,Nguyên liệu ăn kèm,rau sống,fresh herbs,1,Thịt Luộc Bossam (보쌈) - Ẩm thực Hàn Quốc,SAME,Ăn kèm Bossam thường là rau sống,64512
3956,táo đỏ cắt lát,táo,apple,1,Canh xương heo hầm củ,SAME,Táo đỏ là một loại táo,64520
3957,tôm sú sốt bơ tỏi,tỏi,garlic,1,Cơm chiên tôm sú,SAME,Sốt bơ tỏi có chứa tỏi,64545
3960,Tóp mỡ,mỡ,lard,1,"Canh Khoai Tây Nấu Rau Cần, Cà Chua, Thì Là",SAME,Tóp mỡ là mỡ,64593
3961,mắm ngon hoặc thìa bột canh,Bột (chung),flour,1,Canh khoai tây rau cần,SAME,Bột canh thuộc nhóm bột,64616
3965,bột cà ri ấn độ,Bột (chung),flour,1,Khô bò ướt mềm ngon,SAME,Bột cà ri thuộc nhóm bột,64682
3966,Bột ngọttuỳ thích,mỳ chính,MSG,1,Canh Chả Cá Thác Lác,SAME,Bột ngọt chính là mỳ chính,64716
3967,ường nâu,đường,sugar,1,Nấm Rơm khô rim mặn với tiêu xanh,SAME,Đường nâu là đường,64722
3971,cá cơm than,cá cơm,anchovy,1,Cá cơm than nhúng dấm,SAME,Cá cơm than là loại cá cơm,64877
3972,nước cá kho,kho cá,braised fish,1,Cải Luộc Chấm Nước Cá Kho,SAME,Nước cá kho dùng để kho cá,64878
3973,mực muối,mực,squid,1,Cơm Mực Muối Ram Me,SAME,Mực muối là con mực,64879
3974,chanh leo,chanh dây,passion fruit,1,"Cá hồi sốt chanh leo, sốt cam",SAME,Chanh leo là chanh dây,64882
3975,thịt nạc bằm,Thịt băm,Minced pork,1,"CHÁO THỊT NẠC BẰM, CẢI BÓ XÔI, CÀ RỐT",SAME,Thịt nạc bằm là thịt băm,64887
3976,trứng cá truite,trứng cá,fish roe,1,Rice Bowl - Cơm Trộn Thập Cẩm Trứng Cá Truite,SAME,Trứng cá truite là trứng cá,64891
3977,rau muống,rau muống,water spinach,1,Nấm Rơm Nấu Lá Me,SAME,Giống nhau,64925
3978,bông hẹ,hoa hẹ,garlic chives,1,Canh Bông Hẹ Đậu Hũ (Món Chay),SAME,Bông hẹ là hoa hẹ,64970
3979,cá cơm khô,cá cơm,anchovy,1,Gỏi Cá Cơm Khô,SAME,Cá cơm khô là cá cơm,64997
3982,vây cá hồi,cá,fish,1,Vây cá hồi chiên giòn sốt cà,SAME,Vây cá hồi là bộ phận cá,65061
3983,xuyến chi,Rau rừng,Wild Vegetables,1,Rau tầm bóp và xuyến chi xào tỏi trộn vừng lạc,SAME,Xuyến chi là một loại rau rừng,65068
3984,tương hột,sốt,sauce,1,Nấm bào ngư kho tương hột,SAME,Tương hột là một loại sốt,65073
3985,ổi hồng,ổi,guava,1,Rau câu ổi hồng,SAME,Ổi hồng là quả ổi,65095
3986,da heo chay,thịt chay,plant-based meat,1,Da heo chay cháy tỏi ớt (chay),SAME,Da heo chay là thịt chay,65097
3987,cá cơm muối,cá cơm,anchovy,1,Salad Friseline Trộn Cá Cơm Muối,SAME,Cá cơm muối là cá cơm,65100
3989,dâu tằm,trái cây,fruit,1,SP.0932 - Cá Hồi Áp Chảo Sốt Dâu Tằm & Salad Giấm Mè,SAME,Dâu tằm là trái cây,65118
3991,cá koi (topping),topping,topping,1,Xôi thỏi vàng cá koi,SAME,Cá koi trang trí là topping,65146
3992,dưa leo,dưa leo,cucumber,1,"Bento box 16: cơm nắm furikake, mì xào nấm, thịt nướng",SAME,Giống nhau,65971
