dish_id,title,url,exists,status,error
10131383,Gỏi Bạc Hà Tôm Đất,https://concop19.github.io/daily-mate-assets/food_anime/dish_10131383.jpg,False,404,
10153316,Mướp Khía Xào Nấm Bào Ngư Chay,https://concop19.github.io/daily-mate-assets/food_anime/dish_10153316.jpg,False,404,
10581838,Lẩu gà tiềm nấu nấm,https://concop19.github.io/daily-mate-assets/food_anime/dish_10581838.jpg,False,404,
10668025,Mực ống xào,https://concop19.github.io/daily-mate-assets/food_anime/dish_10668025.jpg,False,404,
10668060,Bún đậu mắm tôm,https://concop19.github.io/daily-mate-assets/food_anime/dish_10668060.jpg,False,404,
10668095,Cá chuồn kho mít non,https://concop19.github.io/daily-mate-assets/food_anime/dish_10668095.jpg,False,404,
10670111,Canh cá bã trầu,https://concop19.github.io/daily-mate-assets/food_anime/dish_10670111.jpg,False,404,
10733295,Gỏi đu đủ xanh tai heo,https://concop19.github.io/daily-mate-assets/food_anime/dish_10733295.jpg,False,404,
10749119,Cá chuồn nấu khổ qua,https://concop19.github.io/daily-mate-assets/food_anime/dish_10749119.jpg,False,404,
10749260,Cá hanh hấp,https://concop19.github.io/daily-mate-assets/food_anime/dish_10749260.jpg,False,404,
10904151,Canh rau lang nấu nghêu,https://concop19.github.io/daily-mate-assets/food_anime/dish_10904151.jpg,False,404,
10904161,Rau diếp cá trộn bò,https://concop19.github.io/daily-mate-assets/food_anime/dish_10904161.jpg,False,404,
10905259,Canh chua thịt bò,https://concop19.github.io/daily-mate-assets/food_anime/dish_10905259.jpg,False,404,
10929046,Đậu khuôn sốt nấm tươi,https://concop19.github.io/daily-mate-assets/food_anime/dish_10929046.jpg,False,404,
10940465,Cá chai khô rim mắm đường,https://concop19.github.io/daily-mate-assets/food_anime/dish_10940465.jpg,False,404,
10940604,Mì vàng xào bò,https://concop19.github.io/daily-mate-assets/food_anime/dish_10940604.jpg,False,404,
10976532,Canh chua chả cá rựa,https://concop19.github.io/daily-mate-assets/food_anime/dish_10976532.jpg,False,404,
10977122,Ốp la bò kho,https://concop19.github.io/daily-mate-assets/food_anime/dish_10977122.jpg,False,404,
11009128,"Xà lách carol trộn nấm, đậu khuôn",https://concop19.github.io/daily-mate-assets/food_anime/dish_11009128.jpg,False,404,
11009144,Canh chua nấu nấm,https://concop19.github.io/daily-mate-assets/food_anime/dish_11009144.jpg,False,404,
11068397,Cá bớp Lã Vọng,https://concop19.github.io/daily-mate-assets/food_anime/dish_11068397.jpg,False,404,
11095480,Chả cá thu hấp,https://concop19.github.io/daily-mate-assets/food_anime/dish_11095480.jpg,False,404,
11127540,Rong biển Hàn Quốc nấu tôm,https://concop19.github.io/daily-mate-assets/food_anime/dish_11127540.jpg,False,404,
11151649,Rau dớn nộm,https://concop19.github.io/daily-mate-assets/food_anime/dish_11151649.jpg,False,404,
11228131,Cá thu nướng lá chuối,https://concop19.github.io/daily-mate-assets/food_anime/dish_11228131.jpg,False,404,
11314511,Thịt ba chỉ rang tôm,https://concop19.github.io/daily-mate-assets/food_anime/dish_11314511.jpg,False,404,
11323535,Cá bống kho khô với nghệ,https://concop19.github.io/daily-mate-assets/food_anime/dish_11323535.jpg,False,404,
11323725,Cháo thịt bò băm,https://concop19.github.io/daily-mate-assets/food_anime/dish_11323725.jpg,False,404,
11323743,Cá chìa vôi nướng mọi,https://concop19.github.io/daily-mate-assets/food_anime/dish_11323743.jpg,False,404,
11329900,Bún rau củ chay,https://concop19.github.io/daily-mate-assets/food_anime/dish_11329900.jpg,False,404,
11346679,Thịt nạc kho dưa gang muối,https://concop19.github.io/daily-mate-assets/food_anime/dish_11346679.jpg,False,404,
11346695,Râu mực nang xào rau cần,https://concop19.github.io/daily-mate-assets/food_anime/dish_11346695.jpg,False,404,
11360193,Cá bò kho nghệ,https://concop19.github.io/daily-mate-assets/food_anime/dish_11360193.jpg,False,404,
11360240,Cá cơm kho cay,https://concop19.github.io/daily-mate-assets/food_anime/dish_11360240.jpg,False,404,
11360303,Canh cá khoai nấu thơm cà,https://concop19.github.io/daily-mate-assets/food_anime/dish_11360303.jpg,False,404,
11362964,Cải ngồng xào tôm,https://concop19.github.io/daily-mate-assets/food_anime/dish_11362964.jpg,False,404,
11384501,Cá mú nấu chua,https://concop19.github.io/daily-mate-assets/food_anime/dish_11384501.jpg,False,404,
11394052,Cải ngồng xào bò,https://concop19.github.io/daily-mate-assets/food_anime/dish_11394052.jpg,False,404,
11395688,Cháo tôm,https://concop19.github.io/daily-mate-assets/food_anime/dish_11395688.jpg,False,404,
11395806,Trứng chiên cá mờm,https://concop19.github.io/daily-mate-assets/food_anime/dish_11395806.jpg,False,404,
11396230,Cá nục chuối kho ớt hiểm,https://concop19.github.io/daily-mate-assets/food_anime/dish_11396230.jpg,False,404,
11401931,Gỏi bò khô,https://concop19.github.io/daily-mate-assets/food_anime/dish_11401931.jpg,False,404,
11401959,Miến cá lóc,https://concop19.github.io/daily-mate-assets/food_anime/dish_11401959.jpg,False,404,
11402851,Bò nạm hầm củ quả,https://concop19.github.io/daily-mate-assets/food_anime/dish_11402851.jpg,False,404,
11418172,Bắp cải xào tôm,https://concop19.github.io/daily-mate-assets/food_anime/dish_11418172.jpg,False,404,
11418204,Ruốc cá thu nướng Nghệ An,https://concop19.github.io/daily-mate-assets/food_anime/dish_11418204.jpg,False,404,
11422634,Ngọn rau lang xào tỏi,https://concop19.github.io/daily-mate-assets/food_anime/dish_11422634.jpg,False,404,
11431559,Cá nục bông kho nước,https://concop19.github.io/daily-mate-assets/food_anime/dish_11431559.jpg,False,404,
11466127,Cá thu nấu dưa cải chua,https://concop19.github.io/daily-mate-assets/food_anime/dish_11466127.jpg,False,404,
11466708,Cá hồng biển chiên,https://concop19.github.io/daily-mate-assets/food_anime/dish_11466708.jpg,False,404,
11467547,"Canh mồng tơi, mướp nấu tôm",https://concop19.github.io/daily-mate-assets/food_anime/dish_11467547.jpg,False,404,
11489438,"Miến xào măng, nấm",https://concop19.github.io/daily-mate-assets/food_anime/dish_11489438.jpg,False,404,
11489487,"Mì tôm thịt bò, tôm sú",https://concop19.github.io/daily-mate-assets/food_anime/dish_11489487.jpg,False,404,
11491155,Nấm Đùi Gà Kho Gừng Chay,https://concop19.github.io/daily-mate-assets/food_anime/dish_11491155.jpg,False,404,
11513126,Bún bò xào sả,https://concop19.github.io/daily-mate-assets/food_anime/dish_11513126.jpg,False,404,
11530617,Đu đủ kho thịt,https://concop19.github.io/daily-mate-assets/food_anime/dish_11530617.jpg,False,404,
11567531,Canh khổ qua nấu chả cá thác lác,https://concop19.github.io/daily-mate-assets/food_anime/dish_11567531.jpg,False,404,
11567593,"Giá đỗ, cần xào thịt bò",https://concop19.github.io/daily-mate-assets/food_anime/dish_11567593.jpg,False,404,
11693377,Sườn Heo Ram Me,https://concop19.github.io/daily-mate-assets/food_anime/dish_11693377.jpg,False,404,
11733580,Cá phèn đổng kho,https://concop19.github.io/daily-mate-assets/food_anime/dish_11733580.jpg,False,404,
11752230,Cá chim đen chiên,https://concop19.github.io/daily-mate-assets/food_anime/dish_11752230.jpg,False,404,
11783679,Bì heo trộn thính,https://concop19.github.io/daily-mate-assets/food_anime/dish_11783679.jpg,False,404,
11879403,Canh chuối xanh nấu tôm,https://concop19.github.io/daily-mate-assets/food_anime/dish_11879403.jpg,False,404,
11879532,Cá cơm than nhúng dấm,https://concop19.github.io/daily-mate-assets/food_anime/dish_11879532.jpg,False,404,
12020604,Ram Tôm Đất Bình Định Cuốn Bánh Tráng Rau Sống,https://concop19.github.io/daily-mate-assets/food_anime/dish_12020604.jpg,False,404,
12020752,Thịt Kho Trứng,https://concop19.github.io/daily-mate-assets/food_anime/dish_12020752.jpg,True,200,
12024894,Canh Thịt Bò Nấu Giá & Cà Chua 🍅,https://concop19.github.io/daily-mate-assets/food_anime/dish_12024894.jpg,True,200,
12126741,Sườn Heo Rim (Kho) Nước Mắm,https://concop19.github.io/daily-mate-assets/food_anime/dish_12126741.jpg,True,200,
12126748,Cá Nục Bông Kho Mẳn,https://concop19.github.io/daily-mate-assets/food_anime/dish_12126748.jpg,True,200,
12126758,Chả Giò Hải Sản Ăn Kèm Rau Sống & Nước Mắm Chua Ngọt,https://concop19.github.io/daily-mate-assets/food_anime/dish_12126758.jpg,True,200,
12127000,Đậu Cô Ve Xào Thịt Xíu,https://concop19.github.io/daily-mate-assets/food_anime/dish_12127000.jpg,True,200,
12127068,"Chả Lụa, Tôm Rim (Kho) Ngon Ngất Ngây",https://concop19.github.io/daily-mate-assets/food_anime/dish_12127068.jpg,True,200,
12127221,Cải Luộc Chấm Nước Cá Kho,https://concop19.github.io/daily-mate-assets/food_anime/dish_12127221.jpg,True,200,
12441894,Xáo bò,https://concop19.github.io/daily-mate-assets/food_anime/dish_12441894.jpg,True,200,
12548380,Sả cuộn thịt kiểu Lào,https://concop19.github.io/daily-mate-assets/food_anime/dish_12548380.jpg,True,200,
12774822,Thịt ba rọi kho măng,https://concop19.github.io/daily-mate-assets/food_anime/dish_12774822.jpg,True,200,
13068679,Thịt Khìa,https://concop19.github.io/daily-mate-assets/food_anime/dish_13068679.jpg,True,200,
13124639,Bún thịt bò xào nước tương,https://concop19.github.io/daily-mate-assets/food_anime/dish_13124639.jpg,True,200,
13162257,Rau Càng Cua Trộn Cá Mòi,https://concop19.github.io/daily-mate-assets/food_anime/dish_13162257.jpg,True,200,
13236741,Cá cơm than hấp cuốn bánh tráng,https://concop19.github.io/daily-mate-assets/food_anime/dish_13236741.jpg,True,200,
13270345,Cá Dìa Nướng Mắm Nhỉ,https://concop19.github.io/daily-mate-assets/food_anime/dish_13270345.jpg,True,200,
13284037,Đầu Cá Thu Nấu Lá É,https://concop19.github.io/daily-mate-assets/food_anime/dish_13284037.jpg,True,200,
13319979,Trứng Chiên Thịt Bò,https://concop19.github.io/daily-mate-assets/food_anime/dish_13319979.jpg,True,200,
13334066,Cơm Mực Muối Ram Me,https://concop19.github.io/daily-mate-assets/food_anime/dish_13334066.jpg,True,200,
13342455,Canh Cải Thảo Nấu Thịt Bằm,https://concop19.github.io/daily-mate-assets/food_anime/dish_13342455.jpg,True,200,
13354636,Canh Chua Đầu Cá Mú Đen,https://concop19.github.io/daily-mate-assets/food_anime/dish_13354636.jpg,True,200,
13367307,Canh Cải Non Nấu Cá Bè,https://concop19.github.io/daily-mate-assets/food_anime/dish_13367307.jpg,True,200,
13372175,SP.0664 - Thịt Băm Chưng Khoai Môn,https://concop19.github.io/daily-mate-assets/food_anime/dish_13372175.jpg,True,200,
13401978,Canh Khổ Qua Rừng Nhồi Chả Cá Măng,https://concop19.github.io/daily-mate-assets/food_anime/dish_13401978.jpg,True,200,
13411529,Bánh Bột Lọc Nhân Tôm,https://concop19.github.io/daily-mate-assets/food_anime/dish_13411529.jpg,True,200,
13422604,SP.0755 - Gỏi Thịt Bê Bóp Thấu,https://concop19.github.io/daily-mate-assets/food_anime/dish_13422604.jpg,True,200,
13422919,Canh Đu Đủ Nấu Cá Thu,https://concop19.github.io/daily-mate-assets/food_anime/dish_13422919.jpg,True,200,
13430227,SP.0693 - Thăn Heo Xào Củ Cải Đường,https://concop19.github.io/daily-mate-assets/food_anime/dish_13430227.jpg,True,200,
13437801,SP.0689 - Bò Xào Tàu Xì Củ Hành,https://concop19.github.io/daily-mate-assets/food_anime/dish_13437801.jpg,True,200,
13454885,Canh Rau Ngót Nấu Riêu Tôm,https://concop19.github.io/daily-mate-assets/food_anime/dish_13454885.jpg,True,200,
13468437,Mỳ tôm rau ngót,https://concop19.github.io/daily-mate-assets/food_anime/dish_13468437.jpg,True,200,
13474289,SP.0692 - Rau Đắng Xào Tỏi,https://concop19.github.io/daily-mate-assets/food_anime/dish_13474289.jpg,True,200,
13489963,SP.0754 - Râu Mực Đại Dương Hấp Gừng,https://concop19.github.io/daily-mate-assets/food_anime/dish_13489963.jpg,True,200,
13490585,Bún Cá Ngừ Nấu Mẵn,https://concop19.github.io/daily-mate-assets/food_anime/dish_13490585.jpg,True,200,
13491002,Cá Bò Ngừ Nấu Mẵn,https://concop19.github.io/daily-mate-assets/food_anime/dish_13491002.jpg,True,200,
13515964,"Canh mồng tơi, thịt kho tiêu xanh, rau cải muối",https://concop19.github.io/daily-mate-assets/food_anime/dish_13515964.jpg,True,200,
13566713,SP.0757 - Chả Bã Đậu Thịt Cua,https://concop19.github.io/daily-mate-assets/food_anime/dish_13566713.jpg,True,200,
13567019,Thịt bò hầm kiểu Nhật,https://concop19.github.io/daily-mate-assets/food_anime/dish_13567019.jpg,True,200,
13613283,Cá Bò Ngừ Cuộn Lá Lốt Chiên,https://concop19.github.io/daily-mate-assets/food_anime/dish_13613283.jpg,True,200,
13690397,SP.0691 - Thăn Heo Xào Ngồng Tỏi,https://concop19.github.io/daily-mate-assets/food_anime/dish_13690397.jpg,True,200,
13697549,Canh rau tạp tàng nấu nghêu,https://concop19.github.io/daily-mate-assets/food_anime/dish_13697549.jpg,True,200,
13710569,SP.0683 - Thịt Chưng Trứng Muối,https://concop19.github.io/daily-mate-assets/food_anime/dish_13710569.jpg,True,200,
13893467,Mực một nắng sốt hành tỏi,https://concop19.github.io/daily-mate-assets/food_anime/dish_13893467.jpg,True,200,
14105205,Lưỡi heo trộn hành tây,https://concop19.github.io/daily-mate-assets/food_anime/dish_14105205.jpg,True,200,
14105291,Su lơ xanh xào bò,https://concop19.github.io/daily-mate-assets/food_anime/dish_14105291.jpg,True,200,
14161428,Lagu sườn bò,https://concop19.github.io/daily-mate-assets/food_anime/dish_14161428.jpg,True,200,
14218164,SP.0739 - Phở Bò Kho,https://concop19.github.io/daily-mate-assets/food_anime/dish_14218164.jpg,True,200,
14247211,SP.0818 - Chả Cua Đút Lò,https://concop19.github.io/daily-mate-assets/food_anime/dish_14247211.jpg,True,200,
14288283,Cá chuồn sốt cà chua,https://concop19.github.io/daily-mate-assets/food_anime/dish_14288283.jpg,True,200,
14311992,Hủ tiếu mì xương và thịt heo,https://concop19.github.io/daily-mate-assets/food_anime/dish_14311992.jpg,True,200,
14323314,Canh sườn non nấu táo đỏ và nấm,https://concop19.github.io/daily-mate-assets/food_anime/dish_14323314.jpg,True,200,
14337007,Đậu Hũ Sườn Chay Măng Le Xốt Cà Chua,https://concop19.github.io/daily-mate-assets/food_anime/dish_14337007.jpg,True,200,
14357752,Cá trạch kho xả,https://concop19.github.io/daily-mate-assets/food_anime/dish_14357752.jpg,True,200,
14374610,Bún thịt nướng từ nồi chiên không dầu,https://concop19.github.io/daily-mate-assets/food_anime/dish_14374610.jpg,True,200,
14374618,Cải thảo xào thịt bằm,https://concop19.github.io/daily-mate-assets/food_anime/dish_14374618.jpg,True,200,
14426773,Canh bún giò heo,https://concop19.github.io/daily-mate-assets/food_anime/dish_14426773.jpg,True,200,
14426841,"Bánh xèo tôm,thịt, mực và trứng cút",https://concop19.github.io/daily-mate-assets/food_anime/dish_14426841.jpg,True,200,
14543703,Canh Chua Cá Thu Lá Me,https://concop19.github.io/daily-mate-assets/food_anime/dish_14543703.jpg,True,200,
14636642,SP.0819 - Mực Xào Dưa Leo,https://concop19.github.io/daily-mate-assets/food_anime/dish_14636642.jpg,True,200,
14677088,SP.0685 - Bò Lúc Lắc Ớt Chuông,https://concop19.github.io/daily-mate-assets/food_anime/dish_14677088.jpg,True,200,
14732357,SP.0798 - Súp Bong Bóng Cá,https://concop19.github.io/daily-mate-assets/food_anime/dish_14732357.jpg,True,200,
14748571,SP.0678 - Canh Sườn Hầm Bắp Nấm,https://concop19.github.io/daily-mate-assets/food_anime/dish_14748571.jpg,True,200,
14771421,Cá bống cát kho keo bao hao cơm,https://concop19.github.io/daily-mate-assets/food_anime/dish_14771421.jpg,True,200,
14808845,Cá mú hấp + Cháo đầu cá,https://concop19.github.io/daily-mate-assets/food_anime/dish_14808845.jpg,True,200,
14901341,Cá bò nướng mọi,https://concop19.github.io/daily-mate-assets/food_anime/dish_14901341.jpg,True,200,
14905118,Cá ngừ đại dương nhúng sốt thơm,https://concop19.github.io/daily-mate-assets/food_anime/dish_14905118.jpg,True,200,
14905759,Tim heo trộn,https://concop19.github.io/daily-mate-assets/food_anime/dish_14905759.jpg,True,200,
14922253,Cá Hố Chiên Muối Hồng,https://concop19.github.io/daily-mate-assets/food_anime/dish_14922253.jpg,True,200,
15001407,Đọt rau lang hữu cơ xào tỏi,https://concop19.github.io/daily-mate-assets/food_anime/dish_15001407.jpg,True,200,
15010476,Thịt Heo Kho Thơm (Dứa 🍍),https://concop19.github.io/daily-mate-assets/food_anime/dish_15010476.jpg,True,200,
15035713,Mì Ý Bò Bằm Đút Lò,https://concop19.github.io/daily-mate-assets/food_anime/dish_15035713.jpg,True,200,
15095063,Thịt chiên nước mắm,https://concop19.github.io/daily-mate-assets/food_anime/dish_15095063.jpg,True,200,
15107306,Lẩu cá tầm Đà Lạt,https://concop19.github.io/daily-mate-assets/food_anime/dish_15107306.jpg,True,200,
15126543,Bún Cá Ngừ,https://concop19.github.io/daily-mate-assets/food_anime/dish_15126543.jpg,True,200,
15139686,Bò Xào Nấm Kim Châm,https://concop19.github.io/daily-mate-assets/food_anime/dish_15139686.jpg,True,200,
15144924,SP.0738 - Bún Bì Thịt Khìa,https://concop19.github.io/daily-mate-assets/food_anime/dish_15144924.jpg,True,200,
15163015,SP.0694 - Bánh Canh Cua Đồng Miền Tây,https://concop19.github.io/daily-mate-assets/food_anime/dish_15163015.jpg,True,200,
15191979,Canh Bầu nấu nấm,https://concop19.github.io/daily-mate-assets/food_anime/dish_15191979.jpg,True,200,
15192007,Cà tím kho đậu hũ,https://concop19.github.io/daily-mate-assets/food_anime/dish_15192007.jpg,True,200,
15192154,Thịt heo kho đậu ngự,https://concop19.github.io/daily-mate-assets/food_anime/dish_15192154.jpg,True,200,
15193603,Canh mướp sườn non và nấm,https://concop19.github.io/daily-mate-assets/food_anime/dish_15193603.jpg,True,200,
15208321,SP.0676 - Thịt Bò Bằm Xào Cà Tím Tôm Khô,https://concop19.github.io/daily-mate-assets/food_anime/dish_15208321.jpg,True,200,
15228072,Nui spaghetti bò-instant pot,https://concop19.github.io/daily-mate-assets/food_anime/dish_15228072.jpg,True,200,
15243191,Cá Hồng Biển Nướng Muối Sả,https://concop19.github.io/daily-mate-assets/food_anime/dish_15243191.jpg,True,200,
15243199,Cá Hồng Biển Chiên Muối Sả,https://concop19.github.io/daily-mate-assets/food_anime/dish_15243199.jpg,True,200,
15250540,Đùi gà chiên (nhưng bên trong thịt rất mọng nước),https://concop19.github.io/daily-mate-assets/food_anime/dish_15250540.jpg,True,200,
15258042,Thịt Xay Xào Sả Ớt,https://concop19.github.io/daily-mate-assets/food_anime/dish_15258042.jpg,True,200,
15278198,Tôm Kho Thịt,https://concop19.github.io/daily-mate-assets/food_anime/dish_15278198.jpg,True,200,
15289129,Mực Chiên Giòn,https://concop19.github.io/daily-mate-assets/food_anime/dish_15289129.jpg,True,200,
15291664,Bánh Xúc Xích Rau Củ Ngàn Lớp,https://concop19.github.io/daily-mate-assets/food_anime/dish_15291664.jpg,True,200,
15296471,Canh Bí Chanh Nấu Tôm,https://concop19.github.io/daily-mate-assets/food_anime/dish_15296471.jpg,True,200,
15307097,Mực xào hành tây,https://concop19.github.io/daily-mate-assets/food_anime/dish_15307097.jpg,True,200,
15307136,Cá chim hấp nấm đùi gà,https://concop19.github.io/daily-mate-assets/food_anime/dish_15307136.jpg,True,200,
15307151,"Cá hồi sốt chanh leo, sốt cam",https://concop19.github.io/daily-mate-assets/food_anime/dish_15307151.jpg,True,200,
15307194,"Rau củ, nấm, rong biển chiên giòn",https://concop19.github.io/daily-mate-assets/food_anime/dish_15307194.jpg,True,200,
15307237,Cá nục kho cà chua,https://concop19.github.io/daily-mate-assets/food_anime/dish_15307237.jpg,True,200,
15309062,SP.0666 - Khổ Qua Dồn Thịt Xốt Dầu Hào,https://concop19.github.io/daily-mate-assets/food_anime/dish_15309062.jpg,True,200,
15326111,Cá măng biển 1 nắng chiên giòn sốt chua ngọt,https://concop19.github.io/daily-mate-assets/food_anime/dish_15326111.jpg,True,200,
15326166,Canh cá nấu chua me đất,https://concop19.github.io/daily-mate-assets/food_anime/dish_15326166.jpg,True,200,
15327696,Thịt bò xay cuốn lá lốt,https://concop19.github.io/daily-mate-assets/food_anime/dish_15327696.jpg,True,200,
15329779,Cá Cơm Kho,https://concop19.github.io/daily-mate-assets/food_anime/dish_15329779.jpg,True,200,
15331452,"Mực nhồi thịt sốt tương ớt, tương cà",https://concop19.github.io/daily-mate-assets/food_anime/dish_15331452.jpg,True,200,
15344055,Canh Cải Ngọt Nấu Thịt Heo,https://concop19.github.io/daily-mate-assets/food_anime/dish_15344055.jpg,True,200,
15354735,Canh Cải Ngọt Nấu Tôm Biển,https://concop19.github.io/daily-mate-assets/food_anime/dish_15354735.jpg,True,200,
15355019,Cá Bớp Kho,https://concop19.github.io/daily-mate-assets/food_anime/dish_15355019.jpg,True,200,
15363027,Rau câu dừa 🥥 đậu biếc đây😍,https://concop19.github.io/daily-mate-assets/food_anime/dish_15363027.jpg,True,200,
15364550,Nui - Mì Nấu Gà Sườn Heo,https://concop19.github.io/daily-mate-assets/food_anime/dish_15364550.jpg,True,200,
15379902,Mực Nhồi Thịt Sốt Cà Chua,https://concop19.github.io/daily-mate-assets/food_anime/dish_15379902.jpg,True,200,
15380260,Cá rô chiên giòn,https://concop19.github.io/daily-mate-assets/food_anime/dish_15380260.jpg,True,200,
15384061,Trứng cá kho hành,https://concop19.github.io/daily-mate-assets/food_anime/dish_15384061.jpg,True,200,
15397636,Dồi heo luộc,https://concop19.github.io/daily-mate-assets/food_anime/dish_15397636.jpg,True,200,
15410902,Cá trắm sốt cà chua,https://concop19.github.io/daily-mate-assets/food_anime/dish_15410902.jpg,True,200,
15410910,"Cá thu ngừ kho gừng, hành, tỏi",https://concop19.github.io/daily-mate-assets/food_anime/dish_15410910.jpg,True,200,
15412241,Phở (bánh đa) bò,https://concop19.github.io/daily-mate-assets/food_anime/dish_15412241.jpg,True,200,
15415281,Tai heo phá lấu và xoài xanh lắc,https://concop19.github.io/daily-mate-assets/food_anime/dish_15415281.jpg,True,200,
15417242,"Nước ép dưa leo, táo xanh, rau xanh mix và chanh",https://concop19.github.io/daily-mate-assets/food_anime/dish_15417242.jpg,True,200,
15417960,SP.0988 - Bánh Canh Tôm Thịt Miền Tây,https://concop19.github.io/daily-mate-assets/food_anime/dish_15417960.jpg,True,200,
15420020,Rau cải bắp / cải thảo xào thịt hộp,https://concop19.github.io/daily-mate-assets/food_anime/dish_15420020.jpg,True,200,
15432265,Măng Kho Thịt Đậu Hũ,https://concop19.github.io/daily-mate-assets/food_anime/dish_15432265.jpg,True,200,
15438714,Thịt nạc vai heo kho tiêu,https://concop19.github.io/daily-mate-assets/food_anime/dish_15438714.jpg,True,200,
15438744,"Cá trắm cỏ, chả cá nấu canh chua",https://concop19.github.io/daily-mate-assets/food_anime/dish_15438744.jpg,True,200,
15438804,Bánh đa cua Hải Phòng,https://concop19.github.io/daily-mate-assets/food_anime/dish_15438804.jpg,True,200,
15439771,Dưa Rau Muống,https://concop19.github.io/daily-mate-assets/food_anime/dish_15439771.jpg,True,200,
15456142,Heo quay giòn bì,https://concop19.github.io/daily-mate-assets/food_anime/dish_15456142.jpg,True,200,
15474305,Nấm xào chay,https://concop19.github.io/daily-mate-assets/food_anime/dish_15474305.jpg,True,200,
15475798,Pizza Heo Muối và Kem Chua - Guanciale & Sour Cream Pizza,https://concop19.github.io/daily-mate-assets/food_anime/dish_15475798.jpg,True,200,
15485303,Heo quay mùa giãn cách,https://concop19.github.io/daily-mate-assets/food_anime/dish_15485303.jpg,True,200,
15487789,Heo Nướng Giòn Da kiểu Tàu - Chinese Crispy Pork Belly,https://concop19.github.io/daily-mate-assets/food_anime/dish_15487789.jpg,True,200,
15493342,Canh chua cá (miền Nam),https://concop19.github.io/daily-mate-assets/food_anime/dish_15493342.jpg,True,200,
15493377,Sườn Heo Iberico Nướng Muối Tiêu,https://concop19.github.io/daily-mate-assets/food_anime/dish_15493377.jpg,True,200,
15501701,Bò lát chay nướng lá mắc mật,https://concop19.github.io/daily-mate-assets/food_anime/dish_15501701.jpg,True,200,
15501797,Bò lát chay nướng vị cà ri,https://concop19.github.io/daily-mate-assets/food_anime/dish_15501797.jpg,True,200,
15502724,Chà bông heo Đài Loan 🇹🇼,https://concop19.github.io/daily-mate-assets/food_anime/dish_15502724.jpg,True,200,
15502968,Tôm nướng phô mai bằng nồi chiên không dầu,https://concop19.github.io/daily-mate-assets/food_anime/dish_15502968.jpg,True,200,
15505505,Rau củ sắc mùa thu,https://concop19.github.io/daily-mate-assets/food_anime/dish_15505505.jpg,True,200,
15505545,Snack mì tôm,https://concop19.github.io/daily-mate-assets/food_anime/dish_15505545.jpg,True,200,
15506247,Bò kho,https://concop19.github.io/daily-mate-assets/food_anime/dish_15506247.jpg,True,200,
15506381,Pizza Rau Củ Sốt Cà Chua Cá Cơm - Veggies Pizza with Anchovy Tomato Base,https://concop19.github.io/daily-mate-assets/food_anime/dish_15506381.jpg,True,200,
15506411,Ba chỉ heo nướng ngũ vị hương đậm đà,https://concop19.github.io/daily-mate-assets/food_anime/dish_15506411.jpg,True,200,
15506975,Trứng Chiên Củ Cải Thịt Bằm,https://concop19.github.io/daily-mate-assets/food_anime/dish_15506975.jpg,True,200,
15507381,Chả đậu hũ rong biển 🧆,https://concop19.github.io/daily-mate-assets/food_anime/dish_15507381.jpg,True,200,
15507988,Spaghetti sốt bò bằm,https://concop19.github.io/daily-mate-assets/food_anime/dish_15507988.jpg,True,200,
15508027,Salad rau 🤫,https://concop19.github.io/daily-mate-assets/food_anime/dish_15508027.jpg,True,200,
15508250,Nui Nơ Xào Tôm,https://concop19.github.io/daily-mate-assets/food_anime/dish_15508250.jpg,True,200,
15508328,Pizza yến mạch tôm 🍕(Emmy 9m+),https://concop19.github.io/daily-mate-assets/food_anime/dish_15508328.jpg,True,200,
15508354,Bò viên sốt phô mai,https://concop19.github.io/daily-mate-assets/food_anime/dish_15508354.jpg,True,200,
15508412,Bánh bao gà nấm nguyên cám 🐥🍄,https://concop19.github.io/daily-mate-assets/food_anime/dish_15508412.jpg,True,200,
15509166,Cá kho tộ,https://concop19.github.io/daily-mate-assets/food_anime/dish_15509166.jpg,True,200,
15509287,Snack đậu hũ phomai 🍥,https://concop19.github.io/daily-mate-assets/food_anime/dish_15509287.jpg,True,200,
15509898,Rau câu khoai lang tím sữa,https://concop19.github.io/daily-mate-assets/food_anime/dish_15509898.jpg,True,200,
15510140,Mỳ kiểu Spaghetti sốt bò bằm,https://concop19.github.io/daily-mate-assets/food_anime/dish_15510140.jpg,True,200,
15510158,Bò viên chiên nước mắm,https://concop19.github.io/daily-mate-assets/food_anime/dish_15510158.jpg,True,200,
15510570,Xôi tôm thịt,https://concop19.github.io/daily-mate-assets/food_anime/dish_15510570.jpg,True,200,
15510614,Thịt Bò Xào Cà Chua,https://concop19.github.io/daily-mate-assets/food_anime/dish_15510614.jpg,True,200,
15510781,Bánh Canh Nấm Hải Sản,https://concop19.github.io/daily-mate-assets/food_anime/dish_15510781.jpg,True,200,
15510809,Bánh Da Lợn Khoai Lang Tím,https://concop19.github.io/daily-mate-assets/food_anime/dish_15510809.jpg,True,200,
15510850,Mì Bò Tương Đen Hàn Quốc 🇰🇷,https://concop19.github.io/daily-mate-assets/food_anime/dish_15510850.jpg,True,200,
15510868,Canh chua cá lóc,https://concop19.github.io/daily-mate-assets/food_anime/dish_15510868.jpg,True,200,
15511991,Tôm xào bông cải,https://concop19.github.io/daily-mate-assets/food_anime/dish_15511991.jpg,True,200,
15512099,Hủ Tíu Mì Khô Sốt Thịt Băm,https://concop19.github.io/daily-mate-assets/food_anime/dish_15512099.jpg,True,200,
15512419,Bánh Hỏi Thịt Ba Chỉ Nướng,https://concop19.github.io/daily-mate-assets/food_anime/dish_15512419.jpg,True,200,
15513334,Cải Thảo Cuộn Thịt Băm Sốt Dầu Hào,https://concop19.github.io/daily-mate-assets/food_anime/dish_15513334.jpg,True,200,
15513784,Khô Gan Bò Đen,https://concop19.github.io/daily-mate-assets/food_anime/dish_15513784.jpg,True,200,
15513959,Mì Xào Rau với Heo Da Giòn & Trứng Ngâm Tương - Soy Sauce Egg & Crispy Pork Noodles with Veggies,https://concop19.github.io/daily-mate-assets/food_anime/dish_15513959.jpg,True,200,
15514119,Cháo ếch singrpore cho bé,https://concop19.github.io/daily-mate-assets/food_anime/dish_15514119.jpg,True,200,
15514241,Ratatouille - Món Rau Củ Hầm Nước Pháp 🇫🇷,https://concop19.github.io/daily-mate-assets/food_anime/dish_15514241.jpg,True,200,
15514414,Trứng chưng thịt,https://concop19.github.io/daily-mate-assets/food_anime/dish_15514414.jpg,True,200,
15514422,Canh cua rau đay,https://concop19.github.io/daily-mate-assets/food_anime/dish_15514422.jpg,True,200,
15515516,Chinese : Đùi gà nấm hấp xì dầu (Nhanh gọn lẹ cho những ngày lười),https://concop19.github.io/daily-mate-assets/food_anime/dish_15515516.jpg,True,200,
15515606,Cá hồi sốt bơ tỏi phủ dứa 🐟🍍🧈🧄,https://concop19.github.io/daily-mate-assets/food_anime/dish_15515606.jpg,True,200,
15515698,Bánh bao nguyên cám bò ngô cheese,https://concop19.github.io/daily-mate-assets/food_anime/dish_15515698.jpg,True,200,
15515734,Cá Trứng Nướng NCKD - Grilled Egg Fish,https://concop19.github.io/daily-mate-assets/food_anime/dish_15515734.jpg,True,200,
15515782,Bánh Xếp Nhật Gyoza Nhân Thịt Chiên Áp Chảo,https://concop19.github.io/daily-mate-assets/food_anime/dish_15515782.jpg,True,200,
15515981,Thịt Bò Xào Khoai Tây Cà Chua,https://concop19.github.io/daily-mate-assets/food_anime/dish_15515981.jpg,True,200,
15516005,Canh Mướp Nấu Thịt Heo,https://concop19.github.io/daily-mate-assets/food_anime/dish_15516005.jpg,True,200,
15516211,Bánh Da Lợn,https://concop19.github.io/daily-mate-assets/food_anime/dish_15516211.jpg,True,200,
15516333,Rau má đậu xanh tự làm tại nhà,https://concop19.github.io/daily-mate-assets/food_anime/dish_15516333.jpg,True,200,
15517013,Gỏi Đu Đủ Xanh Khô Gan Bò Đen - Huyền Thoại Lề Đường,https://concop19.github.io/daily-mate-assets/food_anime/dish_15517013.jpg,True,200,
15517675,"Thịt kho nước dừa, ngũ vị",https://concop19.github.io/daily-mate-assets/food_anime/dish_15517675.jpg,True,200,
15517680,"Súp gà, nấm rơm",https://concop19.github.io/daily-mate-assets/food_anime/dish_15517680.jpg,True,200,
15517689,Bánh canh giò heo,https://concop19.github.io/daily-mate-assets/food_anime/dish_15517689.jpg,True,200,
15517695,Đầu cá hồi kho tiêu,https://concop19.github.io/daily-mate-assets/food_anime/dish_15517695.jpg,True,200,
15517701,Tôm rang thịt ba chỉ,https://concop19.github.io/daily-mate-assets/food_anime/dish_15517701.jpg,True,200,
15517717,Bánh bò nướng chảo nhân dừa,https://concop19.github.io/daily-mate-assets/food_anime/dish_15517717.jpg,True,200,
15517750,Tép khô rang thịt ba chỉ,https://concop19.github.io/daily-mate-assets/food_anime/dish_15517750.jpg,True,200,
15517753,Tôm rang mắm,https://concop19.github.io/daily-mate-assets/food_anime/dish_15517753.jpg,True,200,
15517764,Thịt trưng mắm tép (mắm ruốc),https://concop19.github.io/daily-mate-assets/food_anime/dish_15517764.jpg,True,200,
15517830,Đậu hũ non bắp,https://concop19.github.io/daily-mate-assets/food_anime/dish_15517830.jpg,True,200,
15517849,"Bánh mì trứng, chả cá",https://concop19.github.io/daily-mate-assets/food_anime/dish_15517849.jpg,True,200,
15518022,Tôm rang trứng vịt,https://concop19.github.io/daily-mate-assets/food_anime/dish_15518022.jpg,True,200,
15518371,Cá nhồi thịt hấp,https://concop19.github.io/daily-mate-assets/food_anime/dish_15518371.jpg,True,200,
15518716,Chả nấm bào ngư chiên sả,https://concop19.github.io/daily-mate-assets/food_anime/dish_15518716.jpg,True,200,
15519110,Cháo nấm củ sen,https://concop19.github.io/daily-mate-assets/food_anime/dish_15519110.jpg,True,200,
15519388,Tôm càng kho nước dừa,https://concop19.github.io/daily-mate-assets/food_anime/dish_15519388.jpg,True,200,
15520410,Cháo cá ngon nhức nách từ cơm nguội,https://concop19.github.io/daily-mate-assets/food_anime/dish_15520410.jpg,True,200,
15520621,"Hoa gừng xào măng, thịt bò",https://concop19.github.io/daily-mate-assets/food_anime/dish_15520621.jpg,True,200,
15521352,Bánh mỳ pate gan heo,https://concop19.github.io/daily-mate-assets/food_anime/dish_15521352.jpg,True,200,
15521397,Thịt gà xào ớt chuông,https://concop19.github.io/daily-mate-assets/food_anime/dish_15521397.jpg,True,200,
15521505,Đậu xanh rau má,https://concop19.github.io/daily-mate-assets/food_anime/dish_15521505.jpg,True,200,
15521733,Chả nấm bào ngư sả ớt,https://concop19.github.io/daily-mate-assets/food_anime/dish_15521733.jpg,True,200,
15521878,Heo Xé Trộn Sốt BBQ - BBQ Pulled Pork,https://concop19.github.io/daily-mate-assets/food_anime/dish_15521878.jpg,True,200,
15521929,Nạm bò hầm khoai tây cà rốt,https://concop19.github.io/daily-mate-assets/food_anime/dish_15521929.jpg,True,200,
15522039,Gỏi mực Thái Lan,https://concop19.github.io/daily-mate-assets/food_anime/dish_15522039.jpg,True,200,
15522073,Bò bít tết,https://concop19.github.io/daily-mate-assets/food_anime/dish_15522073.jpg,True,200,
15522234,Bánh xèo hải sản Hàn Quốc,https://concop19.github.io/daily-mate-assets/food_anime/dish_15522234.jpg,True,200,
15522261,Giá hẹ xào bò khô,https://concop19.github.io/daily-mate-assets/food_anime/dish_15522261.jpg,True,200,
15522917,Salad Bơ Tôm 🦐 🥑 🥚,https://concop19.github.io/daily-mate-assets/food_anime/dish_15522917.jpg,True,200,
15522924,Bagels Thịt Hun Khói và Phô Mai Kem (Cream Cheese Bacon & Egg Bagels) 🥯🥯🥯,https://concop19.github.io/daily-mate-assets/food_anime/dish_15522924.jpg,True,200,
15523578,Canh Rong Biển Nấu Thịt Bằm,https://concop19.github.io/daily-mate-assets/food_anime/dish_15523578.jpg,True,200,
15523585,Cá chim nướng muối ớt sa tế,https://concop19.github.io/daily-mate-assets/food_anime/dish_15523585.jpg,True,200,
15523668,Gratin Cà Chua Thịt Băm,https://concop19.github.io/daily-mate-assets/food_anime/dish_15523668.jpg,True,200,
15523807,Canh Cá Bớp Nấu Lá Me,https://concop19.github.io/daily-mate-assets/food_anime/dish_15523807.jpg,True,200,
15523902,Burrito bò/gà,https://concop19.github.io/daily-mate-assets/food_anime/dish_15523902.jpg,True,200,
15523905,Thịt ba chỉ quay bằng NCKD,https://concop19.github.io/daily-mate-assets/food_anime/dish_15523905.jpg,True,200,
15525891,Bún mắm tôm,https://concop19.github.io/daily-mate-assets/food_anime/dish_15525891.jpg,True,200,
15525983,Taco Heo Xé và Bắp Cải Trộn - Pulled Pork Tacos & Creamy Coleslaw,https://concop19.github.io/daily-mate-assets/food_anime/dish_15525983.jpg,True,200,
15526746,Mực chiên bơ tỏi,https://concop19.github.io/daily-mate-assets/food_anime/dish_15526746.jpg,True,200,
15527044,Hải Sản Nướng - Grilled SeaFood Plate 🦞 🐠 🦑 🦐,https://concop19.github.io/daily-mate-assets/food_anime/dish_15527044.jpg,True,200,
15527577,Mì ý sốt thịt băm,https://concop19.github.io/daily-mate-assets/food_anime/dish_15527577.jpg,True,200,
15527780,Cơm chiên trứng tôm (em bé),https://concop19.github.io/daily-mate-assets/food_anime/dish_15527780.jpg,True,200,
15527943,"CHÁO TÔM, RAU NGÓT,BÍ ĐỎ",https://concop19.github.io/daily-mate-assets/food_anime/dish_15527943.jpg,True,200,
15528008,Bún dứa chua cá hồi,https://concop19.github.io/daily-mate-assets/food_anime/dish_15528008.jpg,True,200,
15528026,Burritos 🌯 - Mothering Chicken & Beef Baked Burritos 🌯,https://concop19.github.io/daily-mate-assets/food_anime/dish_15528026.jpg,True,200,
15528070,Cháo hạt kê bí đỏ thịt gà,https://concop19.github.io/daily-mate-assets/food_anime/dish_15528070.jpg,True,200,
15528650,Mì Quảng tôm thịt trứng 😋😋😋,https://concop19.github.io/daily-mate-assets/food_anime/dish_15528650.jpg,True,200,
15528809,Bánh quy đậu hũ 🥖🥖,https://concop19.github.io/daily-mate-assets/food_anime/dish_15528809.jpg,True,200,
15528998,Bánh bao gạo lứt gà nấm 🐤🥕🍄,https://concop19.github.io/daily-mate-assets/food_anime/dish_15528998.jpg,True,200,
15529027,"Bánh bao xá xíu,tôm phomai 🍖🦐🧀",https://concop19.github.io/daily-mate-assets/food_anime/dish_15529027.jpg,True,200,
15529266,Mì Trứng Xào Tôm Thịt,https://concop19.github.io/daily-mate-assets/food_anime/dish_15529266.jpg,True,200,
15529396,"Mì xào thịt heo, xúc xích",https://concop19.github.io/daily-mate-assets/food_anime/dish_15529396.jpg,True,200,
15529423,"Mì xào tôm, rau muống",https://concop19.github.io/daily-mate-assets/food_anime/dish_15529423.jpg,True,200,
15529670,Bánh Mì Nhân Gà Nấm,https://concop19.github.io/daily-mate-assets/food_anime/dish_15529670.jpg,True,200,
15529975,Đậu hũ Tứ Xuyên 🥘,https://concop19.github.io/daily-mate-assets/food_anime/dish_15529975.jpg,True,200,
15530009,Bánh trung thu con heo,https://concop19.github.io/daily-mate-assets/food_anime/dish_15530009.jpg,True,200,
15530100,Mực tươi xào rau húng quế,https://concop19.github.io/daily-mate-assets/food_anime/dish_15530100.jpg,True,200,
15530127,Mì Bò Stroganoff - Beef Stroganoff Pasta,https://concop19.github.io/daily-mate-assets/food_anime/dish_15530127.jpg,True,200,
15530666,Bánh tôm Hà Nội,https://concop19.github.io/daily-mate-assets/food_anime/dish_15530666.jpg,True,200,
15531181,Bánh bò hấp nước cốt dừa,https://concop19.github.io/daily-mate-assets/food_anime/dish_15531181.jpg,True,200,
15531275,Rau câu sợi - sữa dừa - hoa đậu biếc,https://concop19.github.io/daily-mate-assets/food_anime/dish_15531275.jpg,True,200,
15531399,Súp bí đỏ cá hồi,https://concop19.github.io/daily-mate-assets/food_anime/dish_15531399.jpg,True,200,
15531888,Phở Bò Chiên Giòn - Chuẩn Vị Hà Nội,https://concop19.github.io/daily-mate-assets/food_anime/dish_15531888.jpg,True,200,
15532582,Cải Kale Xào Tim Bò,https://concop19.github.io/daily-mate-assets/food_anime/dish_15532582.jpg,True,200,
15532804,Tép rang thịt ba rọi,https://concop19.github.io/daily-mate-assets/food_anime/dish_15532804.jpg,True,200,
15532971,Cơm rang bọc trứng chiên rau chùm ngây,https://concop19.github.io/daily-mate-assets/food_anime/dish_15532971.jpg,True,200,
15533376,Bánh canh chả cá+ sườn non,https://concop19.github.io/daily-mate-assets/food_anime/dish_15533376.jpg,True,200,
15533575,Gỏi măng rau răm (nộm măng),https://concop19.github.io/daily-mate-assets/food_anime/dish_15533575.jpg,True,200,
15533840,Mực xào dưa chua!,https://concop19.github.io/daily-mate-assets/food_anime/dish_15533840.jpg,True,200,
15533897,"Gratin Rau Củ, Thịt Bằm & Phô Mai",https://concop19.github.io/daily-mate-assets/food_anime/dish_15533897.jpg,True,200,
15533942,Taco Bò Xay - Ground Beef Tacos,https://concop19.github.io/daily-mate-assets/food_anime/dish_15533942.jpg,True,200,
15533969,Thịt rim tôm,https://concop19.github.io/daily-mate-assets/food_anime/dish_15533969.jpg,True,200,
15533998,Cá kho tương bần,https://concop19.github.io/daily-mate-assets/food_anime/dish_15533998.jpg,True,200,
15534217,Mực hấp sốt chanh Thái Lan,https://concop19.github.io/daily-mate-assets/food_anime/dish_15534217.jpg,True,200,
15534318,Mực xào cà chua,https://concop19.github.io/daily-mate-assets/food_anime/dish_15534318.jpg,True,200,
15534339,Gỏi hoa chuối tôm bạc,https://concop19.github.io/daily-mate-assets/food_anime/dish_15534339.jpg,True,200,
15534363,Canh chua cua bông điên điển,https://concop19.github.io/daily-mate-assets/food_anime/dish_15534363.jpg,True,200,
15534366,Hủ tiếu xương và gan heo,https://concop19.github.io/daily-mate-assets/food_anime/dish_15534366.jpg,True,200,
15534597,Nấm đùi gà rim tương,https://concop19.github.io/daily-mate-assets/food_anime/dish_15534597.jpg,True,200,
15535053,Cháo rau bó xôi và tàu hũ ki,https://concop19.github.io/daily-mate-assets/food_anime/dish_15535053.jpg,True,200,
15535125,"CHÁO THỊT NẠC BẰM, CẢI BÓ XÔI, CÀ RỐT",https://concop19.github.io/daily-mate-assets/food_anime/dish_15535125.jpg,True,200,
15535518,Thịt kho tiêu / Món mặn,https://concop19.github.io/daily-mate-assets/food_anime/dish_15535518.jpg,True,200,
15536637,"Nước ép rau bina, lê mỹ và dưa leo nhật",https://concop19.github.io/daily-mate-assets/food_anime/dish_15536637.jpg,True,200,
15536730,Thịt heo lai nướng,https://concop19.github.io/daily-mate-assets/food_anime/dish_15536730.jpg,True,200,
15536754,Thịt Heo Quay (Quay Chảo),https://concop19.github.io/daily-mate-assets/food_anime/dish_15536754.jpg,True,200,
15536873,Phở áp chảo rau nấm,https://concop19.github.io/daily-mate-assets/food_anime/dish_15536873.jpg,True,200,
15536970,Tôm rim,https://concop19.github.io/daily-mate-assets/food_anime/dish_15536970.jpg,True,200,
15537809,Bánh Vòng Cá Ngừ & Phô Mai Kem - Cream Cheese Tuna Bagels 🥯,https://concop19.github.io/daily-mate-assets/food_anime/dish_15537809.jpg,True,200,
15537823,Bún bò đơn giản mùa dịch,https://concop19.github.io/daily-mate-assets/food_anime/dish_15537823.jpg,True,200,
15538143,Bánh Cá Linh chiên dòn,https://concop19.github.io/daily-mate-assets/food_anime/dish_15538143.jpg,True,200,
15538437,Mì Udon Xào Tôm Giá Hẹ,https://concop19.github.io/daily-mate-assets/food_anime/dish_15538437.jpg,True,200,
15538611,ĐẬU HỦ NON BẮP. SỐT DƯA LƯỚI,https://concop19.github.io/daily-mate-assets/food_anime/dish_15538611.jpg,True,200,
15538672,Súp tôm các loại củ,https://concop19.github.io/daily-mate-assets/food_anime/dish_15538672.jpg,True,200,
15539160,Spaghetti sốt cà chua thịt băm,https://concop19.github.io/daily-mate-assets/food_anime/dish_15539160.jpg,True,200,
15540120,Bánh Cuốn Tráng Chảo Nhân Thịt Băm Nấm Mèo,https://concop19.github.io/daily-mate-assets/food_anime/dish_15540120.jpg,True,200,
15540165,Đậu phụ sốt sả ớt,https://concop19.github.io/daily-mate-assets/food_anime/dish_15540165.jpg,True,200,
15540339,Dừa non kho nấm,https://concop19.github.io/daily-mate-assets/food_anime/dish_15540339.jpg,True,200,
15540490,Bắp Cải Xào Bò Siêu Ngon,https://concop19.github.io/daily-mate-assets/food_anime/dish_15540490.jpg,True,200,
15541564,Bún cá cam,https://concop19.github.io/daily-mate-assets/food_anime/dish_15541564.jpg,True,200,
15541579,Miến trộn giò lụa rau củ,https://concop19.github.io/daily-mate-assets/food_anime/dish_15541579.jpg,True,200,
15541608,Tôm càng xanh kho nước dừa,https://concop19.github.io/daily-mate-assets/food_anime/dish_15541608.jpg,True,200,
15541923,Bánh Canh Nước Cốt Dừa Tôm Thịt Miền Tây,https://concop19.github.io/daily-mate-assets/food_anime/dish_15541923.jpg,True,200,
15542907,Thịt Heo Ngâm Mắm,https://concop19.github.io/daily-mate-assets/food_anime/dish_15542907.jpg,True,200,
15544123,Thịt heo quay da giòn,https://concop19.github.io/daily-mate-assets/food_anime/dish_15544123.jpg,True,200,
15544736,Mì Bò Kho 🍜,https://concop19.github.io/daily-mate-assets/food_anime/dish_15544736.jpg,True,200,
15545009,Bánh quy đậu phụ + bột mỳ nướng nồi chiên k dầu,https://concop19.github.io/daily-mate-assets/food_anime/dish_15545009.jpg,True,200,
15545124,Mì Ý Tôm Cay - Spicy Prawns Aglio e Olio Tagliolini,https://concop19.github.io/daily-mate-assets/food_anime/dish_15545124.jpg,True,200,
15545549,Cá và rau củ nướng,https://concop19.github.io/daily-mate-assets/food_anime/dish_15545549.jpg,True,200,
15546144,Thịt dê xào sả ớt,https://concop19.github.io/daily-mate-assets/food_anime/dish_15546144.jpg,True,200,
15546203,Cá ngừ sốt cà,https://concop19.github.io/daily-mate-assets/food_anime/dish_15546203.jpg,True,200,
15546585,Canh mướp rau dền nấu tôm khô,https://concop19.github.io/daily-mate-assets/food_anime/dish_15546585.jpg,True,200,
15546636,Mì chay nấm đậu hủ carrot,https://concop19.github.io/daily-mate-assets/food_anime/dish_15546636.jpg,True,200,
15547615,Tôm sốt Hoàng Kim (tôm sốt trứng muối),https://concop19.github.io/daily-mate-assets/food_anime/dish_15547615.jpg,True,200,
15547651,Cháo hàu sữa và mực tươi,https://concop19.github.io/daily-mate-assets/food_anime/dish_15547651.jpg,True,200,
15547778,Gỏi Càng Cua Gà Vàng Pháp 🇫🇷,https://concop19.github.io/daily-mate-assets/food_anime/dish_15547778.jpg,True,200,
15547927,Nacho Heo Xé & Dứa Chua Ngọt - Pulled Pork & Caramelized Pineapple Nachos,https://concop19.github.io/daily-mate-assets/food_anime/dish_15547927.jpg,True,200,
15547993,Heo Quay Đắp Muối Hột,https://concop19.github.io/daily-mate-assets/food_anime/dish_15547993.jpg,True,200,
15548022,Yến mạch chiên rau củ,https://concop19.github.io/daily-mate-assets/food_anime/dish_15548022.jpg,True,200,
15548299,Canh Củ Cần Tây Nấu Thịt Băm,https://concop19.github.io/daily-mate-assets/food_anime/dish_15548299.jpg,True,200,
15548318,Bún cá chấm,https://concop19.github.io/daily-mate-assets/food_anime/dish_15548318.jpg,True,200,
15548595,Mì trứng xào mực và thịt xá xíu,https://concop19.github.io/daily-mate-assets/food_anime/dish_15548595.jpg,True,200,
15548736,Hủ tiếu bò kho,https://concop19.github.io/daily-mate-assets/food_anime/dish_15548736.jpg,True,200,
15549157,Xôi thịt xá xíu!,https://concop19.github.io/daily-mate-assets/food_anime/dish_15549157.jpg,True,200,
15549410,Mì Rigatoni Bò Sốt Kem Nấm / Creamy Beef Mushroom Stroganoff Rigatoni 🇷🇺,https://concop19.github.io/daily-mate-assets/food_anime/dish_15549410.jpg,True,200,
15549443,Bún nấu nấm mọc,https://concop19.github.io/daily-mate-assets/food_anime/dish_15549443.jpg,True,200,
15550706,🌱 Gỏi Nấm Bào Ngư Thuần Chay (Vegan),https://concop19.github.io/daily-mate-assets/food_anime/dish_15550706.jpg,True,200,
15551432,Đậu phụ om sốt Teriyaki,https://concop19.github.io/daily-mate-assets/food_anime/dish_15551432.jpg,True,200,
15552567,Tôm chiên xù NCKD,https://concop19.github.io/daily-mate-assets/food_anime/dish_15552567.jpg,True,200,
15552594,💚 Bánh Mì Sandwich Chuối & Phô Mai Bò Cười 😜,https://concop19.github.io/daily-mate-assets/food_anime/dish_15552594.jpg,True,200,
15552735,Bánh Mì Vòng Heo Xé Sốt Tỏi Thì Là Chua - Tzatziki Aioli-inspired Pulled Pork Bagel,https://concop19.github.io/daily-mate-assets/food_anime/dish_15552735.jpg,True,200,
15552775,Stir-fried meat with fish sauce (Thịt xào mắm ruốc),https://concop19.github.io/daily-mate-assets/food_anime/dish_15552775.jpg,True,200,
15552887,Muối sả ruốc thịt ăn liền cho ngày mưa 🤤,https://concop19.github.io/daily-mate-assets/food_anime/dish_15552887.jpg,True,200,
15552937,Ăn vặt : Bánh bò lá dứa đường thốt nốt,https://concop19.github.io/daily-mate-assets/food_anime/dish_15552937.jpg,True,200,
15552989,Canh rau muống nấu thịt bò,https://concop19.github.io/daily-mate-assets/food_anime/dish_15552989.jpg,True,200,
15553011,Thịt ba rọi rim bắp sốt bơ,https://concop19.github.io/daily-mate-assets/food_anime/dish_15553011.jpg,True,200,
15553023,Tôm ram,https://concop19.github.io/daily-mate-assets/food_anime/dish_15553023.jpg,True,200,
15553029,Cá kho keo,https://concop19.github.io/daily-mate-assets/food_anime/dish_15553029.jpg,True,200,
15554515,Súp cua,https://concop19.github.io/daily-mate-assets/food_anime/dish_15554515.jpg,True,200,
15554769,Rau củ xào bơ,https://concop19.github.io/daily-mate-assets/food_anime/dish_15554769.jpg,True,200,
15554839,Thịt viên rong biển,https://concop19.github.io/daily-mate-assets/food_anime/dish_15554839.jpg,True,200,
15554924,Thịt chiên mắm da giòn,https://concop19.github.io/daily-mate-assets/food_anime/dish_15554924.jpg,True,200,
15554936,Bánh Xèo Hải Sản Kiểu Nhật Phiên Bản Diet,https://concop19.github.io/daily-mate-assets/food_anime/dish_15554936.jpg,True,200,
15555069,Bún riêu tôm,https://concop19.github.io/daily-mate-assets/food_anime/dish_15555069.jpg,True,200,
15555189,Mì Udon Khô Trộn Cồi Sò Điệp & Rau Diếp Cừu,https://concop19.github.io/daily-mate-assets/food_anime/dish_15555189.jpg,True,200,
15555460,Canh khoai sọ tôm thịt bằm,https://concop19.github.io/daily-mate-assets/food_anime/dish_15555460.jpg,True,200,
15555621,Lagu bò,https://concop19.github.io/daily-mate-assets/food_anime/dish_15555621.jpg,True,200,
15555864,Cá hộp sốt tàu xì,https://concop19.github.io/daily-mate-assets/food_anime/dish_15555864.jpg,True,200,
15556071,Bánh mì ngọt hình cua,https://concop19.github.io/daily-mate-assets/food_anime/dish_15556071.jpg,True,200,
15556138,Bí ngô nhân thịt,https://concop19.github.io/daily-mate-assets/food_anime/dish_15556138.jpg,True,200,
15556479,Thịt heo bọc sả chiên dòn,https://concop19.github.io/daily-mate-assets/food_anime/dish_15556479.jpg,True,200,
15557064,Gà nấu xáo miền Trung thơm từ thịt ngọt từ gà,https://concop19.github.io/daily-mate-assets/food_anime/dish_15557064.jpg,True,200,
15557341,Salad Rau Diếp Cừu & Bò Xào,https://concop19.github.io/daily-mate-assets/food_anime/dish_15557341.jpg,True,200,
15558088,Phở Xương Bò - TBone Pho,https://concop19.github.io/daily-mate-assets/food_anime/dish_15558088.jpg,True,200,
15558187,Canh dưa cá,https://concop19.github.io/daily-mate-assets/food_anime/dish_15558187.jpg,True,200,
15558245,Trứng chiên thịt hộp cà chua,https://concop19.github.io/daily-mate-assets/food_anime/dish_15558245.jpg,True,200,
15558742,Cá ngừ kho nước dừa,https://concop19.github.io/daily-mate-assets/food_anime/dish_15558742.jpg,True,200,
15558958,Bánh canh chả cá version pha ke,https://concop19.github.io/daily-mate-assets/food_anime/dish_15558958.jpg,True,200,
15560140,🌱 Bún Cà Chua Đậu Hủ Chay (Vegan),https://concop19.github.io/daily-mate-assets/food_anime/dish_15560140.jpg,True,200,
15560170,Canh Tôm Rau Diếp Cừu,https://concop19.github.io/daily-mate-assets/food_anime/dish_15560170.jpg,True,200,
15560174,Cơm rang bò,https://concop19.github.io/daily-mate-assets/food_anime/dish_15560174.jpg,True,200,
15561338,Phi Lê Cá Chiên Giòn,https://concop19.github.io/daily-mate-assets/food_anime/dish_15561338.jpg,True,200,
15561802,Chả đậu hũ tía tô lá lốt,https://concop19.github.io/daily-mate-assets/food_anime/dish_15561802.jpg,True,200,
15562106,Măng nứa xào thịt bò,https://concop19.github.io/daily-mate-assets/food_anime/dish_15562106.jpg,True,200,
15562153,Bắp cải cuộn thịt,https://concop19.github.io/daily-mate-assets/food_anime/dish_15562153.jpg,True,200,
15562213,Canh kim chi nấu tôm,https://concop19.github.io/daily-mate-assets/food_anime/dish_15562213.jpg,True,200,
15562230,Rau lang xào tỏi,https://concop19.github.io/daily-mate-assets/food_anime/dish_15562230.jpg,True,200,
15562257,Tôm nướng sả,https://concop19.github.io/daily-mate-assets/food_anime/dish_15562257.jpg,True,200,
15562466,Chả cá mối,https://concop19.github.io/daily-mate-assets/food_anime/dish_15562466.jpg,True,200,
15563253,Cá Trắng Phi Lê Kho Tiêu,https://concop19.github.io/daily-mate-assets/food_anime/dish_15563253.jpg,True,200,
15563306,🌱 Canh Hẹ Đậu Hủ Chay (Vegan),https://concop19.github.io/daily-mate-assets/food_anime/dish_15563306.jpg,True,200,
15563333,Món Chinese : Giò heo om xì dầu,https://concop19.github.io/daily-mate-assets/food_anime/dish_15563333.jpg,True,200,
15563494,Dưa cải trộn bắp bò,https://concop19.github.io/daily-mate-assets/food_anime/dish_15563494.jpg,True,200,
15563504,Thịt ba chỉ kho dừa non,https://concop19.github.io/daily-mate-assets/food_anime/dish_15563504.jpg,True,200,
15563544,Chân cua tuyết rang me,https://concop19.github.io/daily-mate-assets/food_anime/dish_15563544.jpg,True,200,
15563714,Khấu đuôi heo phá lấu,https://concop19.github.io/daily-mate-assets/food_anime/dish_15563714.jpg,True,200,
15564218,Mướp Hương Xào Tôm,https://concop19.github.io/daily-mate-assets/food_anime/dish_15564218.jpg,True,200,
15565050,Canh Bí Đỏ Nấu Tôm,https://concop19.github.io/daily-mate-assets/food_anime/dish_15565050.jpg,True,200,
15565058,Rau Càng Cua Trộn Cá Ngừ Bắp Hạt,https://concop19.github.io/daily-mate-assets/food_anime/dish_15565058.jpg,True,200,
15565061,Thịt Kho Củ Cải,https://concop19.github.io/daily-mate-assets/food_anime/dish_15565061.jpg,True,200,
15565067,Bò sốt vang,https://concop19.github.io/daily-mate-assets/food_anime/dish_15565067.jpg,True,200,
15565309,Cơm cháy chà bông tôm khô,https://concop19.github.io/daily-mate-assets/food_anime/dish_15565309.jpg,True,200,
15566158,Mắm cá trèn chưng trứng,https://concop19.github.io/daily-mate-assets/food_anime/dish_15566158.jpg,True,200,
15566194,Cùi Dưa Hấu Xào Tôm,https://concop19.github.io/daily-mate-assets/food_anime/dish_15566194.jpg,True,200,
15566251,Phở Bò Xào Mềm (Chuẩn Vị Hà Nội),https://concop19.github.io/daily-mate-assets/food_anime/dish_15566251.jpg,True,200,
15566471,Súp Gà 3 Loại Nấm,https://concop19.github.io/daily-mate-assets/food_anime/dish_15566471.jpg,True,200,
15566736,Miến xào cua phô mai,https://concop19.github.io/daily-mate-assets/food_anime/dish_15566736.jpg,True,200,
15566841,Cháo đậu đỏ ăn kèm cá nục kho,https://concop19.github.io/daily-mate-assets/food_anime/dish_15566841.jpg,True,200,
15566863,Cháo hến nấm rơm rau đắng,https://concop19.github.io/daily-mate-assets/food_anime/dish_15566863.jpg,True,200,
15566886,Bánh papparoti nhân phô mai con bò cười,https://concop19.github.io/daily-mate-assets/food_anime/dish_15566886.jpg,True,200,
15567145,Đậu hũ non khoai lang,https://concop19.github.io/daily-mate-assets/food_anime/dish_15567145.jpg,True,200,
15567172,Canh đậu hũ kim chi,https://concop19.github.io/daily-mate-assets/food_anime/dish_15567172.jpg,True,200,
15567201,Bánh canh bột xắt nấu tôm thịt,https://concop19.github.io/daily-mate-assets/food_anime/dish_15567201.jpg,True,200,
15567232,Bánh cá yến mạch,https://concop19.github.io/daily-mate-assets/food_anime/dish_15567232.jpg,True,200,
15568369,Hoành thánh tôm thịt sườn non,https://concop19.github.io/daily-mate-assets/food_anime/dish_15568369.jpg,True,200,
15568383,"Bánh canh cá cờ, đậu hủ từ cơm nguội, bột gạo, bột năng",https://concop19.github.io/daily-mate-assets/food_anime/dish_15568383.jpg,True,200,
15568454,Bún cá rô chả cá,https://concop19.github.io/daily-mate-assets/food_anime/dish_15568454.jpg,True,200,
15568466,Cá hồi sốt cam,https://concop19.github.io/daily-mate-assets/food_anime/dish_15568466.jpg,True,200,
15568678,Cá viên tự làm từ đậu hũ (đậu phụ),https://concop19.github.io/daily-mate-assets/food_anime/dish_15568678.jpg,True,200,
15568734,Canh chua cá ngạnh,https://concop19.github.io/daily-mate-assets/food_anime/dish_15568734.jpg,True,200,
15568798,Pizza Mỏng Giòn nhân Cá Hồi Xông Khói - Smoked Salmon Flatbread Pizza,https://concop19.github.io/daily-mate-assets/food_anime/dish_15568798.jpg,True,200,
15568833,Súp ức gà với các loại rau (Chicken soup with vegetables),https://concop19.github.io/daily-mate-assets/food_anime/dish_15568833.jpg,True,200,
15569666,Bò lá nho 🍇 🍃,https://concop19.github.io/daily-mate-assets/food_anime/dish_15569666.jpg,True,200,
15569912,Canh chua tôm,https://concop19.github.io/daily-mate-assets/food_anime/dish_15569912.jpg,True,200,
15570296,Bánh bò nướng đường thốt nốt,https://concop19.github.io/daily-mate-assets/food_anime/dish_15570296.jpg,True,200,
15570379,"Fish dolma, focaccia and mayo",https://concop19.github.io/daily-mate-assets/food_anime/dish_15570379.jpg,True,200,
15570763,Bò Kho Chay - ăn kèm bánh mì,https://concop19.github.io/daily-mate-assets/food_anime/dish_15570763.jpg,True,200,
15570831,Mắm linh chưng thịt - Mắm chưng,https://concop19.github.io/daily-mate-assets/food_anime/dish_15570831.jpg,True,200,
15570977,Thịt heo bọc sả chiên nhà làm ngon như nhà làm 🤣,https://concop19.github.io/daily-mate-assets/food_anime/dish_15570977.jpg,True,200,
15571752,Mực xào su hào,https://concop19.github.io/daily-mate-assets/food_anime/dish_15571752.jpg,True,200,
15572085,"Bánh gối nhân thịt, trứng cút, lạp sườn",https://concop19.github.io/daily-mate-assets/food_anime/dish_15572085.jpg,True,200,
15572301,Rau muống xào chả lụa phủ tôm khô phi tỏi,https://concop19.github.io/daily-mate-assets/food_anime/dish_15572301.jpg,True,200,
15572351,Phở bò viên 🍲,https://concop19.github.io/daily-mate-assets/food_anime/dish_15572351.jpg,True,200,
15572879,Bún bò Huế,https://concop19.github.io/daily-mate-assets/food_anime/dish_15572879.jpg,True,200,
15573370,Scotch eggs cá hồi,https://concop19.github.io/daily-mate-assets/food_anime/dish_15573370.jpg,True,200,
15573463,Cháo cá lóc từ cơm nguội,https://concop19.github.io/daily-mate-assets/food_anime/dish_15573463.jpg,True,200,
15573511,Cá diêu hồng hấp nước tương,https://concop19.github.io/daily-mate-assets/food_anime/dish_15573511.jpg,True,200,
15574156,Trứng bắc thảo bọc thịt chiên giòn,https://concop19.github.io/daily-mate-assets/food_anime/dish_15574156.jpg,True,200,
15574897,Bún Chả Hà Nội (Version thiếu rau thơm và xài đường cỏ ngọt ăn kiêng),https://concop19.github.io/daily-mate-assets/food_anime/dish_15574897.jpg,True,200,
15575505,Canh mồng tơi cua đồng,https://concop19.github.io/daily-mate-assets/food_anime/dish_15575505.jpg,True,200,
15575654,"Gỏi cuốn gà, tôm",https://concop19.github.io/daily-mate-assets/food_anime/dish_15575654.jpg,True,200,
15575902,Bánh rau câu sinh nhật,https://concop19.github.io/daily-mate-assets/food_anime/dish_15575902.jpg,True,200,
15575903,Bánh Bao Đài Loan kẹp Heo Giòn Da & Kimchi - Skinny Taiwanese Bao with Crispy Pork & Kimchi,https://concop19.github.io/daily-mate-assets/food_anime/dish_15575903.jpg,True,200,
15575904,BBĐL Nấm & Bắp Cải Trộn sốt Bơ Đậu Phộng - TW Bao with Mushrooms & Coleslaw in Peanut Butter Sauce,https://concop19.github.io/daily-mate-assets/food_anime/dish_15575904.jpg,True,200,
15576920,Cháo Gà Hầm Đậu và Rau Củ/ Chicken Risotto Slow Cooked with Beans,https://concop19.github.io/daily-mate-assets/food_anime/dish_15576920.jpg,True,200,
15578281,Mì soup bò,https://concop19.github.io/daily-mate-assets/food_anime/dish_15578281.jpg,True,200,
15578410,Gỏi Củ Cần Tây Khô Bò Đen,https://concop19.github.io/daily-mate-assets/food_anime/dish_15578410.jpg,True,200,
15578529,Cháo Thịt Bằm Cà Rốt,https://concop19.github.io/daily-mate-assets/food_anime/dish_15578529.jpg,True,200,
15579199,Cá basa kho tiêu,https://concop19.github.io/daily-mate-assets/food_anime/dish_15579199.jpg,True,200,
15580085,Bắp cải cuộn thịt bằm,https://concop19.github.io/daily-mate-assets/food_anime/dish_15580085.jpg,True,200,
15580246,Tuna mapo tofu - Đậu hũ Tứ Xuyên cá ngừ,https://concop19.github.io/daily-mate-assets/food_anime/dish_15580246.jpg,True,200,
15581062,Rice Bowl - Cơm Trộn Thập Cẩm Trứng Cá Truite,https://concop19.github.io/daily-mate-assets/food_anime/dish_15581062.jpg,True,200,
15582851,Mì Pesto & Cá Hồi Xông Khói - Creamy Pesto Penne with Smoked Salmon,https://concop19.github.io/daily-mate-assets/food_anime/dish_15582851.jpg,True,200,
15582917,Bánh mì cua nhân phô mai,https://concop19.github.io/daily-mate-assets/food_anime/dish_15582917.jpg,True,200,
15582989,Rau câu (đông sương) nhãn nhục,https://concop19.github.io/daily-mate-assets/food_anime/dish_15582989.jpg,True,200,
15582992,Chè thơm rau câu nhãn nhục,https://concop19.github.io/daily-mate-assets/food_anime/dish_15582992.jpg,True,200,
15583276,Rau Muống Xào Tỏi 🧄,https://concop19.github.io/daily-mate-assets/food_anime/dish_15583276.jpg,True,200,
15583671,Nấm bào ngư nướng giấy bạc (món chay),https://concop19.github.io/daily-mate-assets/food_anime/dish_15583671.jpg,True,200,
15583703,Salad Thanh Cua,https://concop19.github.io/daily-mate-assets/food_anime/dish_15583703.jpg,True,200,
15583995,Bắp Bò Hoa Hấp Chấm Mắm Gừng,https://concop19.github.io/daily-mate-assets/food_anime/dish_15583995.jpg,True,200,
15583999,Gỏi Bưởi Tôm Mực,https://concop19.github.io/daily-mate-assets/food_anime/dish_15583999.jpg,True,200,
15584058,Rau Rừng Luộc,https://concop19.github.io/daily-mate-assets/food_anime/dish_15584058.jpg,True,200,
15584077,Rau Muống Ngâm Chua Ngọt,https://concop19.github.io/daily-mate-assets/food_anime/dish_15584077.jpg,True,200,
15584338,Pizza Mỏng Giòn nhân Heo Muối & Trứng Chần - Carbonara-style Flatbread Pizza,https://concop19.github.io/daily-mate-assets/food_anime/dish_15584338.jpg,True,200,
15584511,Chả cá chay sốt cà chua,https://concop19.github.io/daily-mate-assets/food_anime/dish_15584511.jpg,True,200,
15584671,Cá hồi sốt cà chua,https://concop19.github.io/daily-mate-assets/food_anime/dish_15584671.jpg,True,200,
15585097,Gỏi Gà Xé Hành Tây Rau Răm,https://concop19.github.io/daily-mate-assets/food_anime/dish_15585097.jpg,True,200,
15586155,Bánh bao kẹp thịt,https://concop19.github.io/daily-mate-assets/food_anime/dish_15586155.jpg,True,200,
15586179,Thịt xào trứng với cà chua,https://concop19.github.io/daily-mate-assets/food_anime/dish_15586179.jpg,True,200,
15586222,Tôm nướng muối ớt bằng nồi chiên kd,https://concop19.github.io/daily-mate-assets/food_anime/dish_15586222.jpg,True,200,
15586227,Heo quay da giòn,https://concop19.github.io/daily-mate-assets/food_anime/dish_15586227.jpg,True,200,
15586464,Salmon cake - bánh cá hồi 🤔,https://concop19.github.io/daily-mate-assets/food_anime/dish_15586464.jpg,True,200,
15586467,Canh Kimchi Rau Củ - Kimchi Veggies Soup,https://concop19.github.io/daily-mate-assets/food_anime/dish_15586467.jpg,True,200,
15587379,Bánh canh mộc giò heo,https://concop19.github.io/daily-mate-assets/food_anime/dish_15587379.jpg,True,200,
15587762,Cá chim chiên giòn,https://concop19.github.io/daily-mate-assets/food_anime/dish_15587762.jpg,True,200,
15588017,Canh Mướp Thịt Bằm,https://concop19.github.io/daily-mate-assets/food_anime/dish_15588017.jpg,True,200,
15588267,Cá Thu Chiên Muối Tiêu,https://concop19.github.io/daily-mate-assets/food_anime/dish_15588267.jpg,True,200,
15589125,Nộm bì heo cóc xanh,https://concop19.github.io/daily-mate-assets/food_anime/dish_15589125.jpg,True,200,
15589287,Salad Lựu Rau Mầm,https://concop19.github.io/daily-mate-assets/food_anime/dish_15589287.jpg,True,200,
15589326,Nước rau bắp(ngô) và mía cây,https://concop19.github.io/daily-mate-assets/food_anime/dish_15589326.jpg,True,200,
15589397,Cá Rô Phi Nướng sốt Teriyaki - Grilled Tilapia in Teriyaki Sauce,https://concop19.github.io/daily-mate-assets/food_anime/dish_15589397.jpg,True,200,
15589899,Drunken fish and condiments (chú thích ở dưới nha),https://concop19.github.io/daily-mate-assets/food_anime/dish_15589899.jpg,True,200,
15590041,Bánh tôm,https://concop19.github.io/daily-mate-assets/food_anime/dish_15590041.jpg,True,200,
15590556,Cá linh non kho xả,https://concop19.github.io/daily-mate-assets/food_anime/dish_15590556.jpg,True,200,
15591099,Súp Nấm Hoành Thánh Cải Bó Xôi Nhân Tôm,https://concop19.github.io/daily-mate-assets/food_anime/dish_15591099.jpg,True,200,
15591197,Cháo bồ câu tôm khô,https://concop19.github.io/daily-mate-assets/food_anime/dish_15591197.jpg,True,200,
15591254,Ếch Sốt Teriyaki (Bé 12m+),https://concop19.github.io/daily-mate-assets/food_anime/dish_15591254.jpg,True,200,
15592657,Cơm trộn cá ngừ,https://concop19.github.io/daily-mate-assets/food_anime/dish_15592657.jpg,True,200,
15592682,Cá hấp gừng kèm salad không dầu,https://concop19.github.io/daily-mate-assets/food_anime/dish_15592682.jpg,True,200,
15592736,Cháo rau mồng tơi nấu cua biển,https://concop19.github.io/daily-mate-assets/food_anime/dish_15592736.jpg,True,200,
15593092,"Nui Nơ Xào Tôm, Thịt Băm & Cải Bó Xôi",https://concop19.github.io/daily-mate-assets/food_anime/dish_15593092.jpg,True,200,
15593228,Bánh tằm tôm thịt cốt dừa 🥥,https://concop19.github.io/daily-mate-assets/food_anime/dish_15593228.jpg,True,200,
15593303,Tôm sú sốt me,https://concop19.github.io/daily-mate-assets/food_anime/dish_15593303.jpg,True,200,
15593610,Bún cá,https://concop19.github.io/daily-mate-assets/food_anime/dish_15593610.jpg,True,200,
15593611,Bún cua thối đặc sản Pleiku (gia lai),https://concop19.github.io/daily-mate-assets/food_anime/dish_15593611.jpg,True,200,
15594196,Thịt heo nướng da giòn,https://concop19.github.io/daily-mate-assets/food_anime/dish_15594196.jpg,True,200,
15594446,Cá lóc kho tương,https://concop19.github.io/daily-mate-assets/food_anime/dish_15594446.jpg,True,200,
15595226,Rau lang om cà chua,https://concop19.github.io/daily-mate-assets/food_anime/dish_15595226.jpg,True,200,
15595581,Chà Bông Heo,https://concop19.github.io/daily-mate-assets/food_anime/dish_15595581.jpg,True,200,
15595707,Thịt Nạc Kho Dưa Cải,https://concop19.github.io/daily-mate-assets/food_anime/dish_15595707.jpg,True,200,
15595733,Ếch áp chảo nước mắm + nấm xào,https://concop19.github.io/daily-mate-assets/food_anime/dish_15595733.jpg,True,200,
15595748,"Canh Miso Nấm, Mọc & Phổ Tai",https://concop19.github.io/daily-mate-assets/food_anime/dish_15595748.jpg,True,200,
15595792,Cá Thầy Tu (Monkfish) Nướng Thịt Xông Khói,https://concop19.github.io/daily-mate-assets/food_anime/dish_15595792.jpg,True,200,
15595945,Ếch núp lùm 🥰🥰🥰🥰🥰,https://concop19.github.io/daily-mate-assets/food_anime/dish_15595945.jpg,True,200,
15596216,Lẩu Thái Chua Cay Hải Sản 🦐 🐟 🥬,https://concop19.github.io/daily-mate-assets/food_anime/dish_15596216.jpg,True,200,
15596222,Mì Tôm Hải Sản - Leftover from Hotpot,https://concop19.github.io/daily-mate-assets/food_anime/dish_15596222.jpg,True,200,
15596239,Rau Củ Khai Vị Yêu Thích 🤩,https://concop19.github.io/daily-mate-assets/food_anime/dish_15596239.jpg,True,200,
15596453,Bánh tôm khoai tây cho bé,https://concop19.github.io/daily-mate-assets/food_anime/dish_15596453.jpg,True,200,
15596758,Cá bống kho,https://concop19.github.io/daily-mate-assets/food_anime/dish_15596758.jpg,True,200,
15596835,Cá mồng gà cuộn lá mướp,https://concop19.github.io/daily-mate-assets/food_anime/dish_15596835.jpg,True,200,
15597012,Bò viên nướng Hàn Quốc,https://concop19.github.io/daily-mate-assets/food_anime/dish_15597012.jpg,True,200,
15597143,Thịt bò tóp mỡ Súp lơ,https://concop19.github.io/daily-mate-assets/food_anime/dish_15597143.jpg,True,200,
15597560,Tôm càng xanh hấp nước dừa,https://concop19.github.io/daily-mate-assets/food_anime/dish_15597560.jpg,True,200,
15599173,2 Loại Sủi Cảo Nhật nhân Heo Xay - Pork Gyoza 2 Ways,https://concop19.github.io/daily-mate-assets/food_anime/dish_15599173.jpg,True,200,
15599510,Mực xào bầu chua,https://concop19.github.io/daily-mate-assets/food_anime/dish_15599510.jpg,True,200,
15600341,Chả tôm rong biển,https://concop19.github.io/daily-mate-assets/food_anime/dish_15600341.jpg,True,200,
15601029,Cá trao tráo kho tiêu dễ làm,https://concop19.github.io/daily-mate-assets/food_anime/dish_15601029.jpg,True,200,
15601714,Gỏi Tai Heo Dưa Leo Cà Rốt,https://concop19.github.io/daily-mate-assets/food_anime/dish_15601714.jpg,True,200,
15601962,Bò xào cà rốt cho bé,https://concop19.github.io/daily-mate-assets/food_anime/dish_15601962.jpg,True,200,
15602332,Bánh da lợn hoa đậu biết cực dễ làm,https://concop19.github.io/daily-mate-assets/food_anime/dish_15602332.jpg,True,200,
15602393,Thịt nướng,https://concop19.github.io/daily-mate-assets/food_anime/dish_15602393.jpg,True,200,
15602832,Bánh khoai tây cá hồi,https://concop19.github.io/daily-mate-assets/food_anime/dish_15602832.jpg,True,200,
15603949,Cơm Tấm Thịt Khìa Long Xuyên,https://concop19.github.io/daily-mate-assets/food_anime/dish_15603949.jpg,True,200,
15604051,Cơm risotto tôm,https://concop19.github.io/daily-mate-assets/food_anime/dish_15604051.jpg,True,200,
15605291,Nem cá hồi chiên xù,https://concop19.github.io/daily-mate-assets/food_anime/dish_15605291.jpg,True,200,
15605679,Xá xíu thịt heo sốt cà chua phiên bản cho bé,https://concop19.github.io/daily-mate-assets/food_anime/dish_15605679.jpg,True,200,
15606838,Mắm Cá Thu Chưng,https://concop19.github.io/daily-mate-assets/food_anime/dish_15606838.jpg,True,200,
15606844,Cá Bè Chiên,https://concop19.github.io/daily-mate-assets/food_anime/dish_15606844.jpg,True,200,
15606886,Canh Cải Bó Xôi Nấu Tôm,https://concop19.github.io/daily-mate-assets/food_anime/dish_15606886.jpg,True,200,
15606913,Mắm Cá Lóc Đồng Chưng Thịt Trứng,https://concop19.github.io/daily-mate-assets/food_anime/dish_15606913.jpg,True,200,
15608486,Bò cuốn lá lốt,https://concop19.github.io/daily-mate-assets/food_anime/dish_15608486.jpg,True,200,
15608789,Thịt xào thơm,https://concop19.github.io/daily-mate-assets/food_anime/dish_15608789.jpg,True,200,
15608908,Heo quay chay,https://concop19.github.io/daily-mate-assets/food_anime/dish_15608908.jpg,True,200,
15609357,Khô Bò Nguyên Miếng,https://concop19.github.io/daily-mate-assets/food_anime/dish_15609357.jpg,True,200,
15609940,Bắp Xào Bơ & Tôm Nhỏ,https://concop19.github.io/daily-mate-assets/food_anime/dish_15609940.jpg,True,200,
15610822,Gỏi đu đủ tôm thịt,https://concop19.github.io/daily-mate-assets/food_anime/dish_15610822.jpg,True,200,
15610898,Bí Đỏ Nhồi Thịt Chiên,https://concop19.github.io/daily-mate-assets/food_anime/dish_15610898.jpg,True,200,
15611678,Tôm rim trứng,https://concop19.github.io/daily-mate-assets/food_anime/dish_15611678.jpg,True,200,
15611725,Cá chiên ớt sate,https://concop19.github.io/daily-mate-assets/food_anime/dish_15611725.jpg,True,200,
15611727,Cá bớp kho tộ,https://concop19.github.io/daily-mate-assets/food_anime/dish_15611727.jpg,True,200,
15611850,Hủ Tiếu Xương Bò-Tôm,https://concop19.github.io/daily-mate-assets/food_anime/dish_15611850.jpg,True,200,
15611859,Bún cà ri hải sản 🦐🦑,https://concop19.github.io/daily-mate-assets/food_anime/dish_15611859.jpg,True,200,
15612343,Canh đậu cá hồi,https://concop19.github.io/daily-mate-assets/food_anime/dish_15612343.jpg,True,200,
15613023,Pizza Đế Mỏng Giòn Nhân Cá Hồi Xông Khói,https://concop19.github.io/daily-mate-assets/food_anime/dish_15613023.jpg,True,200,
15613139,Bún Ốc Sườn Heo,https://concop19.github.io/daily-mate-assets/food_anime/dish_15613139.jpg,True,200,
15613210,"Hạt kê, cá hồi sốt",https://concop19.github.io/daily-mate-assets/food_anime/dish_15613210.jpg,True,200,
15614453,Heo quay nhanh lẹ bằng nckd thần thánh,https://concop19.github.io/daily-mate-assets/food_anime/dish_15614453.jpg,True,200,
15617290,Thịt dê bóp ^^,https://concop19.github.io/daily-mate-assets/food_anime/dish_15617290.jpg,True,200,
15617324,Chả cá rô phi cho bé,https://concop19.github.io/daily-mate-assets/food_anime/dish_15617324.jpg,True,200,
15617826,🌱 Nấm Kho Dứa Chay (Vegan),https://concop19.github.io/daily-mate-assets/food_anime/dish_15617826.jpg,True,200,
15618247,Mì Soba Súp Dashi Thịt Heo Nấm Đông Cô,https://concop19.github.io/daily-mate-assets/food_anime/dish_15618247.jpg,True,200,
15619280,Pizza bò băm dứa,https://concop19.github.io/daily-mate-assets/food_anime/dish_15619280.jpg,True,200,
15619740,Đậu nhồi thịt NCKD,https://concop19.github.io/daily-mate-assets/food_anime/dish_15619740.jpg,True,200,
15620319,Chả đậu phụ nghệ nấm hương,https://concop19.github.io/daily-mate-assets/food_anime/dish_15620319.jpg,True,200,
15620827,Bún bò giò nạm,https://concop19.github.io/daily-mate-assets/food_anime/dish_15620827.jpg,True,200,
15621352,Eatclean/ Salad Cá Ngừ,https://concop19.github.io/daily-mate-assets/food_anime/dish_15621352.jpg,True,200,
15621358,Gỏi khoai môn hải sản,https://concop19.github.io/daily-mate-assets/food_anime/dish_15621358.jpg,True,200,
15621364,Cá Trứng Nướng Sate ‘Đi vào lòng người’,https://concop19.github.io/daily-mate-assets/food_anime/dish_15621364.jpg,True,200,
15621385,Thịt Ram Siêu Nhanh Cho Ngày Bận Rộn,https://concop19.github.io/daily-mate-assets/food_anime/dish_15621385.jpg,True,200,
15621588,Bánh bao nhân thịt gà ruốc nấm healthy,https://concop19.github.io/daily-mate-assets/food_anime/dish_15621588.jpg,True,200,
15622262,Sốt Bò Cà Chua Slow Cook,https://concop19.github.io/daily-mate-assets/food_anime/dish_15622262.jpg,True,200,
15622986,Súp lươn nấm #emTrann,https://concop19.github.io/daily-mate-assets/food_anime/dish_15622986.jpg,True,200,
15623454,Tôm nướng vị nguyên bản,https://concop19.github.io/daily-mate-assets/food_anime/dish_15623454.jpg,True,200,
15624103,Sườn heo nướng nguyên tảng,https://concop19.github.io/daily-mate-assets/food_anime/dish_15624103.jpg,True,200,
15624522,Miến xào mực khô,https://concop19.github.io/daily-mate-assets/food_anime/dish_15624522.jpg,True,200,
15625274,Đậu Que Xào Tim Bò,https://concop19.github.io/daily-mate-assets/food_anime/dish_15625274.jpg,True,200,
15625290,Mì Nghệ Xào Thịt Trai (Vẹm Đen),https://concop19.github.io/daily-mate-assets/food_anime/dish_15625290.jpg,True,200,
15625372,Chả thịt rong biển,https://concop19.github.io/daily-mate-assets/food_anime/dish_15625372.jpg,True,200,
15625383,Bánh bò yến mạch,https://concop19.github.io/daily-mate-assets/food_anime/dish_15625383.jpg,True,200,
15626743,Mì Spaghetti thịt bò,https://concop19.github.io/daily-mate-assets/food_anime/dish_15626743.jpg,True,200,
15626831,Cháo yến bào ngư thịt bằm,https://concop19.github.io/daily-mate-assets/food_anime/dish_15626831.jpg,True,200,
15627075,Khô heo,https://concop19.github.io/daily-mate-assets/food_anime/dish_15627075.jpg,True,200,
15627292,Cá ngừ kho khóm,https://concop19.github.io/daily-mate-assets/food_anime/dish_15627292.jpg,True,200,
15627454,Canh Rau Cải Cay Nấu Thịt Bằm,https://concop19.github.io/daily-mate-assets/food_anime/dish_15627454.jpg,True,200,
15627619,Sườn Heo Kho,https://concop19.github.io/daily-mate-assets/food_anime/dish_15627619.jpg,True,200,
15627637,Canh Cải Nấu Tôm,https://concop19.github.io/daily-mate-assets/food_anime/dish_15627637.jpg,True,200,
15627862,Gỏi nấm bào ngư,https://concop19.github.io/daily-mate-assets/food_anime/dish_15627862.jpg,True,200,
15629089,Xôi thịt kho,https://concop19.github.io/daily-mate-assets/food_anime/dish_15629089.jpg,True,200,
15629102,Đậu hũ trứng bắc thảo,https://concop19.github.io/daily-mate-assets/food_anime/dish_15629102.jpg,True,200,
15629693,Canh bí xanh nấu nấm hương,https://concop19.github.io/daily-mate-assets/food_anime/dish_15629693.jpg,True,200,
15629919,Súp cá vược,https://concop19.github.io/daily-mate-assets/food_anime/dish_15629919.jpg,True,200,
15629950,Canh cải ngọt thịt bằm,https://concop19.github.io/daily-mate-assets/food_anime/dish_15629950.jpg,True,200,
15629955,Gà Tiềm Nấm 🍄 🍗,https://concop19.github.io/daily-mate-assets/food_anime/dish_15629955.jpg,True,200,
15629960,Mỳ Ý sốt kem nấm phiên bản dành cho em bé,https://concop19.github.io/daily-mate-assets/food_anime/dish_15629960.jpg,True,200,
15630284,"Mực xào ớt chuông, bông cải 🥦",https://concop19.github.io/daily-mate-assets/food_anime/dish_15630284.jpg,True,200,
15630516,Cháo nghệ rau củ (Emmy 10m+),https://concop19.github.io/daily-mate-assets/food_anime/dish_15630516.jpg,True,200,
15630734,Bún Gạo Xào Cải Thảo & Thịt Ram,https://concop19.github.io/daily-mate-assets/food_anime/dish_15630734.jpg,True,200,
15630763,Lẩu cá,https://concop19.github.io/daily-mate-assets/food_anime/dish_15630763.jpg,True,200,
15630780,Nấm Mỡ To Nhồi Thịt Băm Lá Ngải Thơm (Estragon),https://concop19.github.io/daily-mate-assets/food_anime/dish_15630780.jpg,True,200,
15631902,Trứng chiên thịt băm,https://concop19.github.io/daily-mate-assets/food_anime/dish_15631902.jpg,True,200,
15631997,Bánh Canh Hẹ Cá Thu,https://concop19.github.io/daily-mate-assets/food_anime/dish_15631997.jpg,True,200,
15632927,Cá cam kho thơm,https://concop19.github.io/daily-mate-assets/food_anime/dish_15632927.jpg,True,200,
15632939,"Bí non, ớt chuông xào tim heo",https://concop19.github.io/daily-mate-assets/food_anime/dish_15632939.jpg,True,200,
15633064,Sashimi Cá Hồi - Chấm Nước Tương Wasabi,https://concop19.github.io/daily-mate-assets/food_anime/dish_15633064.jpg,True,200,
15633098,Thịt kho mắm ruốc,https://concop19.github.io/daily-mate-assets/food_anime/dish_15633098.jpg,True,200,
15633149,Thịt nướng lá móc mật,https://concop19.github.io/daily-mate-assets/food_anime/dish_15633149.jpg,True,200,
15633191,Đậu hũ non sốt,https://concop19.github.io/daily-mate-assets/food_anime/dish_15633191.jpg,True,200,
15633208,Nấm bạch tuyết xào nước tương,https://concop19.github.io/daily-mate-assets/food_anime/dish_15633208.jpg,True,200,
15633387,XÔI đậu phộng - thịt băm,https://concop19.github.io/daily-mate-assets/food_anime/dish_15633387.jpg,True,200,
15633635,Cá lóc hấp cuốn bánh tráng,https://concop19.github.io/daily-mate-assets/food_anime/dish_15633635.jpg,True,200,
15634020,Cà Tím Xào Bò Bằm & Lá Tía Tô,https://concop19.github.io/daily-mate-assets/food_anime/dish_15634020.jpg,True,200,
15634262,Cá hấp cuốn bánh tráng (Cải thảo tím),https://concop19.github.io/daily-mate-assets/food_anime/dish_15634262.jpg,True,200,
15634543,Món cho bé : Đậu hũ trứng sốt thịt,https://concop19.github.io/daily-mate-assets/food_anime/dish_15634543.jpg,True,200,
15634822,Muffin tôm cải kale,https://concop19.github.io/daily-mate-assets/food_anime/dish_15634822.jpg,True,200,
15635737,Gan heo xào tỏi ớt,https://concop19.github.io/daily-mate-assets/food_anime/dish_15635737.jpg,True,200,
15635964,Gỏi xoài khô cá lóc,https://concop19.github.io/daily-mate-assets/food_anime/dish_15635964.jpg,True,200,
15637296,Bánh canh hải sản,https://concop19.github.io/daily-mate-assets/food_anime/dish_15637296.jpg,True,200,
15637534,Pasta tôm (Jamie Oliver' Italian special),https://concop19.github.io/daily-mate-assets/food_anime/dish_15637534.jpg,True,200,
15638816,"Bún đậu mắm tôm Halloween với chả đậu hũ, lưỡi heo, và lòng non",https://concop19.github.io/daily-mate-assets/food_anime/dish_15638816.jpg,True,200,
15638925,Cá Ngừ Rim Cà Nấm,https://concop19.github.io/daily-mate-assets/food_anime/dish_15638925.jpg,True,200,
15639060,Bò hấp sả - tía tô,https://concop19.github.io/daily-mate-assets/food_anime/dish_15639060.jpg,True,200,
15639423,Seafood pizza,https://concop19.github.io/daily-mate-assets/food_anime/dish_15639423.jpg,True,200,
15640034,Cà Ri Thái Đỏ Cay Với Tôm & Rau Củ,https://concop19.github.io/daily-mate-assets/food_anime/dish_15640034.jpg,True,200,
15640698,Chân nấm xào lăn,https://concop19.github.io/daily-mate-assets/food_anime/dish_15640698.jpg,True,200,
15641045,Tôm Chiên Khoai Môn,https://concop19.github.io/daily-mate-assets/food_anime/dish_15641045.jpg,True,200,
15641057,Mực Xào Thập Cẩm,https://concop19.github.io/daily-mate-assets/food_anime/dish_15641057.jpg,True,200,
15641084,Thịt Heo Xào Mắm Ruốc,https://concop19.github.io/daily-mate-assets/food_anime/dish_15641084.jpg,True,200,
15642221,Bánh bèo tôm chấy Huế,https://concop19.github.io/daily-mate-assets/food_anime/dish_15642221.jpg,True,200,
15642523,Lẩu gân bò măng cay,https://concop19.github.io/daily-mate-assets/food_anime/dish_15642523.jpg,True,200,
15642561,Lẩu cá điêu hồng,https://concop19.github.io/daily-mate-assets/food_anime/dish_15642561.jpg,True,200,
15645502,Miến xào thịt gà,https://concop19.github.io/daily-mate-assets/food_anime/dish_15645502.jpg,True,200,
15645503,Cháo yến bí đỏ cá hồi,https://concop19.github.io/daily-mate-assets/food_anime/dish_15645503.jpg,True,200,
15645741,Món cho bé : Thạch rau câu flan,https://concop19.github.io/daily-mate-assets/food_anime/dish_15645741.jpg,True,200,
15646434,Bít tết bò,https://concop19.github.io/daily-mate-assets/food_anime/dish_15646434.jpg,True,200,
15646926,Salad nấm hầu thủ,https://concop19.github.io/daily-mate-assets/food_anime/dish_15646926.jpg,True,200,
15647404,Salad cá ngừ ngâm dầu,https://concop19.github.io/daily-mate-assets/food_anime/dish_15647404.jpg,True,200,
15647876,Bánh sừng bò - Bánh càng cua,https://concop19.github.io/daily-mate-assets/food_anime/dish_15647876.jpg,True,200,
15649022,Nấm Linh Chi Om Sốt Teriyaki,https://concop19.github.io/daily-mate-assets/food_anime/dish_15649022.jpg,True,200,
15649726,Gỏi Xoài Tai Heo & Bánh Phồng Tôm,https://concop19.github.io/daily-mate-assets/food_anime/dish_15649726.jpg,True,200,
15649789,Canh cá nấu ngót,https://concop19.github.io/daily-mate-assets/food_anime/dish_15649789.jpg,True,200,
15649892,Bún riêu cua đồng,https://concop19.github.io/daily-mate-assets/food_anime/dish_15649892.jpg,True,200,
15650235,Nem thịt thính gạo,https://concop19.github.io/daily-mate-assets/food_anime/dish_15650235.jpg,True,200,
15650282,Rau câu sữa dừa khoai lang tím,https://concop19.github.io/daily-mate-assets/food_anime/dish_15650282.jpg,True,200,
15650605,Thịt chưng mắm tôm,https://concop19.github.io/daily-mate-assets/food_anime/dish_15650605.jpg,True,200,
15651049,Nui Xào Mầm Cải Brussels &Thịt Nguội,https://concop19.github.io/daily-mate-assets/food_anime/dish_15651049.jpg,True,200,
15651357,Cháo xương ống heo(lợn),https://concop19.github.io/daily-mate-assets/food_anime/dish_15651357.jpg,True,200,
15651656,Món cho bé : Phile đùi gà kho nấm đùi gà,https://concop19.github.io/daily-mate-assets/food_anime/dish_15651656.jpg,True,200,
15651671,Bò Viên Áp Chảo - Khoai Tây Nghiền / Burger Patty & Mashed Potato,https://concop19.github.io/daily-mate-assets/food_anime/dish_15651671.jpg,True,200,
15652057,🌱 Nấm Mỡ Kho Hành Tây (Vegan),https://concop19.github.io/daily-mate-assets/food_anime/dish_15652057.jpg,True,200,
15652863,Đậu Hủ Xào Bông Cải Ớt Chuông,https://concop19.github.io/daily-mate-assets/food_anime/dish_15652863.jpg,True,200,
15652951,Chả ếch lá lốt,https://concop19.github.io/daily-mate-assets/food_anime/dish_15652951.jpg,True,200,
15652969,Ức gà cuộn nấm kim châm,https://concop19.github.io/daily-mate-assets/food_anime/dish_15652969.jpg,True,200,
15653088,Bò Lúc Lắc Tuổi Thơ,https://concop19.github.io/daily-mate-assets/food_anime/dish_15653088.jpg,True,200,
15654003,Thịt Bằm Hấp Nấm Đông Cô,https://concop19.github.io/daily-mate-assets/food_anime/dish_15654003.jpg,True,200,
15654699,Gan lợn cháy tỏi,https://concop19.github.io/daily-mate-assets/food_anime/dish_15654699.jpg,True,200,
15655100,Cá Đù Một Nắng Chiên Giòn,https://concop19.github.io/daily-mate-assets/food_anime/dish_15655100.jpg,True,200,
15655103,Canh Cải Cay Nấu Tôm,https://concop19.github.io/daily-mate-assets/food_anime/dish_15655103.jpg,True,200,
15655155,Cá Diêu Hồng Hấp Gừng & Rau Cải Cay,https://concop19.github.io/daily-mate-assets/food_anime/dish_15655155.jpg,True,200,
15655157,Thịt Dăm Heo Kho Củ Cải Trắng Và Cà Rốt (Món Mặn),https://concop19.github.io/daily-mate-assets/food_anime/dish_15655157.jpg,True,200,
15655287,Thịt chiên sả ớt,https://concop19.github.io/daily-mate-assets/food_anime/dish_15655287.jpg,True,200,
15655309,Cua sốt ớt,https://concop19.github.io/daily-mate-assets/food_anime/dish_15655309.jpg,True,200,
15655364,Đậu phụ giò nạc sốt mắm ớt,https://concop19.github.io/daily-mate-assets/food_anime/dish_15655364.jpg,True,200,
15656336,Súp Gà Nấm Rau Củ (Soupe De Poulet Aux Champignons & Légumes),https://concop19.github.io/daily-mate-assets/food_anime/dish_15656336.jpg,True,200,
15656374,Cá Đục Chiên Giòn,https://concop19.github.io/daily-mate-assets/food_anime/dish_15656374.jpg,True,200,
15656379,Canh Rau Nấu Thịt Cua,https://concop19.github.io/daily-mate-assets/food_anime/dish_15656379.jpg,True,200,
15656466,Cơm Bò Xào Sa Tế,https://concop19.github.io/daily-mate-assets/food_anime/dish_15656466.jpg,True,200,
15657411,💚 Salad Rau Quả Mùa Thu & Phô Mai Ricotta,https://concop19.github.io/daily-mate-assets/food_anime/dish_15657411.jpg,True,200,
15658354,Thịt kho tàu (bằng coca),https://concop19.github.io/daily-mate-assets/food_anime/dish_15658354.jpg,True,200,
15659203,Thịt đông siêu đơn giản,https://concop19.github.io/daily-mate-assets/food_anime/dish_15659203.jpg,True,200,
15659655,Gà Kho Nấm Hương Kiểu Người Hoa/ Braised Chicken Mushroom,https://concop19.github.io/daily-mate-assets/food_anime/dish_15659655.jpg,True,200,
15659981,Đuôi heo kho Sá xị(xá xị),https://concop19.github.io/daily-mate-assets/food_anime/dish_15659981.jpg,True,200,
15660335,Cá Đuối Sốt Bơ Chanh,https://concop19.github.io/daily-mate-assets/food_anime/dish_15660335.jpg,True,200,
15660640,Tôm luộc cho bé,https://concop19.github.io/daily-mate-assets/food_anime/dish_15660640.jpg,True,200,
15661183,Phở xào tôm 🦐,https://concop19.github.io/daily-mate-assets/food_anime/dish_15661183.jpg,True,200,
15661605,Bánh bao trứng cút thịt băm,https://concop19.github.io/daily-mate-assets/food_anime/dish_15661605.jpg,True,200,
15662691,Đậu hủ sốt Tứ Xuyên,https://concop19.github.io/daily-mate-assets/food_anime/dish_15662691.jpg,True,200,
15664152,Sushi Tôm và Cá Hồi,https://concop19.github.io/daily-mate-assets/food_anime/dish_15664152.jpg,True,200,
15664227,Cá nục sốt cà,https://concop19.github.io/daily-mate-assets/food_anime/dish_15664227.jpg,True,200,
15664263,Cá ngừ bò sốt teriyaki,https://concop19.github.io/daily-mate-assets/food_anime/dish_15664263.jpg,True,200,
15664276,Cá chim biển trắng chiên nghệ và canh hầm đậu củ quả,https://concop19.github.io/daily-mate-assets/food_anime/dish_15664276.jpg,True,200,
15664282,Bánh mì ciabatta kẹp cá ngừ bò sốt mayonnaise và quả tầm bóp (thù lù),https://concop19.github.io/daily-mate-assets/food_anime/dish_15664282.jpg,True,200,
15664598,Củ cải kho nấm hương,https://concop19.github.io/daily-mate-assets/food_anime/dish_15664598.jpg,True,200,
15665737,Ốc móng tay xào rau muống,https://concop19.github.io/daily-mate-assets/food_anime/dish_15665737.jpg,True,200,
15666498,Tom Yum,https://concop19.github.io/daily-mate-assets/food_anime/dish_15666498.jpg,True,200,
15666726,Cơm Bò Xào Lá Cải Trắng,https://concop19.github.io/daily-mate-assets/food_anime/dish_15666726.jpg,True,200,
15667240,Eat Clean với ức gà chiên bằng nồi chiên không dầu - bún gạo lức - rau luộc,https://concop19.github.io/daily-mate-assets/food_anime/dish_15667240.jpg,True,200,
15667300,Cá ngừ bò trộn sốt mayonnaise,https://concop19.github.io/daily-mate-assets/food_anime/dish_15667300.jpg,True,200,
15667367,SP.0667 - Thịt Bằm Chưng Tăng Xại,https://concop19.github.io/daily-mate-assets/food_anime/dish_15667367.jpg,True,200,
15667695,Nấm bào ngư xám lắc sả tắc,https://concop19.github.io/daily-mate-assets/food_anime/dish_15667695.jpg,True,200,
15667847,Canh cá rô cải bẹ xanh 💚,https://concop19.github.io/daily-mate-assets/food_anime/dish_15667847.jpg,True,200,
15668254,Canh Cải Rocket Thịt Băm,https://concop19.github.io/daily-mate-assets/food_anime/dish_15668254.jpg,True,200,
15670176,Kim chi nấu cá viên,https://concop19.github.io/daily-mate-assets/food_anime/dish_15670176.jpg,True,200,
15670210,Thịt bò xào măng tây cho bé,https://concop19.github.io/daily-mate-assets/food_anime/dish_15670210.jpg,True,200,
15670386,"Vào bếp cùng con: gỏi đu đủ Thái không tôm, không cay",https://concop19.github.io/daily-mate-assets/food_anime/dish_15670386.jpg,True,200,
15671416,Mì Xào Thịt Trai (Vẹm Đen) Sốt Ớt Siêu Cay,https://concop19.github.io/daily-mate-assets/food_anime/dish_15671416.jpg,True,200,
15671928,Sườn Non Nấu Nấm Kim Châm,https://concop19.github.io/daily-mate-assets/food_anime/dish_15671928.jpg,True,200,
15673168,Thịt gà kho tàu,https://concop19.github.io/daily-mate-assets/food_anime/dish_15673168.jpg,True,200,
15673420,Bánh mì gà nấm bằng NCKD,https://concop19.github.io/daily-mate-assets/food_anime/dish_15673420.jpg,True,200,
15673569,Cá nục xốt cà,https://concop19.github.io/daily-mate-assets/food_anime/dish_15673569.jpg,True,200,
15674019,Mì ý Cua (phiên bản Pizza 4P’s),https://concop19.github.io/daily-mate-assets/food_anime/dish_15674019.jpg,True,200,
15676068,Bánh mì gà rau củ,https://concop19.github.io/daily-mate-assets/food_anime/dish_15676068.jpg,True,200,
15676108,Canh cải cá rô đồng,https://concop19.github.io/daily-mate-assets/food_anime/dish_15676108.jpg,True,200,
15676732,Cá rô kho tộ,https://concop19.github.io/daily-mate-assets/food_anime/dish_15676732.jpg,True,200,
15677075,SP.0670 - Thịt Xay Chưng Tàu Xì,https://concop19.github.io/daily-mate-assets/food_anime/dish_15677075.jpg,True,200,
15678697,Pate Gan Heo,https://concop19.github.io/daily-mate-assets/food_anime/dish_15678697.jpg,True,200,
15678707,"Bào Ngư, Sò Điệp, Vẹm Xanh, Ốc Bulot, Tôm Hùm Đất- Sốt Cajun Bơ Tỏi",https://concop19.github.io/daily-mate-assets/food_anime/dish_15678707.jpg,True,200,
15679354,Dưa Leo Lát & Tôm Áp Chảo,https://concop19.github.io/daily-mate-assets/food_anime/dish_15679354.jpg,True,200,
15679373,Blini (Bánh Xèo Nga) Với Cá Hồi Xông Khói,https://concop19.github.io/daily-mate-assets/food_anime/dish_15679373.jpg,True,200,
15679389,"Mì Hải Sản (cá hồi, vẹm, tôm và mộc)",https://concop19.github.io/daily-mate-assets/food_anime/dish_15679389.jpg,True,200,
15679413,Blini (Bánh Xèo Nga) Trứng Tôm Muối,https://concop19.github.io/daily-mate-assets/food_anime/dish_15679413.jpg,True,200,
15679612,Bò xào khoai tây cho bé,https://concop19.github.io/daily-mate-assets/food_anime/dish_15679612.jpg,True,200,
15679680,Lẩu Hải Sản,https://concop19.github.io/daily-mate-assets/food_anime/dish_15679680.jpg,True,200,
15680426,Nấm sốt sa tế,https://concop19.github.io/daily-mate-assets/food_anime/dish_15680426.jpg,True,200,
15681482,Canh thịt bò cuộn nấm kim châm,https://concop19.github.io/daily-mate-assets/food_anime/dish_15681482.jpg,True,200,
15682116,Snack TÔM (Shrimp Chips),https://concop19.github.io/daily-mate-assets/food_anime/dish_15682116.jpg,True,200,
15682859,Bún gân bò bò viên,https://concop19.github.io/daily-mate-assets/food_anime/dish_15682859.jpg,True,200,
15682867,Cá sa ba nướng giấy bạc,https://concop19.github.io/daily-mate-assets/food_anime/dish_15682867.jpg,True,200,
15682894,Chả giò cuốn tôm,https://concop19.github.io/daily-mate-assets/food_anime/dish_15682894.jpg,True,200,
15682920,Cơm rang dưa bò,https://concop19.github.io/daily-mate-assets/food_anime/dish_15682920.jpg,True,200,
15682929,Nấm rơm xào thịt nai,https://concop19.github.io/daily-mate-assets/food_anime/dish_15682929.jpg,True,200,
15683334,Súp Nấm Hương Hoành Thánh Tôm Thịt,https://concop19.github.io/daily-mate-assets/food_anime/dish_15683334.jpg,True,200,
15683653,Cuốn tôm chua,https://concop19.github.io/daily-mate-assets/food_anime/dish_15683653.jpg,True,200,
15684651,Thịt viên trứng muối,https://concop19.github.io/daily-mate-assets/food_anime/dish_15684651.jpg,True,200,
15684786,Thịt Gà cuốn lá dứa chiên,https://concop19.github.io/daily-mate-assets/food_anime/dish_15684786.jpg,True,200,
15685917,Nui Xoắn & Thịt Trai (Vẹm Đen) Sốt Cà Chua Provençal,https://concop19.github.io/daily-mate-assets/food_anime/dish_15685917.jpg,True,200,
15686379,Mỳ ý sốt kem húng quế và tôm càng xanh sốt phô mai,https://concop19.github.io/daily-mate-assets/food_anime/dish_15686379.jpg,True,200,
15686444,Đậu phụ Tứ Xuyên,https://concop19.github.io/daily-mate-assets/food_anime/dish_15686444.jpg,True,200,
15687989,Dưa chuột cuộn thịt ba chỉ,https://concop19.github.io/daily-mate-assets/food_anime/dish_15687989.jpg,True,200,
15688320,Nấm đùi gà ngâm sả tắc,https://concop19.github.io/daily-mate-assets/food_anime/dish_15688320.jpg,True,200,
15688437,"Hoành thánh nhân tôm thịt, tôm lăn bột, bò viên chiên. Món ăn vặt con nít và người lớn đều mê",https://concop19.github.io/daily-mate-assets/food_anime/dish_15688437.jpg,True,200,
15688498,Mì tôm,https://concop19.github.io/daily-mate-assets/food_anime/dish_15688498.jpg,True,200,
15689239,Càng cua sốt me,https://concop19.github.io/daily-mate-assets/food_anime/dish_15689239.jpg,True,200,
15689300,Nấm nướng,https://concop19.github.io/daily-mate-assets/food_anime/dish_15689300.jpg,True,200,
15689360,Bánh canh giò heo và giò sống,https://concop19.github.io/daily-mate-assets/food_anime/dish_15689360.jpg,True,200,
15689393,Chè trôi nước 4 màu tự nhiên từ rau củ quả,https://concop19.github.io/daily-mate-assets/food_anime/dish_15689393.jpg,True,200,
15690025,Mì gạo thịt băm,https://concop19.github.io/daily-mate-assets/food_anime/dish_15690025.jpg,True,200,
15690988,Cá Viên Chiên Từ Mì Gói,https://concop19.github.io/daily-mate-assets/food_anime/dish_15690988.jpg,True,200,
15692018,Bò xào hẹ 😋😋 #bepvang,https://concop19.github.io/daily-mate-assets/food_anime/dish_15692018.jpg,True,200,
15692046,Canh khoai sọ nấu bắp và nấm,https://concop19.github.io/daily-mate-assets/food_anime/dish_15692046.jpg,True,200,
15692623,Cá Ngừ Đại Dương,https://concop19.github.io/daily-mate-assets/food_anime/dish_15692623.jpg,True,200,
15692625,Canh Đậu Hủ Nấu Sườn Heo,https://concop19.github.io/daily-mate-assets/food_anime/dish_15692625.jpg,True,200,
15692828,Cá Hú Kho Dưa Cải Chua,https://concop19.github.io/daily-mate-assets/food_anime/dish_15692828.jpg,True,200,
15693366,Đậu hũ xào rong biển cà rốt,https://concop19.github.io/daily-mate-assets/food_anime/dish_15693366.jpg,True,200,
15693384,Thịt ba chỉ cuộn củ quả,https://concop19.github.io/daily-mate-assets/food_anime/dish_15693384.jpg,True,200,
15693407,Mì Trứng Xào Cá Ngừ Hộp,https://concop19.github.io/daily-mate-assets/food_anime/dish_15693407.jpg,True,200,
15693551,Chả cá nướng từ NCKD,https://concop19.github.io/daily-mate-assets/food_anime/dish_15693551.jpg,True,200,
15693794,Cá hộp ba cô gái,https://concop19.github.io/daily-mate-assets/food_anime/dish_15693794.jpg,True,200,
15694262,Chả Khoai Tây Thịt Bằm Trứng,https://concop19.github.io/daily-mate-assets/food_anime/dish_15694262.jpg,True,200,
15694263,"Rau Bắp Cải, Cà Rốt Xào Thịt Bằm",https://concop19.github.io/daily-mate-assets/food_anime/dish_15694263.jpg,True,200,
15694269,"Mì Kim Chi Cay, Trứng Và Tôm",https://concop19.github.io/daily-mate-assets/food_anime/dish_15694269.jpg,True,200,
15694279,Bánh Mì Bơ Thịt Nguội,https://concop19.github.io/daily-mate-assets/food_anime/dish_15694279.jpg,True,200,
15694783,Thịt bò xào kiệu,https://concop19.github.io/daily-mate-assets/food_anime/dish_15694783.jpg,True,200,
15694942,Falafel - Chả Đậu Gà & Tôm Áp Chảo,https://concop19.github.io/daily-mate-assets/food_anime/dish_15694942.jpg,True,200,
15695022,Chả cá ngần,https://concop19.github.io/daily-mate-assets/food_anime/dish_15695022.jpg,True,200,
15697504,Bò bằm đút lò phô mai,https://concop19.github.io/daily-mate-assets/food_anime/dish_15697504.jpg,True,200,
15697513,Bún chả cá,https://concop19.github.io/daily-mate-assets/food_anime/dish_15697513.jpg,True,200,
15698028,Sushi cá hồi sốt cay 🍣,https://concop19.github.io/daily-mate-assets/food_anime/dish_15698028.jpg,True,200,
15698083,Moo Ping - Thịt xiên nướng kiểu Thái,https://concop19.github.io/daily-mate-assets/food_anime/dish_15698083.jpg,True,200,
15698138,Đậu Hũ Sốt Thịt,https://concop19.github.io/daily-mate-assets/food_anime/dish_15698138.jpg,True,200,
15698854,"Bánh nướng trung thu con lợn, con cá - Nồi chiên không dầu - Airfrier",https://concop19.github.io/daily-mate-assets/food_anime/dish_15698854.jpg,True,200,
15699080,Nấm Mối Xào Bơ Tỏi,https://concop19.github.io/daily-mate-assets/food_anime/dish_15699080.jpg,True,200,
15699265,Mực nướng sa tế (nồi chiên không dầu),https://concop19.github.io/daily-mate-assets/food_anime/dish_15699265.jpg,True,200,
15700252,Thịt sốt cà chua,https://concop19.github.io/daily-mate-assets/food_anime/dish_15700252.jpg,True,200,
15701861,Đuôi bò hầm đậu ngự thuốc bắc,https://concop19.github.io/daily-mate-assets/food_anime/dish_15701861.jpg,True,200,
15701978,Món Pháp - Pot au Feu (Bò Hầm Rau Củ),https://concop19.github.io/daily-mate-assets/food_anime/dish_15701978.jpg,True,200,
15703258,Canh Cá Dìa Nấu Lá Me,https://concop19.github.io/daily-mate-assets/food_anime/dish_15703258.jpg,True,200,
15703382,Gỏi xoài và cá chiên xù kiểu Thái (phiên bản dành cho em bé),https://concop19.github.io/daily-mate-assets/food_anime/dish_15703382.jpg,True,200,
15703752,Thịt bò ba chỉ Mỹ cuộn rau củ nướng nồi chiên ko dầu,https://concop19.github.io/daily-mate-assets/food_anime/dish_15703752.jpg,True,200,
15703795,Mắm tép chưng thịt bao ngon ngày đông,https://concop19.github.io/daily-mate-assets/food_anime/dish_15703795.jpg,True,200,
15704007,Tôm thịt um nước cốt dừa,https://concop19.github.io/daily-mate-assets/food_anime/dish_15704007.jpg,True,200,
15704027,Xôi cá cơm,https://concop19.github.io/daily-mate-assets/food_anime/dish_15704027.jpg,True,200,
15705454,CHẢ CUA ĐỒNG CHO BÉ !!,https://concop19.github.io/daily-mate-assets/food_anime/dish_15705454.jpg,True,200,
15705908,Cá tầm Đà Lạt sốt miso,https://concop19.github.io/daily-mate-assets/food_anime/dish_15705908.jpg,True,200,
15706378,Mì xào bò,https://concop19.github.io/daily-mate-assets/food_anime/dish_15706378.jpg,True,200,
15707595,Bánh Mì Pita Nhân Thịt Cừu Nướng Sốt BBQ,https://concop19.github.io/daily-mate-assets/food_anime/dish_15707595.jpg,True,200,
15707804,Thịt heo chần hành,https://concop19.github.io/daily-mate-assets/food_anime/dish_15707804.jpg,True,200,
15707928,Lẩu Bò (Bò Nạm & Xương),https://concop19.github.io/daily-mate-assets/food_anime/dish_15707928.jpg,True,200,
15707944,Cà Pháo Muối Xổi Mắm Tôm,https://concop19.github.io/daily-mate-assets/food_anime/dish_15707944.jpg,True,200,
15708891,Vào bếp cùng con: gỏi cuốn cá chim biển trắng,https://concop19.github.io/daily-mate-assets/food_anime/dish_15708891.jpg,True,200,
15709034,Cá Basa Chiên Giòn NCKD,https://concop19.github.io/daily-mate-assets/food_anime/dish_15709034.jpg,True,200,
15709038,Cháo Yến Mạch - Cà Pháo Xổi Chấm Mắm Tôm,https://concop19.github.io/daily-mate-assets/food_anime/dish_15709038.jpg,True,200,
15709040,Cháo Trắng Yến Mạch Ăn Kèm Cá Ba Sa Một Nắng Chiên Giòn & Cà Pháo Mắm Tôm,https://concop19.github.io/daily-mate-assets/food_anime/dish_15709040.jpg,True,200,
15709185,Thịt viên khoai tây nckd,https://concop19.github.io/daily-mate-assets/food_anime/dish_15709185.jpg,True,200,
15709354,Rau câu dừa cà phê,https://concop19.github.io/daily-mate-assets/food_anime/dish_15709354.jpg,True,200,
15709541,Cá nướng,https://concop19.github.io/daily-mate-assets/food_anime/dish_15709541.jpg,True,200,
15709902,Lòng lợn xào rau răm,https://concop19.github.io/daily-mate-assets/food_anime/dish_15709902.jpg,True,200,
15710462,Ravioli Sốt Kem Nấm Topping Cá Hồi Xông Khói & Trứng Cá Caviar,https://concop19.github.io/daily-mate-assets/food_anime/dish_15710462.jpg,True,200,
15710930,Tôm rang giòn,https://concop19.github.io/daily-mate-assets/food_anime/dish_15710930.jpg,True,200,
15710938,Thịt lợn nướng lá chuối,https://concop19.github.io/daily-mate-assets/food_anime/dish_15710938.jpg,True,200,
15711019,Diềm bò kho gừng,https://concop19.github.io/daily-mate-assets/food_anime/dish_15711019.jpg,True,200,
15711037,Cá kho khế chua,https://concop19.github.io/daily-mate-assets/food_anime/dish_15711037.jpg,True,200,
15711235,Cá nục kho tiêu,https://concop19.github.io/daily-mate-assets/food_anime/dish_15711235.jpg,True,200,
15712237,Canh nấm tươi cho người thích ăn nấm,https://concop19.github.io/daily-mate-assets/food_anime/dish_15712237.jpg,True,200,
15712511,Vào bếp cùng con: cá mối sốt cà,https://concop19.github.io/daily-mate-assets/food_anime/dish_15712511.jpg,True,200,
15712776,Da Cá Hồi Chiên Giòn,https://concop19.github.io/daily-mate-assets/food_anime/dish_15712776.jpg,True,200,
15712798,Eatclean/ Sushi Trứng + Tôm + Dưa Leo + Kim Chi,https://concop19.github.io/daily-mate-assets/food_anime/dish_15712798.jpg,True,200,
15714182,Thịt xào chua ngọt,https://concop19.github.io/daily-mate-assets/food_anime/dish_15714182.jpg,True,200,
15714315,Đậu hũ nhồi thịt sốt cà 😋 #bepvang,https://concop19.github.io/daily-mate-assets/food_anime/dish_15714315.jpg,True,200,
15714635,Cơm Hàu Nấm Chiên Trứng,https://concop19.github.io/daily-mate-assets/food_anime/dish_15714635.jpg,True,200,
15714743,Cơm gạo lứt với Tôm càng xanh sốt me,https://concop19.github.io/daily-mate-assets/food_anime/dish_15714743.jpg,True,200,
15714771,Cá basa kho táo tàu kỷ tử ăn kèm cơm trắng,https://concop19.github.io/daily-mate-assets/food_anime/dish_15714771.jpg,True,200,
15714854,Cơm chiên rau củ sốt Singapore và Nem Cua Rán,https://concop19.github.io/daily-mate-assets/food_anime/dish_15714854.jpg,True,200,
15715436,SP.0674 - Bò Xào Củ Hành & Khoai Tây Chiên Bơ,https://concop19.github.io/daily-mate-assets/food_anime/dish_15715436.jpg,True,200,
15716621,Thịt Heo Xông Khói Xào Rau,https://concop19.github.io/daily-mate-assets/food_anime/dish_15716621.jpg,True,200,
15716671,Canh Kim Chi Bò Bằm Siêu Cay,https://concop19.github.io/daily-mate-assets/food_anime/dish_15716671.jpg,True,200,
15716923,Canh Khoai Sọ Nấu Tôm,https://concop19.github.io/daily-mate-assets/food_anime/dish_15716923.jpg,True,200,
15716924,Cá Bớp Chiên Muối Riềng,https://concop19.github.io/daily-mate-assets/food_anime/dish_15716924.jpg,True,200,
15716925,Cải Chua Xào Thịt Bò,https://concop19.github.io/daily-mate-assets/food_anime/dish_15716925.jpg,True,200,
15717640,Phở Gà Ta Ngon Từ Thịt Ngọt Từ Xương!,https://concop19.github.io/daily-mate-assets/food_anime/dish_15717640.jpg,True,200,
15718741,Đậu nhồi thịt sốt cà chua,https://concop19.github.io/daily-mate-assets/food_anime/dish_15718741.jpg,True,200,
15719751,Gỏi nấm chay Trung,https://concop19.github.io/daily-mate-assets/food_anime/dish_15719751.jpg,True,200,
15719778,Cá kèo chay sả ớt,https://concop19.github.io/daily-mate-assets/food_anime/dish_15719778.jpg,True,200,
15719795,Bún Thịt Viên Nướng,https://concop19.github.io/daily-mate-assets/food_anime/dish_15719795.jpg,True,200,
15719927,Khô heo chay,https://concop19.github.io/daily-mate-assets/food_anime/dish_15719927.jpg,True,200,
15720186,Bánh mì con sâu (cua/ốc/sừng bò),https://concop19.github.io/daily-mate-assets/food_anime/dish_15720186.jpg,True,200,
15720771,Bắp xào bơ tôm - chà bông,https://concop19.github.io/daily-mate-assets/food_anime/dish_15720771.jpg,True,200,
15720987,Bánh da lợn khoai lang tím 💜,https://concop19.github.io/daily-mate-assets/food_anime/dish_15720987.jpg,True,200,
15721462,Đậu hũ sốt nấm cay,https://concop19.github.io/daily-mate-assets/food_anime/dish_15721462.jpg,True,200,
15721676,Nui sốt tôm phô mai,https://concop19.github.io/daily-mate-assets/food_anime/dish_15721676.jpg,True,200,
15721756,Đậu hũ nhồi thịt sốt cà chua,https://concop19.github.io/daily-mate-assets/food_anime/dish_15721756.jpg,True,200,
15721964,Rau câu hoa đậu biếc,https://concop19.github.io/daily-mate-assets/food_anime/dish_15721964.jpg,True,200,
15723320,Bún cá Thu Nhật 15p,https://concop19.github.io/daily-mate-assets/food_anime/dish_15723320.jpg,True,200,
15723509,Bánh Hỏi Heo Quay,https://concop19.github.io/daily-mate-assets/food_anime/dish_15723509.jpg,True,200,
15723592,Cá lóc kho tiêu,https://concop19.github.io/daily-mate-assets/food_anime/dish_15723592.jpg,True,200,
15723730,Món thịt rán ai cũng làm đc,https://concop19.github.io/daily-mate-assets/food_anime/dish_15723730.jpg,True,200,
15724301,SP.0673 - Heo Quay Xào Cải Chua,https://concop19.github.io/daily-mate-assets/food_anime/dish_15724301.jpg,True,200,
15724678,Cá lóc hấp cải thảo,https://concop19.github.io/daily-mate-assets/food_anime/dish_15724678.jpg,True,200,
15724816,Bì heo chiên giòn,https://concop19.github.io/daily-mate-assets/food_anime/dish_15724816.jpg,True,200,
15724818,Bún giò heo,https://concop19.github.io/daily-mate-assets/food_anime/dish_15724818.jpg,True,200,
15724939,Soup hạt kê tôm rong biển,https://concop19.github.io/daily-mate-assets/food_anime/dish_15724939.jpg,True,200,
15725057,Cơm trộn cá hồi,https://concop19.github.io/daily-mate-assets/food_anime/dish_15725057.jpg,True,200,
15725269,Thịt kho ruốc sả,https://concop19.github.io/daily-mate-assets/food_anime/dish_15725269.jpg,True,200,
15726039,Cá Dẹp (Flat Fish) Chiên Tươi Sốt Cà Chua,https://concop19.github.io/daily-mate-assets/food_anime/dish_15726039.jpg,True,200,
15726428,"Gà ta chiên giòn nguyên con, thịt ngọt, mềm không khô",https://concop19.github.io/daily-mate-assets/food_anime/dish_15726428.jpg,True,200,
15726480,Cá mó nướng Air Fryer,https://concop19.github.io/daily-mate-assets/food_anime/dish_15726480.jpg,True,200,
15726609,Nem chạo chay (nấm bào ngư),https://concop19.github.io/daily-mate-assets/food_anime/dish_15726609.jpg,True,200,
15726686,Bún thịt nướng (nồi chiên không dầu),https://concop19.github.io/daily-mate-assets/food_anime/dish_15726686.jpg,True,200,
15727314,Eatclean / Cháo Yến Mạch Thịt Bằm Nấm + Trứng Lòng Đào,https://concop19.github.io/daily-mate-assets/food_anime/dish_15727314.jpg,True,200,
15727558,Cơm lứt rang mực,https://concop19.github.io/daily-mate-assets/food_anime/dish_15727558.jpg,True,200,
15727816,Tôm Cháy Tỏi,https://concop19.github.io/daily-mate-assets/food_anime/dish_15727816.jpg,True,200,
15727819,Canh Chua Cá Mú,https://concop19.github.io/daily-mate-assets/food_anime/dish_15727819.jpg,True,200,
15728202,💚 Bánh Mì Ngọt Con Cua (Cỡ Lớn) Nhân Sô Cô La 🥐,https://concop19.github.io/daily-mate-assets/food_anime/dish_15728202.jpg,True,200,
15728221,Xíu mại nguyên cám nhân cua thịt,https://concop19.github.io/daily-mate-assets/food_anime/dish_15728221.jpg,True,200,
15729069,Spaghetti Sốt Kem Tươi Vị Chanh & Cá Hồi Xông Khói,https://concop19.github.io/daily-mate-assets/food_anime/dish_15729069.jpg,True,200,
15729401,Galbijjim | Thịt kho hàn quốc nấu trong nồi cơm điện (Korean braised meat with ricecooker),https://concop19.github.io/daily-mate-assets/food_anime/dish_15729401.jpg,True,200,
15730251,Eatclean/ Cháo Yến Mạch Gà Nấm Cà Rốt,https://concop19.github.io/daily-mate-assets/food_anime/dish_15730251.jpg,True,200,
15732418,Nấm kho tộ,https://concop19.github.io/daily-mate-assets/food_anime/dish_15732418.jpg,True,200,
15732875,Miến khoai Hàn Quốc xào thịt heo,https://concop19.github.io/daily-mate-assets/food_anime/dish_15732875.jpg,True,200,
15732897,Canh Rau Ngót Nấu Mộc,https://concop19.github.io/daily-mate-assets/food_anime/dish_15732897.jpg,True,200,
15732923,Trứng Chiên Thịt Bằm Và Nấm Đông Cô,https://concop19.github.io/daily-mate-assets/food_anime/dish_15732923.jpg,True,200,
15732992,Bánh sừng bò có pha bột nếp,https://concop19.github.io/daily-mate-assets/food_anime/dish_15732992.jpg,True,200,
15733152,Chinese : Đùi gà hầm nấm (thơm béo ngọt như vị bào ngư),https://concop19.github.io/daily-mate-assets/food_anime/dish_15733152.jpg,True,200,
15733885,💚 Bánh Mì Sữa Con Cua Siêu Mềm Mại Nhân Sô Cô La (Crab Shaped Milk Bread With Chocolate Filling),https://concop19.github.io/daily-mate-assets/food_anime/dish_15733885.jpg,True,200,
15734604,Mực nướng sate bằng nồi chiên không dầu,https://concop19.github.io/daily-mate-assets/food_anime/dish_15734604.jpg,True,200,
15735633,"Cá Diêu Hồng Hấp Ớt Chuông, Nấm Và Bắp Cải",https://concop19.github.io/daily-mate-assets/food_anime/dish_15735633.jpg,True,200,
15736140,Súp Tôm Gà Vỏ Bưởi,https://concop19.github.io/daily-mate-assets/food_anime/dish_15736140.jpg,True,200,
15737577,💚 Bánh Sừng Bò Ngàn Lớp Kiểu Pháp Cỡ Nhỏ (Mini French Croissants),https://concop19.github.io/daily-mate-assets/food_anime/dish_15737577.jpg,True,200,
15738925,Thịt heo rừng chiên giòn,https://concop19.github.io/daily-mate-assets/food_anime/dish_15738925.jpg,True,200,
15739501,Mực Ram,https://concop19.github.io/daily-mate-assets/food_anime/dish_15739501.jpg,True,200,
15739507,Canh Rau Bầu Đất Nấu Tôm,https://concop19.github.io/daily-mate-assets/food_anime/dish_15739507.jpg,True,200,
15739714,Thạch trứng hấp thịt băm cho bé,https://concop19.github.io/daily-mate-assets/food_anime/dish_15739714.jpg,True,200,
15740791,SP.0675 - Thịt Heo Hấp Chao Đỏ,https://concop19.github.io/daily-mate-assets/food_anime/dish_15740791.jpg,True,200,
15741562,Đậu hủ tứ xuyên chay,https://concop19.github.io/daily-mate-assets/food_anime/dish_15741562.jpg,True,200,
15741746,Cá điêu hồng om dưa,https://concop19.github.io/daily-mate-assets/food_anime/dish_15741746.jpg,True,200,
15742331,Đậu hà lan xào thịt,https://concop19.github.io/daily-mate-assets/food_anime/dish_15742331.jpg,True,200,
15742375,Cá kho tiêu nước tương,https://concop19.github.io/daily-mate-assets/food_anime/dish_15742375.jpg,True,200,
15742411,Cơm bò kho,https://concop19.github.io/daily-mate-assets/food_anime/dish_15742411.jpg,True,200,
15742745,Canh Bí Xanh Nấu Giò Heo,https://concop19.github.io/daily-mate-assets/food_anime/dish_15742745.jpg,True,200,
15744282,Cá Dây Nhật Bản (Cá John Dory / Saint Pierre) Nướng Tươi,https://concop19.github.io/daily-mate-assets/food_anime/dish_15744282.jpg,True,200,
15745267,Su Hào Xào Thịt Bò - Món Xào Đưa Cơm Mùa Lạnh,https://concop19.github.io/daily-mate-assets/food_anime/dish_15745267.jpg,True,200,
15745989,Cá diêu hồng hấp chua ngọt,https://concop19.github.io/daily-mate-assets/food_anime/dish_15745989.jpg,True,200,
15746931,Tôm ram mặn,https://concop19.github.io/daily-mate-assets/food_anime/dish_15746931.jpg,True,200,
15747163,Canh Cải Xoong Nấu Tôm Nguyên Con,https://concop19.github.io/daily-mate-assets/food_anime/dish_15747163.jpg,True,200,
15747735,"Nui Xoắn Xào Thịt Trai (Vẹm Đen), Tôm & Cọng Cải Trắng",https://concop19.github.io/daily-mate-assets/food_anime/dish_15747735.jpg,True,200,
15747761,🌱 Nấm Mỡ Kho Rong Biển Chay (Vegan),https://concop19.github.io/daily-mate-assets/food_anime/dish_15747761.jpg,True,200,
15748127,Cải thìa xào thịt băm,https://concop19.github.io/daily-mate-assets/food_anime/dish_15748127.jpg,True,200,
15749400,Đậu Hũ Nước Đường,https://concop19.github.io/daily-mate-assets/food_anime/dish_15749400.jpg,True,200,
15750037,Súp lơ xào tôm,https://concop19.github.io/daily-mate-assets/food_anime/dish_15750037.jpg,True,200,
15750189,Nui Nơ Xào Gà Vị Tandoori & Rau Củ,https://concop19.github.io/daily-mate-assets/food_anime/dish_15750189.jpg,True,200,
15750616,Nui Xào Cà Chua & Cá Ngừ Hộp Gia Vị Ý,https://concop19.github.io/daily-mate-assets/food_anime/dish_15750616.jpg,True,200,
15750897,Bò lúc lắc khoai tây trứng,https://concop19.github.io/daily-mate-assets/food_anime/dish_15750897.jpg,True,200,
15751152,Rau câu sữa bắp lá dứa,https://concop19.github.io/daily-mate-assets/food_anime/dish_15751152.jpg,True,200,
15751359,"Gỏi Cuốn Lườn Ngỗng Nga Hun Khói, Tôm, Thịt, Trứng",https://concop19.github.io/daily-mate-assets/food_anime/dish_15751359.jpg,True,200,
15751527,Mì thịt bò,https://concop19.github.io/daily-mate-assets/food_anime/dish_15751527.jpg,True,200,
15751648,Muối ớt xanh chấm hải sản,https://concop19.github.io/daily-mate-assets/food_anime/dish_15751648.jpg,True,200,
15751678,Thịt heo kho tiêu,https://concop19.github.io/daily-mate-assets/food_anime/dish_15751678.jpg,True,200,
15751692,Cá ngừ kho thơm cà chua,https://concop19.github.io/daily-mate-assets/food_anime/dish_15751692.jpg,True,200,
15752573,Bún Tàu Xào Mực & Rau Cha Om (ชะอม),https://concop19.github.io/daily-mate-assets/food_anime/dish_15752573.jpg,True,200,
15752936,🍀Rau Càng Cua Trộn Thịt Bò Miền Trung🍀,https://concop19.github.io/daily-mate-assets/food_anime/dish_15752936.jpg,True,200,
15753158,Cơm chiên thịt xào,https://concop19.github.io/daily-mate-assets/food_anime/dish_15753158.jpg,True,200,
15754490,Tôm Rim Thịt Ba Chỉ Ngũ Vị Hương / Món Mặn,https://concop19.github.io/daily-mate-assets/food_anime/dish_15754490.jpg,True,200,
15754492,"Tôm Nướng Sa Tế, Ba Rọi Heo và Rau Củ Nướng",https://concop19.github.io/daily-mate-assets/food_anime/dish_15754492.jpg,True,200,
15755472,Mì Ăn Liền Xào Bò Nạc,https://concop19.github.io/daily-mate-assets/food_anime/dish_15755472.jpg,True,200,
15756099,Đậu Que Dẹp Xào Cà Rốt Thịt Bằm,https://concop19.github.io/daily-mate-assets/food_anime/dish_15756099.jpg,True,200,
15756734,Bắp xào tôm,https://concop19.github.io/daily-mate-assets/food_anime/dish_15756734.jpg,True,200,
15756739,Mực xào sa tế cayy ngon xĩuuuuu 😋😋 #BEPVANG,https://concop19.github.io/daily-mate-assets/food_anime/dish_15756739.jpg,True,200,
15756876,Mỳ Ý thịt lợn sốt bơ tỏi,https://concop19.github.io/daily-mate-assets/food_anime/dish_15756876.jpg,True,200,
15758144,Cháo nấm thịt nạc xay,https://concop19.github.io/daily-mate-assets/food_anime/dish_15758144.jpg,True,200,
15759900,Xà lách trộn thịt hộp,https://concop19.github.io/daily-mate-assets/food_anime/dish_15759900.jpg,True,200,
15760123,Cá chim chiên,https://concop19.github.io/daily-mate-assets/food_anime/dish_15760123.jpg,True,200,
15760315,Cá Diêu Hồng Sốt Cà Chua / Món Mặn,https://concop19.github.io/daily-mate-assets/food_anime/dish_15760315.jpg,True,200,
15760724,Bún bò xào (EATCLEAN),https://concop19.github.io/daily-mate-assets/food_anime/dish_15760724.jpg,True,200,
15760931,Canh Sườn Heo Cải Thảo,https://concop19.github.io/daily-mate-assets/food_anime/dish_15760931.jpg,True,200,
15760967,Đậu Bắp Xào Thịt Bằm,https://concop19.github.io/daily-mate-assets/food_anime/dish_15760967.jpg,True,200,
15761097,Mì đậu hũ xào tương hột cay,https://concop19.github.io/daily-mate-assets/food_anime/dish_15761097.jpg,True,200,
15761155,Chân giò hầm nấm ăn kèm bánh mỳ,https://concop19.github.io/daily-mate-assets/food_anime/dish_15761155.jpg,True,200,
15762709,Bánh bò thốt nốt,https://concop19.github.io/daily-mate-assets/food_anime/dish_15762709.jpg,True,200,
15762867,Cháo cá chép,https://concop19.github.io/daily-mate-assets/food_anime/dish_15762867.jpg,True,200,
15763326,Bún riêu cua,https://concop19.github.io/daily-mate-assets/food_anime/dish_15763326.jpg,True,200,
15765597,Eatclean - Bún rau củ nước tương,https://concop19.github.io/daily-mate-assets/food_anime/dish_15765597.jpg,True,200,
15765740,Cá chim hấp nước tương,https://concop19.github.io/daily-mate-assets/food_anime/dish_15765740.jpg,True,200,
15765842,Bò lúc lắc,https://concop19.github.io/daily-mate-assets/food_anime/dish_15765842.jpg,True,200,
15766057,Canh Mồng Tơi Nấu Thịt Bò,https://concop19.github.io/daily-mate-assets/food_anime/dish_15766057.jpg,True,200,
15766898,Canh rau cải nấu với gừng :)) siêu dễ,https://concop19.github.io/daily-mate-assets/food_anime/dish_15766898.jpg,True,200,
15768915,Canh chua đậu phụ dấm bỗng,https://concop19.github.io/daily-mate-assets/food_anime/dish_15768915.jpg,True,200,
15768985,Cá điêu hồng nấu ngót,https://concop19.github.io/daily-mate-assets/food_anime/dish_15768985.jpg,True,200,
15769295,Rau Củ Luộc Chấm Nước Mắm Dằm Trứng Lòng Đào,https://concop19.github.io/daily-mate-assets/food_anime/dish_15769295.jpg,True,200,
15769335,Lẩu Bò Tiềm (Bò Nạm và Bò Viên),https://concop19.github.io/daily-mate-assets/food_anime/dish_15769335.jpg,True,200,
15770190,Cá quả kho tiêu 🐟🐟,https://concop19.github.io/daily-mate-assets/food_anime/dish_15770190.jpg,True,200,
15771831,Rau trộn,https://concop19.github.io/daily-mate-assets/food_anime/dish_15771831.jpg,True,200,
15771912,Canh cải cúc nấu tôm viên,https://concop19.github.io/daily-mate-assets/food_anime/dish_15771912.jpg,True,200,
15772216,Heo quay bằng nồi chiên không dầu,https://concop19.github.io/daily-mate-assets/food_anime/dish_15772216.jpg,True,200,
15772238,Canh Khổ qua nhồi thịt,https://concop19.github.io/daily-mate-assets/food_anime/dish_15772238.jpg,True,200,
15773341,Đậu đũa muối chua xào thịt bằm,https://concop19.github.io/daily-mate-assets/food_anime/dish_15773341.jpg,True,200,
15773375,Đậu hũ lướt ván,https://concop19.github.io/daily-mate-assets/food_anime/dish_15773375.jpg,True,200,
15773946,SP.0681 - Thịt Heo Saute,https://concop19.github.io/daily-mate-assets/food_anime/dish_15773946.jpg,True,200,
15774686,Đậu hũ trứng sốt rau củ,https://concop19.github.io/daily-mate-assets/food_anime/dish_15774686.jpg,True,200,
15774730,Súp gà nấm hương,https://concop19.github.io/daily-mate-assets/food_anime/dish_15774730.jpg,True,200,
15774737,Eatclean - Cá nục nướng + Salad dầu giấm sốt mè rang + cơm gạo lứt,https://concop19.github.io/daily-mate-assets/food_anime/dish_15774737.jpg,True,200,
15774774,"Bánh chuối Yến mạch không đường, không sữa bò",https://concop19.github.io/daily-mate-assets/food_anime/dish_15774774.jpg,True,200,
15774880,Phở Bò Chuẩn Mùi Vị Tiệm (phake không dùng xương),https://concop19.github.io/daily-mate-assets/food_anime/dish_15774880.jpg,True,200,
15775342,Rau củ xào thơm,https://concop19.github.io/daily-mate-assets/food_anime/dish_15775342.jpg,True,200,
15776124,Canh cải nấu cá rô,https://concop19.github.io/daily-mate-assets/food_anime/dish_15776124.jpg,True,200,
15776227,Bò xào súp lơ,https://concop19.github.io/daily-mate-assets/food_anime/dish_15776227.jpg,True,200,
15776315,Salad rau mầm cá hồi,https://concop19.github.io/daily-mate-assets/food_anime/dish_15776315.jpg,True,200,
15776533,Bánh mì ciabatta kẹp tôm,https://concop19.github.io/daily-mate-assets/food_anime/dish_15776533.jpg,True,200,
15776786,Cá trê kho mắm nêm,https://concop19.github.io/daily-mate-assets/food_anime/dish_15776786.jpg,True,200,
15778237,Salad rau củ,https://concop19.github.io/daily-mate-assets/food_anime/dish_15778237.jpg,True,200,
15778473,Mì tôm sốt kem,https://concop19.github.io/daily-mate-assets/food_anime/dish_15778473.jpg,True,200,
15778552,"Hủ Tiếu Mộc Nấm, Thịt Bằm (Nước Hầm Xương Gà Cực Ngọt)",https://concop19.github.io/daily-mate-assets/food_anime/dish_15778552.jpg,True,200,
15778573,"Cơm Trắng, Ớt Chuông Xào & Cá Đù Một Nắng",https://concop19.github.io/daily-mate-assets/food_anime/dish_15778573.jpg,True,200,
15778794,Tôm sốt xì dầu tỏi,https://concop19.github.io/daily-mate-assets/food_anime/dish_15778794.jpg,True,200,
15779971,Gan bò rim,https://concop19.github.io/daily-mate-assets/food_anime/dish_15779971.jpg,True,200,
15780424,Bánh canh cua giò heo,https://concop19.github.io/daily-mate-assets/food_anime/dish_15780424.jpg,True,200,
15780552,Cá chép hấp bia,https://concop19.github.io/daily-mate-assets/food_anime/dish_15780552.jpg,True,200,
15780567,Cơm tấm thịt ba chỉ nướng,https://concop19.github.io/daily-mate-assets/food_anime/dish_15780567.jpg,True,200,
15780616,Canh khoai môn tím nấu gạch cua,https://concop19.github.io/daily-mate-assets/food_anime/dish_15780616.jpg,True,200,
15781955,Thịt Chưng Cá Cơm Muối Ngâm Dầu,https://concop19.github.io/daily-mate-assets/food_anime/dish_15781955.jpg,True,200,
15782125,Spaghetti bò băm phomai,https://concop19.github.io/daily-mate-assets/food_anime/dish_15782125.jpg,True,200,
15782212,Bánh bao nguyên cám bao heo thì nhoa 🤣,https://concop19.github.io/daily-mate-assets/food_anime/dish_15782212.jpg,True,200,
15782389,Bún Đậu Mắm Tôm Combo Cơ Bản,https://concop19.github.io/daily-mate-assets/food_anime/dish_15782389.jpg,True,200,
15783739,Cháo yến mạch cá hồi,https://concop19.github.io/daily-mate-assets/food_anime/dish_15783739.jpg,True,200,
15784466,Thịt heo kho tương bần,https://concop19.github.io/daily-mate-assets/food_anime/dish_15784466.jpg,True,200,
15785537,Cháo thịt nạc rau ngót,https://concop19.github.io/daily-mate-assets/food_anime/dish_15785537.jpg,True,200,
15786302,Salad Cobb với bánh cá 🥗 (Cobb salad with fish cake),https://concop19.github.io/daily-mate-assets/food_anime/dish_15786302.jpg,True,200,
15786324,Canh cá khoai,https://concop19.github.io/daily-mate-assets/food_anime/dish_15786324.jpg,True,200,
15786623,Đậu hũ chiên cay ngũ vị,https://concop19.github.io/daily-mate-assets/food_anime/dish_15786623.jpg,True,200,
15786646,Gỏi cuốn tôm thịt - Mắm nêm,https://concop19.github.io/daily-mate-assets/food_anime/dish_15786646.jpg,True,200,
15787990,Mực xào bắp cải và cà chua,https://concop19.github.io/daily-mate-assets/food_anime/dish_15787990.jpg,True,200,
15787998,SP.0679 - Thịt Hấp Sả Củ Hành,https://concop19.github.io/daily-mate-assets/food_anime/dish_15787998.jpg,True,200,
15788185,Chả cá basa eat clean,https://concop19.github.io/daily-mate-assets/food_anime/dish_15788185.jpg,True,200,
15788426,Nộm rau muống tép,https://concop19.github.io/daily-mate-assets/food_anime/dish_15788426.jpg,True,200,
15788430,Cá nướng riềng mẻ,https://concop19.github.io/daily-mate-assets/food_anime/dish_15788430.jpg,True,200,
15789644,Rau câu bánh sinh nhật,https://concop19.github.io/daily-mate-assets/food_anime/dish_15789644.jpg,True,200,
15791071,Lẩu nấm chay,https://concop19.github.io/daily-mate-assets/food_anime/dish_15791071.jpg,True,200,
15791085,Mì ý sốt bơ và rau củ nướng chay,https://concop19.github.io/daily-mate-assets/food_anime/dish_15791085.jpg,True,200,
15791490,Cá bớp kho thơm,https://concop19.github.io/daily-mate-assets/food_anime/dish_15791490.jpg,True,200,
15791611,Gỏi bò bóp thấu,https://concop19.github.io/daily-mate-assets/food_anime/dish_15791611.jpg,True,200,
15792441,Làm chả cá pha ke từ cháo ăn liền - bạn đã thử chưa,https://concop19.github.io/daily-mate-assets/food_anime/dish_15792441.jpg,True,200,
15792533,"Lẩu Kim Chi- Tôm Càng Xanh, Bò, Gà, Các Loại Nấm",https://concop19.github.io/daily-mate-assets/food_anime/dish_15792533.jpg,True,200,
15794897,Miến Đậu Xanh Xào Sò Điệp & Rau Gai,https://concop19.github.io/daily-mate-assets/food_anime/dish_15794897.jpg,True,200,
15795247,Yến mạch thịt bằm,https://concop19.github.io/daily-mate-assets/food_anime/dish_15795247.jpg,True,200,
15795498,"Chả Trứng Thịt Nấm, Cà Rốt, Ớt Chuông",https://concop19.github.io/daily-mate-assets/food_anime/dish_15795498.jpg,True,200,
15798254,Gà hầm táo và rau củ,https://concop19.github.io/daily-mate-assets/food_anime/dish_15798254.jpg,True,200,
15799088,Giò heo giả cầy,https://concop19.github.io/daily-mate-assets/food_anime/dish_15799088.jpg,True,200,
15799391,Chả chén từ nấm bào ngư xám,https://concop19.github.io/daily-mate-assets/food_anime/dish_15799391.jpg,True,200,
15799514,Tôm Nõn Rang (Rim) Cực Phẩm,https://concop19.github.io/daily-mate-assets/food_anime/dish_15799514.jpg,True,200,
15799520,Rau Cải Bó Xôi Xào Thịt Bò,https://concop19.github.io/daily-mate-assets/food_anime/dish_15799520.jpg,True,200,
15799523,Salad Cá Mặn (Cá Basa Một Nắng),https://concop19.github.io/daily-mate-assets/food_anime/dish_15799523.jpg,True,200,
15799605,Bò khô - Lợn khô,https://concop19.github.io/daily-mate-assets/food_anime/dish_15799605.jpg,True,200,
15799750,Nui Nơ Xào Tôm & Bắp Cải,https://concop19.github.io/daily-mate-assets/food_anime/dish_15799750.jpg,True,200,
15800460,Cà ri rau củ nấm và hạt,https://concop19.github.io/daily-mate-assets/food_anime/dish_15800460.jpg,True,200,
15800801,Canh hẹ đậu hũ non nấu tôm,https://concop19.github.io/daily-mate-assets/food_anime/dish_15800801.jpg,True,200,
15801152,Cá nục kho xơ mít,https://concop19.github.io/daily-mate-assets/food_anime/dish_15801152.jpg,True,200,
15801322,Rau câu lá dứa nước cốt dừa,https://concop19.github.io/daily-mate-assets/food_anime/dish_15801322.jpg,True,200,
15801707,Snack Da Cá Hồi Chiên Giòn Rụm,https://concop19.github.io/daily-mate-assets/food_anime/dish_15801707.jpg,True,200,
15801896,Cá Hồi Nướng Hạt Poppy (Hạt Anh Túc),https://concop19.github.io/daily-mate-assets/food_anime/dish_15801896.jpg,True,200,
15803306,"CANH THỊT BÒ HẦM KHOAI TÂY, CÀ RỐT",https://concop19.github.io/daily-mate-assets/food_anime/dish_15803306.jpg,True,200,
15803379,Canh kim chi nấm chay,https://concop19.github.io/daily-mate-assets/food_anime/dish_15803379.jpg,True,200,
15803453,Gỏi dưa hấu bò khô,https://concop19.github.io/daily-mate-assets/food_anime/dish_15803453.jpg,True,200,
15803696,Canh Cá Bè Nấu Lá Me,https://concop19.github.io/daily-mate-assets/food_anime/dish_15803696.jpg,True,200,
15803722,Mực Xào Chua Ngọt,https://concop19.github.io/daily-mate-assets/food_anime/dish_15803722.jpg,True,200,
15803852,Cá hồi lúc lắc,https://concop19.github.io/daily-mate-assets/food_anime/dish_15803852.jpg,True,200,
15804378,Cơm chiên cá hồi khoai tây,https://concop19.github.io/daily-mate-assets/food_anime/dish_15804378.jpg,True,200,
15804557,Heo Nướng Muối Sả,https://concop19.github.io/daily-mate-assets/food_anime/dish_15804557.jpg,True,200,
15804567,Canh Cải Nấu Thịt Bò,https://concop19.github.io/daily-mate-assets/food_anime/dish_15804567.jpg,True,200,
15804796,Canh Bầu Nấu Tôm,https://concop19.github.io/daily-mate-assets/food_anime/dish_15804796.jpg,True,200,
15805539,Đậu nhồi thịt túi ba gang phiên bản max rảnh,https://concop19.github.io/daily-mate-assets/food_anime/dish_15805539.jpg,True,200,
15805611,Salad rau mầm,https://concop19.github.io/daily-mate-assets/food_anime/dish_15805611.jpg,True,200,
15805729,Mắm tép chưng thịt,https://concop19.github.io/daily-mate-assets/food_anime/dish_15805729.jpg,True,200,
15805738,Mực 1 nắng hấp gừng,https://concop19.github.io/daily-mate-assets/food_anime/dish_15805738.jpg,True,200,
15806433,Canh bò Hàn Quốc pha ke cho bé :)),https://concop19.github.io/daily-mate-assets/food_anime/dish_15806433.jpg,True,200,
15806757,Soup rau củ,https://concop19.github.io/daily-mate-assets/food_anime/dish_15806757.jpg,True,200,
15807459,Rau Bắp Cải Xào Tỏi Nước Tương,https://concop19.github.io/daily-mate-assets/food_anime/dish_15807459.jpg,True,200,
15807467,"Bagels Bacon, Trứng, Phô Mai và Tôm",https://concop19.github.io/daily-mate-assets/food_anime/dish_15807467.jpg,True,200,
15807675,Nui Xào Cá Ngừ Hộp & Cà Chua Phủ Phô Mai,https://concop19.github.io/daily-mate-assets/food_anime/dish_15807675.jpg,True,200,
15808502,Thịt heo viên sốt dầu hào,https://concop19.github.io/daily-mate-assets/food_anime/dish_15808502.jpg,True,200,
15808521,Gỏi rong tóc tiên thịt bò 1 nắng,https://concop19.github.io/daily-mate-assets/food_anime/dish_15808521.jpg,True,200,
15808558,Canh Cải Thìa Nấu Nấm Thịt,https://concop19.github.io/daily-mate-assets/food_anime/dish_15808558.jpg,True,200,
15808593,Cá Trứng Chiên Giòn,https://concop19.github.io/daily-mate-assets/food_anime/dish_15808593.jpg,True,200,
15808596,Canh Cải Thảo Cuộn Thịt,https://concop19.github.io/daily-mate-assets/food_anime/dish_15808596.jpg,True,200,
15809192,Rau câu phô mai,https://concop19.github.io/daily-mate-assets/food_anime/dish_15809192.jpg,True,200,
15809489,Grilled chopped fish with Fish Sauce,https://concop19.github.io/daily-mate-assets/food_anime/dish_15809489.jpg,True,200,
15809584,Thịt rang lá mắc mật,https://concop19.github.io/daily-mate-assets/food_anime/dish_15809584.jpg,True,200,
15810318,Tôm nướng,https://concop19.github.io/daily-mate-assets/food_anime/dish_15810318.jpg,True,200,
15811482,Nấm đùi gà sốt bát vị,https://concop19.github.io/daily-mate-assets/food_anime/dish_15811482.jpg,True,200,
15813124,Canh Kim Chi Cá Ngừ (Chamchi Kimchi Jjigae),https://concop19.github.io/daily-mate-assets/food_anime/dish_15813124.jpg,True,200,
15813785,"Khoai tây nghiền, sốt thịt bò bằm, phô mai",https://concop19.github.io/daily-mate-assets/food_anime/dish_15813785.jpg,True,200,
15814353,Cá chiên xoài bào,https://concop19.github.io/daily-mate-assets/food_anime/dish_15814353.jpg,True,200,
15814610,Cá điêu hồng kho dầu hào,https://concop19.github.io/daily-mate-assets/food_anime/dish_15814610.jpg,True,200,
15815415,Nem rế hải sản,https://concop19.github.io/daily-mate-assets/food_anime/dish_15815415.jpg,True,200,
15817647,Mực lá hấp gừng,https://concop19.github.io/daily-mate-assets/food_anime/dish_15817647.jpg,True,200,
15819015,Thịt Heo Kho Sả Ớt,https://concop19.github.io/daily-mate-assets/food_anime/dish_15819015.jpg,True,200,
15819989,Cháo Thịt Nạc Củ Dền Khoai Tây Cà Rốt,https://concop19.github.io/daily-mate-assets/food_anime/dish_15819989.jpg,True,200,
15820400,Nấm bào ngư hấp sả,https://concop19.github.io/daily-mate-assets/food_anime/dish_15820400.jpg,True,200,
15821071,🥗Bún Thịt Nướng Chả Giò Miền Nam🥗,https://concop19.github.io/daily-mate-assets/food_anime/dish_15821071.jpg,True,200,
15822031,Cá Trắm Nướng Nồi chiên không dầu,https://concop19.github.io/daily-mate-assets/food_anime/dish_15822031.jpg,True,200,
15822218,SP.0682 - Bò Xào Trung Hoa,https://concop19.github.io/daily-mate-assets/food_anime/dish_15822218.jpg,True,200,
15823486,Mực Xào Sa Tế,https://concop19.github.io/daily-mate-assets/food_anime/dish_15823486.jpg,True,200,
15823672,Tôm Hùm Nướng Bơ,https://concop19.github.io/daily-mate-assets/food_anime/dish_15823672.jpg,True,200,
15823954,Tartare Cá Ngừ Rong Biển,https://concop19.github.io/daily-mate-assets/food_anime/dish_15823954.jpg,True,200,
15824281,Rau câu khoai lang tím,https://concop19.github.io/daily-mate-assets/food_anime/dish_15824281.jpg,True,200,
15825213,Cà Ri Bò Nhật Bản 🍛,https://concop19.github.io/daily-mate-assets/food_anime/dish_15825213.jpg,True,200,
15825323,Tôm hùm nướng phomai,https://concop19.github.io/daily-mate-assets/food_anime/dish_15825323.jpg,True,200,
15825672,Bò xào lăn,https://concop19.github.io/daily-mate-assets/food_anime/dish_15825672.jpg,True,200,
15825700,Thịt bò nhúng mẻ,https://concop19.github.io/daily-mate-assets/food_anime/dish_15825700.jpg,True,200,
15825992,Cá diêu hồng nấu măng chua,https://concop19.github.io/daily-mate-assets/food_anime/dish_15825992.jpg,True,200,
15826739,Cơm xào rau cải mầm,https://concop19.github.io/daily-mate-assets/food_anime/dish_15826739.jpg,True,200,
15826921,"Pizza Bò, Phô Mai Cheddar và Olive",https://concop19.github.io/daily-mate-assets/food_anime/dish_15826921.jpg,True,200,
15826922,Pizza Bò Bằm Phô Mai Cheddar (Đế Sẵn-Làm Trong Một Nốt Nhạc),https://concop19.github.io/daily-mate-assets/food_anime/dish_15826922.jpg,True,200,
15826925,"Pizza Thịt Nguội, Phô Mai và Olive",https://concop19.github.io/daily-mate-assets/food_anime/dish_15826925.jpg,True,200,
15827333,Đậu hũ chiên sốt chao,https://concop19.github.io/daily-mate-assets/food_anime/dish_15827333.jpg,True,200,
15827775,Eatclean - Canh Chua Cá Hú + Khô Cá Dứa Chiên,https://concop19.github.io/daily-mate-assets/food_anime/dish_15827775.jpg,True,200,
15828446,Canh Ngót Cá Hồi Cà Chua,https://concop19.github.io/daily-mate-assets/food_anime/dish_15828446.jpg,True,200,
15828466,Cá Hồi Nướng Sốt Kem Nấm,https://concop19.github.io/daily-mate-assets/food_anime/dish_15828466.jpg,True,200,
15828930,Nui Sò Nhồi Bò Bằm Sốt BBQ Phủ Phô Mai,https://concop19.github.io/daily-mate-assets/food_anime/dish_15828930.jpg,True,200,
15829334,Cá hồi sốt terayaki,https://concop19.github.io/daily-mate-assets/food_anime/dish_15829334.jpg,True,200,
15829362,Món chay: Chả đậu hũ tía tô,https://concop19.github.io/daily-mate-assets/food_anime/dish_15829362.jpg,True,200,
15829382,Nui nấu sụn heo,https://concop19.github.io/daily-mate-assets/food_anime/dish_15829382.jpg,True,200,
15830853,Thịt heo rim nước dừa,https://concop19.github.io/daily-mate-assets/food_anime/dish_15830853.jpg,True,200,
15830869,Đậu hũ trứng sốt nấm,https://concop19.github.io/daily-mate-assets/food_anime/dish_15830869.jpg,True,200,
15831439,🌱 Bún Gạo Xào Rau Củ Chay (Vegan),https://concop19.github.io/daily-mate-assets/food_anime/dish_15831439.jpg,True,200,
15831937,Nấm rơm kho quẹt,https://concop19.github.io/daily-mate-assets/food_anime/dish_15831937.jpg,True,200,
15832015,Thịt Chân Giò Nấu Đông - Món Ngon Cho Ngày Tết Cổ Truyền 🧧 🧧,https://concop19.github.io/daily-mate-assets/food_anime/dish_15832015.jpg,True,200,
15834025,Phở Tái Đơn Giản Với Viên Súp Phở Bò 🍲,https://concop19.github.io/daily-mate-assets/food_anime/dish_15834025.jpg,True,200,
15834727,Cá lóc kho dưa chua,https://concop19.github.io/daily-mate-assets/food_anime/dish_15834727.jpg,True,200,
15835191,Cá điêu hồng chưng tương,https://concop19.github.io/daily-mate-assets/food_anime/dish_15835191.jpg,True,200,
15837112,Lasagne Sốt Bò Bằm Bolonaise,https://concop19.github.io/daily-mate-assets/food_anime/dish_15837112.jpg,True,200,
15837525,Cơm chiên kimchi bò xúc xích 🍳,https://concop19.github.io/daily-mate-assets/food_anime/dish_15837525.jpg,True,200,
15838467,Thịt heo xào cay hàn quốc 제육볶음,https://concop19.github.io/daily-mate-assets/food_anime/dish_15838467.jpg,True,200,
15839135,Canh khổ qua nhân chả tôm,https://concop19.github.io/daily-mate-assets/food_anime/dish_15839135.jpg,True,200,
15839147,Chả tôm thơm ngọt,https://concop19.github.io/daily-mate-assets/food_anime/dish_15839147.jpg,True,200,
15839545,Khay rau củ nướng cỏ xạ hương,https://concop19.github.io/daily-mate-assets/food_anime/dish_15839545.jpg,True,200,
15840063,Đậu Hũ Kho Nấm,https://concop19.github.io/daily-mate-assets/food_anime/dish_15840063.jpg,True,200,
15840065,Đậu Hũ Chiên Chấm Xì Dầu,https://concop19.github.io/daily-mate-assets/food_anime/dish_15840065.jpg,True,200,
15840383,Tôm Xanh Hấp Rượu Vang Trắng,https://concop19.github.io/daily-mate-assets/food_anime/dish_15840383.jpg,True,200,
15841772,Udon hải sản,https://concop19.github.io/daily-mate-assets/food_anime/dish_15841772.jpg,True,200,
15842505,Xốt Pizza Bò,https://concop19.github.io/daily-mate-assets/food_anime/dish_15842505.jpg,True,200,
15842885,Mì Gói Trộn Thịt Trai (Vẹm Xanh) & Nấm Hương Tươi,https://concop19.github.io/daily-mate-assets/food_anime/dish_15842885.jpg,True,200,
15842904,"Súp Bắp 3 Loại Nấm (Nấm Mỡ, Nấm Hương, Nấm Bào Ngư) - Vegetarian",https://concop19.github.io/daily-mate-assets/food_anime/dish_15842904.jpg,True,200,
15843561,Rau câu sợi,https://concop19.github.io/daily-mate-assets/food_anime/dish_15843561.jpg,True,200,
15843709,Đậu hũ ngâm tương,https://concop19.github.io/daily-mate-assets/food_anime/dish_15843709.jpg,True,200,
15844058,Nấm Rơm Nấu Lá Me,https://concop19.github.io/daily-mate-assets/food_anime/dish_15844058.jpg,True,200,
15845612,Canh cá,https://concop19.github.io/daily-mate-assets/food_anime/dish_15845612.jpg,True,200,
15845746,Canh Sấu Nấu Mộc Và Thịt Bò,https://concop19.github.io/daily-mate-assets/food_anime/dish_15845746.jpg,True,200,
15846110,Rau câu cafe cốt dừa,https://concop19.github.io/daily-mate-assets/food_anime/dish_15846110.jpg,True,200,
15846838,Khô Cá Haddock (Cá Tuyết Chấm Đen) Chiên Giòn Chấm Mắm Me,https://concop19.github.io/daily-mate-assets/food_anime/dish_15846838.jpg,True,200,
15847101,Món chay: Đậu cô ve xào đậu hũ,https://concop19.github.io/daily-mate-assets/food_anime/dish_15847101.jpg,True,200,
15847182,Mực sa tế,https://concop19.github.io/daily-mate-assets/food_anime/dish_15847182.jpg,True,200,
15847631,Chả giò tôm thịt,https://concop19.github.io/daily-mate-assets/food_anime/dish_15847631.jpg,True,200,
15848509,Tôm Khô Homemade Đón Tết,https://concop19.github.io/daily-mate-assets/food_anime/dish_15848509.jpg,True,200,
15848743,Bò nướng lá lốt,https://concop19.github.io/daily-mate-assets/food_anime/dish_15848743.jpg,True,200,
15849440,Lá Bông Cải Trắng (Súp Lơ) Xào Bò Bằm,https://concop19.github.io/daily-mate-assets/food_anime/dish_15849440.jpg,True,200,
15849483,"🌱 Súp Rau Củ Khoai Tây, Cà Rốt, Súp Lơ (Vegan)",https://concop19.github.io/daily-mate-assets/food_anime/dish_15849483.jpg,True,200,
15849682,Rau câu dừa ly,https://concop19.github.io/daily-mate-assets/food_anime/dish_15849682.jpg,True,200,
15849711,Cá trê kho nghệ tươi,https://concop19.github.io/daily-mate-assets/food_anime/dish_15849711.jpg,True,200,
15850082,Heo quay kho cải chua,https://concop19.github.io/daily-mate-assets/food_anime/dish_15850082.jpg,True,200,
15850146,Cá hấp bằng nồi chiên không dầu,https://concop19.github.io/daily-mate-assets/food_anime/dish_15850146.jpg,True,200,
15850589,Bò kho chay,https://concop19.github.io/daily-mate-assets/food_anime/dish_15850589.jpg,True,200,
15850648,Đậu hũ cuộn rong biển,https://concop19.github.io/daily-mate-assets/food_anime/dish_15850648.jpg,True,200,
15851385,Thịt nướng rau củ nckd,https://concop19.github.io/daily-mate-assets/food_anime/dish_15851385.jpg,True,200,
15851661,Mì Ý (Spaghetti) Sốt Kem Nấm & Cồi Sò Điệp,https://concop19.github.io/daily-mate-assets/food_anime/dish_15851661.jpg,True,200,
15851762,Thịt heo lụi tỏi,https://concop19.github.io/daily-mate-assets/food_anime/dish_15851762.jpg,True,200,
15853702,Cải xanh xào thịt,https://concop19.github.io/daily-mate-assets/food_anime/dish_15853702.jpg,True,200,
15854403,Chả tôm mực sốt teriyaki,https://concop19.github.io/daily-mate-assets/food_anime/dish_15854403.jpg,True,200,
15854569,Rice Bowl - Cơm Cá Ngừ Sốt Miso Phủ Trứng,https://concop19.github.io/daily-mate-assets/food_anime/dish_15854569.jpg,True,200,
15857066,Rau câu trái bắp,https://concop19.github.io/daily-mate-assets/food_anime/dish_15857066.jpg,True,200,
15857931,Chả cá Lã Vọng Hà Nội,https://concop19.github.io/daily-mate-assets/food_anime/dish_15857931.jpg,True,200,
15858035,Blinis Topping Cá Ngừ Phô Mai Tươi & Olive Xanh,https://concop19.github.io/daily-mate-assets/food_anime/dish_15858035.jpg,True,200,
15858055,Blinis Topping Cá Ngừ Mayonaise Bắp Ngọt,https://concop19.github.io/daily-mate-assets/food_anime/dish_15858055.jpg,True,200,
15859026,Canh cá diếc ngải cứu,https://concop19.github.io/daily-mate-assets/food_anime/dish_15859026.jpg,True,200,
15860052,Tom Yum Pasta,https://concop19.github.io/daily-mate-assets/food_anime/dish_15860052.jpg,True,200,
15860476,Đậu hũ trứng sốt thịt bằm,https://concop19.github.io/daily-mate-assets/food_anime/dish_15860476.jpg,True,200,
15861304,Canh măng khô nấm rơm,https://concop19.github.io/daily-mate-assets/food_anime/dish_15861304.jpg,True,200,
15861594,Cá Dìa Chiên Muối Tiêu,https://concop19.github.io/daily-mate-assets/food_anime/dish_15861594.jpg,True,200,
15861605,Canh Rong Biển Nấu Thịt Bò,https://concop19.github.io/daily-mate-assets/food_anime/dish_15861605.jpg,True,200,
15862324,Cuốn thính (Gỏi cuốn nấm chay),https://concop19.github.io/daily-mate-assets/food_anime/dish_15862324.jpg,True,200,
15862332,Cải thìa sốt nấm đơn giản,https://concop19.github.io/daily-mate-assets/food_anime/dish_15862332.jpg,True,200,
15863591,Cá điêu hồng chiên sốt chanh dây + cải bó xôi,https://concop19.github.io/daily-mate-assets/food_anime/dish_15863591.jpg,True,200,
15863944,Cá Thầy Tu (Monkfish) Nướng Kem Tươi & Măng Tây,https://concop19.github.io/daily-mate-assets/food_anime/dish_15863944.jpg,True,200,
15864231,Cốt Lết Heo Ram Nước Mắm,https://concop19.github.io/daily-mate-assets/food_anime/dish_15864231.jpg,True,200,
15864621,Canh chua cá linh bông điên điển,https://concop19.github.io/daily-mate-assets/food_anime/dish_15864621.jpg,True,200,
15864674,Canh chua đậu hủ chay,https://concop19.github.io/daily-mate-assets/food_anime/dish_15864674.jpg,True,200,
15864770,Cháo Hàu Nấu Nấm,https://concop19.github.io/daily-mate-assets/food_anime/dish_15864770.jpg,True,200,
15864776,Gỏi đu đủ tôm thịt,https://concop19.github.io/daily-mate-assets/food_anime/dish_15864776.jpg,True,200,
15864969,Cá ngừ kho thơm cà,https://concop19.github.io/daily-mate-assets/food_anime/dish_15864969.jpg,True,200,
15867359,Thịt heo quay lá móc mật,https://concop19.github.io/daily-mate-assets/food_anime/dish_15867359.jpg,True,200,
15868796,Thịt ba chỉ nướng,https://concop19.github.io/daily-mate-assets/food_anime/dish_15868796.jpg,True,200,
15868978,Nui Ống Sốt Thịt Heo Xào Cà Chua,https://concop19.github.io/daily-mate-assets/food_anime/dish_15868978.jpg,True,200,
15869715,Đậu Cô Ve Xào Nấm Hương,https://concop19.github.io/daily-mate-assets/food_anime/dish_15869715.jpg,True,200,
15871346,Mì Tôm Trứng Các Loại Giò Và Nước Ninh Gà,https://concop19.github.io/daily-mate-assets/food_anime/dish_15871346.jpg,True,200,
15872466,Cà Chua Nhồi Thịt Nướng & Cơm Nóng,https://concop19.github.io/daily-mate-assets/food_anime/dish_15872466.jpg,True,200,
15872550,Canh Cá Thầy Tu (Monkfish) Nấu Thơm & Cà Chua,https://concop19.github.io/daily-mate-assets/food_anime/dish_15872550.jpg,True,200,
15874092,Canh Chuối Đậu Xương Heo (Om Với Mẻ),https://concop19.github.io/daily-mate-assets/food_anime/dish_15874092.jpg,True,200,
15874387,Giản dị Okonomiyaki với đậu phụ (Simple okonomiyaki with tofu),https://concop19.github.io/daily-mate-assets/food_anime/dish_15874387.jpg,True,200,
15875553,Dưa Cải Chua Lá Súp Lơ Trộn Tôm Khô Chua Ngọt,https://concop19.github.io/daily-mate-assets/food_anime/dish_15875553.jpg,True,200,
15875829,Món Pháp - Bourguignon De Boeuf (Bò Hầm Rượu Vang Đỏ),https://concop19.github.io/daily-mate-assets/food_anime/dish_15875829.jpg,True,200,
15876345,Canh rau cần khoai tây thịt bằm,https://concop19.github.io/daily-mate-assets/food_anime/dish_15876345.jpg,True,200,
15877006,Nấm đùi gà cuộn rong biển,https://concop19.github.io/daily-mate-assets/food_anime/dish_15877006.jpg,True,200,
15877554,Chả Trứng Thịt Hấp Đơn Giản,https://concop19.github.io/daily-mate-assets/food_anime/dish_15877554.jpg,True,200,
15877661,Cá phèn kho,https://concop19.github.io/daily-mate-assets/food_anime/dish_15877661.jpg,True,200,
15877737,Táo Sấy Dẻo Hai Vị: Vị Tự Nhiên & Vị Muối Tôm Cay,https://concop19.github.io/daily-mate-assets/food_anime/dish_15877737.jpg,True,200,
15878316,💚 Bánh Hotdog Tam Giác Nhân Phô Mai Bò Cười,https://concop19.github.io/daily-mate-assets/food_anime/dish_15878316.jpg,True,200,
15878967,Thịt Heo Rừng Kho Tiêu Xanh,https://concop19.github.io/daily-mate-assets/food_anime/dish_15878967.jpg,True,200,
15879005,Bánh Mì Chiên Nhân Nấm Bào Ngư,https://concop19.github.io/daily-mate-assets/food_anime/dish_15879005.jpg,True,200,
15879160,Rau Cải Bẹ Xanh Luộc Chấm Nước Mắm Dầm Trứng Lòng Đào,https://concop19.github.io/daily-mate-assets/food_anime/dish_15879160.jpg,True,200,
15879783,Thịt Vịt Luộc Chấm Nước Mắm Gừng Tỏi Ớt,https://concop19.github.io/daily-mate-assets/food_anime/dish_15879783.jpg,True,200,
15879785,Canh Rau Mồng Tơi Nấu Ngao Mát Lành,https://concop19.github.io/daily-mate-assets/food_anime/dish_15879785.jpg,True,200,
15880484,Canh kim chi thịt bò,https://concop19.github.io/daily-mate-assets/food_anime/dish_15880484.jpg,True,200,
15881851,Lươn kho bầu nấm,https://concop19.github.io/daily-mate-assets/food_anime/dish_15881851.jpg,True,200,
15881927,Bắp bò ngâm mắm,https://concop19.github.io/daily-mate-assets/food_anime/dish_15881927.jpg,True,200,
15881981,Bắp bò ngâm mắm trộn gỏi xoài,https://concop19.github.io/daily-mate-assets/food_anime/dish_15881981.jpg,True,200,
15882647,Gỏi cuốn rau mầm cải đỏ,https://concop19.github.io/daily-mate-assets/food_anime/dish_15882647.jpg,True,200,
15882683,Mứt rau câu,https://concop19.github.io/daily-mate-assets/food_anime/dish_15882683.jpg,True,200,
15882725,Gỏi vịt rau muống,https://concop19.github.io/daily-mate-assets/food_anime/dish_15882725.jpg,True,200,
15882731,Bắp Bò Luộc Mắm Gừng,https://concop19.github.io/daily-mate-assets/food_anime/dish_15882731.jpg,True,200,
15883079,Bánh mực cho bé,https://concop19.github.io/daily-mate-assets/food_anime/dish_15883079.jpg,True,200,
15884284,Bánh Pizza Nhân Cá Hồi Xông Khói & Phô Mai Pont-l’Évêque,https://concop19.github.io/daily-mate-assets/food_anime/dish_15884284.jpg,True,200,
15884936,Nui Trộn Cà Rốt & Bò Xào Kèm Trứng Ốp La 🍳,https://concop19.github.io/daily-mate-assets/food_anime/dish_15884936.jpg,True,200,
15887514,Gỏi ngó sen tai heo,https://concop19.github.io/daily-mate-assets/food_anime/dish_15887514.jpg,True,200,
15887523,Cá cơm chiên giòn xóc mắm tỏi,https://concop19.github.io/daily-mate-assets/food_anime/dish_15887523.jpg,True,200,
15887542,Rau câu bắp 2 lớp,https://concop19.github.io/daily-mate-assets/food_anime/dish_15887542.jpg,True,200,
15888376,Bánh canh chân nấm củ cải khô,https://concop19.github.io/daily-mate-assets/food_anime/dish_15888376.jpg,True,200,
15888570,Đậu hũ mềm sốt hành,https://concop19.github.io/daily-mate-assets/food_anime/dish_15888570.jpg,True,200,
15891883,Đậu ve xào thịt ba chỉ 🥩,https://concop19.github.io/daily-mate-assets/food_anime/dish_15891883.jpg,True,200,
15891898,Canh nấm kim châm đậu phụ (+cà chua),https://concop19.github.io/daily-mate-assets/food_anime/dish_15891898.jpg,True,200,
15894139,Bún thịt heo,https://concop19.github.io/daily-mate-assets/food_anime/dish_15894139.jpg,True,200,
15895100,Chả ram tôm,https://concop19.github.io/daily-mate-assets/food_anime/dish_15895100.jpg,True,200,
15895309,Canh kim chi đậu phụ vét tủ lạnh trong 15 phút,https://concop19.github.io/daily-mate-assets/food_anime/dish_15895309.jpg,True,200,
15899363,Canh kim chi đậu hũ,https://concop19.github.io/daily-mate-assets/food_anime/dish_15899363.jpg,True,200,
15899401,Gỏi gà bóp rau răm,https://concop19.github.io/daily-mate-assets/food_anime/dish_15899401.jpg,True,200,
15899656,Bánh xèo rau củ,https://concop19.github.io/daily-mate-assets/food_anime/dish_15899656.jpg,True,200,
15900299,SP.0688 - Canh Bắp Cải Thịt Heo Luộc,https://concop19.github.io/daily-mate-assets/food_anime/dish_15900299.jpg,True,200,
15900798,Salad cá hồi chín tái sốt teriyaki (Salad with medium-rare teriyaki salmon),https://concop19.github.io/daily-mate-assets/food_anime/dish_15900798.jpg,True,200,
15901351,Chả Mực,https://concop19.github.io/daily-mate-assets/food_anime/dish_15901351.jpg,True,200,
15901390,Canh Cải Bó Xôi Nấu Thịt Xay,https://concop19.github.io/daily-mate-assets/food_anime/dish_15901390.jpg,True,200,
15901890,Thịt xá xíu,https://concop19.github.io/daily-mate-assets/food_anime/dish_15901890.jpg,True,200,
15903151,Canh rau xà lách nấu tôm thịt,https://concop19.github.io/daily-mate-assets/food_anime/dish_15903151.jpg,True,200,
15903183,Gan lợn ướp sốt bulgogi nướng,https://concop19.github.io/daily-mate-assets/food_anime/dish_15903183.jpg,True,200,
15903694,Cơm bò xì xèo,https://concop19.github.io/daily-mate-assets/food_anime/dish_15903694.jpg,True,200,
15908317,Rau Mồng Tơi Xào Tỏi - Hành Trình Từ Vườn Tới Bàn Ăn 😍,https://concop19.github.io/daily-mate-assets/food_anime/dish_15908317.jpg,True,200,
15908533,Bún Gà Nấm Nấu Gừng,https://concop19.github.io/daily-mate-assets/food_anime/dish_15908533.jpg,True,200,
15909854,Cá Bè Hấp Xì Dầu,https://concop19.github.io/daily-mate-assets/food_anime/dish_15909854.jpg,True,200,
15909866,Canh Mực Lá Nấu Ngót,https://concop19.github.io/daily-mate-assets/food_anime/dish_15909866.jpg,True,200,
15910001,Xối Gấc Cá Chép,https://concop19.github.io/daily-mate-assets/food_anime/dish_15910001.jpg,True,200,
15910177,Cà Ri Nấm,https://concop19.github.io/daily-mate-assets/food_anime/dish_15910177.jpg,True,200,
15910191,Đậu Hũ Sốt Sả Ớt,https://concop19.github.io/daily-mate-assets/food_anime/dish_15910191.jpg,True,200,
15910207,Nấm Rơm Kho Tiêu Xanh,https://concop19.github.io/daily-mate-assets/food_anime/dish_15910207.jpg,True,200,
15910231,Rau Xào Ngũ Sắc,https://concop19.github.io/daily-mate-assets/food_anime/dish_15910231.jpg,True,200,
15910389,Miến canh dừa rau củ chay (Lẩu sen dừa chay),https://concop19.github.io/daily-mate-assets/food_anime/dish_15910389.jpg,True,200,
15910622,Ruột Bánh Mì Lót Cá Hồi Xông Khói,https://concop19.github.io/daily-mate-assets/food_anime/dish_15910622.jpg,True,200,
15910891,Hủ tiếu hải sản,https://concop19.github.io/daily-mate-assets/food_anime/dish_15910891.jpg,True,200,
15910910,Đậu que cà rốt xào thịt nạc,https://concop19.github.io/daily-mate-assets/food_anime/dish_15910910.jpg,True,200,
15911297,Rau câu hình cá chép,https://concop19.github.io/daily-mate-assets/food_anime/dish_15911297.jpg,True,200,
15911394,Thịt Ba Rọi Nướng,https://concop19.github.io/daily-mate-assets/food_anime/dish_15911394.jpg,True,200,
15911412,Cơm chiên Hải sản xanh,https://concop19.github.io/daily-mate-assets/food_anime/dish_15911412.jpg,True,200,
15911435,Cá lóc chiên giòn,https://concop19.github.io/daily-mate-assets/food_anime/dish_15911435.jpg,True,200,
15911443,Bánh mì khô kẹp phomai lăn rau củ,https://concop19.github.io/daily-mate-assets/food_anime/dish_15911443.jpg,True,200,
15911899,Rau câu Chép Koi,https://concop19.github.io/daily-mate-assets/food_anime/dish_15911899.jpg,True,200,
15912065,Mực Ghim Sữa Nướng Sả Ớt,https://concop19.github.io/daily-mate-assets/food_anime/dish_15912065.jpg,True,200,
15912175,Đậu hủ non sauce nấm cay,https://concop19.github.io/daily-mate-assets/food_anime/dish_15912175.jpg,True,200,
15913293,Xíu mại tôm thịt sốt cà chua,https://concop19.github.io/daily-mate-assets/food_anime/dish_15913293.jpg,True,200,
15914158,Phở Bò Tái Với Nước Luộc Gà Ăn Sáng Làm Trong Một Nốt Nhạc,https://concop19.github.io/daily-mate-assets/food_anime/dish_15914158.jpg,True,200,
15914321,Bò Ả-rập (Arabic Beef Shashuka),https://concop19.github.io/daily-mate-assets/food_anime/dish_15914321.jpg,True,200,
15914351,Canh kim chi đậu phụ nấu tôm,https://concop19.github.io/daily-mate-assets/food_anime/dish_15914351.jpg,True,200,
15914710,Nui Trộn Thịt Vẹm & Rau Củ Sốt Tương Xào,https://concop19.github.io/daily-mate-assets/food_anime/dish_15914710.jpg,True,200,
15914946,Nấm đùi gà hấp,https://concop19.github.io/daily-mate-assets/food_anime/dish_15914946.jpg,True,200,
15915454,Thịt kho đông,https://concop19.github.io/daily-mate-assets/food_anime/dish_15915454.jpg,True,200,
15915572,Cháo thịt trứng thịt bằm,https://concop19.github.io/daily-mate-assets/food_anime/dish_15915572.jpg,True,200,
15916366,Cá Thầy Tu (Monkfish) Chiên Kèm Bún Tàu Xào Tương Hột,https://concop19.github.io/daily-mate-assets/food_anime/dish_15916366.jpg,True,200,
15917375,Canh cua rau cải xanh,https://concop19.github.io/daily-mate-assets/food_anime/dish_15917375.jpg,True,200,
15918088,Tôm đồng rang lá chanh,https://concop19.github.io/daily-mate-assets/food_anime/dish_15918088.jpg,True,200,
15919227,Cá bớp sốt cà,https://concop19.github.io/daily-mate-assets/food_anime/dish_15919227.jpg,True,200,
15919264,Cá hấp tương,https://concop19.github.io/daily-mate-assets/food_anime/dish_15919264.jpg,True,200,
15919356,Chả cua thịt trứng,https://concop19.github.io/daily-mate-assets/food_anime/dish_15919356.jpg,True,200,
15920421,Mì Trộn Nước Tương Tỏi Ớt & Thịt Thăn Heo Ram,https://concop19.github.io/daily-mate-assets/food_anime/dish_15920421.jpg,True,200,
15920903,Canh Chua Cá Đuối,https://concop19.github.io/daily-mate-assets/food_anime/dish_15920903.jpg,True,200,
15920942,Gỏi Ngũ Sắc Tôm Thịt,https://concop19.github.io/daily-mate-assets/food_anime/dish_15920942.jpg,True,200,
15921071,Chả Bò & Chả Giò,https://concop19.github.io/daily-mate-assets/food_anime/dish_15921071.jpg,True,200,
15921336,Thịt ba chỉ ngâm nước mắm,https://concop19.github.io/daily-mate-assets/food_anime/dish_15921336.jpg,True,200,
15922187,Miến Nấu Tôm Nấm và Rong Biển Wakame,https://concop19.github.io/daily-mate-assets/food_anime/dish_15922187.jpg,True,200,
15922693,Thịt kho tàu,https://concop19.github.io/daily-mate-assets/food_anime/dish_15922693.jpg,True,200,
15922805,Bún thịt nướng xiên que,https://concop19.github.io/daily-mate-assets/food_anime/dish_15922805.jpg,True,200,
15922851,Tôm rim sữa đặc,https://concop19.github.io/daily-mate-assets/food_anime/dish_15922851.jpg,True,200,
15923199,Mì Nưa Yến Mạch (Shirataki) Súp Nấm Rong Biển,https://concop19.github.io/daily-mate-assets/food_anime/dish_15923199.jpg,True,200,
15924402,Spaghetti (mì ý) sốt nấm tôm khoai tây,https://concop19.github.io/daily-mate-assets/food_anime/dish_15924402.jpg,True,200,
15925558,Gà xào nấm kim châm,https://concop19.github.io/daily-mate-assets/food_anime/dish_15925558.jpg,True,200,
15925802,Bánh Khọt Tôm Tươi & Bánh Khọt Nấm Mỡ (Chay),https://concop19.github.io/daily-mate-assets/food_anime/dish_15925802.jpg,True,200,
15926040,Tôm rim thịt,https://concop19.github.io/daily-mate-assets/food_anime/dish_15926040.jpg,True,200,
15926085,Rau câu sữa bắp nước cốt dừa,https://concop19.github.io/daily-mate-assets/food_anime/dish_15926085.jpg,True,200,
15927273,Bánh ướt thịt nướng,https://concop19.github.io/daily-mate-assets/food_anime/dish_15927273.jpg,True,200,
15927617,Mực nướng sa tế - heo rừng nướng chao,https://concop19.github.io/daily-mate-assets/food_anime/dish_15927617.jpg,True,200,
15927820,Chả giò hải sản,https://concop19.github.io/daily-mate-assets/food_anime/dish_15927820.jpg,True,200,
15928125,Móng giò rau tiến vua ngâm mắm,https://concop19.github.io/daily-mate-assets/food_anime/dish_15928125.jpg,True,200,
15928451,Cơm nếp nấm,https://concop19.github.io/daily-mate-assets/food_anime/dish_15928451.jpg,True,200,
15929072,Thịt chim nướng lá mắc mật,https://concop19.github.io/daily-mate-assets/food_anime/dish_15929072.jpg,True,200,
15930497,Bánh mì thịt khìa,https://concop19.github.io/daily-mate-assets/food_anime/dish_15930497.jpg,True,200,
15930530,Bò beefsteak sốt kem nấm,https://concop19.github.io/daily-mate-assets/food_anime/dish_15930530.jpg,True,200,
15931454,Thịt Bò Xào Hành Tây Lá Lốt,https://concop19.github.io/daily-mate-assets/food_anime/dish_15931454.jpg,True,200,
15932430,Xá xíu nấm đùi gà,https://concop19.github.io/daily-mate-assets/food_anime/dish_15932430.jpg,True,200,
15932501,Ruốc (chà bông) cá hồi chay,https://concop19.github.io/daily-mate-assets/food_anime/dish_15932501.jpg,True,200,
15934520,Canh Chuối Chát Nấu Giò Heo,https://concop19.github.io/daily-mate-assets/food_anime/dish_15934520.jpg,True,200,
15936057,Mì Cay Nongshim Nấm & Thịt Trai (Vẹm Đen),https://concop19.github.io/daily-mate-assets/food_anime/dish_15936057.jpg,True,200,
15937593,Nem hải sản !,https://concop19.github.io/daily-mate-assets/food_anime/dish_15937593.jpg,True,200,
15937718,"Bánh mì bơ sữa hình cua, sừng trâu",https://concop19.github.io/daily-mate-assets/food_anime/dish_15937718.jpg,True,200,
15937899,Cơm Chiên Ức Gà Rau Củ Thập Cẩm,https://concop19.github.io/daily-mate-assets/food_anime/dish_15937899.jpg,True,200,
15937987,Bún hải sản mẹ Nga!,https://concop19.github.io/daily-mate-assets/food_anime/dish_15937987.jpg,True,200,
15938442,RAU CỦ CHUA NGỌT ĂN TẾT:,https://concop19.github.io/daily-mate-assets/food_anime/dish_15938442.jpg,True,200,
15938603,🌱 Xôi Nấm Nấu Chay (Vegan),https://concop19.github.io/daily-mate-assets/food_anime/dish_15938603.jpg,True,200,
15939152,Giò Heo Nấu Giả Cầy,https://concop19.github.io/daily-mate-assets/food_anime/dish_15939152.jpg,True,200,
15939176,Súp Gà Vi Cá,https://concop19.github.io/daily-mate-assets/food_anime/dish_15939176.jpg,True,200,
15939180,Tôm Hấp Sả,https://concop19.github.io/daily-mate-assets/food_anime/dish_15939180.jpg,True,200,
15940362,Măng Hầm Sườn Heo,https://concop19.github.io/daily-mate-assets/food_anime/dish_15940362.jpg,True,200,
15940382,Thịt Gà Luộc,https://concop19.github.io/daily-mate-assets/food_anime/dish_15940382.jpg,True,200,
15940404,Thịt Xào Heo Rừng Xào Sả Ớt,https://concop19.github.io/daily-mate-assets/food_anime/dish_15940404.jpg,True,200,
15940875,Cá kho rau củ,https://concop19.github.io/daily-mate-assets/food_anime/dish_15940875.jpg,True,200,
15940987,Mít kho tộ rau răm chay,https://concop19.github.io/daily-mate-assets/food_anime/dish_15940987.jpg,True,200,
15941097,Rau cải xoong xào tỏi,https://concop19.github.io/daily-mate-assets/food_anime/dish_15941097.jpg,True,200,
15941154,Canh chay: chả cá khế thìa là,https://concop19.github.io/daily-mate-assets/food_anime/dish_15941154.jpg,True,200,
15941426,Tôm càng nướng phomai,https://concop19.github.io/daily-mate-assets/food_anime/dish_15941426.jpg,True,200,
15945548,Mì Tây Tạng - Thukpa (phiên bản thịt bò),https://concop19.github.io/daily-mate-assets/food_anime/dish_15945548.jpg,True,200,
15945582,Da heo chiên giòn sốt mắm tỏi,https://concop19.github.io/daily-mate-assets/food_anime/dish_15945582.jpg,True,200,
15946856,Cá Thầy Tu (Monkfish) Kho Gừng,https://concop19.github.io/daily-mate-assets/food_anime/dish_15946856.jpg,True,200,
15948641,Cá mối 1 nắng kho sả ớt,https://concop19.github.io/daily-mate-assets/food_anime/dish_15948641.jpg,True,200,
15950725,Mì Soba Súp Bò Nấm,https://concop19.github.io/daily-mate-assets/food_anime/dish_15950725.jpg,True,200,
15951566,Bún riêu cua nhà nấu,https://concop19.github.io/daily-mate-assets/food_anime/dish_15951566.jpg,True,200,
15952078,"Canh củ cải nấu tôm, thịt băm, hành nhật (hành lá)",https://concop19.github.io/daily-mate-assets/food_anime/dish_15952078.jpg,True,200,
15952664,Rau câu cà phê sữa,https://concop19.github.io/daily-mate-assets/food_anime/dish_15952664.jpg,True,200,
15954169,Bún cá Hải Phòng,https://concop19.github.io/daily-mate-assets/food_anime/dish_15954169.jpg,True,200,
15954982,Khoai Tây Nướng Bơ Phủ Cá Ngừ Phô Mai,https://concop19.github.io/daily-mate-assets/food_anime/dish_15954982.jpg,True,200,
15955241,Rau càng cua trộn nấm,https://concop19.github.io/daily-mate-assets/food_anime/dish_15955241.jpg,True,200,
15957395,Thịt ba chỉ xào khoai tây,https://concop19.github.io/daily-mate-assets/food_anime/dish_15957395.jpg,True,200,
15959036,Đậu hủ Tứ Xuyên (nấm),https://concop19.github.io/daily-mate-assets/food_anime/dish_15959036.jpg,True,200,
15959556,Bò xào cần tây ớt chuông,https://concop19.github.io/daily-mate-assets/food_anime/dish_15959556.jpg,True,200,
15960733,🌱 Mì Nưa Xào Nấm Mỡ & Lá Cải Bẹ Trắng (Vegan),https://concop19.github.io/daily-mate-assets/food_anime/dish_15960733.jpg,True,200,
15961026,Cá mồi hộp ngâm dầu kho cà,https://concop19.github.io/daily-mate-assets/food_anime/dish_15961026.jpg,True,200,
15961281,Bún bò chua cay,https://concop19.github.io/daily-mate-assets/food_anime/dish_15961281.jpg,True,200,
15964044,🌱 Đậu Hủ Sốt Cà (Vegan),https://concop19.github.io/daily-mate-assets/food_anime/dish_15964044.jpg,True,200,
15964111,🌱 Rau Củ Thập Cẩm Kho Nước Tương - Món Chay (Vegan),https://concop19.github.io/daily-mate-assets/food_anime/dish_15964111.jpg,True,200,
15965128,Mì rau củ xào bò băm,https://concop19.github.io/daily-mate-assets/food_anime/dish_15965128.jpg,True,200,
15965265,Cá lóc nướng sa tế,https://concop19.github.io/daily-mate-assets/food_anime/dish_15965265.jpg,True,200,
15965279,Cà ri rau củ,https://concop19.github.io/daily-mate-assets/food_anime/dish_15965279.jpg,True,200,
15966278,Heo quay,https://concop19.github.io/daily-mate-assets/food_anime/dish_15966278.jpg,True,200,
15967078,Cách làm CHẢ CÁ Ở MỸ 🇺🇸 KHÔNG CẦN BỘT || Ăn Tết 2022,https://concop19.github.io/daily-mate-assets/food_anime/dish_15967078.jpg,True,200,
15967911,Cá lóc chiên xù sốt chua ngọt cho bé,https://concop19.github.io/daily-mate-assets/food_anime/dish_15967911.jpg,True,200,
15968159,Con mực từ tàu hủ trắng và xúc xích,https://concop19.github.io/daily-mate-assets/food_anime/dish_15968159.jpg,True,200,
15968509,Canh Rong Biển Nấu Tôm,https://concop19.github.io/daily-mate-assets/food_anime/dish_15968509.jpg,True,200,
15968574,Thịt Nấu Đông,https://concop19.github.io/daily-mate-assets/food_anime/dish_15968574.jpg,True,200,
15968635,Rau Củ Luộc,https://concop19.github.io/daily-mate-assets/food_anime/dish_15968635.jpg,True,200,
15969814,Bún Bò Huế Giò Heo Huyết Chả,https://concop19.github.io/daily-mate-assets/food_anime/dish_15969814.jpg,True,200,
15969908,Mực xào bún mì rau củ,https://concop19.github.io/daily-mate-assets/food_anime/dish_15969908.jpg,True,200,
15970887,Bánh canh tôm,https://concop19.github.io/daily-mate-assets/food_anime/dish_15970887.jpg,True,200,
15971211,Cháo yến mạch cà rốt bò băm,https://concop19.github.io/daily-mate-assets/food_anime/dish_15971211.jpg,True,200,
15971393,Thịt heo nướng tỏi,https://concop19.github.io/daily-mate-assets/food_anime/dish_15971393.jpg,True,200,
15972036,Đậu cô ve xào thịt nạc heo,https://concop19.github.io/daily-mate-assets/food_anime/dish_15972036.jpg,True,200,
15972152,Mì nưa xào rau nấm,https://concop19.github.io/daily-mate-assets/food_anime/dish_15972152.jpg,True,200,
15973187,Mực tẩm bột chiên giòn đơn giản,https://concop19.github.io/daily-mate-assets/food_anime/dish_15973187.jpg,True,200,
15974930,Mực Nhồi Thịt Sốt Sate,https://concop19.github.io/daily-mate-assets/food_anime/dish_15974930.jpg,True,200,
15976517,Bánh quy bơ tạo hình heo hồng xinh xắn,https://concop19.github.io/daily-mate-assets/food_anime/dish_15976517.jpg,True,200,
15976832,Cá chuồn chiên,https://concop19.github.io/daily-mate-assets/food_anime/dish_15976832.jpg,True,200,
15976852,Salad chả cá chiên,https://concop19.github.io/daily-mate-assets/food_anime/dish_15976852.jpg,True,200,
15978306,Mì Ý Spaghetti & Thịt Heo Sốt Teriyaki Đút Lò,https://concop19.github.io/daily-mate-assets/food_anime/dish_15978306.jpg,True,200,
15978690,Thịt riềm thăn rang,https://concop19.github.io/daily-mate-assets/food_anime/dish_15978690.jpg,True,200,
15978869,"Toast Cá Hồi Xông Khói và Trứng Cá Tầm/ Caviar, Smoked Salmon & Herb Cream Cheese Toast",https://concop19.github.io/daily-mate-assets/food_anime/dish_15978869.jpg,True,200,
15978872,Toast Cá Hồi Xông Khói Cùng Phô Mai Kem/ Smoked Salmon With Cream Cheese Toast,https://concop19.github.io/daily-mate-assets/food_anime/dish_15978872.jpg,True,200,
15981918,Canh chả cua rau củ,https://concop19.github.io/daily-mate-assets/food_anime/dish_15981918.jpg,True,200,
15982620,Chả cá Lã Vọng,https://concop19.github.io/daily-mate-assets/food_anime/dish_15982620.jpg,True,200,
15984715,Súp bồ câu củ sen nấm đông trùng hạ thảo,https://concop19.github.io/daily-mate-assets/food_anime/dish_15984715.jpg,True,200,
15985179,Súp Sủi Cảo Tôm Hầm Nấm,https://concop19.github.io/daily-mate-assets/food_anime/dish_15985179.jpg,True,200,
15985394,Tôm chiên phồng,https://concop19.github.io/daily-mate-assets/food_anime/dish_15985394.jpg,True,200,
15985665,Chạo bắp bò,https://concop19.github.io/daily-mate-assets/food_anime/dish_15985665.jpg,True,200,
15986144,Gỏi Cuốn Phi Lê Cá Bơn Chiên Giòn,https://concop19.github.io/daily-mate-assets/food_anime/dish_15986144.jpg,True,200,
15986680,Thịt viên nấm sốt cà chua,https://concop19.github.io/daily-mate-assets/food_anime/dish_15986680.jpg,True,200,
15986786,Bento - Mì Ý Sốt Kem Rau Chân Vịt Topping Cá Hồi Xông Khói,https://concop19.github.io/daily-mate-assets/food_anime/dish_15986786.jpg,True,200,
15987583,Filet Cá Lóc Bông Kho Ổi,https://concop19.github.io/daily-mate-assets/food_anime/dish_15987583.jpg,True,200,
15987820,Vào bếp cùng con: salad rau hỗn hợp,https://concop19.github.io/daily-mate-assets/food_anime/dish_15987820.jpg,True,200,
15988410,Thịt Nạc Chiên Xá Xíu (Phiên Bản Nhanh Nhất Trần Đời),https://concop19.github.io/daily-mate-assets/food_anime/dish_15988410.jpg,True,200,
15988412,"Cơm Chiên Thập Cẩm (Tỏi, Trứng, Thịt Xá Xíu)",https://concop19.github.io/daily-mate-assets/food_anime/dish_15988412.jpg,True,200,
15988884,Thịt heo kho kiểu Đài Loan với trứng lòng đào (Taiwan style braised pork with boiled eggs),https://concop19.github.io/daily-mate-assets/food_anime/dish_15988884.jpg,True,200,
15989334,Scotch Eggs - Thịt Bọc Trứng Lòng Đào,https://concop19.github.io/daily-mate-assets/food_anime/dish_15989334.jpg,True,200,
15989688,Tôm càng sốt phomai,https://concop19.github.io/daily-mate-assets/food_anime/dish_15989688.jpg,True,200,
15990915,Cháo yến mạch bí đỏ nấm,https://concop19.github.io/daily-mate-assets/food_anime/dish_15990915.jpg,True,200,
15991575,Đậu phụ nhồi thịt,https://concop19.github.io/daily-mate-assets/food_anime/dish_15991575.jpg,True,200,
15991606,Tim cật heo xào hành tây,https://concop19.github.io/daily-mate-assets/food_anime/dish_15991606.jpg,True,200,
15991770,Tôm rim cay ngọt,https://concop19.github.io/daily-mate-assets/food_anime/dish_15991770.jpg,True,200,
15992351,Bánh Canh Tôm Nấm,https://concop19.github.io/daily-mate-assets/food_anime/dish_15992351.jpg,True,200,
15994747,Cá diêu hồng hấp bia,https://concop19.github.io/daily-mate-assets/food_anime/dish_15994747.jpg,True,200,
15995365,Bánh canh giò heo dọc mùng,https://concop19.github.io/daily-mate-assets/food_anime/dish_15995365.jpg,True,200,
15995939,Ba rọi bò xào củ hành,https://concop19.github.io/daily-mate-assets/food_anime/dish_15995939.jpg,True,200,
15996011,Canh chua cá cam bò viên (phiên bản vét tủ lạnh),https://concop19.github.io/daily-mate-assets/food_anime/dish_15996011.jpg,True,200,
15996670,Tôm Xám Trứng Ram Mặn,https://concop19.github.io/daily-mate-assets/food_anime/dish_15996670.jpg,True,200,
15996848,Miến Đậu Xanh Xào Mực Nang & Rau Củ,https://concop19.github.io/daily-mate-assets/food_anime/dish_15996848.jpg,True,200,
15996864,Canh Xà Lách Xoong Nấm Mỡ & Cồi Sò Điệp,https://concop19.github.io/daily-mate-assets/food_anime/dish_15996864.jpg,True,200,
15997319,Canh dưa cải muối nấu thịt gà,https://concop19.github.io/daily-mate-assets/food_anime/dish_15997319.jpg,True,200,
15997406,Canh khế chả cá,https://concop19.github.io/daily-mate-assets/food_anime/dish_15997406.jpg,True,200,
15997539,Cơm nắm cá ngừ,https://concop19.github.io/daily-mate-assets/food_anime/dish_15997539.jpg,True,200,
15998570,"Cơm chiên cá hồi,trứng,cải chua,đậu hủ và tàu hủ ki",https://concop19.github.io/daily-mate-assets/food_anime/dish_15998570.jpg,True,200,
15998603,Món Chay Cải Mầm Trộn Nấm Hương Và Tàu Hủ Ky,https://concop19.github.io/daily-mate-assets/food_anime/dish_15998603.jpg,True,200,
15999260,Tokbokki cá viên,https://concop19.github.io/daily-mate-assets/food_anime/dish_15999260.jpg,True,200,
15999270,Mì Ý xốt kem gà nấm,https://concop19.github.io/daily-mate-assets/food_anime/dish_15999270.jpg,True,200,
16000367,"Canh chay rong biển đậu hủ,nấm hương và tàu hủ ky",https://concop19.github.io/daily-mate-assets/food_anime/dish_16000367.jpg,True,200,
16000845,Rau bí nấu ngao,https://concop19.github.io/daily-mate-assets/food_anime/dish_16000845.jpg,True,200,
16000884,Salad trứng trộn rau củ,https://concop19.github.io/daily-mate-assets/food_anime/dish_16000884.jpg,True,200,
16001631,Tôm rang nước mắm,https://concop19.github.io/daily-mate-assets/food_anime/dish_16001631.jpg,True,200,
16001945,Thịt heo quay kho trứng cút,https://concop19.github.io/daily-mate-assets/food_anime/dish_16001945.jpg,True,200,
16002402,"Gỏi Cuốn Tôm, Gà, Trứng, Cà Rốt Và Bún Lứt",https://concop19.github.io/daily-mate-assets/food_anime/dish_16002402.jpg,True,200,
16003033,🌱 Salad Dầu Dấm Chay Rau Củ Thập Cẩm (Vegan),https://concop19.github.io/daily-mate-assets/food_anime/dish_16003033.jpg,True,200,
16003772,"Pizza Đế Mỏng Với Sốt Cà Homemade, Nấm, & Thịt Nguội",https://concop19.github.io/daily-mate-assets/food_anime/dish_16003772.jpg,True,200,
16003773,Hoành Thánh Nhân Tôm Chiên (Sử Dụng Phần Nhân Còn Dư Từ Hôm Nấu Súp),https://concop19.github.io/daily-mate-assets/food_anime/dish_16003773.jpg,True,200,
16004135,Tôm Hấp Nước Dừa,https://concop19.github.io/daily-mate-assets/food_anime/dish_16004135.jpg,True,200,
16004664,"Ruốc nấm hương, rong biển",https://concop19.github.io/daily-mate-assets/food_anime/dish_16004664.jpg,True,200,
16004679,Thịt ba chỉ gác bếp xào hành tây,https://concop19.github.io/daily-mate-assets/food_anime/dish_16004679.jpg,True,200,
16005408,Bánh bao nhân gà nấm,https://concop19.github.io/daily-mate-assets/food_anime/dish_16005408.jpg,True,200,
16007653,Cá Mackerel Chiên Nước Mắm Tỏi Ớt,https://concop19.github.io/daily-mate-assets/food_anime/dish_16007653.jpg,True,200,
16008349,Canh Khoai Môn Bào Nấu Tôm Thịt,https://concop19.github.io/daily-mate-assets/food_anime/dish_16008349.jpg,True,200,
16008380,"Mì Thái Chua Cay Nấu Tôm, Nấm & Trứng",https://concop19.github.io/daily-mate-assets/food_anime/dish_16008380.jpg,True,200,
16008519,Mì ý sốt cà chua nhân thịt,https://concop19.github.io/daily-mate-assets/food_anime/dish_16008519.jpg,True,200,
16008740,Bánh da lợn lá cẩm đậu xanh,https://concop19.github.io/daily-mate-assets/food_anime/dish_16008740.jpg,True,200,
16009835,Thịt viên rau củ sốt me,https://concop19.github.io/daily-mate-assets/food_anime/dish_16009835.jpg,True,200,
16009873,Chạo mực bọc xả,https://concop19.github.io/daily-mate-assets/food_anime/dish_16009873.jpg,True,200,
16009955,Cơm chiên rau chùm ngây tôm,https://concop19.github.io/daily-mate-assets/food_anime/dish_16009955.jpg,True,200,
16010785,Thịt rang cháy cạnh,https://concop19.github.io/daily-mate-assets/food_anime/dish_16010785.jpg,True,200,
16010897,Tôm tẩm bột chiên xù,https://concop19.github.io/daily-mate-assets/food_anime/dish_16010897.jpg,True,200,
16011174,Chả đậu xanh đậu hũ viên chiên,https://concop19.github.io/daily-mate-assets/food_anime/dish_16011174.jpg,True,200,
16011360,Bún thịt heo xào,https://concop19.github.io/daily-mate-assets/food_anime/dish_16011360.jpg,True,200,
16011366,Bánh canh ghẹ chả cá,https://concop19.github.io/daily-mate-assets/food_anime/dish_16011366.jpg,True,200,
16011904,Gỏi Củ Cải Thuỵ Điển & Khô Gan Bò Đen,https://concop19.github.io/daily-mate-assets/food_anime/dish_16011904.jpg,True,200,
16012503,Thịt kho đậu,https://concop19.github.io/daily-mate-assets/food_anime/dish_16012503.jpg,True,200,
16012805,Bánh canh bột xắt nấu giò heo chả cá thác lác,https://concop19.github.io/daily-mate-assets/food_anime/dish_16012805.jpg,True,200,
16012924,Ba chỉ rim đậu hũ,https://concop19.github.io/daily-mate-assets/food_anime/dish_16012924.jpg,True,200,
16013146,Gỏi Cá Trích Cuộn Bánh Tráng,https://concop19.github.io/daily-mate-assets/food_anime/dish_16013146.jpg,True,200,
16013687,"Tôm nấu su hào, cà rốt bào",https://concop19.github.io/daily-mate-assets/food_anime/dish_16013687.jpg,True,200,
16013843,Tim heo xào mướp,https://concop19.github.io/daily-mate-assets/food_anime/dish_16013843.jpg,True,200,
16014595,Bắp Cải Nhồi Thịt Hấp,https://concop19.github.io/daily-mate-assets/food_anime/dish_16014595.jpg,True,200,
16015350,Thịt luộc,https://concop19.github.io/daily-mate-assets/food_anime/dish_16015350.jpg,True,200,
16017040,Bún Trộn Bò Xào Sả (Bún Bò Xào Nam Bộ),https://concop19.github.io/daily-mate-assets/food_anime/dish_16017040.jpg,True,200,
16017116,Súp Miso Rong Biển Đậu Hủ Nấm Mỡ,https://concop19.github.io/daily-mate-assets/food_anime/dish_16017116.jpg,True,200,
16017424,Cháo yến mạch rau củ cá ngừ,https://concop19.github.io/daily-mate-assets/food_anime/dish_16017424.jpg,True,200,
16017536,"Bánh bột lọc chay nhân tàu hủ ky,nấm mèo và cà rốt",https://concop19.github.io/daily-mate-assets/food_anime/dish_16017536.jpg,True,200,
16017570,Đậu hủ chiên giòn sốt cay(món chay),https://concop19.github.io/daily-mate-assets/food_anime/dish_16017570.jpg,True,200,
16017932,"Mì, hủ tiếu giò heo",https://concop19.github.io/daily-mate-assets/food_anime/dish_16017932.jpg,True,200,
16020257,Cháo gà nấm ‐ gỏi gà,https://concop19.github.io/daily-mate-assets/food_anime/dish_16020257.jpg,True,200,
16020603,Mì Soba Cá Ngừ Súp Miso,https://concop19.github.io/daily-mate-assets/food_anime/dish_16020603.jpg,True,200,
16021455,Tô Cơm Trộn Cá Ngừ (Tuna Rice Bowl),https://concop19.github.io/daily-mate-assets/food_anime/dish_16021455.jpg,True,200,
16022040,Thịt viên Thuỵ Điển,https://concop19.github.io/daily-mate-assets/food_anime/dish_16022040.jpg,True,200,
16022127,Chà bông chân nấm rong biển (Ruốc nấm),https://concop19.github.io/daily-mate-assets/food_anime/dish_16022127.jpg,True,200,
16022790,💚 Bánh Bò Bông Sữa Dừa (Vegetarian),https://concop19.github.io/daily-mate-assets/food_anime/dish_16022790.jpg,True,200,
16023078,Bánh Mì Double Cheese Siêu Nhanh Với Thịt Nguội,https://concop19.github.io/daily-mate-assets/food_anime/dish_16023078.jpg,True,200,
16023083,Thăn Heo Kho Tiêu Với Cà Rốt Và Củ Cải Trắng (Dùng Gói Gia Vị Kho Có Sẵn),https://concop19.github.io/daily-mate-assets/food_anime/dish_16023083.jpg,True,200,
16023145,Rice Bowl - Cơm Quinoa Trộn Ức Gà Xé & Rau Quả Tươi,https://concop19.github.io/daily-mate-assets/food_anime/dish_16023145.jpg,True,200,
16024020,"Cơm Chiên Cá Thu, Cá Hồi & Rong Biển",https://concop19.github.io/daily-mate-assets/food_anime/dish_16024020.jpg,True,200,
16024941,SP.0698 - Tàu Hũ Trứng Hấp Thịt,https://concop19.github.io/daily-mate-assets/food_anime/dish_16024941.jpg,True,200,
16025101,Mì Quảng tôm càng,https://concop19.github.io/daily-mate-assets/food_anime/dish_16025101.jpg,True,200,
16025653,Thăn Bò Úc Xào Su Hào,https://concop19.github.io/daily-mate-assets/food_anime/dish_16025653.jpg,True,200,
16025654,"Salad Rau Mầm, Trứng Lòng Đào Và Tôm",https://concop19.github.io/daily-mate-assets/food_anime/dish_16025654.jpg,True,200,
16025864,Măng tây sốt nấm (ver.2),https://concop19.github.io/daily-mate-assets/food_anime/dish_16025864.jpg,True,200,
16026080,Tom Yum Goong - Súp Tôm Chua Cay Thailand,https://concop19.github.io/daily-mate-assets/food_anime/dish_16026080.jpg,True,200,
16026333,Tim heo xào đậu cô ve,https://concop19.github.io/daily-mate-assets/food_anime/dish_16026333.jpg,True,200,
16026567,Cá chỉ vàng và cá ngân chiên giòn,https://concop19.github.io/daily-mate-assets/food_anime/dish_16026567.jpg,True,200,
16026612,Cá điêu hồng chiên,https://concop19.github.io/daily-mate-assets/food_anime/dish_16026612.jpg,True,200,
16026638,Thịt kho tiêu,https://concop19.github.io/daily-mate-assets/food_anime/dish_16026638.jpg,True,200,
16026675,Khô cá bò ép miếng nướng nồi chiên không dầu,https://concop19.github.io/daily-mate-assets/food_anime/dish_16026675.jpg,True,200,
16027760,Canh cải thảo nấu thịt gà,https://concop19.github.io/daily-mate-assets/food_anime/dish_16027760.jpg,True,200,
16029077,Đậu cô ve xào tim heo,https://concop19.github.io/daily-mate-assets/food_anime/dish_16029077.jpg,True,200,
16029078,Thịt Kho Đài Loan,https://concop19.github.io/daily-mate-assets/food_anime/dish_16029078.jpg,True,200,
16029384,Canh cải xoong nấu thịt và tim heo,https://concop19.github.io/daily-mate-assets/food_anime/dish_16029384.jpg,True,200,
16029622,Thịt heo normandy và phô mai,https://concop19.github.io/daily-mate-assets/food_anime/dish_16029622.jpg,True,200,
16029679,Mỳ cua em bé,https://concop19.github.io/daily-mate-assets/food_anime/dish_16029679.jpg,True,200,
16031879,Tai Heo Khìa Nước Dừa,https://concop19.github.io/daily-mate-assets/food_anime/dish_16031879.jpg,True,200,
16032284,"Thịt bò xào khoai tây, cần tây",https://concop19.github.io/daily-mate-assets/food_anime/dish_16032284.jpg,True,200,
16032361,Sách bò xào gia vị phá lấu,https://concop19.github.io/daily-mate-assets/food_anime/dish_16032361.jpg,True,200,
16033644,Cháo sườn đậu xanh tim heo,https://concop19.github.io/daily-mate-assets/food_anime/dish_16033644.jpg,True,200,
16033668,Tim heo xào bông bí,https://concop19.github.io/daily-mate-assets/food_anime/dish_16033668.jpg,True,200,
16034122,Canh chua đầu và lòng cá lóc,https://concop19.github.io/daily-mate-assets/food_anime/dish_16034122.jpg,True,200,
16034351,Bánh bò bí đỏ,https://concop19.github.io/daily-mate-assets/food_anime/dish_16034351.jpg,True,200,
16034443,Cháo Thịt Bằm Nấu Từ Nước Luộc Gà,https://concop19.github.io/daily-mate-assets/food_anime/dish_16034443.jpg,True,200,
16034500,Cơm gà nghệ nấu nấm hương,https://concop19.github.io/daily-mate-assets/food_anime/dish_16034500.jpg,True,200,
16034528,Cơm rang kim chi xào rau củ và ức gà,https://concop19.github.io/daily-mate-assets/food_anime/dish_16034528.jpg,True,200,
16034547,Cơm bò xào măng tây,https://concop19.github.io/daily-mate-assets/food_anime/dish_16034547.jpg,True,200,
16034913,Phở xào vét tủ super rau,https://concop19.github.io/daily-mate-assets/food_anime/dish_16034913.jpg,True,200,
16034962,Cháo Gạo Rang Bò Bằm,https://concop19.github.io/daily-mate-assets/food_anime/dish_16034962.jpg,True,200,
16037741,Canh chua cá bớp,https://concop19.github.io/daily-mate-assets/food_anime/dish_16037741.jpg,True,200,
16037790,Thịt 3 chỉ nướng mắc khén,https://concop19.github.io/daily-mate-assets/food_anime/dish_16037790.jpg,True,200,
16038168,Bí ngô hấp tôm yến mạch (baby food),https://concop19.github.io/daily-mate-assets/food_anime/dish_16038168.jpg,True,200,
16039355,Cà Tím Nhồi Thịt Trứng - Cảnh Báo Dễ Nghiện,https://concop19.github.io/daily-mate-assets/food_anime/dish_16039355.jpg,True,200,
16039652,Tim heo xào hành tây,https://concop19.github.io/daily-mate-assets/food_anime/dish_16039652.jpg,True,200,
16039767,"Tim heo xào bông cải xanh,su su và bắp cải",https://concop19.github.io/daily-mate-assets/food_anime/dish_16039767.jpg,True,200,
16040304,Tim heo hầm hạt sen,https://concop19.github.io/daily-mate-assets/food_anime/dish_16040304.jpg,True,200,
16040477,Mì Ăn Liền Nấu Thịt Trai (Vẹm Đen) & Lá Hẹ,https://concop19.github.io/daily-mate-assets/food_anime/dish_16040477.jpg,True,200,
16040770,Cá Hồi Phi Lê Nướng Cà Ri,https://concop19.github.io/daily-mate-assets/food_anime/dish_16040770.jpg,True,200,
16040983,Canh chua cá diêu hồng,https://concop19.github.io/daily-mate-assets/food_anime/dish_16040983.jpg,True,200,
16041322,Cà ri ếch cho bé,https://concop19.github.io/daily-mate-assets/food_anime/dish_16041322.jpg,True,200,
16041455,Bánh tráng kẹp bánh ít nhân tôm thịt,https://concop19.github.io/daily-mate-assets/food_anime/dish_16041455.jpg,True,200,
16041573,Súp gà rau củ 🌽 🥕,https://concop19.github.io/daily-mate-assets/food_anime/dish_16041573.jpg,True,200,
16042725,Salad Cá Hồi Áp Chảo,https://concop19.github.io/daily-mate-assets/food_anime/dish_16042725.jpg,True,200,
16044072,SP.0695 - Bò Xào 4 Màu,https://concop19.github.io/daily-mate-assets/food_anime/dish_16044072.jpg,True,200,
16044085,Thịt Gà Kho Rau Răm,https://concop19.github.io/daily-mate-assets/food_anime/dish_16044085.jpg,True,200,
16044176,Salad Nui Ống Trộn Ức Gà Rau Củ Healthy,https://concop19.github.io/daily-mate-assets/food_anime/dish_16044176.jpg,True,200,
16044221,"Salad Nui Trộn Ức Gà Xé, Rau Củ & Sữa Chua Healthy",https://concop19.github.io/daily-mate-assets/food_anime/dish_16044221.jpg,True,200,
16044348,Canh sườn nấm rong biển,https://concop19.github.io/daily-mate-assets/food_anime/dish_16044348.jpg,True,200,
16045621,Mực khô xào cay Hàn Quốc (진미채 볶음),https://concop19.github.io/daily-mate-assets/food_anime/dish_16045621.jpg,True,200,
16045641,Xúc xích xào rau củ quả cay Hàn Quốc (소시지 야채 볶음),https://concop19.github.io/daily-mate-assets/food_anime/dish_16045641.jpg,True,200,
16046195,"Súp xương, tôm, trứng",https://concop19.github.io/daily-mate-assets/food_anime/dish_16046195.jpg,True,200,
16046303,Bánh bao thịt,https://concop19.github.io/daily-mate-assets/food_anime/dish_16046303.jpg,True,200,
16046983,Cá hồi nướng chanh vàng,https://concop19.github.io/daily-mate-assets/food_anime/dish_16046983.jpg,True,200,
16047026,Thịt ba chỉ rang cháy cạnh,https://concop19.github.io/daily-mate-assets/food_anime/dish_16047026.jpg,True,200,
16047183,🔸️ỚT CHUÔNG XANH XÀO THỊT BĂM,https://concop19.github.io/daily-mate-assets/food_anime/dish_16047183.jpg,True,200,
16047210,🔸️DƯA LEO TRỘN THANH CUA,https://concop19.github.io/daily-mate-assets/food_anime/dish_16047210.jpg,True,200,
16047324,Vào bếp cùng con: Taco tôm với tortilla từ bột mì và sốt salsa xoài,https://concop19.github.io/daily-mate-assets/food_anime/dish_16047324.jpg,True,200,
16047581,🔸️ỨC GÀ XÀO SẢ ỚT VỚI NẤM ĐÙI GÀ BABY,https://concop19.github.io/daily-mate-assets/food_anime/dish_16047581.jpg,True,200,
16047675,🔸️PHI LÊ CÁ RÔ PHI CHIÊN SẢ,https://concop19.github.io/daily-mate-assets/food_anime/dish_16047675.jpg,True,200,
16047758,🔸️CÁ DIÊU HỒNG KHO LẠT,https://concop19.github.io/daily-mate-assets/food_anime/dish_16047758.jpg,True,200,
16047814,🔸️THỊT BĂM RANG TÔM MẶN NGỌT,https://concop19.github.io/daily-mate-assets/food_anime/dish_16047814.jpg,True,200,
16047838,🔸️CANH BÍ ĐỎ THỊT BĂM,https://concop19.github.io/daily-mate-assets/food_anime/dish_16047838.jpg,True,200,
16047876,🔸️THỊT CHƯNG TRỨNG & NẤM RƠM,https://concop19.github.io/daily-mate-assets/food_anime/dish_16047876.jpg,True,200,
16047887,🔸️CANH RAU MUỐNG CÀ CHUA NẤU TÔM KHÔ,https://concop19.github.io/daily-mate-assets/food_anime/dish_16047887.jpg,True,200,
16048361,Phá lấu sách bò,https://concop19.github.io/daily-mate-assets/food_anime/dish_16048361.jpg,True,200,
16048382,🔸️CẢI THẢO XÀO TÔM KHÔ,https://concop19.github.io/daily-mate-assets/food_anime/dish_16048382.jpg,True,200,
16048415,Cá hồi lăn vụn dừa,https://concop19.github.io/daily-mate-assets/food_anime/dish_16048415.jpg,True,200,
16048439,Thịt nướng tây bắc,https://concop19.github.io/daily-mate-assets/food_anime/dish_16048439.jpg,True,200,
16048886,Cá chỉ vàng kho tiêu,https://concop19.github.io/daily-mate-assets/food_anime/dish_16048886.jpg,True,200,
16049355,🔸️THỊT BA CHỈ RIM CHAO,https://concop19.github.io/daily-mate-assets/food_anime/dish_16049355.jpg,True,200,
16049406,🔸️CANH CÀ CHUA THỊT BĂM,https://concop19.github.io/daily-mate-assets/food_anime/dish_16049406.jpg,True,200,
16049937,Cơm chiên dưa bò,https://concop19.github.io/daily-mate-assets/food_anime/dish_16049937.jpg,True,200,
16050124,🔶️BÚN TÔM,https://concop19.github.io/daily-mate-assets/food_anime/dish_16050124.jpg,True,200,
16050141,🌱 Canh Chua Bắp Chuối & Nấm Chay (Vegan),https://concop19.github.io/daily-mate-assets/food_anime/dish_16050141.jpg,True,200,
16050324,Bún bò trộn,https://concop19.github.io/daily-mate-assets/food_anime/dish_16050324.jpg,True,200,
16050383,Nấm đùi gà xào cà rốt,https://concop19.github.io/daily-mate-assets/food_anime/dish_16050383.jpg,True,200,
16051018,Canh Thịt Nạc Khoai Tây,https://concop19.github.io/daily-mate-assets/food_anime/dish_16051018.jpg,True,200,
16051213,Tai heo sốt thái,https://concop19.github.io/daily-mate-assets/food_anime/dish_16051213.jpg,True,200,
16052124,"Món Kho quẹt kết hợp rau luộc, cơm cháy",https://concop19.github.io/daily-mate-assets/food_anime/dish_16052124.jpg,True,200,
16052283,Óc lợn hấp bí đỏ dinh dưỡng cho bé,https://concop19.github.io/daily-mate-assets/food_anime/dish_16052283.jpg,True,200,
16052825,Nui sao thịt bằm rau củ,https://concop19.github.io/daily-mate-assets/food_anime/dish_16052825.jpg,True,200,
16054140,Hủ Tiếu Xào Mực Ống & Cải Ngọt,https://concop19.github.io/daily-mate-assets/food_anime/dish_16054140.jpg,True,200,
16054200,🔸️ĐẬU HŨ VIÊN CHIÊN,https://concop19.github.io/daily-mate-assets/food_anime/dish_16054200.jpg,True,200,
16054593,Gỏi sứa xoài xanh rau húng,https://concop19.github.io/daily-mate-assets/food_anime/dish_16054593.jpg,True,200,
16054596,Cá diêu hồng rán,https://concop19.github.io/daily-mate-assets/food_anime/dish_16054596.jpg,True,200,
16055490,🔸️CANH CHUA CÁ HÚ BẮP CẢI,https://concop19.github.io/daily-mate-assets/food_anime/dish_16055490.jpg,True,200,
16055822,Cơm chiên dưa cải chua và nấm,https://concop19.github.io/daily-mate-assets/food_anime/dish_16055822.jpg,True,200,
16055865,Thịt Kho Tiêu & Củ Cải Trắng,https://concop19.github.io/daily-mate-assets/food_anime/dish_16055865.jpg,True,200,
16055996,Thịt kho tiêu và đậu hủ,https://concop19.github.io/daily-mate-assets/food_anime/dish_16055996.jpg,True,200,
16056172,Nem lụi/ Chạo heo bọc sả,https://concop19.github.io/daily-mate-assets/food_anime/dish_16056172.jpg,True,200,
16056795,Canh cua đồng mồng tơi,https://concop19.github.io/daily-mate-assets/food_anime/dish_16056795.jpg,True,200,
16057128,Pasta tôm sốt kem không thể cưỡng lại 🍤,https://concop19.github.io/daily-mate-assets/food_anime/dish_16057128.jpg,True,200,
16058511,Rau luộc + tôm thịt kho quẹt,https://concop19.github.io/daily-mate-assets/food_anime/dish_16058511.jpg,True,200,
16058589,Canh Rau Ngót Nấu Tôm,https://concop19.github.io/daily-mate-assets/food_anime/dish_16058589.jpg,True,200,
16058618,Cơm cà ri bò cho bé,https://concop19.github.io/daily-mate-assets/food_anime/dish_16058618.jpg,True,200,
16058621,Đậu hũ non từ hạt sen sốt cam,https://concop19.github.io/daily-mate-assets/food_anime/dish_16058621.jpg,True,200,
16058638,Chả nem tôm cua bề bề,https://concop19.github.io/daily-mate-assets/food_anime/dish_16058638.jpg,True,200,
16058659,Cá hồi sốt chanh leo cho bé,https://concop19.github.io/daily-mate-assets/food_anime/dish_16058659.jpg,True,200,
16058663,Bún tôm cho bé,https://concop19.github.io/daily-mate-assets/food_anime/dish_16058663.jpg,True,200,
16059582,Nấm Đùi Gà Áp Chảo Bơ Tỏi,https://concop19.github.io/daily-mate-assets/food_anime/dish_16059582.jpg,True,200,
16061390,Lẩu mực 🦑 nước dừa,https://concop19.github.io/daily-mate-assets/food_anime/dish_16061390.jpg,True,200,
16061563,Cà ri tôm kiểu thái (ĂD),https://concop19.github.io/daily-mate-assets/food_anime/dish_16061563.jpg,True,200,
16061639,Bắp xào tôm chấy,https://concop19.github.io/daily-mate-assets/food_anime/dish_16061639.jpg,True,200,
16061775,Canh rong biển nấu đậu hủ và thịt bằm,https://concop19.github.io/daily-mate-assets/food_anime/dish_16061775.jpg,True,200,
16062155,Nước rau má đậu xanh,https://concop19.github.io/daily-mate-assets/food_anime/dish_16062155.jpg,True,200,
16062674,Món Pháp - Cá Thầy Tu Bọc Bacon Nướng Lá Thơm,https://concop19.github.io/daily-mate-assets/food_anime/dish_16062674.jpg,True,200,
16063010,Cá trê chiên giòn,https://concop19.github.io/daily-mate-assets/food_anime/dish_16063010.jpg,True,200,
16063062,Cháo nấm rong biển tốc hành từ cơm nguội,https://concop19.github.io/daily-mate-assets/food_anime/dish_16063062.jpg,True,200,
16063454,Súp lơ(bông cải xanh) xào thịt heo,https://concop19.github.io/daily-mate-assets/food_anime/dish_16063454.jpg,True,200,
16063491,Súp Vi Cá,https://concop19.github.io/daily-mate-assets/food_anime/dish_16063491.jpg,True,200,
16063553,Canh khổ qua dồn cá thác lác,https://concop19.github.io/daily-mate-assets/food_anime/dish_16063553.jpg,True,200,
16063562,Cá thác lác trộn thịt heo chiên,https://concop19.github.io/daily-mate-assets/food_anime/dish_16063562.jpg,True,200,
16063575,Cá dìa chiên,https://concop19.github.io/daily-mate-assets/food_anime/dish_16063575.jpg,True,200,
16064095,Thịt kho tiêu mới lạ với heo quay,https://concop19.github.io/daily-mate-assets/food_anime/dish_16064095.jpg,True,200,
16064127,Salad Gà Nấm Healthy,https://concop19.github.io/daily-mate-assets/food_anime/dish_16064127.jpg,True,200,
16064185,Bánh Canh Gà Nấm Hẹ,https://concop19.github.io/daily-mate-assets/food_anime/dish_16064185.jpg,True,200,
16064319,SP.0696 - Thịt Rim Xốt Cay,https://concop19.github.io/daily-mate-assets/food_anime/dish_16064319.jpg,True,200,
16064543,Đậu Hũ Tứ Xuyên Cay Cấp Độ 7,https://concop19.github.io/daily-mate-assets/food_anime/dish_16064543.jpg,True,200,
16064548,Mì Bò Hầm,https://concop19.github.io/daily-mate-assets/food_anime/dish_16064548.jpg,True,200,
16064703,Cá hồi nướng sốt dừa cà chua,https://concop19.github.io/daily-mate-assets/food_anime/dish_16064703.jpg,True,200,
16065746,Vào bếp cùng con: cá diêu hồng hấp xì dầu và hành boa rô thơm phức,https://concop19.github.io/daily-mate-assets/food_anime/dish_16065746.jpg,True,200,
16065781,Cơm Chiên Cá Mặn & Cải Ngọt,https://concop19.github.io/daily-mate-assets/food_anime/dish_16065781.jpg,True,200,
16065828,Tôm sông luộc nước dừa,https://concop19.github.io/daily-mate-assets/food_anime/dish_16065828.jpg,True,200,
16065848,"Cháo Sườn Gà Cùng Rau, Củ, Đậu Hầm",https://concop19.github.io/daily-mate-assets/food_anime/dish_16065848.jpg,True,200,
16065853,Cháo Sườn Nấm - Món Dễ Ăn Cho Người Bệnh,https://concop19.github.io/daily-mate-assets/food_anime/dish_16065853.jpg,True,200,
16065956,Cá chỉ vàng ướp muối chiên giòn,https://concop19.github.io/daily-mate-assets/food_anime/dish_16065956.jpg,True,200,
16065985,Cá chỉ vàng sốt cà,https://concop19.github.io/daily-mate-assets/food_anime/dish_16065985.jpg,True,200,
16066438,Bánh Mì Thịt Nguội Và Phô Mai Emmental,https://concop19.github.io/daily-mate-assets/food_anime/dish_16066438.jpg,True,200,
16066786,Canh sườn bò củ cải,https://concop19.github.io/daily-mate-assets/food_anime/dish_16066786.jpg,True,200,
16068460,"Sườn chay,đậu hủ chiên,xào giá và cà rốt",https://concop19.github.io/daily-mate-assets/food_anime/dish_16068460.jpg,True,200,
16068567,Thịt ba chỉ khìa,https://concop19.github.io/daily-mate-assets/food_anime/dish_16068567.jpg,True,200,
16068709,Đậu phụ nhồi thịt sốt cà chua,https://concop19.github.io/daily-mate-assets/food_anime/dish_16068709.jpg,True,200,
16069092,Cà tím cuộn nấm nướng,https://concop19.github.io/daily-mate-assets/food_anime/dish_16069092.jpg,True,200,
16069222,Bún cá siêu tốc từ cá hộp,https://concop19.github.io/daily-mate-assets/food_anime/dish_16069222.jpg,True,200,
16069883,Súp hải sản,https://concop19.github.io/daily-mate-assets/food_anime/dish_16069883.jpg,True,200,
16069958,"Thịt kho tiêu,trứng cút và tôm",https://concop19.github.io/daily-mate-assets/food_anime/dish_16069958.jpg,True,200,
16069993,Khổ qua dồn cá thác lác,https://concop19.github.io/daily-mate-assets/food_anime/dish_16069993.jpg,True,200,
16070170,Cơm sốt thịt bằm cà chua,https://concop19.github.io/daily-mate-assets/food_anime/dish_16070170.jpg,True,200,
16070296,Bánh Mì Chảo - Bò Né,https://concop19.github.io/daily-mate-assets/food_anime/dish_16070296.jpg,True,200,
16071034,Canh rau tầm bóp nấu móng giò,https://concop19.github.io/daily-mate-assets/food_anime/dish_16071034.jpg,True,200,
16071140,Canh rau tần ô nấu tôm tươi,https://concop19.github.io/daily-mate-assets/food_anime/dish_16071140.jpg,True,200,
16071182,Thịt bằm xào đậu cô ve,https://concop19.github.io/daily-mate-assets/food_anime/dish_16071182.jpg,True,200,
16071199,Hủ tiếu xương và lưỡi heo,https://concop19.github.io/daily-mate-assets/food_anime/dish_16071199.jpg,True,200,
16071205,Hủ tiếu mì xương và thịt,https://concop19.github.io/daily-mate-assets/food_anime/dish_16071205.jpg,True,200,
16072374,"Bánh canh chay sườn chay gà,đậu hủ và nấm bào ngư",https://concop19.github.io/daily-mate-assets/food_anime/dish_16072374.jpg,True,200,
16072416,Bò kho gừng,https://concop19.github.io/daily-mate-assets/food_anime/dish_16072416.jpg,True,200,
16073988,Cá Chiên Sả Ớt,https://concop19.github.io/daily-mate-assets/food_anime/dish_16073988.jpg,True,200,
16074012,Cá Hồi Nướng Sả,https://concop19.github.io/daily-mate-assets/food_anime/dish_16074012.jpg,True,200,
16074289,Bí xanh xào nấm,https://concop19.github.io/daily-mate-assets/food_anime/dish_16074289.jpg,True,200,
16074841,Mực xào cần tỏi tây,https://concop19.github.io/daily-mate-assets/food_anime/dish_16074841.jpg,True,200,
16075323,Gỏi Cuốn Ức Gà & Rau Củ Ngũ Sắc,https://concop19.github.io/daily-mate-assets/food_anime/dish_16075323.jpg,True,200,
16075742,Kho quẹt rau củ,https://concop19.github.io/daily-mate-assets/food_anime/dish_16075742.jpg,True,200,
16075977,Sandwich cuộn phômai cá hồi (baby food),https://concop19.github.io/daily-mate-assets/food_anime/dish_16075977.jpg,True,200,
16076729,Canh Khoai Tây Nấu Xương Heo,https://concop19.github.io/daily-mate-assets/food_anime/dish_16076729.jpg,True,200,
16076736,Chả Giò Cá Cuốn Bánh Tráng Chấm Mắm Cái,https://concop19.github.io/daily-mate-assets/food_anime/dish_16076736.jpg,True,200,
16077747,Thịt viên sốt cà ngon tốn cơm,https://concop19.github.io/daily-mate-assets/food_anime/dish_16077747.jpg,True,200,
16078024,Canh đậu hũ cà chua,https://concop19.github.io/daily-mate-assets/food_anime/dish_16078024.jpg,True,200,
16078387,Thịt Cốt Lếch Iberico Ram,https://concop19.github.io/daily-mate-assets/food_anime/dish_16078387.jpg,True,200,
16078511,Canh Khoai Từ Nấu Tôm,https://concop19.github.io/daily-mate-assets/food_anime/dish_16078511.jpg,True,200,
16078609,Canh Cải Cúc Nấu Tôm Khô,https://concop19.github.io/daily-mate-assets/food_anime/dish_16078609.jpg,True,200,
16078620,Cá Cơm Sữa Chiên Bột,https://concop19.github.io/daily-mate-assets/food_anime/dish_16078620.jpg,True,200,
16078769,Sườn chay dồn thịt chiên,https://concop19.github.io/daily-mate-assets/food_anime/dish_16078769.jpg,True,200,
16079247,Mì Tương Đen Siêu Cay Trộn Tôm,https://concop19.github.io/daily-mate-assets/food_anime/dish_16079247.jpg,True,200,
16079780,Canh củ sen đậu đỏ nấm hầu thủ,https://concop19.github.io/daily-mate-assets/food_anime/dish_16079780.jpg,True,200,
16081227,Cá chỉ vàng nướng NCKD,https://concop19.github.io/daily-mate-assets/food_anime/dish_16081227.jpg,True,200,
16082086,Cơm chiên rau củ thập cẩm,https://concop19.github.io/daily-mate-assets/food_anime/dish_16082086.jpg,True,200,
16082426,🌱 Rau Tầm Ma (Ortie) Luộc Chấm Nước Muối,https://concop19.github.io/daily-mate-assets/food_anime/dish_16082426.jpg,True,200,
16082463,🌱 Canh Rau Tầm Ma Nấm Mỡ (Vegan),https://concop19.github.io/daily-mate-assets/food_anime/dish_16082463.jpg,True,200,
16082835,Canh hến tôm nấu mồng tơi,https://concop19.github.io/daily-mate-assets/food_anime/dish_16082835.jpg,True,200,
16082836,Ruốc cá lóc,https://concop19.github.io/daily-mate-assets/food_anime/dish_16082836.jpg,True,200,
16083096,Nấm đậu xúc bánh đa,https://concop19.github.io/daily-mate-assets/food_anime/dish_16083096.jpg,True,200,
16083190,Cà ri cà tím khoai lang mật và đậu hũ non chay,https://concop19.github.io/daily-mate-assets/food_anime/dish_16083190.jpg,True,200,
16083639,Canh Bí Đao Bào Nấu Tôm Tươi,https://concop19.github.io/daily-mate-assets/food_anime/dish_16083639.jpg,True,200,
16083640,Cơm Cá Hồi Áp Chảo Muối Vừng,https://concop19.github.io/daily-mate-assets/food_anime/dish_16083640.jpg,True,200,
16084380,Đậu hũ trứng chiên giòn,https://concop19.github.io/daily-mate-assets/food_anime/dish_16084380.jpg,True,200,
16084439,Canh chua cá chốt nấu lá me đất,https://concop19.github.io/daily-mate-assets/food_anime/dish_16084439.jpg,True,200,
16084969,Rau Tầm Ma Xào Tỏi & Dầu Hào,https://concop19.github.io/daily-mate-assets/food_anime/dish_16084969.jpg,True,200,
16085002,Bánh Mì Sandwich Kẹp Thịt Nguội Phô Mai 🥪,https://concop19.github.io/daily-mate-assets/food_anime/dish_16085002.jpg,True,200,
16086307,Đậu hũ non hấp kỷ tử,https://concop19.github.io/daily-mate-assets/food_anime/dish_16086307.jpg,True,200,
16086421,Canh mồng tơi tôm tươi,https://concop19.github.io/daily-mate-assets/food_anime/dish_16086421.jpg,True,200,
16086892,Cá Cơm Sữa Kho,https://concop19.github.io/daily-mate-assets/food_anime/dish_16086892.jpg,True,200,
16086924,Rau Muống Luộc và Nước Luộc Rau,https://concop19.github.io/daily-mate-assets/food_anime/dish_16086924.jpg,True,200,
16086972,Đậu Hũ Chiên,https://concop19.github.io/daily-mate-assets/food_anime/dish_16086972.jpg,True,200,
16087002,Nấm Bào Ngư Hấp Sả Chấm Mắm Gừng,https://concop19.github.io/daily-mate-assets/food_anime/dish_16087002.jpg,True,200,
16087012,Canh Nấm Rơm Nấu Thì Là,https://concop19.github.io/daily-mate-assets/food_anime/dish_16087012.jpg,True,200,
16087233,Đậu hủ chiên xốt cà chua,https://concop19.github.io/daily-mate-assets/food_anime/dish_16087233.jpg,True,200,
16087390,💚 Quenelle Vegetarian Sốt Nấm Đút Lò,https://concop19.github.io/daily-mate-assets/food_anime/dish_16087390.jpg,True,200,
16087602,Mì xào mực cải ngọt,https://concop19.github.io/daily-mate-assets/food_anime/dish_16087602.jpg,True,200,
16087882,Cá chỉ vàng muối sả và nghệ chiên,https://concop19.github.io/daily-mate-assets/food_anime/dish_16087882.jpg,True,200,
16088018,Canh rau lang nấu tôm tươi,https://concop19.github.io/daily-mate-assets/food_anime/dish_16088018.jpg,True,200,
16088039,Cá điêu hồng chiên,https://concop19.github.io/daily-mate-assets/food_anime/dish_16088039.jpg,True,200,
16088806,Ớt chuông xào thịt bò,https://concop19.github.io/daily-mate-assets/food_anime/dish_16088806.jpg,True,200,
16088960,Thịt cuộn nấm đùi gà sốt chua ngọt,https://concop19.github.io/daily-mate-assets/food_anime/dish_16088960.jpg,True,200,
16088967,Thịt đùi gà xào lăn,https://concop19.github.io/daily-mate-assets/food_anime/dish_16088967.jpg,True,200,
16089161,Cháo bí đỏ thịt băm,https://concop19.github.io/daily-mate-assets/food_anime/dish_16089161.jpg,True,200,
16089299,Mì Bò Xào Cay Cùng Bắp CẢi Và Cà Rốt,https://concop19.github.io/daily-mate-assets/food_anime/dish_16089299.jpg,True,200,
16089389,🔸️GÀ KHO RAU RĂM,https://concop19.github.io/daily-mate-assets/food_anime/dish_16089389.jpg,True,200,
16089438,🔸️CANH TẦN Ô NẤU MỰC VIÊN,https://concop19.github.io/daily-mate-assets/food_anime/dish_16089438.jpg,True,200,
16089742,Gỏi khô cá lóc dưa leo,https://concop19.github.io/daily-mate-assets/food_anime/dish_16089742.jpg,True,200,
16089812,Bánh canh hẹ Cá Mú,https://concop19.github.io/daily-mate-assets/food_anime/dish_16089812.jpg,True,200,
16089876,Thịt viên sốt cà chua,https://concop19.github.io/daily-mate-assets/food_anime/dish_16089876.jpg,True,200,
16089921,Cơm nắm ruốc cá hồi,https://concop19.github.io/daily-mate-assets/food_anime/dish_16089921.jpg,True,200,
16089922,Khoai tây nướng tôm phômai (baby food),https://concop19.github.io/daily-mate-assets/food_anime/dish_16089922.jpg,True,200,
16090156,Mì Gói Mama Tôm Cà Chua & Ớt Sa Tế Siêu Cay 🌶,https://concop19.github.io/daily-mate-assets/food_anime/dish_16090156.jpg,True,200,
16090192,Pizza khoai tây hải sản,https://concop19.github.io/daily-mate-assets/food_anime/dish_16090192.jpg,True,200,
16090458,"Hủ Tíu Ức Gà, Nấm & Rau Củ",https://concop19.github.io/daily-mate-assets/food_anime/dish_16090458.jpg,True,200,
16090816,Canh trùng trục nấu rau cải bó xôi,https://concop19.github.io/daily-mate-assets/food_anime/dish_16090816.jpg,True,200,
16090885,Đậu hũ non khoai lang ruột vàng,https://concop19.github.io/daily-mate-assets/food_anime/dish_16090885.jpg,True,200,
16091173,Cá nục hấp hành cuốn rau muống do lướt tóp tóp quá nhiều,https://concop19.github.io/daily-mate-assets/food_anime/dish_16091173.jpg,True,200,
16091468,Canh cá mú nấm,https://concop19.github.io/daily-mate-assets/food_anime/dish_16091468.jpg,True,200,
16091487,"Combo món chiên: đùi gà chiên, tôm chiên, khoai lang chiên",https://concop19.github.io/daily-mate-assets/food_anime/dish_16091487.jpg,True,200,
16091527,Mì spaghetti bò,https://concop19.github.io/daily-mate-assets/food_anime/dish_16091527.jpg,True,200,
16092034,Canh hàu nấu rau muống,https://concop19.github.io/daily-mate-assets/food_anime/dish_16092034.jpg,True,200,
16092095,Lòng cá lóc xào dưa chua,https://concop19.github.io/daily-mate-assets/food_anime/dish_16092095.jpg,True,200,
16092114,Nui sao xào thịt rau củ,https://concop19.github.io/daily-mate-assets/food_anime/dish_16092114.jpg,True,200,
16092148,Canh măng cá và lòng cá,https://concop19.github.io/daily-mate-assets/food_anime/dish_16092148.jpg,True,200,
16092186,Đậu hũ sa tế,https://concop19.github.io/daily-mate-assets/food_anime/dish_16092186.jpg,True,200,
16092215,Lòng cá hú xào rau muống,https://concop19.github.io/daily-mate-assets/food_anime/dish_16092215.jpg,True,200,
16092256,Cá chỉ vàng nấu chua,https://concop19.github.io/daily-mate-assets/food_anime/dish_16092256.jpg,True,200,
16092305,Cá chỉ vàng sốt teriyaki,https://concop19.github.io/daily-mate-assets/food_anime/dish_16092305.jpg,True,200,
16093743,Canh bắp cải thịt bò,https://concop19.github.io/daily-mate-assets/food_anime/dish_16093743.jpg,True,200,
16093942,Cháo khoai lang cá hồi,https://concop19.github.io/daily-mate-assets/food_anime/dish_16093942.jpg,True,200,
16093996,Cá hồi nướng nồi chiên không dầu,https://concop19.github.io/daily-mate-assets/food_anime/dish_16093996.jpg,True,200,
16094250,Cá róc và cá chuồn trứng sốt teriyaki,https://concop19.github.io/daily-mate-assets/food_anime/dish_16094250.jpg,True,200,
16094702,Súp gà nấm bổ dưỡng,https://concop19.github.io/daily-mate-assets/food_anime/dish_16094702.jpg,True,200,
16094786,Giá xào thịt heo,https://concop19.github.io/daily-mate-assets/food_anime/dish_16094786.jpg,True,200,
16094865,Nấm kim châm xốt dầu hào,https://concop19.github.io/daily-mate-assets/food_anime/dish_16094865.jpg,True,200,
16095164,Mushroom Bun 🍄 bánh mì ngọt hình nấm 🍄,https://concop19.github.io/daily-mate-assets/food_anime/dish_16095164.jpg,True,200,
16095443,Surf n Turf (Steak và hải sản),https://concop19.github.io/daily-mate-assets/food_anime/dish_16095443.jpg,True,200,
16095659,Canh tôm rong biển đậu hủ non đậu gà,https://concop19.github.io/daily-mate-assets/food_anime/dish_16095659.jpg,True,200,
16096403,Mì quảng ếch,https://concop19.github.io/daily-mate-assets/food_anime/dish_16096403.jpg,True,200,
16097785,Rau cải xanh xào chân nấm,https://concop19.github.io/daily-mate-assets/food_anime/dish_16097785.jpg,True,200,
16098086,Đậu hũ non sốt bơ tỏi,https://concop19.github.io/daily-mate-assets/food_anime/dish_16098086.jpg,True,200,
16098500,Canh thịt heo (돼지국밥),https://concop19.github.io/daily-mate-assets/food_anime/dish_16098500.jpg,True,200,
16099043,Đậu phụ viên chiên giòn (Tofu ball),https://concop19.github.io/daily-mate-assets/food_anime/dish_16099043.jpg,True,200,
16099482,Gỏi Cuốn Cá Hồi Xông Khói & Rau Xanh,https://concop19.github.io/daily-mate-assets/food_anime/dish_16099482.jpg,True,200,
16099728,Trứng hấp sốt tôm thịt cho bé,https://concop19.github.io/daily-mate-assets/food_anime/dish_16099728.jpg,True,200,
16099772,Rau càng cua trộn dầu giấm,https://concop19.github.io/daily-mate-assets/food_anime/dish_16099772.jpg,True,200,
16100684,Miến nấm rau răm (Miến lươn chay),https://concop19.github.io/daily-mate-assets/food_anime/dish_16100684.jpg,True,200,
16101036,Cơm Chiên Rau Xanh,https://concop19.github.io/daily-mate-assets/food_anime/dish_16101036.jpg,True,200,
16101063,Nui rau củ,https://concop19.github.io/daily-mate-assets/food_anime/dish_16101063.jpg,True,200,
16101088,Cháo cá hồi,https://concop19.github.io/daily-mate-assets/food_anime/dish_16101088.jpg,True,200,
16101105,Đậu hủ nhồi thịt xốt cà chua,https://concop19.github.io/daily-mate-assets/food_anime/dish_16101105.jpg,True,200,
16102477,Canh bí xanh cuộn thịt,https://concop19.github.io/daily-mate-assets/food_anime/dish_16102477.jpg,True,200,
16102657,Hủ Tiếu Măng Gà Nấm,https://concop19.github.io/daily-mate-assets/food_anime/dish_16102657.jpg,True,200,
16103902,Đậu non trứng thịt sốt teriyaki,https://concop19.github.io/daily-mate-assets/food_anime/dish_16103902.jpg,True,200,
16103926,Canh đậu hũ rong biển,https://concop19.github.io/daily-mate-assets/food_anime/dish_16103926.jpg,True,200,
16104495,Cá hồi nướng sốt Teriyaki,https://concop19.github.io/daily-mate-assets/food_anime/dish_16104495.jpg,True,200,
16105167,Tôm rang tóp mỡ,https://concop19.github.io/daily-mate-assets/food_anime/dish_16105167.jpg,True,200,
16105324,Canh hải sản nấu nấm,https://concop19.github.io/daily-mate-assets/food_anime/dish_16105324.jpg,True,200,
16105471,Thịt lợn xào hành tây,https://concop19.github.io/daily-mate-assets/food_anime/dish_16105471.jpg,True,200,
16105702,Phile cá chiên giòn,https://concop19.github.io/daily-mate-assets/food_anime/dish_16105702.jpg,True,200,
16107191,Sandwich cua nướng (baby food),https://concop19.github.io/daily-mate-assets/food_anime/dish_16107191.jpg,True,200,
16108152,Bánh canh nấm,https://concop19.github.io/daily-mate-assets/food_anime/dish_16108152.jpg,True,200,
16108333,Thịt băm rang trứng đậu phụ,https://concop19.github.io/daily-mate-assets/food_anime/dish_16108333.jpg,True,200,
16109386,Canh mùng tơi nấu tôm,https://concop19.github.io/daily-mate-assets/food_anime/dish_16109386.jpg,True,200,
16109614,Nui bò bằm phô mai đút lò,https://concop19.github.io/daily-mate-assets/food_anime/dish_16109614.jpg,True,200,
16111849,Cá Tuyết Hấp (Chưng) Bún Tàu & Lá Tỏi Gấu,https://concop19.github.io/daily-mate-assets/food_anime/dish_16111849.jpg,True,200,
16112176,Canh ghẹ rau muống,https://concop19.github.io/daily-mate-assets/food_anime/dish_16112176.jpg,True,200,
16113309,Chả heo rong biển,https://concop19.github.io/daily-mate-assets/food_anime/dish_16113309.jpg,True,200,
16113853,Bánh BÒ thốt nốt nướng NCKD (airfryer),https://concop19.github.io/daily-mate-assets/food_anime/dish_16113853.jpg,True,200,
16114976,Bún Tôm Hải Phòng Keto,https://concop19.github.io/daily-mate-assets/food_anime/dish_16114976.jpg,True,200,
16115664,Món chay: Canh rau ngót giá đỗ,https://concop19.github.io/daily-mate-assets/food_anime/dish_16115664.jpg,True,200,
16115693,Rau Câu Sơn Thủy,https://concop19.github.io/daily-mate-assets/food_anime/dish_16115693.jpg,True,200,
16116575,Steak cá hồi sốt teriyaki,https://concop19.github.io/daily-mate-assets/food_anime/dish_16116575.jpg,True,200,
16116624,SP.0703 - Thăn Heo Xào Tàu Xì,https://concop19.github.io/daily-mate-assets/food_anime/dish_16116624.jpg,True,200,
16116971,Salad Rau Diếp Xoăn Trắng (Endive) Táo & Thịt Nguội,https://concop19.github.io/daily-mate-assets/food_anime/dish_16116971.jpg,True,200,
16118781,"Bánh canh chả cá, cá lóc",https://concop19.github.io/daily-mate-assets/food_anime/dish_16118781.jpg,True,200,
16121589,Cơm bò bolgogi,https://concop19.github.io/daily-mate-assets/food_anime/dish_16121589.jpg,True,200,
16122933,Cá cờ sốt teriyaki cuộn tía tô và tỏi tươi,https://concop19.github.io/daily-mate-assets/food_anime/dish_16122933.jpg,True,200,
16123207,Thịt heo quay kho nước tương,https://concop19.github.io/daily-mate-assets/food_anime/dish_16123207.jpg,True,200,
16123290,Thịt Ba Chỉ Kho Mắm Ruốc,https://concop19.github.io/daily-mate-assets/food_anime/dish_16123290.jpg,True,200,
16123294,Súp Gà Hầm Rau Củ (Nấu Từ Nước Ninh Gà),https://concop19.github.io/daily-mate-assets/food_anime/dish_16123294.jpg,True,200,
16124254,Cá lóc kho,https://concop19.github.io/daily-mate-assets/food_anime/dish_16124254.jpg,True,200,
16124319,Rau Cần Xào Bò,https://concop19.github.io/daily-mate-assets/food_anime/dish_16124319.jpg,True,200,
16124385,Thịt kho măng đậu hũ,https://concop19.github.io/daily-mate-assets/food_anime/dish_16124385.jpg,True,200,
16124854,🌱 Nấm Mỡ Kho Nước Tương Chay (Vegan),https://concop19.github.io/daily-mate-assets/food_anime/dish_16124854.jpg,True,200,
16126581,"Bún thịt xiên nướng, chả giò",https://concop19.github.io/daily-mate-assets/food_anime/dish_16126581.jpg,True,200,
16127235,Trứng Chiên Mắm Tôm,https://concop19.github.io/daily-mate-assets/food_anime/dish_16127235.jpg,True,200,
16127738,Canh Cải Non Nấu Tôm,https://concop19.github.io/daily-mate-assets/food_anime/dish_16127738.jpg,True,200,
16128961,Cơm rang mì tôm,https://concop19.github.io/daily-mate-assets/food_anime/dish_16128961.jpg,True,200,
16129171,Thịt băm rang sả,https://concop19.github.io/daily-mate-assets/food_anime/dish_16129171.jpg,True,200,
16129771,Da heo luộc chấm mắm nêm,https://concop19.github.io/daily-mate-assets/food_anime/dish_16129771.jpg,True,200,
16130287,Thịt bò nướng lá lốt,https://concop19.github.io/daily-mate-assets/food_anime/dish_16130287.jpg,True,200,
16131147,Cháo mực,https://concop19.github.io/daily-mate-assets/food_anime/dish_16131147.jpg,True,200,
16132348,Tôm rang dứa,https://concop19.github.io/daily-mate-assets/food_anime/dish_16132348.jpg,True,200,
16132371,Bánh tráng cuốn thịt heo,https://concop19.github.io/daily-mate-assets/food_anime/dish_16132371.jpg,True,200,
16133240,Đậu Co Ve Xào Tim Heo,https://concop19.github.io/daily-mate-assets/food_anime/dish_16133240.jpg,True,200,
16133458,Dẻ sườn bò nướng,https://concop19.github.io/daily-mate-assets/food_anime/dish_16133458.jpg,True,200,
16133926,Lá Tỏi Gấu Cuộn Bò Bằm Xiên Que Nướng,https://concop19.github.io/daily-mate-assets/food_anime/dish_16133926.jpg,True,200,
16133949,Đậu Hũ Kho Sả Ớt,https://concop19.github.io/daily-mate-assets/food_anime/dish_16133949.jpg,True,200,
16133953,Rau Củ Luộc Chấm Muối Vừng,https://concop19.github.io/daily-mate-assets/food_anime/dish_16133953.jpg,True,200,
16133954,Nấm Hoàng Kim Xào,https://concop19.github.io/daily-mate-assets/food_anime/dish_16133954.jpg,True,200,
16133956,Canh Cải Xoăn Nấu Nấm Rơm,https://concop19.github.io/daily-mate-assets/food_anime/dish_16133956.jpg,True,200,
16133969,Cải Chua Kho Nấm Rơm,https://concop19.github.io/daily-mate-assets/food_anime/dish_16133969.jpg,True,200,
16133973,Canh Mướp Nấu Nấm Kim Châm,https://concop19.github.io/daily-mate-assets/food_anime/dish_16133973.jpg,True,200,
16133976,Rau Muống Xào Chao,https://concop19.github.io/daily-mate-assets/food_anime/dish_16133976.jpg,True,200,
16133993,Chè Rau Câu,https://concop19.github.io/daily-mate-assets/food_anime/dish_16133993.jpg,True,200,
16133995,Canh Rau Tập Tàng Nấu Tôm,https://concop19.github.io/daily-mate-assets/food_anime/dish_16133995.jpg,True,200,
16133998,Cá Đổng Chiên Muối,https://concop19.github.io/daily-mate-assets/food_anime/dish_16133998.jpg,True,200,
16134005,Cá Thu Chiên,https://concop19.github.io/daily-mate-assets/food_anime/dish_16134005.jpg,True,200,
16134007,Mắm Cá Chưng,https://concop19.github.io/daily-mate-assets/food_anime/dish_16134007.jpg,True,200,
16134251,Rau câu sữa dừa lá cẩm,https://concop19.github.io/daily-mate-assets/food_anime/dish_16134251.jpg,True,200,
16135691,Tôm Rang Thịt Nạc Vai Đưa Cơm Cực Kỳ,https://concop19.github.io/daily-mate-assets/food_anime/dish_16135691.jpg,True,200,
16136462,Gỏi xoài tôm khô,https://concop19.github.io/daily-mate-assets/food_anime/dish_16136462.jpg,True,200,
16136513,Thịt rang sả cháy cạnh,https://concop19.github.io/daily-mate-assets/food_anime/dish_16136513.jpg,True,200,
16136576,Đậu phụ rim sả ớt,https://concop19.github.io/daily-mate-assets/food_anime/dish_16136576.jpg,True,200,
16137154,Cà Pháo Xanh Muối Xổi Mắm Tôm,https://concop19.github.io/daily-mate-assets/food_anime/dish_16137154.jpg,True,200,
16137321,Chà Bông Thịt Heo Xé Tay,https://concop19.github.io/daily-mate-assets/food_anime/dish_16137321.jpg,True,200,
16138903,Thịt heo xào hành tây cuối tuần,https://concop19.github.io/daily-mate-assets/food_anime/dish_16138903.jpg,True,200,
16139327,Bánh đúc tôm thịt,https://concop19.github.io/daily-mate-assets/food_anime/dish_16139327.jpg,True,200,
16140075,Cá kho riềng tại Nhật,https://concop19.github.io/daily-mate-assets/food_anime/dish_16140075.jpg,True,200,
16140589,Đậu hũ non khoai lang sốt thanh long,https://concop19.github.io/daily-mate-assets/food_anime/dish_16140589.jpg,True,200,
16140719,Thịt băm rang nước mắm,https://concop19.github.io/daily-mate-assets/food_anime/dish_16140719.jpg,True,200,
16141448,Thịt băm rang hành lá,https://concop19.github.io/daily-mate-assets/food_anime/dish_16141448.jpg,True,200,
16141810,Cá diêu hồng mắm xoài,https://concop19.github.io/daily-mate-assets/food_anime/dish_16141810.jpg,True,200,
16141929,Canh rau bướm,https://concop19.github.io/daily-mate-assets/food_anime/dish_16141929.jpg,True,200,
16143180,Đậu hũ non hạt sen sốt xoài cho bé,https://concop19.github.io/daily-mate-assets/food_anime/dish_16143180.jpg,True,200,
16143187,Bánh sừng bò,https://concop19.github.io/daily-mate-assets/food_anime/dish_16143187.jpg,True,200,
16143975,Soup bắp hải sản (không bột năng),https://concop19.github.io/daily-mate-assets/food_anime/dish_16143975.jpg,True,200,
16144072,Khoai tây bọc tôm chiên xù (baby food),https://concop19.github.io/daily-mate-assets/food_anime/dish_16144072.jpg,True,200,
16144882,🌱 Canh Rau Tầm Ma Khoai Tây Nấm Mỡ (Vegan),https://concop19.github.io/daily-mate-assets/food_anime/dish_16144882.jpg,True,200,
16145043,Rau cần nước muối chua,https://concop19.github.io/daily-mate-assets/food_anime/dish_16145043.jpg,True,200,
16145863,Thịt băm rang sả ớt,https://concop19.github.io/daily-mate-assets/food_anime/dish_16145863.jpg,True,200,
16146244,Đậu hủ chiên nhúng mắm hành,https://concop19.github.io/daily-mate-assets/food_anime/dish_16146244.jpg,True,200,
16146436,Thịt lợn chiên giòn,https://concop19.github.io/daily-mate-assets/food_anime/dish_16146436.jpg,True,200,
16146746,Thịt nướng giềng mẻ,https://concop19.github.io/daily-mate-assets/food_anime/dish_16146746.jpg,True,200,
16146915,Gỏi bò,https://concop19.github.io/daily-mate-assets/food_anime/dish_16146915.jpg,True,200,
16148497,Thịt băm rang trứng,https://concop19.github.io/daily-mate-assets/food_anime/dish_16148497.jpg,True,200,
16148523,Thịt băm rang nấu canh cải con,https://concop19.github.io/daily-mate-assets/food_anime/dish_16148523.jpg,True,200,
16148545,Rau củ xào thịt ba rọi,https://concop19.github.io/daily-mate-assets/food_anime/dish_16148545.jpg,True,200,
16148629,Giò heo nạc kho trứng,https://concop19.github.io/daily-mate-assets/food_anime/dish_16148629.jpg,True,200,
16148731,Hải sản chiên xù,https://concop19.github.io/daily-mate-assets/food_anime/dish_16148731.jpg,True,200,
16148851,Thịt Băm Rang Miso,https://concop19.github.io/daily-mate-assets/food_anime/dish_16148851.jpg,True,200,
16148925,Rice Bowl Cà Tím Nướng & Thịt Băm Rang Tương Miso,https://concop19.github.io/daily-mate-assets/food_anime/dish_16148925.jpg,True,200,
16149980,Trứng bọc thịt rán,https://concop19.github.io/daily-mate-assets/food_anime/dish_16149980.jpg,True,200,
16149996,Đậu hũ gói rong biển,https://concop19.github.io/daily-mate-assets/food_anime/dish_16149996.jpg,True,200,
16150230,Thịt Băm Rang Tỏi Ớt,https://concop19.github.io/daily-mate-assets/food_anime/dish_16150230.jpg,True,200,
16150276,Tim Heo Khìa Nước Mắm,https://concop19.github.io/daily-mate-assets/food_anime/dish_16150276.jpg,True,200,
16150297,Rau Dền Luộc Chấm Nước Mắm Tỏi Ớt,https://concop19.github.io/daily-mate-assets/food_anime/dish_16150297.jpg,True,200,
16150361,Bí Ngòi Nhồi Thịt Bò Bằm Sốt Tỏi Gấu,https://concop19.github.io/daily-mate-assets/food_anime/dish_16150361.jpg,True,200,
16150399,Cà Tím Xào Tim Heo,https://concop19.github.io/daily-mate-assets/food_anime/dish_16150399.jpg,True,200,
16151050,Bún mắm thịt nướng,https://concop19.github.io/daily-mate-assets/food_anime/dish_16151050.jpg,True,200,
16151098,Nui xào thịt băm xúc xích,https://concop19.github.io/daily-mate-assets/food_anime/dish_16151098.jpg,True,200,
16151311,Thịt băm rang mắm tép,https://concop19.github.io/daily-mate-assets/food_anime/dish_16151311.jpg,True,200,
16151574,"Lẩu Thái Hải Sản, Bò, Gà",https://concop19.github.io/daily-mate-assets/food_anime/dish_16151574.jpg,True,200,
16151589,Đậu Đũa Xào Thịt Thăn Bò,https://concop19.github.io/daily-mate-assets/food_anime/dish_16151589.jpg,True,200,
16151601,Bún Sườn Non Dọc Mùng Nấm Me,https://concop19.github.io/daily-mate-assets/food_anime/dish_16151601.jpg,True,200,
16151611,Sốt Cà Bò Bằm Cà Rốt (Sốt Bolognese Phiên Bản Việt),https://concop19.github.io/daily-mate-assets/food_anime/dish_16151611.jpg,True,200,
16151739,Đậu phụ sốt tương đen,https://concop19.github.io/daily-mate-assets/food_anime/dish_16151739.jpg,True,200,
16153040,Bánh hỏi - bò nướng,https://concop19.github.io/daily-mate-assets/food_anime/dish_16153040.jpg,True,200,
16153779,Bánh Tráng Trộn Tôm Rim,https://concop19.github.io/daily-mate-assets/food_anime/dish_16153779.jpg,True,200,
16155311,Tai heo luộc,https://concop19.github.io/daily-mate-assets/food_anime/dish_16155311.jpg,True,200,
16155372,Ếch sốt bơ tỏi,https://concop19.github.io/daily-mate-assets/food_anime/dish_16155372.jpg,True,200,
16155578,Bánh Tráng Trộn Muối Tôm Đơn Giản,https://concop19.github.io/daily-mate-assets/food_anime/dish_16155578.jpg,True,200,
16155794,Canh sườn non nấu rau củ,https://concop19.github.io/daily-mate-assets/food_anime/dish_16155794.jpg,True,200,
16156477,Thịt chiên,https://concop19.github.io/daily-mate-assets/food_anime/dish_16156477.jpg,True,200,
16157363,Canh cua cà muối,https://concop19.github.io/daily-mate-assets/food_anime/dish_16157363.jpg,True,200,
16157396,Chả cá Hàn Quốc xào,https://concop19.github.io/daily-mate-assets/food_anime/dish_16157396.jpg,True,200,
16157935,Mực xào cà ri satế,https://concop19.github.io/daily-mate-assets/food_anime/dish_16157935.jpg,True,200,
16157981,Canh cá nấu măng giảm cân,https://concop19.github.io/daily-mate-assets/food_anime/dish_16157981.jpg,True,200,
16159234,Nui gà sốt cà ri rau củ,https://concop19.github.io/daily-mate-assets/food_anime/dish_16159234.jpg,True,200,
16159355,Chả tôm chiên xù (ăn dặm),https://concop19.github.io/daily-mate-assets/food_anime/dish_16159355.jpg,True,200,
16159386,Thịt heo xào kim chi kiểu Nhật🐷,https://concop19.github.io/daily-mate-assets/food_anime/dish_16159386.jpg,True,200,
16159629,Đậu Hũ Kho Nấm Đùi Gà,https://concop19.github.io/daily-mate-assets/food_anime/dish_16159629.jpg,True,200,
16159782,Đậu phụ non sốt thịt băm rang,https://concop19.github.io/daily-mate-assets/food_anime/dish_16159782.jpg,True,200,
16160025,🌱 Bún Nưa Nấu Nấm & Cà Chua Ba Màu,https://concop19.github.io/daily-mate-assets/food_anime/dish_16160025.jpg,True,200,
16160288,Rau ngót nấu thịt băm rang,https://concop19.github.io/daily-mate-assets/food_anime/dish_16160288.jpg,True,200,
16160412,"Salad Cá Hồi Xông Khói, Quả Bơ & Nụ Bạch Hoa",https://concop19.github.io/daily-mate-assets/food_anime/dish_16160412.jpg,True,200,
16160481,Trứng đúc thịt băm rang,https://concop19.github.io/daily-mate-assets/food_anime/dish_16160481.jpg,True,200,
16161039,Hủ tiếu xương bò viên,https://concop19.github.io/daily-mate-assets/food_anime/dish_16161039.jpg,True,200,
16161053,"Bánh canh thịt băm, bò viên",https://concop19.github.io/daily-mate-assets/food_anime/dish_16161053.jpg,True,200,
16161904,Bánh xèo tôm thịt,https://concop19.github.io/daily-mate-assets/food_anime/dish_16161904.jpg,True,200,
16161957,Bánh đúc yến mạch thịt băm rang,https://concop19.github.io/daily-mate-assets/food_anime/dish_16161957.jpg,True,200,
16162399,Ruốc bông thịt lợn công thức đơn giản làm bằng máy xay sinh tố,https://concop19.github.io/daily-mate-assets/food_anime/dish_16162399.jpg,True,200,
16162455,SP.0702 - Thịt Heo Cháy Tỏi Tàu Xì,https://concop19.github.io/daily-mate-assets/food_anime/dish_16162455.jpg,True,200,
16162512,Thịt băm rang mắm ruốc,https://concop19.github.io/daily-mate-assets/food_anime/dish_16162512.jpg,True,200,
16163397,Bún hải sản,https://concop19.github.io/daily-mate-assets/food_anime/dish_16163397.jpg,True,200,
16163463,Thịt bằm rang lá cách,https://concop19.github.io/daily-mate-assets/food_anime/dish_16163463.jpg,True,200,
16163517,Thịt chân giò chiên nước mắm,https://concop19.github.io/daily-mate-assets/food_anime/dish_16163517.jpg,True,200,
16163609,Canh chua cá Basa,https://concop19.github.io/daily-mate-assets/food_anime/dish_16163609.jpg,True,200,
16164456,Sườn cay Thái Lan (xương heo hầm ớt hiểm),https://concop19.github.io/daily-mate-assets/food_anime/dish_16164456.jpg,True,200,
16164512,Cà tím cuộn thịt xay chiên giòn,https://concop19.github.io/daily-mate-assets/food_anime/dish_16164512.jpg,True,200,
16164601,Mì xào ăn kèm rau củ,https://concop19.github.io/daily-mate-assets/food_anime/dish_16164601.jpg,True,200,
16164630,ĐẬU HŨ SỐT CÀ CHUA - món ngon dễ làm😍,https://concop19.github.io/daily-mate-assets/food_anime/dish_16164630.jpg,True,200,
16165827,Bò hầm kiểu Nhật - lại là một thành công trong công cuộc vét tủ lạnh,https://concop19.github.io/daily-mate-assets/food_anime/dish_16165827.jpg,True,200,
16166649,Thịt băm rang sả,https://concop19.github.io/daily-mate-assets/food_anime/dish_16166649.jpg,True,200,
16167408,Đậu khuôn nhồi chay,https://concop19.github.io/daily-mate-assets/food_anime/dish_16167408.jpg,True,200,
16167463,Bún mắm nêm thịt heo quay,https://concop19.github.io/daily-mate-assets/food_anime/dish_16167463.jpg,True,200,
16167481,Thịt sốt xì dầu,https://concop19.github.io/daily-mate-assets/food_anime/dish_16167481.jpg,True,200,
16167647,Bánh tráng trộn cá cơm rim,https://concop19.github.io/daily-mate-assets/food_anime/dish_16167647.jpg,True,200,
16168065,Đậu hũ non khoai lang sốt quýt,https://concop19.github.io/daily-mate-assets/food_anime/dish_16168065.jpg,True,200,
16168238,🌱 Nấm Kho Cà Tím,https://concop19.github.io/daily-mate-assets/food_anime/dish_16168238.jpg,True,200,
16168257,Bò Welling ton cho bé ăn dặm,https://concop19.github.io/daily-mate-assets/food_anime/dish_16168257.jpg,True,200,
16168307,Bánh bao nhân thịt,https://concop19.github.io/daily-mate-assets/food_anime/dish_16168307.jpg,True,200,
16169068,Cuốn Maki Bơ & Cá Ngừ,https://concop19.github.io/daily-mate-assets/food_anime/dish_16169068.jpg,True,200,
16169468,Cá trích nướng than hoa,https://concop19.github.io/daily-mate-assets/food_anime/dish_16169468.jpg,True,200,
16169584,Đậu hủ nhồi thịt rim mắm,https://concop19.github.io/daily-mate-assets/food_anime/dish_16169584.jpg,True,200,
16170190,Cháo xương+ thịt bầm ăn kèm khổ qua,https://concop19.github.io/daily-mate-assets/food_anime/dish_16170190.jpg,True,200,
16170560,Tàu hủ non hấp thịt và trứng,https://concop19.github.io/daily-mate-assets/food_anime/dish_16170560.jpg,True,200,
16170649,Mực xào bơ tỏi,https://concop19.github.io/daily-mate-assets/food_anime/dish_16170649.jpg,True,200,
16170667,Lạp Bò Lào - Gỏi Bò Lào 🇱🇦,https://concop19.github.io/daily-mate-assets/food_anime/dish_16170667.jpg,True,200,
16172938,Mì ý tôm,https://concop19.github.io/daily-mate-assets/food_anime/dish_16172938.jpg,True,200,
16173281,Chả Cá Hấp,https://concop19.github.io/daily-mate-assets/food_anime/dish_16173281.jpg,True,200,
16175043,Đậu hũ ngô ngọt,https://concop19.github.io/daily-mate-assets/food_anime/dish_16175043.jpg,True,200,
16175252,Rau dớn xào tỏi,https://concop19.github.io/daily-mate-assets/food_anime/dish_16175252.jpg,True,200,
16175504,Bún xào bò kim châm eatclean,https://concop19.github.io/daily-mate-assets/food_anime/dish_16175504.jpg,True,200,
16176009,Canh bí đỏ nấu tôm thịt băm,https://concop19.github.io/daily-mate-assets/food_anime/dish_16176009.jpg,True,200,
16176553,"Mì Hải Sản (Trai, Sò Điệp, Mực Nang Baby) Cay Nhẹ",https://concop19.github.io/daily-mate-assets/food_anime/dish_16176553.jpg,True,200,
16178337,Tim lợn xào rau củ,https://concop19.github.io/daily-mate-assets/food_anime/dish_16178337.jpg,True,200,
16180944,Đậu hũ Tứ Xuyên pb Việt,https://concop19.github.io/daily-mate-assets/food_anime/dish_16180944.jpg,True,200,
16181102,Bún riêu cua ngày mưa Đà lạt,https://concop19.github.io/daily-mate-assets/food_anime/dish_16181102.jpg,True,200,
16181259,Cá hú nướng nồi chiên không dầu,https://concop19.github.io/daily-mate-assets/food_anime/dish_16181259.jpg,True,200,
16183392,Canh khoai mỡ nấu tôm tươi,https://concop19.github.io/daily-mate-assets/food_anime/dish_16183392.jpg,True,200,
16183768,Bò Xào Rau Củ Kiểu Thái Lan,https://concop19.github.io/daily-mate-assets/food_anime/dish_16183768.jpg,True,200,
16183994,Tôm Viên Lá Chanh,https://concop19.github.io/daily-mate-assets/food_anime/dish_16183994.jpg,True,200,
16186682,Bò xào chua ngọt,https://concop19.github.io/daily-mate-assets/food_anime/dish_16186682.jpg,True,200,
16186693,"Bún riêu cua, ốc",https://concop19.github.io/daily-mate-assets/food_anime/dish_16186693.jpg,True,200,
16186819,Cá bống đục kho keo,https://concop19.github.io/daily-mate-assets/food_anime/dish_16186819.jpg,True,200,
16186909,Mì Tôm Chua Cay Double Rau Cho Ngày Thèm Mỳ Mà Sợ Nóng,https://concop19.github.io/daily-mate-assets/food_anime/dish_16186909.jpg,True,200,
16187512,Tôm rim thịt ba rọi,https://concop19.github.io/daily-mate-assets/food_anime/dish_16187512.jpg,True,200,
16188707,Soup khoai tây bí đỏ nấm linh chi,https://concop19.github.io/daily-mate-assets/food_anime/dish_16188707.jpg,True,200,
16188860,Cá ngừ rim mắm,https://concop19.github.io/daily-mate-assets/food_anime/dish_16188860.jpg,True,200,
16189359,Râu mực sốt me,https://concop19.github.io/daily-mate-assets/food_anime/dish_16189359.jpg,True,200,
16189390,Gỏi bưởi tôm thịt,https://concop19.github.io/daily-mate-assets/food_anime/dish_16189390.jpg,True,200,
16189708,Canh khoai mỡ thịt băm,https://concop19.github.io/daily-mate-assets/food_anime/dish_16189708.jpg,True,200,
16190051,Gỏi xoài cá khô,https://concop19.github.io/daily-mate-assets/food_anime/dish_16190051.jpg,True,200,
16190987,Canh Tôm Hoa Cúc Tần (Soup de Crevettes aux Pâquerette),https://concop19.github.io/daily-mate-assets/food_anime/dish_16190987.jpg,True,200,
16191762,Chả tôm rong biển eatclean,https://concop19.github.io/daily-mate-assets/food_anime/dish_16191762.jpg,True,200,
16191994,Bao tử heo luộc,https://concop19.github.io/daily-mate-assets/food_anime/dish_16191994.jpg,True,200,
16192299,Sushi thịt hộp sốt teriyaki,https://concop19.github.io/daily-mate-assets/food_anime/dish_16192299.jpg,True,200,
16192310,Soup khoai tây yến mạch rau chùm ngây,https://concop19.github.io/daily-mate-assets/food_anime/dish_16192310.jpg,True,200,
16192339,Sandwich cá ngừ ốp la,https://concop19.github.io/daily-mate-assets/food_anime/dish_16192339.jpg,True,200,
16192517,Cá Saba sốt Thái,https://concop19.github.io/daily-mate-assets/food_anime/dish_16192517.jpg,True,200,
16192534,Tôm hấp bầu,https://concop19.github.io/daily-mate-assets/food_anime/dish_16192534.jpg,True,200,
16192936,SANPAIJIRU - SOUPS KHOAI TÂY CÁ HỒI,https://concop19.github.io/daily-mate-assets/food_anime/dish_16192936.jpg,True,200,
16193339,Đậu hủ trứng chà bông (baby food),https://concop19.github.io/daily-mate-assets/food_anime/dish_16193339.jpg,True,200,
16193669,Canh Tỏi Gấu Mực Nang,https://concop19.github.io/daily-mate-assets/food_anime/dish_16193669.jpg,True,200,
16194169,Bao tử heo xào rau cải bẹ non,https://concop19.github.io/daily-mate-assets/food_anime/dish_16194169.jpg,True,200,
16194259,MÓN NUI THỊT VIÊN KÈM SỐT CAY CHUA NGỌT 🍋,https://concop19.github.io/daily-mate-assets/food_anime/dish_16194259.jpg,True,200,
16194288,Cá ngừ đại dương lúc lắc,https://concop19.github.io/daily-mate-assets/food_anime/dish_16194288.jpg,True,200,
16195255,Thịt viên chiên,https://concop19.github.io/daily-mate-assets/food_anime/dish_16195255.jpg,True,200,
16195481,Cá Mackerel Nướng Dấm,https://concop19.github.io/daily-mate-assets/food_anime/dish_16195481.jpg,True,200,
16195495,Thịt hộp nhồi trứng rán,https://concop19.github.io/daily-mate-assets/food_anime/dish_16195495.jpg,True,200,
16195593,Cua tuyết xào cay 🦀,https://concop19.github.io/daily-mate-assets/food_anime/dish_16195593.jpg,True,200,
16196863,Bánh tráng trộn cá viên chiên,https://concop19.github.io/daily-mate-assets/food_anime/dish_16196863.jpg,True,200,
16196927,Bánh tráng trộn thịt băm,https://concop19.github.io/daily-mate-assets/food_anime/dish_16196927.jpg,True,200,
16197617,Cá hường muối sả ớt chiên,https://concop19.github.io/daily-mate-assets/food_anime/dish_16197617.jpg,True,200,
16198044,Thịt heo xào gừng kiểu Nhật🐷,https://concop19.github.io/daily-mate-assets/food_anime/dish_16198044.jpg,True,200,
16198901,Cá Minh Thái (Pollock) Nướng Nghệ,https://concop19.github.io/daily-mate-assets/food_anime/dish_16198901.jpg,True,200,
16200227,Bánh bò nướng truyền thống,https://concop19.github.io/daily-mate-assets/food_anime/dish_16200227.jpg,True,200,
16200768,Bánh tai yến tôm thịt,https://concop19.github.io/daily-mate-assets/food_anime/dish_16200768.jpg,True,200,
16201686,Tôm xốt cốt dừa,https://concop19.github.io/daily-mate-assets/food_anime/dish_16201686.jpg,True,200,
16202050,Bún trộn tôm eatclean,https://concop19.github.io/daily-mate-assets/food_anime/dish_16202050.jpg,True,200,
16203150,Trứng chiên nấm mối đen,https://concop19.github.io/daily-mate-assets/food_anime/dish_16203150.jpg,True,200,
16203664,Phi Lê Cá Mú Kho Tộ,https://concop19.github.io/daily-mate-assets/food_anime/dish_16203664.jpg,True,200,
16204107,Canh khổ qua cá thát lác,https://concop19.github.io/daily-mate-assets/food_anime/dish_16204107.jpg,True,200,
16204206,Mắm ruốc xào thịt,https://concop19.github.io/daily-mate-assets/food_anime/dish_16204206.jpg,True,200,
16205099,Cá mú nấu canh chua,https://concop19.github.io/daily-mate-assets/food_anime/dish_16205099.jpg,True,200,
16205947,Thịt ba rọi kho tiêu,https://concop19.github.io/daily-mate-assets/food_anime/dish_16205947.jpg,True,200,
16206657,Bánh Canh Tôm Sò Điệp Nấm,https://concop19.github.io/daily-mate-assets/food_anime/dish_16206657.jpg,True,200,
16207622,Cá ba sa kho tộ,https://concop19.github.io/daily-mate-assets/food_anime/dish_16207622.jpg,True,200,
16207837,"Bánh ít Trần nhân đậu xanh, thịt băm",https://concop19.github.io/daily-mate-assets/food_anime/dish_16207837.jpg,True,200,
16208014,Nộm đu đủ tai heo,https://concop19.github.io/daily-mate-assets/food_anime/dish_16208014.jpg,True,200,
16208049,Bò né đậu bắp,https://concop19.github.io/daily-mate-assets/food_anime/dish_16208049.jpg,True,200,
16208251,Nộm đu đủ ngó sen tôm thịt,https://concop19.github.io/daily-mate-assets/food_anime/dish_16208251.jpg,True,200,
16208958,Mỳ udon rong biển thịt bò,https://concop19.github.io/daily-mate-assets/food_anime/dish_16208958.jpg,True,200,
16209712,Nộm đu đủ cá cơm rim,https://concop19.github.io/daily-mate-assets/food_anime/dish_16209712.jpg,True,200,
16209951,Thịt Ba Chỉ Rang Cháy Cạnh Với Tôm Khô & Mắm Ruốc,https://concop19.github.io/daily-mate-assets/food_anime/dish_16209951.jpg,True,200,
16210439,Đậu hũ xào tương ớt Quế Lâm,https://concop19.github.io/daily-mate-assets/food_anime/dish_16210439.jpg,True,200,
16210762,Chả bò viên mềm thơm cho bé,https://concop19.github.io/daily-mate-assets/food_anime/dish_16210762.jpg,True,200,
16211599,Tôm chiên giòn,https://concop19.github.io/daily-mate-assets/food_anime/dish_16211599.jpg,True,200,
16211643,Gỏi đu đủ khô bò,https://concop19.github.io/daily-mate-assets/food_anime/dish_16211643.jpg,True,200,
16211682,Canh rau má nấu tôm,https://concop19.github.io/daily-mate-assets/food_anime/dish_16211682.jpg,True,200,
16212068,Hoàn thánh tôm thịt sốt tỏi tương,https://concop19.github.io/daily-mate-assets/food_anime/dish_16212068.jpg,True,200,
16212144,Mì Quảng Tôm Thịt Sườn Trứng,https://concop19.github.io/daily-mate-assets/food_anime/dish_16212144.jpg,True,200,
16212627,Hoàn thánh cá hồi sốt kem hạnh nhân,https://concop19.github.io/daily-mate-assets/food_anime/dish_16212627.jpg,True,200,
16214213,Tôm sốt mayo ớt ngọt | Shrimp with sweet chili mayo 🍤,https://concop19.github.io/daily-mate-assets/food_anime/dish_16214213.jpg,True,200,
16214502,Cà ri tôm,https://concop19.github.io/daily-mate-assets/food_anime/dish_16214502.jpg,True,200,
16215908,SP.0880 - Sườn Heo Hấp Sả Tàu Xì,https://concop19.github.io/daily-mate-assets/food_anime/dish_16215908.jpg,True,200,
16218004,"Salad Bò Xào, Cải Rocket, Trái Cây & Phô Mai Burrata Sốt Balsamic Mù Tạt",https://concop19.github.io/daily-mate-assets/food_anime/dish_16218004.jpg,True,200,
16218572,Rau câu trái dừa,https://concop19.github.io/daily-mate-assets/food_anime/dish_16218572.jpg,True,200,
16218585,Thịt nạc thăn chiên kiểu KFC,https://concop19.github.io/daily-mate-assets/food_anime/dish_16218585.jpg,True,200,
16218588,Đậu hũ chiên xóc mắm hành,https://concop19.github.io/daily-mate-assets/food_anime/dish_16218588.jpg,True,200,
16219034,Xôi Thịt Kho Trứng,https://concop19.github.io/daily-mate-assets/food_anime/dish_16219034.jpg,True,200,
16219136,Bò xào sả ớt,https://concop19.github.io/daily-mate-assets/food_anime/dish_16219136.jpg,True,200,
16220223,Lòng trắng trộn thịt bằm,https://concop19.github.io/daily-mate-assets/food_anime/dish_16220223.jpg,True,200,
16220434,SP.0750 - Mực Nhúng Giấm,https://concop19.github.io/daily-mate-assets/food_anime/dish_16220434.jpg,True,200,
16221451,Cá Rô Phi kho dừa,https://concop19.github.io/daily-mate-assets/food_anime/dish_16221451.jpg,True,200,
16222580,Cơm Chiên Kim Chi Trứng Tôm,https://concop19.github.io/daily-mate-assets/food_anime/dish_16222580.jpg,True,200,
16223435,Thịt Thăn Heo Ram Ngũ Vị,https://concop19.github.io/daily-mate-assets/food_anime/dish_16223435.jpg,True,200,
16223709,Cơm thịt bò xào hành tây,https://concop19.github.io/daily-mate-assets/food_anime/dish_16223709.jpg,True,200,
16223740,Nui sốt kem khoai tây phô mai và thịt bò,https://concop19.github.io/daily-mate-assets/food_anime/dish_16223740.jpg,True,200,
16223931,Chả tôm quinoa bọc đậu côve (baby food),https://concop19.github.io/daily-mate-assets/food_anime/dish_16223931.jpg,True,200,
16224272,Salad Gà Xé Rau Củ Quả,https://concop19.github.io/daily-mate-assets/food_anime/dish_16224272.jpg,True,200,
16225172,"Cuốn bánh tráng thịt luộc, tôm chua",https://concop19.github.io/daily-mate-assets/food_anime/dish_16225172.jpg,True,200,
16225696,SP.0715 - Tàu Hũ Trứng Chưng Thịt Bằm Tàu Xì,https://concop19.github.io/daily-mate-assets/food_anime/dish_16225696.jpg,True,200,
16226099,Đậu hũ trứng hấp tôm,https://concop19.github.io/daily-mate-assets/food_anime/dish_16226099.jpg,True,200,
16226713,Canh củ nấu cá,https://concop19.github.io/daily-mate-assets/food_anime/dish_16226713.jpg,True,200,
16226728,Nui nấu chả cá,https://concop19.github.io/daily-mate-assets/food_anime/dish_16226728.jpg,True,200,
16226938,Thịt Kho Nấm Rơm,https://concop19.github.io/daily-mate-assets/food_anime/dish_16226938.jpg,True,200,
16227306,Mì Ăn Liền Xào Thịt Trai Đen (Vẹm Đen) & Mộc Nhĩ,https://concop19.github.io/daily-mate-assets/food_anime/dish_16227306.jpg,True,200,
16227789,Thịt bò xào ớt chuông,https://concop19.github.io/daily-mate-assets/food_anime/dish_16227789.jpg,True,200,
16229051,Canh cải cá mú,https://concop19.github.io/daily-mate-assets/food_anime/dish_16229051.jpg,True,200,
16229057,Cá mú xào hành (ruốc cá mú),https://concop19.github.io/daily-mate-assets/food_anime/dish_16229057.jpg,True,200,
16229060,Cá song (mú) nấu kiểu chả cá Lã Vọng,https://concop19.github.io/daily-mate-assets/food_anime/dish_16229060.jpg,True,200,
16229133,Miến hải sản,https://concop19.github.io/daily-mate-assets/food_anime/dish_16229133.jpg,True,200,
16229181,Khoai tây chiên xào bò,https://concop19.github.io/daily-mate-assets/food_anime/dish_16229181.jpg,True,200,
16229286,🌱 Đậu Hủ Trắng Chiên Sả Ớt,https://concop19.github.io/daily-mate-assets/food_anime/dish_16229286.jpg,True,200,
16229448,Canh khoai mỡ tôm tươi,https://concop19.github.io/daily-mate-assets/food_anime/dish_16229448.jpg,True,200,
16229473,Thịt Trai Đen Chiên Trứng,https://concop19.github.io/daily-mate-assets/food_anime/dish_16229473.jpg,True,200,
16229794,Cá ngần chiên giòn,https://concop19.github.io/daily-mate-assets/food_anime/dish_16229794.jpg,True,200,
16230304,Hoa Thiên Lý xào nấm bào ngư(món chay),https://concop19.github.io/daily-mate-assets/food_anime/dish_16230304.jpg,True,200,
16230482,Đậu hũ nhồi nấm rim nước tương,https://concop19.github.io/daily-mate-assets/food_anime/dish_16230482.jpg,True,200,
16230861,Cá nục kho tóp mỡ,https://concop19.github.io/daily-mate-assets/food_anime/dish_16230861.jpg,True,200,
16231163,Cá Đuối Luộc Chấm Mắm Tỏi Ớt,https://concop19.github.io/daily-mate-assets/food_anime/dish_16231163.jpg,True,200,
16231365,Nem rế nấm hải sản,https://concop19.github.io/daily-mate-assets/food_anime/dish_16231365.jpg,True,200,
16231397,Nộm nấm đùi gà hoa chuối,https://concop19.github.io/daily-mate-assets/food_anime/dish_16231397.jpg,True,200,
16231957,Tàu hủ non sauce nấm,https://concop19.github.io/daily-mate-assets/food_anime/dish_16231957.jpg,True,200,
16232015,Thịt bọc trứng (Scotch egg),https://concop19.github.io/daily-mate-assets/food_anime/dish_16232015.jpg,True,200,
16233166,Cá chiên giòn bằng NCKD,https://concop19.github.io/daily-mate-assets/food_anime/dish_16233166.jpg,True,200,
16234087,Trâu xào rau muống,https://concop19.github.io/daily-mate-assets/food_anime/dish_16234087.jpg,True,200,
16235068,SP.0716 - Thịt Bò Xào Xoài & Ớt Chuông,https://concop19.github.io/daily-mate-assets/food_anime/dish_16235068.jpg,True,200,
16235613,Bún cá basa,https://concop19.github.io/daily-mate-assets/food_anime/dish_16235613.jpg,True,200,
16235689,Rau củ thuỷ tinh sốt thịt bằm,https://concop19.github.io/daily-mate-assets/food_anime/dish_16235689.jpg,True,200,
16235697,Đậu hũ sốt nhật,https://concop19.github.io/daily-mate-assets/food_anime/dish_16235697.jpg,True,200,
16236189,Cá song nướng riềng mẻ,https://concop19.github.io/daily-mate-assets/food_anime/dish_16236189.jpg,True,200,
16236806,Tôm càng lột sốt trứng muối,https://concop19.github.io/daily-mate-assets/food_anime/dish_16236806.jpg,True,200,
16236841,"Bún cá, bún cá chấm",https://concop19.github.io/daily-mate-assets/food_anime/dish_16236841.jpg,True,200,
16237041,Bắp bò nhúng ớt,https://concop19.github.io/daily-mate-assets/food_anime/dish_16237041.jpg,True,200,
16237295,Canh cua hoa thiên lý,https://concop19.github.io/daily-mate-assets/food_anime/dish_16237295.jpg,True,200,
16237318,Thịt trứng kho sốt tiêu đen,https://concop19.github.io/daily-mate-assets/food_anime/dish_16237318.jpg,True,200,
16237329,SP.0717 - Thịt Heo Xay Chiên Giòn Xốt Mayo Cam,https://concop19.github.io/daily-mate-assets/food_anime/dish_16237329.jpg,True,200,
16238870,Canh chua cá mú ăn kèm giá chần,https://concop19.github.io/daily-mate-assets/food_anime/dish_16238870.jpg,True,200,
16238948,Satế tôm,https://concop19.github.io/daily-mate-assets/food_anime/dish_16238948.jpg,True,200,
16239626,Chả Tôm Viên Lăn Bột Xù Chiên,https://concop19.github.io/daily-mate-assets/food_anime/dish_16239626.jpg,True,200,
16240396,Salad cá hồi sốt sữa chua dễ không tưởng,https://concop19.github.io/daily-mate-assets/food_anime/dish_16240396.jpg,True,200,
16240594,Khao Kha Moo - Giò Heo Hầm (Thailand),https://concop19.github.io/daily-mate-assets/food_anime/dish_16240594.jpg,True,200,
16241160,Cá song (mú) hấp xì dầu miến (bún tàu),https://concop19.github.io/daily-mate-assets/food_anime/dish_16241160.jpg,True,200,
16241187,Cá ngừ dưa leo,https://concop19.github.io/daily-mate-assets/food_anime/dish_16241187.jpg,True,200,
16241256,Cháo cá rim dứa,https://concop19.github.io/daily-mate-assets/food_anime/dish_16241256.jpg,True,200,
16242392,Mực lăn bột chiên giòn,https://concop19.github.io/daily-mate-assets/food_anime/dish_16242392.jpg,True,200,
16243063,Mì Ý (Spaghetti) Thịt Trai Đen Sốt Cà Chua,https://concop19.github.io/daily-mate-assets/food_anime/dish_16243063.jpg,True,200,
16243235,Cá dưa nấu măng chua,https://concop19.github.io/daily-mate-assets/food_anime/dish_16243235.jpg,True,200,
16243341,Thịt gà kho thơm (dứa),https://concop19.github.io/daily-mate-assets/food_anime/dish_16243341.jpg,True,200,
16243367,Cháo cá song (mú),https://concop19.github.io/daily-mate-assets/food_anime/dish_16243367.jpg,True,200,
16244171,Hamburger bò bằm,https://concop19.github.io/daily-mate-assets/food_anime/dish_16244171.jpg,True,200,
16244790,Bò nhúng mắm ruốc,https://concop19.github.io/daily-mate-assets/food_anime/dish_16244790.jpg,True,200,
16245747,Rau bí xào tỏi (DỄ),https://concop19.github.io/daily-mate-assets/food_anime/dish_16245747.jpg,True,200,
16246110,MÓN VIỆT NAM: BÚN THỊT XÀO NAM BỘ 🇻🇳,https://concop19.github.io/daily-mate-assets/food_anime/dish_16246110.jpg,True,200,
16246136,MÓN SINGAPORE: CHÁO ẾCH SINGAPORE 🇸🇬,https://concop19.github.io/daily-mate-assets/food_anime/dish_16246136.jpg,True,200,
16246579,Rau càng cua trộn,https://concop19.github.io/daily-mate-assets/food_anime/dish_16246579.jpg,True,200,
16246632,SP.0724 - Bò Xào Tàu Xì Trung Hoa,https://concop19.github.io/daily-mate-assets/food_anime/dish_16246632.jpg,True,200,
16247143,Canh Đu Đủ Nấu Giò Heo,https://concop19.github.io/daily-mate-assets/food_anime/dish_16247143.jpg,True,200,
16247157,MÓN PHILIPPIN: MIẾN XÀO GÀ HEO KIỂU PHILIPPIN 🇵🇭,https://concop19.github.io/daily-mate-assets/food_anime/dish_16247157.jpg,True,200,
16249204,Chả Giò Rế Tôm Thịt với nckd,https://concop19.github.io/daily-mate-assets/food_anime/dish_16249204.jpg,True,200,
16249495,MÓN CAMPUCHIA: GỎI BÒ TÁI CHANH KHMER 🇰🇭,https://concop19.github.io/daily-mate-assets/food_anime/dish_16249495.jpg,True,200,
16249512,MÓN LÀO: LARB MOO - SALAD THỊT BĂM LÀO 🇱🇦,https://concop19.github.io/daily-mate-assets/food_anime/dish_16249512.jpg,True,200,
16249707,Trứng cuộn rau củ,https://concop19.github.io/daily-mate-assets/food_anime/dish_16249707.jpg,True,200,
16249948,Gỏi đu đủ khô cá chỉ vàng món ăn Việt Nam,https://concop19.github.io/daily-mate-assets/food_anime/dish_16249948.jpg,True,200,
16251817,Rau câu nước dừa thanh long,https://concop19.github.io/daily-mate-assets/food_anime/dish_16251817.jpg,True,200,
16252271,Canh Kim Chi Nấm Kim Châm (Vegan Kimchi Soup),https://concop19.github.io/daily-mate-assets/food_anime/dish_16252271.jpg,True,200,
16252542,Nộm rong rau câu,https://concop19.github.io/daily-mate-assets/food_anime/dish_16252542.jpg,True,200,
16254114,Nấm đùi gà kho cà tím,https://concop19.github.io/daily-mate-assets/food_anime/dish_16254114.jpg,True,200,
16254297,Thịt gà sốt chanh dây,https://concop19.github.io/daily-mate-assets/food_anime/dish_16254297.jpg,True,200,
16254360,Cơm rang yến mạch cá hồi 🐟🐟,https://concop19.github.io/daily-mate-assets/food_anime/dish_16254360.jpg,True,200,
16254435,Bánh mì hamburger thịt băm,https://concop19.github.io/daily-mate-assets/food_anime/dish_16254435.jpg,True,200,
16254497,Ruốc cá trắm ❤️ cho bé dưới 1+,https://concop19.github.io/daily-mate-assets/food_anime/dish_16254497.jpg,True,200,
16254585,SP.0723 - Thịt Chưng Tàu Xì,https://concop19.github.io/daily-mate-assets/food_anime/dish_16254585.jpg,True,200,
16254923,Chả ức gà đậu hũ rong biển,https://concop19.github.io/daily-mate-assets/food_anime/dish_16254923.jpg,True,200,
16255915,Da heo rim tỏi ớt (món chay),https://concop19.github.io/daily-mate-assets/food_anime/dish_16255915.jpg,True,200,
16256710,Món chay dễ làm| Nui nấu rau nấm,https://concop19.github.io/daily-mate-assets/food_anime/dish_16256710.jpg,True,200,
16257143,Nui bò sốt bí đỏ khoai tây,https://concop19.github.io/daily-mate-assets/food_anime/dish_16257143.jpg,True,200,
16257383,Cà Ri Thăn Heo Nấu Dứa,https://concop19.github.io/daily-mate-assets/food_anime/dish_16257383.jpg,True,200,
16258676,Burger thịt nướng xốt trứng,https://concop19.github.io/daily-mate-assets/food_anime/dish_16258676.jpg,True,200,
16258683,Mực nhồi thịt rim mắm ❤️,https://concop19.github.io/daily-mate-assets/food_anime/dish_16258683.jpg,True,200,
16260987,Cải Kale 🥬 Xào Thịt Bò 🥩,https://concop19.github.io/daily-mate-assets/food_anime/dish_16260987.jpg,True,200,
16261814,Hamburger Cơm Thịt Bò Bằm Áp Chảo,https://concop19.github.io/daily-mate-assets/food_anime/dish_16261814.jpg,True,200,
16262659,Hamburger thanh long kẹp tôm trứng,https://concop19.github.io/daily-mate-assets/food_anime/dish_16262659.jpg,True,200,
16262974,Burger cơm rong biển thịt gà rau củ,https://concop19.github.io/daily-mate-assets/food_anime/dish_16262974.jpg,True,200,
16263408,SP.0719 - Sườn Heo Nướng Sả,https://concop19.github.io/daily-mate-assets/food_anime/dish_16263408.jpg,True,200,
16264727,Nấm Mối Kho Sả Ớt,https://concop19.github.io/daily-mate-assets/food_anime/dish_16264727.jpg,True,200,
16265943,Món chay: Đậu hủ trứng cuộn rong biển xốt nước tương,https://concop19.github.io/daily-mate-assets/food_anime/dish_16265943.jpg,True,200,
16266449,Bò lụi đặc sản Bình Định,https://concop19.github.io/daily-mate-assets/food_anime/dish_16266449.jpg,True,200,
16266587,Hamburger chả tôm chiên giòn,https://concop19.github.io/daily-mate-assets/food_anime/dish_16266587.jpg,True,200,
16267763,SP.0725 - Trứng Chiên Rau Củ,https://concop19.github.io/daily-mate-assets/food_anime/dish_16267763.jpg,True,200,
16267826,Bánh mì chiên tôm và rau củ,https://concop19.github.io/daily-mate-assets/food_anime/dish_16267826.jpg,True,200,
16267944,Canh đậu hủ giá hẹ (món chay),https://concop19.github.io/daily-mate-assets/food_anime/dish_16267944.jpg,True,200,
16269801,Canh Khoai Mỡ Nấu Tôm,https://concop19.github.io/daily-mate-assets/food_anime/dish_16269801.jpg,True,200,
16269807,Cá Cơm Sữa Chiên Giòn,https://concop19.github.io/daily-mate-assets/food_anime/dish_16269807.jpg,True,200,
16269943,Cá kho phiên bản em bé,https://concop19.github.io/daily-mate-assets/food_anime/dish_16269943.jpg,True,200,
16270798,Bánh xèo nấm chay,https://concop19.github.io/daily-mate-assets/food_anime/dish_16270798.jpg,True,200,
16271382,Lá Cà Rốt Xào Cá Cơm Muối Ngâm Dầu,https://concop19.github.io/daily-mate-assets/food_anime/dish_16271382.jpg,True,200,
16272192,Giò heo chiên giòn,https://concop19.github.io/daily-mate-assets/food_anime/dish_16272192.jpg,True,200,
16272344,Cơm bento: Mèo con đáng yêu (Phile cá diêu hồng sốt cam và rau củ hấp),https://concop19.github.io/daily-mate-assets/food_anime/dish_16272344.jpg,True,200,
16272745,"Salad rau má, hẹ, và rau càng cua vườn nhà",https://concop19.github.io/daily-mate-assets/food_anime/dish_16272745.jpg,True,200,
16273492,Thịt Kho Mắm Ruốc Sa Tế,https://concop19.github.io/daily-mate-assets/food_anime/dish_16273492.jpg,True,200,
16273588,Thịt Nạc Kho Quéo Nước Dừa,https://concop19.github.io/daily-mate-assets/food_anime/dish_16273588.jpg,True,200,
16274455,Rau câu hoa hồng 2 lớp,https://concop19.github.io/daily-mate-assets/food_anime/dish_16274455.jpg,True,200,
16275564,Thịt kho mắm ruốc,https://concop19.github.io/daily-mate-assets/food_anime/dish_16275564.jpg,True,200,
16275687,Cá trắm kho nghệ và lá nghệ tươi,https://concop19.github.io/daily-mate-assets/food_anime/dish_16275687.jpg,True,200,
16276459,Thịt nướng Shashlik kiểu Nga,https://concop19.github.io/daily-mate-assets/food_anime/dish_16276459.jpg,True,200,
16276637,Bánh lỗ tai heo,https://concop19.github.io/daily-mate-assets/food_anime/dish_16276637.jpg,True,200,
16276760,🌱 Canh Chua Nấm Vị Tomyum Cay (Chay),https://concop19.github.io/daily-mate-assets/food_anime/dish_16276760.jpg,True,200,
16276906,Mì Quảng Cá Lóc,https://concop19.github.io/daily-mate-assets/food_anime/dish_16276906.jpg,True,200,
16277181,Phi Lê Cá Mú Vàng Hấp Nấm & Xì Dầu,https://concop19.github.io/daily-mate-assets/food_anime/dish_16277181.jpg,True,200,
16277612,Thịt bò xào rau càng cua :,https://concop19.github.io/daily-mate-assets/food_anime/dish_16277612.jpg,True,200,
16277685,🌱 Bún Tàu Trộn Nấm Xào Giá Chay (Vegan),https://concop19.github.io/daily-mate-assets/food_anime/dish_16277685.jpg,True,200,
16277906,Nấm mối nấu thịt gà,https://concop19.github.io/daily-mate-assets/food_anime/dish_16277906.jpg,True,200,
16277955,Bánh canh cá nục nướng Đà Nẵng,https://concop19.github.io/daily-mate-assets/food_anime/dish_16277955.jpg,True,200,
16278036,Mì Ý Tôm Sốt Kem Phômai Bơ,https://concop19.github.io/daily-mate-assets/food_anime/dish_16278036.jpg,True,200,
16278119,Tai heo luộc cuốn bánh tráng,https://concop19.github.io/daily-mate-assets/food_anime/dish_16278119.jpg,True,200,
16278168,Đậu hũ nước đường trân châu cà phê,https://concop19.github.io/daily-mate-assets/food_anime/dish_16278168.jpg,True,200,
16278922,Cơm bò Gyudon,https://concop19.github.io/daily-mate-assets/food_anime/dish_16278922.jpg,True,200,
16278970,Thạch rau câu trái cây:,https://concop19.github.io/daily-mate-assets/food_anime/dish_16278970.jpg,True,200,
16279132,Mắm thịt heo mắm nêm,https://concop19.github.io/daily-mate-assets/food_anime/dish_16279132.jpg,True,200,
16279307,Canh măng chua cá ngừ,https://concop19.github.io/daily-mate-assets/food_anime/dish_16279307.jpg,True,200,
16279396,Đậu hũ trứng nhồi tôm cho bé,https://concop19.github.io/daily-mate-assets/food_anime/dish_16279396.jpg,True,200,
16279903,Mực xào,https://concop19.github.io/daily-mate-assets/food_anime/dish_16279903.jpg,True,200,
16280370,Cá Mú Ngựa Chưng Sốt Cà Rốt Xì Dầu,https://concop19.github.io/daily-mate-assets/food_anime/dish_16280370.jpg,True,200,
16280938,Sữa Đậu Xanh - Rau má,https://concop19.github.io/daily-mate-assets/food_anime/dish_16280938.jpg,True,200,
16281114,"Cá mú hấp hành,gừng,xì dầu và dầu hào",https://concop19.github.io/daily-mate-assets/food_anime/dish_16281114.jpg,True,200,
16281347,Bún gạo lứt trộn thịt sốt teriyaki và rau củ,https://concop19.github.io/daily-mate-assets/food_anime/dish_16281347.jpg,True,200,
16281572,Mì Ý sốt kem gà nấm,https://concop19.github.io/daily-mate-assets/food_anime/dish_16281572.jpg,True,200,
16283711,Bún cá cay,https://concop19.github.io/daily-mate-assets/food_anime/dish_16283711.jpg,True,200,
16283714,Rau má đậu xanh cốt dừa,https://concop19.github.io/daily-mate-assets/food_anime/dish_16283714.jpg,True,200,
16283720,"Cuốn rau, quả thịt",https://concop19.github.io/daily-mate-assets/food_anime/dish_16283720.jpg,True,200,
16284509,Gỏi nấm bào ngư chay,https://concop19.github.io/daily-mate-assets/food_anime/dish_16284509.jpg,True,200,
16284914,Cá bơn chiên giòn,https://concop19.github.io/daily-mate-assets/food_anime/dish_16284914.jpg,True,200,
16285136,Đậu hũ sốt bí đỏ thịt xay,https://concop19.github.io/daily-mate-assets/food_anime/dish_16285136.jpg,True,200,
16285210,Cơm gạo lức với cá hộp,https://concop19.github.io/daily-mate-assets/food_anime/dish_16285210.jpg,True,200,
16285952,Canh khổ qua chả cá thác lác:,https://concop19.github.io/daily-mate-assets/food_anime/dish_16285952.jpg,True,200,
16286093,Mì trứng xào tôm,https://concop19.github.io/daily-mate-assets/food_anime/dish_16286093.jpg,True,200,
16286248,Canh ngán rau muống,https://concop19.github.io/daily-mate-assets/food_anime/dish_16286248.jpg,True,200,
16286257,Bún trộn thịt heo,https://concop19.github.io/daily-mate-assets/food_anime/dish_16286257.jpg,True,200,
16286472,MỰC ỐNG HẤP & SỐT CHUA NGỌT,https://concop19.github.io/daily-mate-assets/food_anime/dish_16286472.jpg,True,200,
16288359,Cá lân kho tiêu:,https://concop19.github.io/daily-mate-assets/food_anime/dish_16288359.jpg,True,200,
16288606,Mì lứt tôm sốt bơ lạnh 🍤🥑🧄,https://concop19.github.io/daily-mate-assets/food_anime/dish_16288606.jpg,True,200,
16289693,Thịt lợn xào giá đỗ siêu đơn giản,https://concop19.github.io/daily-mate-assets/food_anime/dish_16289693.jpg,True,200,
16290352,Cơm chộn rong biển nhân cá ngừ,https://concop19.github.io/daily-mate-assets/food_anime/dish_16290352.jpg,True,200,
16291576,Bún gạo lứt xào rau củ,https://concop19.github.io/daily-mate-assets/food_anime/dish_16291576.jpg,True,200,
16291843,Eatclean cơm gạo lứt+ bò lúc lắc,https://concop19.github.io/daily-mate-assets/food_anime/dish_16291843.jpg,True,200,
16292694,Mì trộn rau củ,https://concop19.github.io/daily-mate-assets/food_anime/dish_16292694.jpg,True,200,
16292708,Súp tôm bắp,https://concop19.github.io/daily-mate-assets/food_anime/dish_16292708.jpg,True,200,
16292869,Pate nấm chay 🍄🥪,https://concop19.github.io/daily-mate-assets/food_anime/dish_16292869.jpg,True,200,
16293681,Đậu xào nấm (chay eatclean) (106kcal),https://concop19.github.io/daily-mate-assets/food_anime/dish_16293681.jpg,True,200,
16294983,Chả mực tươi,https://concop19.github.io/daily-mate-assets/food_anime/dish_16294983.jpg,True,200,
16295433,Mực luộc bia,https://concop19.github.io/daily-mate-assets/food_anime/dish_16295433.jpg,True,200,
16297224,Thịt bò nướng mỡ chài,https://concop19.github.io/daily-mate-assets/food_anime/dish_16297224.jpg,True,200,
16297382,Lườn cá hồi rim mắm NCKD,https://concop19.github.io/daily-mate-assets/food_anime/dish_16297382.jpg,True,200,
16297549,Crepe yến mạch rau mồng tơi 🥞🌿,https://concop19.github.io/daily-mate-assets/food_anime/dish_16297549.jpg,True,200,
16297588,"Bánh tráng cuốn thịt heo,tôm,trứng và rau",https://concop19.github.io/daily-mate-assets/food_anime/dish_16297588.jpg,True,200,
16299903,Chả Cốm Trứng (Phiên Bản Không Thịt),https://concop19.github.io/daily-mate-assets/food_anime/dish_16299903.jpg,True,200,
16300621,Thịt Kho - Trứng Ốp La 🍳,https://concop19.github.io/daily-mate-assets/food_anime/dish_16300621.jpg,True,200,
16300629,Canh Bông Cải Xanh Nấu Tôm,https://concop19.github.io/daily-mate-assets/food_anime/dish_16300629.jpg,True,200,
16300657,Canh Thịt Bò Nấu Rau Răm,https://concop19.github.io/daily-mate-assets/food_anime/dish_16300657.jpg,True,200,
16301061,Đậu kho nấm,https://concop19.github.io/daily-mate-assets/food_anime/dish_16301061.jpg,True,200,
16301150,Canh Bông Hẹ Đậu Hũ (Món Chay),https://concop19.github.io/daily-mate-assets/food_anime/dish_16301150.jpg,True,200,
16301248,Rau má dừa,https://concop19.github.io/daily-mate-assets/food_anime/dish_16301248.jpg,True,200,
16301756,🌱 BBQ Chay - Nấm Bào Ngư Nướng Tương Hồi (Vegan),https://concop19.github.io/daily-mate-assets/food_anime/dish_16301756.jpg,True,200,
16302230,Cá ngừ chiên nhanh gọn,https://concop19.github.io/daily-mate-assets/food_anime/dish_16302230.jpg,True,200,
16302600,Cá diêu hồng chiên giòn cuốn bánh tráng,https://concop19.github.io/daily-mate-assets/food_anime/dish_16302600.jpg,True,200,
16304249,Thịt bò xào củ kiệu,https://concop19.github.io/daily-mate-assets/food_anime/dish_16304249.jpg,True,200,
16304685,Thịt nướng lá mắc mật,https://concop19.github.io/daily-mate-assets/food_anime/dish_16304685.jpg,True,200,
16305199,Thịt ba chỉ kho hạt sen,https://concop19.github.io/daily-mate-assets/food_anime/dish_16305199.jpg,True,200,
16305503,Bò hầm khế,https://concop19.github.io/daily-mate-assets/food_anime/dish_16305503.jpg,True,200,
16306090,Đậu hũ rong biển,https://concop19.github.io/daily-mate-assets/food_anime/dish_16306090.jpg,True,200,
16307330,Bún Cá Giòn Hà Nội,https://concop19.github.io/daily-mate-assets/food_anime/dish_16307330.jpg,True,200,
16307506,Súp hải sản măng tây,https://concop19.github.io/daily-mate-assets/food_anime/dish_16307506.jpg,True,200,
16307710,Gỏi tôm khổ qua,https://concop19.github.io/daily-mate-assets/food_anime/dish_16307710.jpg,True,200,
16308800,Nui Xào Tôm & Bông Cải Xanh,https://concop19.github.io/daily-mate-assets/food_anime/dish_16308800.jpg,True,200,
16309921,Gỏi gà xé rau răm,https://concop19.github.io/daily-mate-assets/food_anime/dish_16309921.jpg,True,200,
16310509,MƯỚP HẤP TÔM (Baby food),https://concop19.github.io/daily-mate-assets/food_anime/dish_16310509.jpg,True,200,
16312525,Phở chiên giòn kèm cá hồi,https://concop19.github.io/daily-mate-assets/food_anime/dish_16312525.jpg,True,200,
16312992,Thịt xào đậu hũ sắc màu,https://concop19.github.io/daily-mate-assets/food_anime/dish_16312992.jpg,True,200,
16313651,Cá trắm kho trám,https://concop19.github.io/daily-mate-assets/food_anime/dish_16313651.jpg,True,200,
16313746,Canh tôm rau đay mùng tơi,https://concop19.github.io/daily-mate-assets/food_anime/dish_16313746.jpg,True,200,
16314022,SP.0844 - Mực Hấp Cải Muỗng Xốt Dầu Hào,https://concop19.github.io/daily-mate-assets/food_anime/dish_16314022.jpg,True,200,
16314306,Mực Nang Baby Xào Lá Cần Tây & Cùi Thơm,https://concop19.github.io/daily-mate-assets/food_anime/dish_16314306.jpg,True,200,
16314726,Món chay thường ngày| Nấm và sườn chay rang mặn,https://concop19.github.io/daily-mate-assets/food_anime/dish_16314726.jpg,True,200,
16314989,Thịt lợn rang,https://concop19.github.io/daily-mate-assets/food_anime/dish_16314989.jpg,True,200,
16316071,Thịt Xay Chiên,https://concop19.github.io/daily-mate-assets/food_anime/dish_16316071.jpg,True,200,
16316227,Bí ngòi xào nấm (111kcal),https://concop19.github.io/daily-mate-assets/food_anime/dish_16316227.jpg,True,200,
16316667,Bánh canh cá nục chiên,https://concop19.github.io/daily-mate-assets/food_anime/dish_16316667.jpg,True,200,
16317110,Cháo yến mạch củ dền với tôm 🍤🌺,https://concop19.github.io/daily-mate-assets/food_anime/dish_16317110.jpg,True,200,
16317226,Gân Bò Ngâm Sả Tắc,https://concop19.github.io/daily-mate-assets/food_anime/dish_16317226.jpg,True,200,
16317228,Chả Ram Tôm Đất,https://concop19.github.io/daily-mate-assets/food_anime/dish_16317228.jpg,True,200,
16317282,Đậu Cô Ve Xào Nấm Kim Châm,https://concop19.github.io/daily-mate-assets/food_anime/dish_16317282.jpg,True,200,
16317294,Canh Rau Dền Nấu Thịt Bằm,https://concop19.github.io/daily-mate-assets/food_anime/dish_16317294.jpg,True,200,
16317761,Canh Cá Bè Nấu Cà Chua,https://concop19.github.io/daily-mate-assets/food_anime/dish_16317761.jpg,True,200,
16317922,Thịt cá xiên nướng rau củ,https://concop19.github.io/daily-mate-assets/food_anime/dish_16317922.jpg,True,200,
16318176,Cơm thịt ram chua ngọt,https://concop19.github.io/daily-mate-assets/food_anime/dish_16318176.jpg,True,200,
16318242,Mì Dẹp Đen Xào Mực Ống,https://concop19.github.io/daily-mate-assets/food_anime/dish_16318242.jpg,True,200,
16319122,Steak bò,https://concop19.github.io/daily-mate-assets/food_anime/dish_16319122.jpg,True,200,
16319162,Cá Minh Thái Hấp Bí Ngòi,https://concop19.github.io/daily-mate-assets/food_anime/dish_16319162.jpg,True,200,
16319872,Bún cá cuốn,https://concop19.github.io/daily-mate-assets/food_anime/dish_16319872.jpg,True,200,
16320029,Cơm cuộn cá hồi,https://concop19.github.io/daily-mate-assets/food_anime/dish_16320029.jpg,True,200,
16320367,Cá diêu hồng với tương miso,https://concop19.github.io/daily-mate-assets/food_anime/dish_16320367.jpg,True,200,
16320827,Cháo trứng thịt bằm rau củ,https://concop19.github.io/daily-mate-assets/food_anime/dish_16320827.jpg,True,200,
16321694,Súp Tôm và Gà,https://concop19.github.io/daily-mate-assets/food_anime/dish_16321694.jpg,True,200,
16321705,🌱 Cơm Chiên Nấm Bào Ngư Cay (Vegan),https://concop19.github.io/daily-mate-assets/food_anime/dish_16321705.jpg,True,200,
16323498,Chả TRỨNG hấp thịt với chao,https://concop19.github.io/daily-mate-assets/food_anime/dish_16323498.jpg,True,200,
16323707,Steak bò mỹ,https://concop19.github.io/daily-mate-assets/food_anime/dish_16323707.jpg,True,200,
16323938,Chả bò lá lốt,https://concop19.github.io/daily-mate-assets/food_anime/dish_16323938.jpg,True,200,
16323958,Cá thu kho cà chua,https://concop19.github.io/daily-mate-assets/food_anime/dish_16323958.jpg,True,200,
16324102,Cá bơn sốt cà chua,https://concop19.github.io/daily-mate-assets/food_anime/dish_16324102.jpg,True,200,
16324139,Cháo Mực Nang Lá Hẹ,https://concop19.github.io/daily-mate-assets/food_anime/dish_16324139.jpg,True,200,
16324150,Cá ngừ kho cà,https://concop19.github.io/daily-mate-assets/food_anime/dish_16324150.jpg,True,200,
16324451,Nuớc Rau Muống Luộc Dầm Sấu,https://concop19.github.io/daily-mate-assets/food_anime/dish_16324451.jpg,True,200,
16324562,Cháo mực rau muống hạt kê,https://concop19.github.io/daily-mate-assets/food_anime/dish_16324562.jpg,True,200,
16325582,Rau câu vải nước dừa,https://concop19.github.io/daily-mate-assets/food_anime/dish_16325582.jpg,True,200,
16326151,🌱 Canh Chua Nấm & Củ Hủ Kim Chi Chay,https://concop19.github.io/daily-mate-assets/food_anime/dish_16326151.jpg,True,200,
16329072,SP.0732 - Thịt Heo Xào Khổ Qua,https://concop19.github.io/daily-mate-assets/food_anime/dish_16329072.jpg,True,200,
16329420,Bún Mực Nang Baby,https://concop19.github.io/daily-mate-assets/food_anime/dish_16329420.jpg,True,200,
16329778,Rong biển cuộn nấm kim châm,https://concop19.github.io/daily-mate-assets/food_anime/dish_16329778.jpg,True,200,
16330097,"Thịt nọng kho trứng cút,nước dừa bằng nồi Insant Pot 10 in 1",https://concop19.github.io/daily-mate-assets/food_anime/dish_16330097.jpg,True,200,
16330476,🌱 Canh Măng Chua Nấm Chay,https://concop19.github.io/daily-mate-assets/food_anime/dish_16330476.jpg,True,200,
16330659,Canh chua chay nấm rơm,https://concop19.github.io/daily-mate-assets/food_anime/dish_16330659.jpg,True,200,
16331073,Salad Tôm Xào Tỏi Rau Quả Sốt Mù Tạt,https://concop19.github.io/daily-mate-assets/food_anime/dish_16331073.jpg,True,200,
16331092,Canh sườn già heo hầm đu đủ,https://concop19.github.io/daily-mate-assets/food_anime/dish_16331092.jpg,True,200,
16331210,Đậu hũ trứng cuộn rong biển tẩm bột chiên sốt teriyaki,https://concop19.github.io/daily-mate-assets/food_anime/dish_16331210.jpg,True,200,
16331317,Nui nấu tim lợn,https://concop19.github.io/daily-mate-assets/food_anime/dish_16331317.jpg,True,200,
16332528,Giò heo hầm thảo mộc Hàn Quốc,https://concop19.github.io/daily-mate-assets/food_anime/dish_16332528.jpg,True,200,
16332546,Canh cua đồng,https://concop19.github.io/daily-mate-assets/food_anime/dish_16332546.jpg,True,200,
16332868,Gỏi tôm sốt Thái 🦐🌶,https://concop19.github.io/daily-mate-assets/food_anime/dish_16332868.jpg,True,200,
16332995,Lườn cá hồi kho tiêu,https://concop19.github.io/daily-mate-assets/food_anime/dish_16332995.jpg,True,200,
16333098,Bánh gối nhân thịt gà,https://concop19.github.io/daily-mate-assets/food_anime/dish_16333098.jpg,True,200,
16333334,"Canh chua nấm, đậu non (chay)",https://concop19.github.io/daily-mate-assets/food_anime/dish_16333334.jpg,True,200,
16333835,Cháo tôm mix cà chua (7m28d),https://concop19.github.io/daily-mate-assets/food_anime/dish_16333835.jpg,True,200,
16334404,Bò xào cần tây,https://concop19.github.io/daily-mate-assets/food_anime/dish_16334404.jpg,True,200,
16335047,Lườn cá hồi kho hành ớt,https://concop19.github.io/daily-mate-assets/food_anime/dish_16335047.jpg,True,200,
16335314,Tổ yến tôm,https://concop19.github.io/daily-mate-assets/food_anime/dish_16335314.jpg,True,200,
16337523,Cá Trứng Tẩm Mè Chiên Giòn,https://concop19.github.io/daily-mate-assets/food_anime/dish_16337523.jpg,True,200,
16338275,Khoai tây nhân thịt chiên xù,https://concop19.github.io/daily-mate-assets/food_anime/dish_16338275.jpg,True,200,
16338981,Sườn Heo Iberico Nướng,https://concop19.github.io/daily-mate-assets/food_anime/dish_16338981.jpg,True,200,
16338983,Cải Thảo Cuộn Thịt Hấp,https://concop19.github.io/daily-mate-assets/food_anime/dish_16338983.jpg,True,200,
16338984,Sườn Bò Hầm Đậu Ngự,https://concop19.github.io/daily-mate-assets/food_anime/dish_16338984.jpg,True,200,
16339116,Canh xương hầm rau củ thập cẩm,https://concop19.github.io/daily-mate-assets/food_anime/dish_16339116.jpg,True,200,
16339452,Đậu cô ve xào thịt bò,https://concop19.github.io/daily-mate-assets/food_anime/dish_16339452.jpg,True,200,
16339994,🌱 Canh Dứa Cà Chua Nấm Chay,https://concop19.github.io/daily-mate-assets/food_anime/dish_16339994.jpg,True,200,
16340017,Đậu hũ nhồi thịt,https://concop19.github.io/daily-mate-assets/food_anime/dish_16340017.jpg,True,200,
16341237,Salad Rau Càng Cua,https://concop19.github.io/daily-mate-assets/food_anime/dish_16341237.jpg,True,200,
16341880,Cà tím xào thịt băm rang,https://concop19.github.io/daily-mate-assets/food_anime/dish_16341880.jpg,True,200,
16342063,Cá Hồi Áp Chảo Với Bơ - Ăn Kèm Măng Tây và Salad,https://concop19.github.io/daily-mate-assets/food_anime/dish_16342063.jpg,True,200,
16343388,Củ cải trắng hấp thịt,https://concop19.github.io/daily-mate-assets/food_anime/dish_16343388.jpg,True,200,
16344134,Canh Cá Chua,https://concop19.github.io/daily-mate-assets/food_anime/dish_16344134.jpg,True,200,
16345524,Cá Ninja Xào Sả Ớt !!!,https://concop19.github.io/daily-mate-assets/food_anime/dish_16345524.jpg,True,200,
16345737,Thịt viên rong biển sốt cay ngọt,https://concop19.github.io/daily-mate-assets/food_anime/dish_16345737.jpg,True,200,
16345933,MUFFIN mặn vị CÁ ngừ,https://concop19.github.io/daily-mate-assets/food_anime/dish_16345933.jpg,True,200,
16345959,Cá cơm rim ăn chơi,https://concop19.github.io/daily-mate-assets/food_anime/dish_16345959.jpg,True,200,
16346440,Sườn Bò Nướng Tái Trên Than Hoa,https://concop19.github.io/daily-mate-assets/food_anime/dish_16346440.jpg,True,200,
16346497,Bún sấu với thịt nạc xay và mọc chiên,https://concop19.github.io/daily-mate-assets/food_anime/dish_16346497.jpg,True,200,
16346710,Gỏi cuốn tôm thịt,https://concop19.github.io/daily-mate-assets/food_anime/dish_16346710.jpg,True,200,
16348474,"Canh chua chay đậu hủ trắng,nấm kim châm và cà chua",https://concop19.github.io/daily-mate-assets/food_anime/dish_16348474.jpg,True,200,
16348485,Cải thìa sốt nấm đông cô và sườn gà chay,https://concop19.github.io/daily-mate-assets/food_anime/dish_16348485.jpg,True,200,
16350003,SP.0911 - Heo Cuốn Lá Cách,https://concop19.github.io/daily-mate-assets/food_anime/dish_16350003.jpg,True,200,
16351277,Thịt băm rang mặn ngọt,https://concop19.github.io/daily-mate-assets/food_anime/dish_16351277.jpg,True,200,
16351800,Mì Ramen Xào Nấm Sốt Siêu Cay Samyang,https://concop19.github.io/daily-mate-assets/food_anime/dish_16351800.jpg,True,200,
16352381,Mướp đắng đúc trứng thịt,https://concop19.github.io/daily-mate-assets/food_anime/dish_16352381.jpg,True,200,
16352454,"💚 Salad Nấm Mỡ, Olive & Phô Mai Feta",https://concop19.github.io/daily-mate-assets/food_anime/dish_16352454.jpg,True,200,
16352462,Lườn Cá Hồi Kho Tiêu Ăn Cơm Nóng Mùa Mưa Hết Sảy,https://concop19.github.io/daily-mate-assets/food_anime/dish_16352462.jpg,True,200,
16355128,Cá Minh Thái Ướp Nghệ Chiên Giòn,https://concop19.github.io/daily-mate-assets/food_anime/dish_16355128.jpg,True,200,
16357666,Canh Bông Cải Xanh Nấm Đông Trùng Hạ Thảo,https://concop19.github.io/daily-mate-assets/food_anime/dish_16357666.jpg,True,200,
16357668,Trứng Bắc Thảo Củ Kiệu Tôm Khô,https://concop19.github.io/daily-mate-assets/food_anime/dish_16357668.jpg,True,200,
16357670,Xà Lách Sốt Thịt Bò,https://concop19.github.io/daily-mate-assets/food_anime/dish_16357670.jpg,True,200,
16358747,Cơm Nắm Rong Biển Kẹp Cá Ngừ,https://concop19.github.io/daily-mate-assets/food_anime/dish_16358747.jpg,True,200,
16359957,Tempura rau củ,https://concop19.github.io/daily-mate-assets/food_anime/dish_16359957.jpg,True,200,
16359993,Canh rong biển thịt bằm,https://concop19.github.io/daily-mate-assets/food_anime/dish_16359993.jpg,True,200,
16360622,Cà tím nấu thịt ba chỉ và đậu phụ đưa cơm cho ngày mát/ lạnh/ rét,https://concop19.github.io/daily-mate-assets/food_anime/dish_16360622.jpg,True,200,
16360751,Mì Quảng Gà Tôm Trứng,https://concop19.github.io/daily-mate-assets/food_anime/dish_16360751.jpg,True,200,
16360974,Cà tím xào thịt băm,https://concop19.github.io/daily-mate-assets/food_anime/dish_16360974.jpg,True,200,
16361004,Thịt băm xào sả phiên bản tối giản,https://concop19.github.io/daily-mate-assets/food_anime/dish_16361004.jpg,True,200,
16361010,Trứng cá rán trứng,https://concop19.github.io/daily-mate-assets/food_anime/dish_16361010.jpg,True,200,
16361037,Lườn cá hồi nướng sả NCKD,https://concop19.github.io/daily-mate-assets/food_anime/dish_16361037.jpg,True,200,
16362766,Giò heo nướng ngũ vị và khoai tây nghiền,https://concop19.github.io/daily-mate-assets/food_anime/dish_16362766.jpg,True,200,
16362768,Canh rau dền nấu tôm mọc,https://concop19.github.io/daily-mate-assets/food_anime/dish_16362768.jpg,True,200,
16362807,Rau củ chiên xù và salad rau củ,https://concop19.github.io/daily-mate-assets/food_anime/dish_16362807.jpg,True,200,
16362996,Chè nấm mỡ,https://concop19.github.io/daily-mate-assets/food_anime/dish_16362996.jpg,True,200,
16363004,Canh cá rô,https://concop19.github.io/daily-mate-assets/food_anime/dish_16363004.jpg,True,200,
16363052,Thịt băm rang riềng sả,https://concop19.github.io/daily-mate-assets/food_anime/dish_16363052.jpg,True,200,
16363058,Canh cải nấu thịt băm rang,https://concop19.github.io/daily-mate-assets/food_anime/dish_16363058.jpg,True,200,
16363895,Thịt Băm Rang Mộc Nhĩ,https://concop19.github.io/daily-mate-assets/food_anime/dish_16363895.jpg,True,200,
16364401,Lườn cá hồi chiên nước mắm,https://concop19.github.io/daily-mate-assets/food_anime/dish_16364401.jpg,True,200,
16364565,Thịt Băm Rang Nước Mắm Mặn Ngọt,https://concop19.github.io/daily-mate-assets/food_anime/dish_16364565.jpg,True,200,
16364575,Nui Ống Xào Phủ Thịt Băm Rang,https://concop19.github.io/daily-mate-assets/food_anime/dish_16364575.jpg,True,200,
16364614,Nấm Mỡ To Nhồi Thịt Băm Rang Mộc Nhĩ,https://concop19.github.io/daily-mate-assets/food_anime/dish_16364614.jpg,True,200,
16365187,Trứng chiên đậu hũ non,https://concop19.github.io/daily-mate-assets/food_anime/dish_16365187.jpg,True,200,
16365423,Bánh bò da lợn,https://concop19.github.io/daily-mate-assets/food_anime/dish_16365423.jpg,True,200,
16366696,Cá Thu Sốt Cà Chua,https://concop19.github.io/daily-mate-assets/food_anime/dish_16366696.jpg,True,200,
16367495,Súp chay rau củ,https://concop19.github.io/daily-mate-assets/food_anime/dish_16367495.jpg,True,200,
16367978,Salad bò cải mầm,https://concop19.github.io/daily-mate-assets/food_anime/dish_16367978.jpg,True,200,
16368567,Gỏi ổi khô mực,https://concop19.github.io/daily-mate-assets/food_anime/dish_16368567.jpg,True,200,
16368596,Bò Bía,https://concop19.github.io/daily-mate-assets/food_anime/dish_16368596.jpg,True,200,
16368929,Đậu phụ xào sa tế - Ngày 5,https://concop19.github.io/daily-mate-assets/food_anime/dish_16368929.jpg,True,200,
16371767,Món cá kho ăn cơm với nộm (gỏi) rau muống 👏,https://concop19.github.io/daily-mate-assets/food_anime/dish_16371767.jpg,True,200,
16372345,Canh cá Diếc (lỗi 😂),https://concop19.github.io/daily-mate-assets/food_anime/dish_16372345.jpg,True,200,
16373706,Nui thịt bằm,https://concop19.github.io/daily-mate-assets/food_anime/dish_16373706.jpg,True,200,
16375919,Thịt nướng xiên que,https://concop19.github.io/daily-mate-assets/food_anime/dish_16375919.jpg,True,200,
16376123,Canh sấu thịt băm rang,https://concop19.github.io/daily-mate-assets/food_anime/dish_16376123.jpg,True,200,
16376652,Pizza Cá Ngừ Hộp & Mozzarella Tươi,https://concop19.github.io/daily-mate-assets/food_anime/dish_16376652.jpg,True,200,
16377940,Salad Thịt Băm Rang Tương Cà,https://concop19.github.io/daily-mate-assets/food_anime/dish_16377940.jpg,True,200,
16377955,Thịt Băm Rang Siêu Cay,https://concop19.github.io/daily-mate-assets/food_anime/dish_16377955.jpg,True,200,
16378509,Ganjang Gejang- Cua ngâm tương,https://concop19.github.io/daily-mate-assets/food_anime/dish_16378509.jpg,True,200,
16378818,Bún trộn nấm nướng,https://concop19.github.io/daily-mate-assets/food_anime/dish_16378818.jpg,True,200,
16379267,Cá lóc kho tộ,https://concop19.github.io/daily-mate-assets/food_anime/dish_16379267.jpg,True,200,
16379269,Cá thu nướng nồi chiên không dầu,https://concop19.github.io/daily-mate-assets/food_anime/dish_16379269.jpg,True,200,
16379353,Đậu non sốt thịt băm sữa tươi rất thơm siêu nhanh,https://concop19.github.io/daily-mate-assets/food_anime/dish_16379353.jpg,True,200,
16380141,Cá bống trứng kho tiêu,https://concop19.github.io/daily-mate-assets/food_anime/dish_16380141.jpg,True,200,
16380150,Rau cải thìa xào thịt bò,https://concop19.github.io/daily-mate-assets/food_anime/dish_16380150.jpg,True,200,
16380553,Cá hồi sốt chanh dừa,https://concop19.github.io/daily-mate-assets/food_anime/dish_16380553.jpg,True,200,
16380626,Trứng cút thịt viên phiên bản nâng cấp món thịt kho tàu,https://concop19.github.io/daily-mate-assets/food_anime/dish_16380626.jpg,True,200,
16381008,Cà tím xào thịt băm lá lốt,https://concop19.github.io/daily-mate-assets/food_anime/dish_16381008.jpg,True,200,
16381278,Chân gà tây nấu nấm hương,https://concop19.github.io/daily-mate-assets/food_anime/dish_16381278.jpg,True,200,
16382475,Cơm bento: Ông Noel vui tính (Lườn cá hồi rim nước tương),https://concop19.github.io/daily-mate-assets/food_anime/dish_16382475.jpg,True,200,
16383507,Mực xào hoa lý,https://concop19.github.io/daily-mate-assets/food_anime/dish_16383507.jpg,True,200,
16383549,Thịt bò hầm nấm kim châm cà rốt,https://concop19.github.io/daily-mate-assets/food_anime/dish_16383549.jpg,True,200,
16384250,Bún Gạo Xào Tôm,https://concop19.github.io/daily-mate-assets/food_anime/dish_16384250.jpg,True,200,
16384255,Canh Bầu Nấu Thịt Băm,https://concop19.github.io/daily-mate-assets/food_anime/dish_16384255.jpg,True,200,
16384405,Cật heo và thịt xào hoa thiên lý,https://concop19.github.io/daily-mate-assets/food_anime/dish_16384405.jpg,True,200,
16384567,Bầu Xào Tôm,https://concop19.github.io/daily-mate-assets/food_anime/dish_16384567.jpg,True,200,
16385176,Gỏi đu đủ thịt bò áp chảo,https://concop19.github.io/daily-mate-assets/food_anime/dish_16385176.jpg,True,200,
16385263,Đậu đũa cuộn thịt,https://concop19.github.io/daily-mate-assets/food_anime/dish_16385263.jpg,True,200,
16385266,Ếch xào sả,https://concop19.github.io/daily-mate-assets/food_anime/dish_16385266.jpg,True,200,
16385442,Lườn Cá Hồi Teriyaki Nướng Cuốn Tỏi & Tía Tô,https://concop19.github.io/daily-mate-assets/food_anime/dish_16385442.jpg,True,200,
16385779,Cơm thịt heo chiên xù và cà ri Nhật (curry katsu),https://concop19.github.io/daily-mate-assets/food_anime/dish_16385779.jpg,True,200,
16385797,Cuốn đậu hũ eatclean,https://concop19.github.io/daily-mate-assets/food_anime/dish_16385797.jpg,True,200,
16385805,Bò lá lốt (eatclean-nckd),https://concop19.github.io/daily-mate-assets/food_anime/dish_16385805.jpg,True,200,
16385827,Bánh đa cua,https://concop19.github.io/daily-mate-assets/food_anime/dish_16385827.jpg,True,200,
16385862,Bò nhúng giấm,https://concop19.github.io/daily-mate-assets/food_anime/dish_16385862.jpg,True,200,
16385884,Canh hầm thịt gà với rau củ,https://concop19.github.io/daily-mate-assets/food_anime/dish_16385884.jpg,True,200,
16386227,Mỳ Ý sốt cà chua bò bằm chay,https://concop19.github.io/daily-mate-assets/food_anime/dish_16386227.jpg,True,200,
16388272,Cà tím nướng cá thác lác và thì là,https://concop19.github.io/daily-mate-assets/food_anime/dish_16388272.jpg,True,200,
16388301,Cá tuyết và cá chẻm sốt teriyaki,https://concop19.github.io/daily-mate-assets/food_anime/dish_16388301.jpg,True,200,
16388709,Thịt sốt cà chua siêu nhanh gọn đưa cơm,https://concop19.github.io/daily-mate-assets/food_anime/dish_16388709.jpg,True,200,
16390034,Thịt bò cháy tỏi,https://concop19.github.io/daily-mate-assets/food_anime/dish_16390034.jpg,True,200,
16391109,Súp bắp tôm đường đen,https://concop19.github.io/daily-mate-assets/food_anime/dish_16391109.jpg,True,200,
16393065,💚 Nấm Mỡ Nâu Nhồi Bơ & Ngò Tây Nướng,https://concop19.github.io/daily-mate-assets/food_anime/dish_16393065.jpg,True,200,
16393234,🌱 Nấm Bào Ngư Sốt Tương Hồi Xiên Que Nướng BBQ Chay (Vegan),https://concop19.github.io/daily-mate-assets/food_anime/dish_16393234.jpg,True,200,
16393337,Món chay thường ngày | Nấm đùi gà một nắng om xì dầu,https://concop19.github.io/daily-mate-assets/food_anime/dish_16393337.jpg,True,200,
16393679,Xôi lá cẩm thịt xá xíu,https://concop19.github.io/daily-mate-assets/food_anime/dish_16393679.jpg,True,200,
16393925,Pizza rau củ,https://concop19.github.io/daily-mate-assets/food_anime/dish_16393925.jpg,True,200,
16394092,Thịt bò xào hoa thiên lý,https://concop19.github.io/daily-mate-assets/food_anime/dish_16394092.jpg,True,200,
16394440,"💚 Salad Nui Ống, Nấm, Cà Chua, Olive & Fêta Healthy (Vegetarian)",https://concop19.github.io/daily-mate-assets/food_anime/dish_16394440.jpg,True,200,
16394441,Chả cá xốt trứng,https://concop19.github.io/daily-mate-assets/food_anime/dish_16394441.jpg,True,200,
16394781,Lườn gà bọc nấm cuộn cải thảo rất mềm,https://concop19.github.io/daily-mate-assets/food_anime/dish_16394781.jpg,True,200,
16395889,Chả cá chiên,https://concop19.github.io/daily-mate-assets/food_anime/dish_16395889.jpg,True,200,
16396019,Thịt rang cháy cạnh ngọt thơm,https://concop19.github.io/daily-mate-assets/food_anime/dish_16396019.jpg,True,200,
16396064,Thịt trứng kho bia,https://concop19.github.io/daily-mate-assets/food_anime/dish_16396064.jpg,True,200,
16398207,"Nấm đông cô, đậu gà, cà rốt xào bơ tỏi thơm ngon",https://concop19.github.io/daily-mate-assets/food_anime/dish_16398207.jpg,True,200,
16398238,Tàu hủ và thịt sốt sa tế,https://concop19.github.io/daily-mate-assets/food_anime/dish_16398238.jpg,True,200,
16398322,Tôm Thịt Ram,https://concop19.github.io/daily-mate-assets/food_anime/dish_16398322.jpg,True,200,
16398336,Canh đuôi heo củ sen,https://concop19.github.io/daily-mate-assets/food_anime/dish_16398336.jpg,True,200,
16398342,Canh Chua Cá Bè,https://concop19.github.io/daily-mate-assets/food_anime/dish_16398342.jpg,True,200,
16398358,Bò Xào Thập Cẩm,https://concop19.github.io/daily-mate-assets/food_anime/dish_16398358.jpg,True,200,
16399932,Gà nướng rau củ,https://concop19.github.io/daily-mate-assets/food_anime/dish_16399932.jpg,True,200,
16399937,Bánh canh xương bò viên,https://concop19.github.io/daily-mate-assets/food_anime/dish_16399937.jpg,True,200,
16399940,Cà chua rim thịt và đậu hũ,https://concop19.github.io/daily-mate-assets/food_anime/dish_16399940.jpg,True,200,
16401253,Dầu mè nấu canh thịt,https://concop19.github.io/daily-mate-assets/food_anime/dish_16401253.jpg,True,200,
16402064,Cá kho riềng sả,https://concop19.github.io/daily-mate-assets/food_anime/dish_16402064.jpg,True,200,
16403074,Súp lơ xào thịt gà eatclean,https://concop19.github.io/daily-mate-assets/food_anime/dish_16403074.jpg,True,200,
16404053,Tôm nhồi mướp hương cho bé,https://concop19.github.io/daily-mate-assets/food_anime/dish_16404053.jpg,True,200,
16404136,Mì xào hải sản,https://concop19.github.io/daily-mate-assets/food_anime/dish_16404136.jpg,True,200,
16404321,Rau càng cua trộn cà chua,https://concop19.github.io/daily-mate-assets/food_anime/dish_16404321.jpg,True,200,
16404944,Thạch rau câu mít :,https://concop19.github.io/daily-mate-assets/food_anime/dish_16404944.jpg,True,200,
16404953,Phở cuốn thịt bò,https://concop19.github.io/daily-mate-assets/food_anime/dish_16404953.jpg,True,200,
16406893,Canh rau má Nấu tôm và chả cá,https://concop19.github.io/daily-mate-assets/food_anime/dish_16406893.jpg,True,200,
16407156,Cơm thịt bò sốt gừng,https://concop19.github.io/daily-mate-assets/food_anime/dish_16407156.jpg,True,200,
16407464,Canh chua cá thác lác,https://concop19.github.io/daily-mate-assets/food_anime/dish_16407464.jpg,True,200,
16407484,Bí đao (bí xanh) cuộn cua thịt,https://concop19.github.io/daily-mate-assets/food_anime/dish_16407484.jpg,True,200,
16407810,Mì gói xào chả cá,https://concop19.github.io/daily-mate-assets/food_anime/dish_16407810.jpg,True,200,
16408965,Bánh canh bột mì nấu thịt gà,https://concop19.github.io/daily-mate-assets/food_anime/dish_16408965.jpg,True,200,
16409159,Cá Hồi Kho Tiêu,https://concop19.github.io/daily-mate-assets/food_anime/dish_16409159.jpg,True,200,
16409316,Bún Riêu Nấu Nấm Đông Trùng Hạ Thảo,https://concop19.github.io/daily-mate-assets/food_anime/dish_16409316.jpg,True,200,
16409776,Cá hồi sốt nước tương,https://concop19.github.io/daily-mate-assets/food_anime/dish_16409776.jpg,True,200,
16409839,Canh cá kình nấu thơm,https://concop19.github.io/daily-mate-assets/food_anime/dish_16409839.jpg,True,200,
16410478,Cá bông lau kho tộ với nước trà,https://concop19.github.io/daily-mate-assets/food_anime/dish_16410478.jpg,True,200,
16410624,Cá nục hấp hành cuốn bánh tráng,https://concop19.github.io/daily-mate-assets/food_anime/dish_16410624.jpg,True,200,
16411430,Salad cá thu eat clean,https://concop19.github.io/daily-mate-assets/food_anime/dish_16411430.jpg,True,200,
16411692,Cơm chiên cá hố kho,https://concop19.github.io/daily-mate-assets/food_anime/dish_16411692.jpg,True,200,
16412216,Đậu đũa xào Tôm,https://concop19.github.io/daily-mate-assets/food_anime/dish_16412216.jpg,True,200,
16413041,Tôm sốt mayonaise cay,https://concop19.github.io/daily-mate-assets/food_anime/dish_16413041.jpg,True,200,
16413050,Đậu phụ hầm kimchi,https://concop19.github.io/daily-mate-assets/food_anime/dish_16413050.jpg,True,200,
16415156,Trứng cá kho tiêu,https://concop19.github.io/daily-mate-assets/food_anime/dish_16415156.jpg,True,200,
16419967,Canh thịt bò nấu dưa muối chua ngọt,https://concop19.github.io/daily-mate-assets/food_anime/dish_16419967.jpg,True,200,
16420050,Thịt Heo Kho,https://concop19.github.io/daily-mate-assets/food_anime/dish_16420050.jpg,True,200,
16420060,Thịt Bò Xay Xào Lá Lốt,https://concop19.github.io/daily-mate-assets/food_anime/dish_16420060.jpg,True,200,
16421276,Canh Rau Tập Tàng Nấu Mướp,https://concop19.github.io/daily-mate-assets/food_anime/dish_16421276.jpg,True,200,
16421316,Mỳ Ý Hải sản sốt cà chua,https://concop19.github.io/daily-mate-assets/food_anime/dish_16421316.jpg,True,200,
16422592,Kai Phalo - Thịt Heo Kho Tàu Kiểu Thailand,https://concop19.github.io/daily-mate-assets/food_anime/dish_16422592.jpg,True,200,
16423564,Mì Quảng Tôm -Mực,https://concop19.github.io/daily-mate-assets/food_anime/dish_16423564.jpg,True,200,
16423906,Cá nướng Tây Bắc,https://concop19.github.io/daily-mate-assets/food_anime/dish_16423906.jpg,True,200,
16424140,Bò Né Phiên Bản Dọn Tủ,https://concop19.github.io/daily-mate-assets/food_anime/dish_16424140.jpg,True,200,
16424456,Cá chai/cá chỉ vàng chua ngọt,https://concop19.github.io/daily-mate-assets/food_anime/dish_16424456.jpg,True,200,
16424506,Thịt heo hầm,https://concop19.github.io/daily-mate-assets/food_anime/dish_16424506.jpg,True,200,
16424582,Bóng cá chay chiên giòn mè rang,https://concop19.github.io/daily-mate-assets/food_anime/dish_16424582.jpg,True,200,
16424615,Canh chay đậu hủ nấu mướp và rau,https://concop19.github.io/daily-mate-assets/food_anime/dish_16424615.jpg,True,200,
16424771,Chả nấm chay,https://concop19.github.io/daily-mate-assets/food_anime/dish_16424771.jpg,True,200,
16426108,Canh mít non nấu tôm thịt,https://concop19.github.io/daily-mate-assets/food_anime/dish_16426108.jpg,True,200,
16427547,Nem thính nấm đùi gà (món chay),https://concop19.github.io/daily-mate-assets/food_anime/dish_16427547.jpg,True,200,
16427842,Đậu hủ non nướng giấy bạc,https://concop19.github.io/daily-mate-assets/food_anime/dish_16427842.jpg,True,200,
16427883,Miến Trộn Dầu Hào Sốt Nấm,https://concop19.github.io/daily-mate-assets/food_anime/dish_16427883.jpg,True,200,
16428779,Thịt heo chiên xù,https://concop19.github.io/daily-mate-assets/food_anime/dish_16428779.jpg,True,200,
16429262,🌱 Bún Bò Huế Chay Nấu Nhanh Với Viên Súp,https://concop19.github.io/daily-mate-assets/food_anime/dish_16429262.jpg,True,200,
16429684,Tôm rim tiêu,https://concop19.github.io/daily-mate-assets/food_anime/dish_16429684.jpg,True,200,
16430341,Cá chim nướng mỡ hành,https://concop19.github.io/daily-mate-assets/food_anime/dish_16430341.jpg,True,200,
16430523,Ếch xào sả không ớt ;),https://concop19.github.io/daily-mate-assets/food_anime/dish_16430523.jpg,True,200,
16430569,Ba chỉ cuộn nấm kim châm,https://concop19.github.io/daily-mate-assets/food_anime/dish_16430569.jpg,True,200,
16430606,Phi Lê Cá Tráp Đầu Vàng (Dorade Royal) Áo Bột Chiên Giòn,https://concop19.github.io/daily-mate-assets/food_anime/dish_16430606.jpg,True,200,
16430789,Lườn cá hồi lúc lắc,https://concop19.github.io/daily-mate-assets/food_anime/dish_16430789.jpg,True,200,
16432156,Canh Bí & thịt gà ăn trưa #1,https://concop19.github.io/daily-mate-assets/food_anime/dish_16432156.jpg,True,200,
16432187,Đậu hũ sốt nấm kim châm,https://concop19.github.io/daily-mate-assets/food_anime/dish_16432187.jpg,True,200,
16432292,Bún cá lóc,https://concop19.github.io/daily-mate-assets/food_anime/dish_16432292.jpg,True,200,
16432889,Đậu Hũ Sốt Cà Chua,https://concop19.github.io/daily-mate-assets/food_anime/dish_16432889.jpg,True,200,
16433056,Canh Cua Rau Mồng Tơi,https://concop19.github.io/daily-mate-assets/food_anime/dish_16433056.jpg,True,200,
16434239,Cháo nhuyễn xèo thịt bò,https://concop19.github.io/daily-mate-assets/food_anime/dish_16434239.jpg,True,200,
16434476,Đậu hũ xào mướp đắng,https://concop19.github.io/daily-mate-assets/food_anime/dish_16434476.jpg,True,200,
16434507,Dẻ sườn bò om sấu Hà Nội,https://concop19.github.io/daily-mate-assets/food_anime/dish_16434507.jpg,True,200,
16435820,Nấm xào rong nho,https://concop19.github.io/daily-mate-assets/food_anime/dish_16435820.jpg,True,200,
16435825,Canh rong biển nấu nấm đậu hũ,https://concop19.github.io/daily-mate-assets/food_anime/dish_16435825.jpg,True,200,
16436537,🌱 Mì Vàng Xào Nấm & Đậu Hủ Chay (Vegan),https://concop19.github.io/daily-mate-assets/food_anime/dish_16436537.jpg,True,200,
16437092,Vú heo nướng chao,https://concop19.github.io/daily-mate-assets/food_anime/dish_16437092.jpg,True,200,
16438519,Canh chua tôm càng xanh hoa chuối,https://concop19.github.io/daily-mate-assets/food_anime/dish_16438519.jpg,True,200,
16439308,Cá Cơm Than Kho Dầu,https://concop19.github.io/daily-mate-assets/food_anime/dish_16439308.jpg,True,200,
16440508,Đậu phụ sốt cà chua và nấm,https://concop19.github.io/daily-mate-assets/food_anime/dish_16440508.jpg,True,200,
16440821,Canh cua-khoai sọ-rau muống,https://concop19.github.io/daily-mate-assets/food_anime/dish_16440821.jpg,True,200,
16441021,Bò Xào Đậu Rồng,https://concop19.github.io/daily-mate-assets/food_anime/dish_16441021.jpg,True,200,
16441049,Canh Xương Hầm Rau Củ,https://concop19.github.io/daily-mate-assets/food_anime/dish_16441049.jpg,True,200,
16441224,Đậu phụ má la siêu đơn giản,https://concop19.github.io/daily-mate-assets/food_anime/dish_16441224.jpg,True,200,
16442560,Eatclean: Trứng Chiên Nấm Kim Châm & Cà Chua,https://concop19.github.io/daily-mate-assets/food_anime/dish_16442560.jpg,True,200,
16442728,Bánh bò xốp làm từ lòng trắng,https://concop19.github.io/daily-mate-assets/food_anime/dish_16442728.jpg,True,200,
16444447,Tôm viên sốt teriyaki cho bé >1y,https://concop19.github.io/daily-mate-assets/food_anime/dish_16444447.jpg,True,200,
16445873,Canh cua nấu mồng tơi mướp,https://concop19.github.io/daily-mate-assets/food_anime/dish_16445873.jpg,True,200,
16446637,Mỳ Spaghetti Kem Nấm Gà Bao Ngon Cực Dễ,https://concop19.github.io/daily-mate-assets/food_anime/dish_16446637.jpg,True,200,
16446684,Thịt xào kim chi,https://concop19.github.io/daily-mate-assets/food_anime/dish_16446684.jpg,True,200,
16446690,Thịt heo xào đậu đũa,https://concop19.github.io/daily-mate-assets/food_anime/dish_16446690.jpg,True,200,
16448020,Bánh xếp hấp tôm thịt,https://concop19.github.io/daily-mate-assets/food_anime/dish_16448020.jpg,True,200,
16448626,Heo quay ba chỉ,https://concop19.github.io/daily-mate-assets/food_anime/dish_16448626.jpg,True,200,
16451554,Rong biển cuộn nấm kim châm chiên giòn,https://concop19.github.io/daily-mate-assets/food_anime/dish_16451554.jpg,True,200,
16453288,"Canh chân giò hầm với cà tím, đậu ve, và rau cải mầm",https://concop19.github.io/daily-mate-assets/food_anime/dish_16453288.jpg,True,200,
16453356,Canh sườn rau quả,https://concop19.github.io/daily-mate-assets/food_anime/dish_16453356.jpg,True,200,
16453574,Chả Đậu Hũ Tía Tô Lá Lốt Thơm Ngon Bất Ngờ,https://concop19.github.io/daily-mate-assets/food_anime/dish_16453574.jpg,True,200,
16453916,Cá chiên rim nước mắm,https://concop19.github.io/daily-mate-assets/food_anime/dish_16453916.jpg,True,200,
16454223,Vào bếp cùng con: cá diêu hồng sốt hành và xì dầu,https://concop19.github.io/daily-mate-assets/food_anime/dish_16454223.jpg,True,200,
16454626,Nấm kho sả ớt,https://concop19.github.io/daily-mate-assets/food_anime/dish_16454626.jpg,True,200,
16454650,Bánh Trung Thu Rau Câu Nhân Flan,https://concop19.github.io/daily-mate-assets/food_anime/dish_16454650.jpg,True,200,
16455362,Cá Nướng Cuốn Bánh Tráng,https://concop19.github.io/daily-mate-assets/food_anime/dish_16455362.jpg,True,200,
16455391,Lẩu Bò Thuốc Bắc Ngày Mưa 🌧,https://concop19.github.io/daily-mate-assets/food_anime/dish_16455391.jpg,True,200,
16455485,Cá lóc nướng nckd,https://concop19.github.io/daily-mate-assets/food_anime/dish_16455485.jpg,True,200,
16456767,Snack thanh cua,https://concop19.github.io/daily-mate-assets/food_anime/dish_16456767.jpg,True,200,
16458356,Đậu hũ non hấp kim chi,https://concop19.github.io/daily-mate-assets/food_anime/dish_16458356.jpg,True,200,
16460528,Tôm Xào Súp Lơ Xanh,https://concop19.github.io/daily-mate-assets/food_anime/dish_16460528.jpg,True,200,
16460558,Thịt Bò Xào Hành Tây,https://concop19.github.io/daily-mate-assets/food_anime/dish_16460558.jpg,True,200,
16461740,Salad Cà Chua Tôm Biển,https://concop19.github.io/daily-mate-assets/food_anime/dish_16461740.jpg,True,200,
16461751,🌱 Đậu Hủ Chiên Sốt Tương Dầu Hành Chay (Vegan),https://concop19.github.io/daily-mate-assets/food_anime/dish_16461751.jpg,True,200,
16461761,Canh bò hầm thuốc bắc,https://concop19.github.io/daily-mate-assets/food_anime/dish_16461761.jpg,True,200,
16461830,Cá trạch kho tương,https://concop19.github.io/daily-mate-assets/food_anime/dish_16461830.jpg,True,200,
16461942,Khế chua nấu dấm cá trắm,https://concop19.github.io/daily-mate-assets/food_anime/dish_16461942.jpg,True,200,
16462318,Canh rau ngót,https://concop19.github.io/daily-mate-assets/food_anime/dish_16462318.jpg,True,200,
16462489,Tôm nõn chiên giòn,https://concop19.github.io/daily-mate-assets/food_anime/dish_16462489.jpg,True,200,
16462620,Tôm Tây Ban Nha (Gambas),https://concop19.github.io/daily-mate-assets/food_anime/dish_16462620.jpg,True,200,
16462874,Tôm phô mai bỏ lò,https://concop19.github.io/daily-mate-assets/food_anime/dish_16462874.jpg,True,200,
16462899,Bắp cải thảo chưng thịt,https://concop19.github.io/daily-mate-assets/food_anime/dish_16462899.jpg,True,200,
16462934,Miến xào rau củ,https://concop19.github.io/daily-mate-assets/food_anime/dish_16462934.jpg,True,200,
16463197,Bánh Canh Cá Nục Chả Cá,https://concop19.github.io/daily-mate-assets/food_anime/dish_16463197.jpg,True,200,
16464083,Canh cá nấu cà,https://concop19.github.io/daily-mate-assets/food_anime/dish_16464083.jpg,True,200,
16464098,Đu đủ xào tôm,https://concop19.github.io/daily-mate-assets/food_anime/dish_16464098.jpg,True,200,
16464388,Tàu hủ nước đường làm bằng rau câu dẻo,https://concop19.github.io/daily-mate-assets/food_anime/dish_16464388.jpg,True,200,
16464975,Canh rau càng cua thịt bò,https://concop19.github.io/daily-mate-assets/food_anime/dish_16464975.jpg,True,200,
16465165,Rau củ nấu chao (món chay),https://concop19.github.io/daily-mate-assets/food_anime/dish_16465165.jpg,True,200,
16466569,Sách bò xào,https://concop19.github.io/daily-mate-assets/food_anime/dish_16466569.jpg,True,200,
16466801,Đậu hũ xốt cà,https://concop19.github.io/daily-mate-assets/food_anime/dish_16466801.jpg,True,200,
16467916,Nấm xúc bánh đa,https://concop19.github.io/daily-mate-assets/food_anime/dish_16467916.jpg,True,200,
16468492,Nấm kim châm chiên trứng,https://concop19.github.io/daily-mate-assets/food_anime/dish_16468492.jpg,True,200,
16468545,Rau câu flan cà phê,https://concop19.github.io/daily-mate-assets/food_anime/dish_16468545.jpg,True,200,
16470849,Măng xào thịt,https://concop19.github.io/daily-mate-assets/food_anime/dish_16470849.jpg,True,200,
16470960,Rau câu múi cam và trứng muối,https://concop19.github.io/daily-mate-assets/food_anime/dish_16470960.jpg,True,200,
16471001,Đậu hủ ma bà (ít cay),https://concop19.github.io/daily-mate-assets/food_anime/dish_16471001.jpg,True,200,
16471004,Bánh trung thu rau câu,https://concop19.github.io/daily-mate-assets/food_anime/dish_16471004.jpg,True,200,
16475155,Món healthy: Bún ngải cứu sốt thịt bằm cà chua,https://concop19.github.io/daily-mate-assets/food_anime/dish_16475155.jpg,True,200,
16476122,Lẩu Gà Nấm Mỡ Lá Quế,https://concop19.github.io/daily-mate-assets/food_anime/dish_16476122.jpg,True,200,
16476254,Cuốn Bún Đậu Hủ Chấm Mắm Tôm,https://concop19.github.io/daily-mate-assets/food_anime/dish_16476254.jpg,True,200,
16476693,🌱 Đậu Hủ & Nấm Mỡ Kho Tương Chay (Vegan),https://concop19.github.io/daily-mate-assets/food_anime/dish_16476693.jpg,True,200,
16477169,Gỏi Cá Cơm Khô,https://concop19.github.io/daily-mate-assets/food_anime/dish_16477169.jpg,True,200,
16477769,Khổ qua tàu xì xào bò,https://concop19.github.io/daily-mate-assets/food_anime/dish_16477769.jpg,True,200,
16479220,Gà nướng kèm rau củ và bánh phở chiên giòn,https://concop19.github.io/daily-mate-assets/food_anime/dish_16479220.jpg,True,200,
16479948,Món chay dễ làm| Đậu hũ nướng chao,https://concop19.github.io/daily-mate-assets/food_anime/dish_16479948.jpg,True,200,
16481624,Tôm rang chao lá chanh,https://concop19.github.io/daily-mate-assets/food_anime/dish_16481624.jpg,True,200,
16483888,Bánh Bột Lọc Nhân Tôm Thịt,https://concop19.github.io/daily-mate-assets/food_anime/dish_16483888.jpg,True,200,
16484084,Thịt Gà Rang Cháy Cạnh,https://concop19.github.io/daily-mate-assets/food_anime/dish_16484084.jpg,True,200,
16484783,Cà Ri Cá Ngừ Hộp Masala,https://concop19.github.io/daily-mate-assets/food_anime/dish_16484783.jpg,True,200,
16485542,Chả cá kiểu Nhật - Gà sốt cà rốt,https://concop19.github.io/daily-mate-assets/food_anime/dish_16485542.jpg,True,200,
16485748,Đậu hũ chiên sốt cà chua chay,https://concop19.github.io/daily-mate-assets/food_anime/dish_16485748.jpg,True,200,
16486651,Thịt Heo Rang Cháy Cạnh,https://concop19.github.io/daily-mate-assets/food_anime/dish_16486651.jpg,True,200,
16487027,Thịt Rang Cháy Cạnh Cuốn Kim Chi,https://concop19.github.io/daily-mate-assets/food_anime/dish_16487027.jpg,True,200,
16487765,Thịt Chiên Giòn Sốt Chua Ngọt Hàn Quốc (Tangsuyuk),https://concop19.github.io/daily-mate-assets/food_anime/dish_16487765.jpg,True,200,
16488464,Thịt Rang Cháy Cạnh Ngũ Vị Hương,https://concop19.github.io/daily-mate-assets/food_anime/dish_16488464.jpg,True,200,
16490209,Rau câu nén vàng,https://concop19.github.io/daily-mate-assets/food_anime/dish_16490209.jpg,True,200,
16490977,Thịt Rang Cháy Cạnh Nấu Dấm,https://concop19.github.io/daily-mate-assets/food_anime/dish_16490977.jpg,True,200,
16491055,🌱 Rau Ngón Biển (Salicorne) Xào Tỏi,https://concop19.github.io/daily-mate-assets/food_anime/dish_16491055.jpg,True,200,
16491079,Cật Heo Xào Bí Ngòi,https://concop19.github.io/daily-mate-assets/food_anime/dish_16491079.jpg,True,200,
16491293,🌱 Canh Mồng Tơi Nấu Nấm Mỡ Chay,https://concop19.github.io/daily-mate-assets/food_anime/dish_16491293.jpg,True,200,
16491925,Cá Chim trắng nấu ngót,https://concop19.github.io/daily-mate-assets/food_anime/dish_16491925.jpg,True,200,
16492390,Tim Heo Xào Đậu Que Cà Rốt,https://concop19.github.io/daily-mate-assets/food_anime/dish_16492390.jpg,True,200,
16492851,Bánh Mặn Mini Nhân Thịt & Rau Củ,https://concop19.github.io/daily-mate-assets/food_anime/dish_16492851.jpg,True,200,
16493284,Món chay dễ làm| Đậu phụ xào ngải cứu,https://concop19.github.io/daily-mate-assets/food_anime/dish_16493284.jpg,True,200,
16493898,"Salad Xoài, Cà Chua & Thanh Cua",https://concop19.github.io/daily-mate-assets/food_anime/dish_16493898.jpg,True,200,
16493992,Tôm rang muối ớt,https://concop19.github.io/daily-mate-assets/food_anime/dish_16493992.jpg,True,200,
16494256,Măng tây xào tôm,https://concop19.github.io/daily-mate-assets/food_anime/dish_16494256.jpg,True,200,
16495658,Bò Xào Nấm Đông Trùng Hạ Thảo,https://concop19.github.io/daily-mate-assets/food_anime/dish_16495658.jpg,True,200,
16496646,Beef steak & mashed potato,https://concop19.github.io/daily-mate-assets/food_anime/dish_16496646.jpg,True,200,
16497353,Mì Ý Xào Tôm & Rau Ngón Biển,https://concop19.github.io/daily-mate-assets/food_anime/dish_16497353.jpg,True,200,
16499238,Nấm Mỡ Sốt Bơ Tỏi,https://concop19.github.io/daily-mate-assets/food_anime/dish_16499238.jpg,True,200,
16499544,Bắp Cải Cà Rốt Xào Cá Ngừ Hộp,https://concop19.github.io/daily-mate-assets/food_anime/dish_16499544.jpg,True,200,
16499558,Mì Gói Nấu Nấm Mỡ & Thanh Cua Surimi,https://concop19.github.io/daily-mate-assets/food_anime/dish_16499558.jpg,True,200,
16500581,Lẩu cá thác lác,https://concop19.github.io/daily-mate-assets/food_anime/dish_16500581.jpg,True,200,
16500652,Chả cá thác lác chiên,https://concop19.github.io/daily-mate-assets/food_anime/dish_16500652.jpg,True,200,
16501106,Mực xào hành giá,https://concop19.github.io/daily-mate-assets/food_anime/dish_16501106.jpg,True,200,
16501971,Canh cá miso,https://concop19.github.io/daily-mate-assets/food_anime/dish_16501971.jpg,True,200,
16504240,Cá chép om dưa,https://concop19.github.io/daily-mate-assets/food_anime/dish_16504240.jpg,True,200,
16504615,Cá basa kho thịt,https://concop19.github.io/daily-mate-assets/food_anime/dish_16504615.jpg,True,200,
16505548,Rau câu dừa,https://concop19.github.io/daily-mate-assets/food_anime/dish_16505548.jpg,True,200,
16506546,Canh tôm rau ngót cho bé,https://concop19.github.io/daily-mate-assets/food_anime/dish_16506546.jpg,True,200,
16506547,Bún cua em bé,https://concop19.github.io/daily-mate-assets/food_anime/dish_16506547.jpg,True,200,
16507503,Bún cá thu healthy,https://concop19.github.io/daily-mate-assets/food_anime/dish_16507503.jpg,True,200,
16507514,"Cá diêu hồng kho cà chua, dứa",https://concop19.github.io/daily-mate-assets/food_anime/dish_16507514.jpg,True,200,
16510968,Canh nấm nấu đậu hũ non,https://concop19.github.io/daily-mate-assets/food_anime/dish_16510968.jpg,True,200,
16511049,Súp cua trứng Bắc thảo,https://concop19.github.io/daily-mate-assets/food_anime/dish_16511049.jpg,True,200,
16512106,Đuôi heo kho sả ớt,https://concop19.github.io/daily-mate-assets/food_anime/dish_16512106.jpg,True,200,
16513404,Mì thịt bằm bí ẩn,https://concop19.github.io/daily-mate-assets/food_anime/dish_16513404.jpg,True,200,
16513412,"Bánh tôm, bánh tép",https://concop19.github.io/daily-mate-assets/food_anime/dish_16513412.jpg,True,200,
16513558,Cải chua xào thịt ba rọi - Món mặn/ Món xào,https://concop19.github.io/daily-mate-assets/food_anime/dish_16513558.jpg,True,200,
16513711,Lẩu nấm thập cẩm,https://concop19.github.io/daily-mate-assets/food_anime/dish_16513711.jpg,True,200,
16513719,Bánh canh cá lóc chả cua,https://concop19.github.io/daily-mate-assets/food_anime/dish_16513719.jpg,True,200,
16514167,Tôm Chiên Trứng,https://concop19.github.io/daily-mate-assets/food_anime/dish_16514167.jpg,True,200,
16514171,Canh Bí Xanh Nấu Thịt Heo,https://concop19.github.io/daily-mate-assets/food_anime/dish_16514171.jpg,True,200,
16515725,Nấm thính cuốn lá sung,https://concop19.github.io/daily-mate-assets/food_anime/dish_16515725.jpg,True,200,
16515744,Bò xào lúc lắc chay,https://concop19.github.io/daily-mate-assets/food_anime/dish_16515744.jpg,True,200,
16517159,Canh mọc sườn non rau củ,https://concop19.github.io/daily-mate-assets/food_anime/dish_16517159.jpg,True,200,
16517685,Đậu hũ chiên trứng,https://concop19.github.io/daily-mate-assets/food_anime/dish_16517685.jpg,True,200,
16517788,Mỳ ý sốt kem tôm,https://concop19.github.io/daily-mate-assets/food_anime/dish_16517788.jpg,True,200,
16519919,Lẩu khổ qua cá thác lác,https://concop19.github.io/daily-mate-assets/food_anime/dish_16519919.jpg,True,200,
16520282,Phá lấu tai mũi heo,https://concop19.github.io/daily-mate-assets/food_anime/dish_16520282.jpg,True,200,
16521795,Bánh đúc thịt gà cháy,https://concop19.github.io/daily-mate-assets/food_anime/dish_16521795.jpg,True,200,
16522186,Thịt luộc quấn bánh tráng,https://concop19.github.io/daily-mate-assets/food_anime/dish_16522186.jpg,True,200,
16522779,Gỏi xoài cá mặn,https://concop19.github.io/daily-mate-assets/food_anime/dish_16522779.jpg,True,200,
16523413,Ếch chiên xào bơ hành sả,https://concop19.github.io/daily-mate-assets/food_anime/dish_16523413.jpg,True,200,
16523418,Cháo ếch đậu xanh cho bé,https://concop19.github.io/daily-mate-assets/food_anime/dish_16523418.jpg,True,200,
16523528,Canh cá rìa dọc mùng giá đỗ,https://concop19.github.io/daily-mate-assets/food_anime/dish_16523528.jpg,True,200,
16523565,Nấm Đông Cô Kho Xã Ớt,https://concop19.github.io/daily-mate-assets/food_anime/dish_16523565.jpg,True,200,
16523643,Cá hấp nấm,https://concop19.github.io/daily-mate-assets/food_anime/dish_16523643.jpg,True,200,
16523910,Hủ tiếu khô tôm càng,https://concop19.github.io/daily-mate-assets/food_anime/dish_16523910.jpg,True,200,
16524004,Thịt rim dừa,https://concop19.github.io/daily-mate-assets/food_anime/dish_16524004.jpg,True,200,
16524084,Đậu phụ sốt cà chua,https://concop19.github.io/daily-mate-assets/food_anime/dish_16524084.jpg,True,200,
16524406,Râu Mực Nấu Nui Lưỡi Chim,https://concop19.github.io/daily-mate-assets/food_anime/dish_16524406.jpg,True,200,
16525505,Mỳ ý sốt kem nấm ngon bất bại,https://concop19.github.io/daily-mate-assets/food_anime/dish_16525505.jpg,True,200,
16525618,Salmon with whipping cream sauce (cá hồi sốt kem tươi),https://concop19.github.io/daily-mate-assets/food_anime/dish_16525618.jpg,True,200,
16528087,Đậu hũ rim nước tương(món chay),https://concop19.github.io/daily-mate-assets/food_anime/dish_16528087.jpg,True,200,
16528094,Đậu cô ve xào giá đậu hũ (món chay),https://concop19.github.io/daily-mate-assets/food_anime/dish_16528094.jpg,True,200,
16528351,Củ sen kẹp thịt chiên giòn,https://concop19.github.io/daily-mate-assets/food_anime/dish_16528351.jpg,True,200,
16528444,Rau củ xào thập cẩm,https://concop19.github.io/daily-mate-assets/food_anime/dish_16528444.jpg,True,200,
16528834,Tôm nướng sốt trứng muối,https://concop19.github.io/daily-mate-assets/food_anime/dish_16528834.jpg,True,200,
16529552,Đậu hũ Nhật xào cay,https://concop19.github.io/daily-mate-assets/food_anime/dish_16529552.jpg,True,200,
16530295,Thịt nướng giòn da (NCKD),https://concop19.github.io/daily-mate-assets/food_anime/dish_16530295.jpg,True,200,
16530776,Thịt viên tứ hỉ (thịt viên đầu sư tử),https://concop19.github.io/daily-mate-assets/food_anime/dish_16530776.jpg,True,200,
16533156,Thịt Heo Hầm Đậu Trắng,https://concop19.github.io/daily-mate-assets/food_anime/dish_16533156.jpg,True,200,
16533919,Măng xào thịt heo,https://concop19.github.io/daily-mate-assets/food_anime/dish_16533919.jpg,True,200,
16533967,Thịt mè xiên que nướng NCKD,https://concop19.github.io/daily-mate-assets/food_anime/dish_16533967.jpg,True,200,
16534018,Chả cá ba sa xào kim chi,https://concop19.github.io/daily-mate-assets/food_anime/dish_16534018.jpg,True,200,
16534478,Cá chiên xù,https://concop19.github.io/daily-mate-assets/food_anime/dish_16534478.jpg,True,200,
16534863,Bún chả cá thác lác,https://concop19.github.io/daily-mate-assets/food_anime/dish_16534863.jpg,True,200,
16534931,Canh Xương Heo Hầm Bông Cải Tím,https://concop19.github.io/daily-mate-assets/food_anime/dish_16534931.jpg,True,200,
16536257,Bánh tôm giòn rụm,https://concop19.github.io/daily-mate-assets/food_anime/dish_16536257.jpg,True,200,
16536317,Nui Nhỏ Nấu Sườn Heo Cà Rốt,https://concop19.github.io/daily-mate-assets/food_anime/dish_16536317.jpg,True,200,
16537475,Súp ngô heo nấm,https://concop19.github.io/daily-mate-assets/food_anime/dish_16537475.jpg,True,200,
16537915,"Mì xào tôm, thịt bò",https://concop19.github.io/daily-mate-assets/food_anime/dish_16537915.jpg,True,200,
16538115,Nấm kim châm sốt cay,https://concop19.github.io/daily-mate-assets/food_anime/dish_16538115.jpg,True,200,
16538522,Canh cá nấu chua,https://concop19.github.io/daily-mate-assets/food_anime/dish_16538522.jpg,True,200,
16539583,Tôm chiên sốt chua ngọt,https://concop19.github.io/daily-mate-assets/food_anime/dish_16539583.jpg,True,200,
16539761,Phi-lê cá chiên xù,https://concop19.github.io/daily-mate-assets/food_anime/dish_16539761.jpg,True,200,
16540339,Nấm bào ngư hấp gừng sả,https://concop19.github.io/daily-mate-assets/food_anime/dish_16540339.jpg,True,200,
16540462,Canh rong biển đậu hũ,https://concop19.github.io/daily-mate-assets/food_anime/dish_16540462.jpg,True,200,
16541670,Ruột Heo Khìa Nước Dừa,https://concop19.github.io/daily-mate-assets/food_anime/dish_16541670.jpg,True,200,
16542319,Phá Lấu Lòng Bò,https://concop19.github.io/daily-mate-assets/food_anime/dish_16542319.jpg,True,200,
16542589,🍄🍄🍄 CHÁO NẤM 🍄🍄🍄,https://concop19.github.io/daily-mate-assets/food_anime/dish_16542589.jpg,True,200,
16542883,Khô nấm,https://concop19.github.io/daily-mate-assets/food_anime/dish_16542883.jpg,True,200,
16544182,Canh nấm rơm cải cúc,https://concop19.github.io/daily-mate-assets/food_anime/dish_16544182.jpg,True,200,
16544199,"Mì xào bò,cần nước",https://concop19.github.io/daily-mate-assets/food_anime/dish_16544199.jpg,True,200,
16544300,"Bánh canh bột xắt nấu thịt gà,riêu tôm thịt",https://concop19.github.io/daily-mate-assets/food_anime/dish_16544300.jpg,True,200,
16545295,Gỏi Đu Đủ Xanh Tôm Thịt,https://concop19.github.io/daily-mate-assets/food_anime/dish_16545295.jpg,True,200,
16545585,Cá đuối nướng cuốn bánh tráng rau sống,https://concop19.github.io/daily-mate-assets/food_anime/dish_16545585.jpg,True,200,
16546041,"💚 Trứng Chiên Rau Ngón Biển (Samphire, Salicorne)",https://concop19.github.io/daily-mate-assets/food_anime/dish_16546041.jpg,True,200,
16546146,Canh Sườn Heo Hầm Rau Ngón Biển,https://concop19.github.io/daily-mate-assets/food_anime/dish_16546146.jpg,True,200,
16548433,Rau Tàu bay xào tỏi,https://concop19.github.io/daily-mate-assets/food_anime/dish_16548433.jpg,True,200,
16549260,Cháo sườn hạt sen nấm 🍲,https://concop19.github.io/daily-mate-assets/food_anime/dish_16549260.jpg,True,200,
16549313,Gỏi mực chua cay,https://concop19.github.io/daily-mate-assets/food_anime/dish_16549313.jpg,True,200,
16549354,Canh Khổ Qua Sườn Heo,https://concop19.github.io/daily-mate-assets/food_anime/dish_16549354.jpg,True,200,
16549748,Bánh Mandu Hấp Nhân Tôm Thịt,https://concop19.github.io/daily-mate-assets/food_anime/dish_16549748.jpg,True,200,
16550439,Bún Bò Huế(Xương Bò),https://concop19.github.io/daily-mate-assets/food_anime/dish_16550439.jpg,True,200,
16550452,"Bún Bò Huế (Nạm bò, chân giò, xương bò, giò sống)",https://concop19.github.io/daily-mate-assets/food_anime/dish_16550452.jpg,True,200,
16551327,Gỏi mực,https://concop19.github.io/daily-mate-assets/food_anime/dish_16551327.jpg,True,200,
16552481,Mực Hấp Chấm Mắm Gừng,https://concop19.github.io/daily-mate-assets/food_anime/dish_16552481.jpg,True,200,
16553297,Mực chiên chay(rong biển cuộn nấm kim châm),https://concop19.github.io/daily-mate-assets/food_anime/dish_16553297.jpg,True,200,
16553333,Đậu hủ nấu nấm,https://concop19.github.io/daily-mate-assets/food_anime/dish_16553333.jpg,True,200,
16553773,Cá bống đục kho tiêu,https://concop19.github.io/daily-mate-assets/food_anime/dish_16553773.jpg,True,200,
16554749,Tôm Hùm Hấp Bia Sả,https://concop19.github.io/daily-mate-assets/food_anime/dish_16554749.jpg,True,200,
16554996,Bún cá- chả cá - sứa Nha Trang,https://concop19.github.io/daily-mate-assets/food_anime/dish_16554996.jpg,True,200,
16555020,Canh cải khô sườn heo,https://concop19.github.io/daily-mate-assets/food_anime/dish_16555020.jpg,True,200,
16555024,Bò wellington cho bé,https://concop19.github.io/daily-mate-assets/food_anime/dish_16555024.jpg,True,200,
16555891,Canh bí đỏ tôm thịt,https://concop19.github.io/daily-mate-assets/food_anime/dish_16555891.jpg,True,200,
16556855,Bánh xèo cá kình,https://concop19.github.io/daily-mate-assets/food_anime/dish_16556855.jpg,True,200,
16557936,Thịt nướng sốt sa tế mật ong,https://concop19.github.io/daily-mate-assets/food_anime/dish_16557936.jpg,True,200,
16559863,Cá diêu hồng chiên sả,https://concop19.github.io/daily-mate-assets/food_anime/dish_16559863.jpg,True,200,
16559999,Mì Ăn Liền Lẩu Thái Chả Cá,https://concop19.github.io/daily-mate-assets/food_anime/dish_16559999.jpg,True,200,
16561641,Dưa Leo Kẹp Cá Ngừ,https://concop19.github.io/daily-mate-assets/food_anime/dish_16561641.jpg,True,200,
16561654,Đậu hũ chiên giòn chấm sốt bơ đậu phộng,https://concop19.github.io/daily-mate-assets/food_anime/dish_16561654.jpg,True,200,
16562208,Canh dưa thịt bò,https://concop19.github.io/daily-mate-assets/food_anime/dish_16562208.jpg,True,200,
16563419,Ức gà áp chảo vị chanh cùng rau củ,https://concop19.github.io/daily-mate-assets/food_anime/dish_16563419.jpg,True,200,
16565052,Bánh Xếp Mandu Hàn Quốc Nhân Thịt Heo Chiên Nước,https://concop19.github.io/daily-mate-assets/food_anime/dish_16565052.jpg,True,200,
16565105,🌱 Bánh Xếp Mandu Chay Nhân Nấm Đậu Hủ Chiên Nước,https://concop19.github.io/daily-mate-assets/food_anime/dish_16565105.jpg,True,200,
16565126,Bánh Xếp Mandu Nhân Thịt & Kim Chi Cay Chiên Nước,https://concop19.github.io/daily-mate-assets/food_anime/dish_16565126.jpg,True,200,
16565574,"Nhập môn Mỳ ăn liền căn bản với thịt, trứng, khoai, rau,",https://concop19.github.io/daily-mate-assets/food_anime/dish_16565574.jpg,True,200,
16565745,Canh Súp Nấm Thịt Viên & Vỏ Bánh Mandu Xén Dư,https://concop19.github.io/daily-mate-assets/food_anime/dish_16565745.jpg,True,200,
16566347,Cá ngừ đại dương chiên,https://concop19.github.io/daily-mate-assets/food_anime/dish_16566347.jpg,True,200,
16566755,Bún Bò Huế Tái Nạm,https://concop19.github.io/daily-mate-assets/food_anime/dish_16566755.jpg,True,200,
16567538,Gà áp chảo vị sa tế cùng với rau củ,https://concop19.github.io/daily-mate-assets/food_anime/dish_16567538.jpg,True,200,
16567750,Cá kho tương,https://concop19.github.io/daily-mate-assets/food_anime/dish_16567750.jpg,True,200,
16567909,🌱 Canh Súp Mandu Rong Biển Đậu Hủ Chay,https://concop19.github.io/daily-mate-assets/food_anime/dish_16567909.jpg,True,200,
16568580,Cá lóc kho keo,https://concop19.github.io/daily-mate-assets/food_anime/dish_16568580.jpg,True,200,
16569920,Cá nướng cà chua bi,https://concop19.github.io/daily-mate-assets/food_anime/dish_16569920.jpg,True,200,
16570098,Bún Tàu Xào Tôm Khô & Rau Củ,https://concop19.github.io/daily-mate-assets/food_anime/dish_16570098.jpg,True,200,
16570173,Trứng đúc thịt lá lốt,https://concop19.github.io/daily-mate-assets/food_anime/dish_16570173.jpg,True,200,
16570176,Thịt vịt nấu bí xanh,https://concop19.github.io/daily-mate-assets/food_anime/dish_16570176.jpg,True,200,
16570213,Bánh bò đường thốt nốt,https://concop19.github.io/daily-mate-assets/food_anime/dish_16570213.jpg,True,200,
16570631,Canh chua chả cá,https://concop19.github.io/daily-mate-assets/food_anime/dish_16570631.jpg,True,200,
16570711,Mực mai (mực nang) xào su su,https://concop19.github.io/daily-mate-assets/food_anime/dish_16570711.jpg,True,200,
16570848,Hamburger(bánh mì nhân thịt bò phô mai),https://concop19.github.io/daily-mate-assets/food_anime/dish_16570848.jpg,True,200,
16570982,Cháo gạo lứt rau củ ăn kèm trứng vịt muối,https://concop19.github.io/daily-mate-assets/food_anime/dish_16570982.jpg,True,200,
16572953,Vào bếp cùng con: tôm chiên trứng,https://concop19.github.io/daily-mate-assets/food_anime/dish_16572953.jpg,True,200,
16574132,Cá diêu hồng phi lê chiên giòn sốt chua ngọt,https://concop19.github.io/daily-mate-assets/food_anime/dish_16574132.jpg,True,200,
16575242,Mực Lá Xào Hành Tây,https://concop19.github.io/daily-mate-assets/food_anime/dish_16575242.jpg,True,200,
16576146,Ếch rim nước dừa,https://concop19.github.io/daily-mate-assets/food_anime/dish_16576146.jpg,True,200,
16576382,Viên đậu hũ xúc xích,https://concop19.github.io/daily-mate-assets/food_anime/dish_16576382.jpg,True,200,
16577052,Thịt kho cơm dừa cho bé,https://concop19.github.io/daily-mate-assets/food_anime/dish_16577052.jpg,True,200,
16577225,Sách Bò Xào Dứa Sa Tế Cay,https://concop19.github.io/daily-mate-assets/food_anime/dish_16577225.jpg,True,200,
16578799,Miến xào tim cật heo,https://concop19.github.io/daily-mate-assets/food_anime/dish_16578799.jpg,True,200,
16580404,Bún cá trộn Thái Bình,https://concop19.github.io/daily-mate-assets/food_anime/dish_16580404.jpg,True,200,
16583055,Bò né cuốn bánh tráng 🥩🍀,https://concop19.github.io/daily-mate-assets/food_anime/dish_16583055.jpg,True,200,
16585013,Cải bó xôi xào thịt bò,https://concop19.github.io/daily-mate-assets/food_anime/dish_16585013.jpg,True,200,
16586177,Mì gói xào tôm,https://concop19.github.io/daily-mate-assets/food_anime/dish_16586177.jpg,True,200,
16586688,"Sườn chay, nấm rơm kho chao",https://concop19.github.io/daily-mate-assets/food_anime/dish_16586688.jpg,True,200,
16586803,Ức gà xào nấm đông cô,https://concop19.github.io/daily-mate-assets/food_anime/dish_16586803.jpg,True,200,
16587078,Nấm nướng tỏi,https://concop19.github.io/daily-mate-assets/food_anime/dish_16587078.jpg,True,200,
16588207,Rau củ xào giò nấm chay,https://concop19.github.io/daily-mate-assets/food_anime/dish_16588207.jpg,True,200,
16588435,Bánh da lợn nước cốt dừa,https://concop19.github.io/daily-mate-assets/food_anime/dish_16588435.jpg,True,200,
16588718,"Đậu phụ nhồi rau, nấm sốt cà chua",https://concop19.github.io/daily-mate-assets/food_anime/dish_16588718.jpg,True,200,
16592283,Thịt Bò Xào Ớt Trái Cây,https://concop19.github.io/daily-mate-assets/food_anime/dish_16592283.jpg,True,200,
16592717,Mì xào trứng rau củ,https://concop19.github.io/daily-mate-assets/food_anime/dish_16592717.jpg,True,200,
16592910,Canh rau muống nấu ghẹ,https://concop19.github.io/daily-mate-assets/food_anime/dish_16592910.jpg,True,200,
16593042,Cá rô chiên giòn,https://concop19.github.io/daily-mate-assets/food_anime/dish_16593042.jpg,True,200,
16593673,Cá hú kho khô,https://concop19.github.io/daily-mate-assets/food_anime/dish_16593673.jpg,True,200,
16593975,Tôm rang gạo lứt cải thìa chả cá,https://concop19.github.io/daily-mate-assets/food_anime/dish_16593975.jpg,True,200,
16594795,Rau ngũ gia bì xào trứng,https://concop19.github.io/daily-mate-assets/food_anime/dish_16594795.jpg,True,200,
16594797,Rau ngũ gia bì nấu đầu tôm,https://concop19.github.io/daily-mate-assets/food_anime/dish_16594797.jpg,True,200,
16594802,Đọt đậu Hà Lan nấu tôm,https://concop19.github.io/daily-mate-assets/food_anime/dish_16594802.jpg,True,200,
16594817,Củ niễng xào thịt bò,https://concop19.github.io/daily-mate-assets/food_anime/dish_16594817.jpg,True,200,
16595773,"Canh chua cá hú nấu lá bụp giấm(lá rau chua,lá giấm...)",https://concop19.github.io/daily-mate-assets/food_anime/dish_16595773.jpg,True,200,
16595794,"Bánh xèo tôm thịt,nấm bào ngư ăn kèm rau cải xanh và rau sống",https://concop19.github.io/daily-mate-assets/food_anime/dish_16595794.jpg,True,200,
16595809,Thơm Thái lắc muối tôm 🍍🍍🍍,https://concop19.github.io/daily-mate-assets/food_anime/dish_16595809.jpg,True,200,
16595884,Đậu hủ nhồi thịt sốt cà,https://concop19.github.io/daily-mate-assets/food_anime/dish_16595884.jpg,True,200,
16599525,Sandwich kẹp xúc xích phômai rau củ,https://concop19.github.io/daily-mate-assets/food_anime/dish_16599525.jpg,True,200,
16600646,Cá trứng nauy nướng bằng nckd,https://concop19.github.io/daily-mate-assets/food_anime/dish_16600646.jpg,True,200,
16601432,Cá Trê Om Chuối Đậu,https://concop19.github.io/daily-mate-assets/food_anime/dish_16601432.jpg,True,200,
16602162,Đậu hũ xào ngũ sắc,https://concop19.github.io/daily-mate-assets/food_anime/dish_16602162.jpg,True,200,
16604402,Đậu phụ tẩm mắm hành,https://concop19.github.io/daily-mate-assets/food_anime/dish_16604402.jpg,True,200,
16605250,Thịt rang cháy cạnh tôm đất,https://concop19.github.io/daily-mate-assets/food_anime/dish_16605250.jpg,True,200,
16606272,Gà hấp nấm hương,https://concop19.github.io/daily-mate-assets/food_anime/dish_16606272.jpg,True,200,
16606545,Canh bí đỏ giò heo,https://concop19.github.io/daily-mate-assets/food_anime/dish_16606545.jpg,True,200,
16609282,Cà Tím Xào Thịt Bằm,https://concop19.github.io/daily-mate-assets/food_anime/dish_16609282.jpg,True,200,
16610139,Thịt bê xào sả ớt,https://concop19.github.io/daily-mate-assets/food_anime/dish_16610139.jpg,True,200,
16611869,Bò xào củ hành,https://concop19.github.io/daily-mate-assets/food_anime/dish_16611869.jpg,True,200,
16613243,Mắm chưng thịt bằm hột vịt,https://concop19.github.io/daily-mate-assets/food_anime/dish_16613243.jpg,True,200,
16613608,Bánh Đa Cua Cà Mau,https://concop19.github.io/daily-mate-assets/food_anime/dish_16613608.jpg,True,200,
16613866,Da Heo Chiên Phồng Xóc Bơ Tỏi,https://concop19.github.io/daily-mate-assets/food_anime/dish_16613866.jpg,True,200,
16614619,Thịt bò xào cần nước ớt chuông xanh,https://concop19.github.io/daily-mate-assets/food_anime/dish_16614619.jpg,True,200,
16614984,Cá ngừ bò kho keo,https://concop19.github.io/daily-mate-assets/food_anime/dish_16614984.jpg,True,200,
16615871,Mì Gói Xào Nấm Rơm Sốt Dầu Hào,https://concop19.github.io/daily-mate-assets/food_anime/dish_16615871.jpg,True,200,
16616619,Tôm kho củ cải,https://concop19.github.io/daily-mate-assets/food_anime/dish_16616619.jpg,True,200,
16616705,Thịt heo xào dưa cải chua,https://concop19.github.io/daily-mate-assets/food_anime/dish_16616705.jpg,True,200,
16616739,Kimbap Cá Ngừ Ngâm Dầu,https://concop19.github.io/daily-mate-assets/food_anime/dish_16616739.jpg,True,200,
16616806,Cá Diêu Hồng hấp không ướp gia vị,https://concop19.github.io/daily-mate-assets/food_anime/dish_16616806.jpg,True,200,
16616840,Thịt bò dần xào dứa,https://concop19.github.io/daily-mate-assets/food_anime/dish_16616840.jpg,True,200,
16617061,Cá kho riềng,https://concop19.github.io/daily-mate-assets/food_anime/dish_16617061.jpg,True,200,
16618460,Sandwich trứng tôm,https://concop19.github.io/daily-mate-assets/food_anime/dish_16618460.jpg,True,200,
16618503,Cá lóc chay,https://concop19.github.io/daily-mate-assets/food_anime/dish_16618503.jpg,True,200,
16618761,Tàu hủ non thịt chà bông,https://concop19.github.io/daily-mate-assets/food_anime/dish_16618761.jpg,True,200,
16619062,Canh ngô ngọt thịt băm,https://concop19.github.io/daily-mate-assets/food_anime/dish_16619062.jpg,True,200,
16621996,Bún gạo lức xào bò tôm mực (CHAY),https://concop19.github.io/daily-mate-assets/food_anime/dish_16621996.jpg,True,200,
16623039,Chả giò tôm thịt béo thơm đơn giản ❤️,https://concop19.github.io/daily-mate-assets/food_anime/dish_16623039.jpg,True,200,
16623707,Canh cá dìa nấu thơm cà chua,https://concop19.github.io/daily-mate-assets/food_anime/dish_16623707.jpg,True,200,
16624318,Thịt Đông Tai Heo,https://concop19.github.io/daily-mate-assets/food_anime/dish_16624318.jpg,True,200,
16624560,Súp cua trân châu,https://concop19.github.io/daily-mate-assets/food_anime/dish_16624560.jpg,True,200,
16626900,Cá um dưa chua,https://concop19.github.io/daily-mate-assets/food_anime/dish_16626900.jpg,True,200,
16626916,Canh thịt băm nấu cà rốt,https://concop19.github.io/daily-mate-assets/food_anime/dish_16626916.jpg,True,200,
16627796,Cải thìa xào nấm hương,https://concop19.github.io/daily-mate-assets/food_anime/dish_16627796.jpg,True,200,
16627886,Tôm sốt thái,https://concop19.github.io/daily-mate-assets/food_anime/dish_16627886.jpg,True,200,
16628131,Cá sốt chua ngọt,https://concop19.github.io/daily-mate-assets/food_anime/dish_16628131.jpg,True,200,
16630949,Cá hú kho,https://concop19.github.io/daily-mate-assets/food_anime/dish_16630949.jpg,True,200,
16632795,Rau củ xào gà lát chay,https://concop19.github.io/daily-mate-assets/food_anime/dish_16632795.jpg,True,200,
16635063,Vó bò hầm lá vón vén,https://concop19.github.io/daily-mate-assets/food_anime/dish_16635063.jpg,True,200,
16635415,Cà Tím Dồn Thịt Rim Nước Tương,https://concop19.github.io/daily-mate-assets/food_anime/dish_16635415.jpg,True,200,
16636052,Bún khế chả cá,https://concop19.github.io/daily-mate-assets/food_anime/dish_16636052.jpg,True,200,
16636599,Thịt ba chỉ chiên dòn với mắm,https://concop19.github.io/daily-mate-assets/food_anime/dish_16636599.jpg,True,200,
16636718,Dưa Chua Kho Gân Bò,https://concop19.github.io/daily-mate-assets/food_anime/dish_16636718.jpg,True,200,
16636720,Mực Nướng Muối Ớt,https://concop19.github.io/daily-mate-assets/food_anime/dish_16636720.jpg,True,200,
16636722,Canh Bầu Nấu Xương Heo,https://concop19.github.io/daily-mate-assets/food_anime/dish_16636722.jpg,True,200,
16637098,Thịt ram,https://concop19.github.io/daily-mate-assets/food_anime/dish_16637098.jpg,True,200,
16639482,Phở Bắp Bò,https://concop19.github.io/daily-mate-assets/food_anime/dish_16639482.jpg,True,200,
16640630,Tôm Càng Sốt Trứng Muối,https://concop19.github.io/daily-mate-assets/food_anime/dish_16640630.jpg,True,200,
16640660,Thịt Nạc Dăm Heo Nướng Riềng Sả,https://concop19.github.io/daily-mate-assets/food_anime/dish_16640660.jpg,True,200,
16640709,Bún chả cá chay,https://concop19.github.io/daily-mate-assets/food_anime/dish_16640709.jpg,True,200,
16641002,Cà tím om thịt bằm ngon nhức nách,https://concop19.github.io/daily-mate-assets/food_anime/dish_16641002.jpg,True,200,
16641535,Thịt heo rim mặn ngọt,https://concop19.github.io/daily-mate-assets/food_anime/dish_16641535.jpg,True,200,
16641583,Trứng hấp hải sản,https://concop19.github.io/daily-mate-assets/food_anime/dish_16641583.jpg,True,200,
16641667,Vào bếp cùng con: phá lấu lòng heo đơn giản,https://concop19.github.io/daily-mate-assets/food_anime/dish_16641667.jpg,True,200,
16641849,Tôm sốt bơ tỏi,https://concop19.github.io/daily-mate-assets/food_anime/dish_16641849.jpg,True,200,
16642771,Ratatouille Món Rau Củ Hầm Trứ Danh Nước Pháp,https://concop19.github.io/daily-mate-assets/food_anime/dish_16642771.jpg,True,200,
16643297,Bông cải xanh xào tôm,https://concop19.github.io/daily-mate-assets/food_anime/dish_16643297.jpg,True,200,
16643833,Rau câu flan cheese cà phê,https://concop19.github.io/daily-mate-assets/food_anime/dish_16643833.jpg,True,200,
16643873,Ốc móng tay xào rau cải,https://concop19.github.io/daily-mate-assets/food_anime/dish_16643873.jpg,True,200,
16645493,Đậu hũ chấm mắm tôm với lá tía tô và kinh giới,https://concop19.github.io/daily-mate-assets/food_anime/dish_16645493.jpg,True,200,
16646086,Thịt ngan cháy tỏi,https://concop19.github.io/daily-mate-assets/food_anime/dish_16646086.jpg,True,200,
16646614,Thịt rang hành,https://concop19.github.io/daily-mate-assets/food_anime/dish_16646614.jpg,True,200,
16648226,Bò cuộn sốt coca,https://concop19.github.io/daily-mate-assets/food_anime/dish_16648226.jpg,True,200,
16648597,Ruốc nấm sò,https://concop19.github.io/daily-mate-assets/food_anime/dish_16648597.jpg,True,200,
16649474,[Món Chay] Rau câu sợi xào sò điệp chay,https://concop19.github.io/daily-mate-assets/food_anime/dish_16649474.jpg,True,200,
16650324,Cá Hồi Áp Chảo Sốt Kem Nấm Fake Healthy,https://concop19.github.io/daily-mate-assets/food_anime/dish_16650324.jpg,True,200,
16652033,Cá cơm chay (cá ruội chay) rim mặn ngọt,https://concop19.github.io/daily-mate-assets/food_anime/dish_16652033.jpg,True,200,
16652121,Thịt rang hành tây,https://concop19.github.io/daily-mate-assets/food_anime/dish_16652121.jpg,True,200,
16652745,Cá ngần trứng rán,https://concop19.github.io/daily-mate-assets/food_anime/dish_16652745.jpg,True,200,
16653793,Tôm rang hành lá,https://concop19.github.io/daily-mate-assets/food_anime/dish_16653793.jpg,True,200,
16654367,Lẩu gà và cá điêu hồng chua ngọt...🍅🌶🌽,https://concop19.github.io/daily-mate-assets/food_anime/dish_16654367.jpg,True,200,
16655674,Mì Dẹp Đen & Bí Ngòi Sợi Xào Đầu Mực Nang,https://concop19.github.io/daily-mate-assets/food_anime/dish_16655674.jpg,True,200,
16655774,Bánh mì mềm cuộn thịt,https://concop19.github.io/daily-mate-assets/food_anime/dish_16655774.jpg,True,200,
16655834,Nui với thịt bò xào,https://concop19.github.io/daily-mate-assets/food_anime/dish_16655834.jpg,True,200,
16656032,Bánh gà rau củ 🤟,https://concop19.github.io/daily-mate-assets/food_anime/dish_16656032.jpg,True,200,
16656133,Xôi cua,https://concop19.github.io/daily-mate-assets/food_anime/dish_16656133.jpg,True,200,
16656713,Món thịt quay giòn bì bằng NCKD ngon nhất nhà mình <3,https://concop19.github.io/daily-mate-assets/food_anime/dish_16656713.jpg,True,200,
16658525,Mì xào bò rau cải,https://concop19.github.io/daily-mate-assets/food_anime/dish_16658525.jpg,True,200,
16659294,Cá ngừ áp chảo sốt chua ngọt,https://concop19.github.io/daily-mate-assets/food_anime/dish_16659294.jpg,True,200,
16660182,Salad Bò Xào,https://concop19.github.io/daily-mate-assets/food_anime/dish_16660182.jpg,True,200,
16662342,Cá nục kho cà chua dứa,https://concop19.github.io/daily-mate-assets/food_anime/dish_16662342.jpg,True,200,
16663138,"Cơm rang trứng Dương Châu | nhiều rau củ, tốt cho sức khỏe",https://concop19.github.io/daily-mate-assets/food_anime/dish_16663138.jpg,True,200,
16666470,Tôm sốt trứng muối,https://concop19.github.io/daily-mate-assets/food_anime/dish_16666470.jpg,True,200,
16666646,Tôm Chà Bông,https://concop19.github.io/daily-mate-assets/food_anime/dish_16666646.jpg,True,200,
16667613,Mực mai (mực nang) xào súp lơ xanh,https://concop19.github.io/daily-mate-assets/food_anime/dish_16667613.jpg,True,200,
16668868,Mực xào hành tây,https://concop19.github.io/daily-mate-assets/food_anime/dish_16668868.jpg,True,200,
16669267,Mực Xào Măng,https://concop19.github.io/daily-mate-assets/food_anime/dish_16669267.jpg,True,200,
16671189,Súp nấm hương rau củ thịt nguội,https://concop19.github.io/daily-mate-assets/food_anime/dish_16671189.jpg,True,200,
16671603,Somtum Mực - Gỏi đu đủ mắm Thái + Mực,https://concop19.github.io/daily-mate-assets/food_anime/dish_16671603.jpg,True,200,
16671982,Mì Cật Bò Viên,https://concop19.github.io/daily-mate-assets/food_anime/dish_16671982.jpg,True,200,
16673251,Thạch rau câu sợi thanh long đỏ,https://concop19.github.io/daily-mate-assets/food_anime/dish_16673251.jpg,True,200,
16675527,Bánh đa gạo lứt nấu đậu hũ non,https://concop19.github.io/daily-mate-assets/food_anime/dish_16675527.jpg,True,200,
16677171,Thịt ba rọi xá xíu,https://concop19.github.io/daily-mate-assets/food_anime/dish_16677171.jpg,True,200,
16679161,Tôm thủy tinh,https://concop19.github.io/daily-mate-assets/food_anime/dish_16679161.jpg,True,200,
16679551,Bún cua chả mực ăn sáng,https://concop19.github.io/daily-mate-assets/food_anime/dish_16679551.jpg,True,200,
16679948,Đậu hũ kho sả nghệ,https://concop19.github.io/daily-mate-assets/food_anime/dish_16679948.jpg,True,200,
16681166,Thịt bò xào kimchi,https://concop19.github.io/daily-mate-assets/food_anime/dish_16681166.jpg,True,200,
16681363,Bánh Bột Lọc Nấm Chay,https://concop19.github.io/daily-mate-assets/food_anime/dish_16681363.jpg,True,200,
16681822,Ruốc nấm đùi gà chay,https://concop19.github.io/daily-mate-assets/food_anime/dish_16681822.jpg,True,200,
16682288,Cá Ngừ Kho Thịt,https://concop19.github.io/daily-mate-assets/food_anime/dish_16682288.jpg,True,200,
16682302,Lòng Heo Xào Thập Cẩm,https://concop19.github.io/daily-mate-assets/food_anime/dish_16682302.jpg,True,200,
16684585,Bánh canh gà và nấm,https://concop19.github.io/daily-mate-assets/food_anime/dish_16684585.jpg,True,200,
16686081,Mì udon kim chi thịt heo,https://concop19.github.io/daily-mate-assets/food_anime/dish_16686081.jpg,True,200,
16686094,Thịt viên khoai môn,https://concop19.github.io/daily-mate-assets/food_anime/dish_16686094.jpg,True,200,
16686494,Cơm Chiên Sốt Cà - Bông Cải Xào Tôm BLW,https://concop19.github.io/daily-mate-assets/food_anime/dish_16686494.jpg,True,200,
16686727,Ruốc heo,https://concop19.github.io/daily-mate-assets/food_anime/dish_16686727.jpg,True,200,
16687204,Cá Nục Hấp Kho Cà Bằng Nồi Áp Suất,https://concop19.github.io/daily-mate-assets/food_anime/dish_16687204.jpg,True,200,
16687208,Gỏi Củ Cải Tôm Càng Nướng,https://concop19.github.io/daily-mate-assets/food_anime/dish_16687208.jpg,True,200,
16688391,Trứng hấp tôm và đậu hủ,https://concop19.github.io/daily-mate-assets/food_anime/dish_16688391.jpg,True,200,
16688535,KHOAI TÂY CUỘN TÔM - st mẹ Bún,https://concop19.github.io/daily-mate-assets/food_anime/dish_16688535.jpg,True,200,
16688781,Nấm đùi gà rim tương ớt,https://concop19.github.io/daily-mate-assets/food_anime/dish_16688781.jpg,True,200,
16689423,Bím bò chua ngọt,https://concop19.github.io/daily-mate-assets/food_anime/dish_16689423.jpg,True,200,
16689433,Sườn bò nướng lá nghệ,https://concop19.github.io/daily-mate-assets/food_anime/dish_16689433.jpg,True,200,
16689725,Bánh bò nướng làm bằng trứng vịt,https://concop19.github.io/daily-mate-assets/food_anime/dish_16689725.jpg,True,200,
16692275,Bò phô mai 2 món,https://concop19.github.io/daily-mate-assets/food_anime/dish_16692275.jpg,True,200,
16692348,Hủ Tíu Mực,https://concop19.github.io/daily-mate-assets/food_anime/dish_16692348.jpg,True,200,
16692856,Bông cải xào tôm (vegetables with shrimp),https://concop19.github.io/daily-mate-assets/food_anime/dish_16692856.jpg,True,200,
16692884,Canh soup nấu thịt gà,https://concop19.github.io/daily-mate-assets/food_anime/dish_16692884.jpg,True,200,
16693475,Ớt Chuông Nhồi Chả Cá,https://concop19.github.io/daily-mate-assets/food_anime/dish_16693475.jpg,True,200,
16693890,Cơm cháy tại nhà bằng NCKD đơn giản dễ làm,https://concop19.github.io/daily-mate-assets/food_anime/dish_16693890.jpg,True,200,
16694751,Thịt Bò Xào Súp Lơ Xanh,https://concop19.github.io/daily-mate-assets/food_anime/dish_16694751.jpg,True,200,
16696261,Bì Cuốn Nấm Chay,https://concop19.github.io/daily-mate-assets/food_anime/dish_16696261.jpg,True,200,
16696262,Bò Bía Chay,https://concop19.github.io/daily-mate-assets/food_anime/dish_16696262.jpg,True,200,
16696347,Canh Bông Cải Nấu Tôm Khô,https://concop19.github.io/daily-mate-assets/food_anime/dish_16696347.jpg,True,200,
16698537,Thịt bò xào súp lơ xanh,https://concop19.github.io/daily-mate-assets/food_anime/dish_16698537.jpg,True,200,
16698748,Cá kình kho lạt(kho mẵn),https://concop19.github.io/daily-mate-assets/food_anime/dish_16698748.jpg,True,200,
16702261,Bánh BÒ nướng chảo,https://concop19.github.io/daily-mate-assets/food_anime/dish_16702261.jpg,True,200,
16702726,Gỏi xoài tôm (tép),https://concop19.github.io/daily-mate-assets/food_anime/dish_16702726.jpg,True,200,
16703712,Cá Dìa Muối Chiên,https://concop19.github.io/daily-mate-assets/food_anime/dish_16703712.jpg,True,200,
16704177,Thịt chiên bột,https://concop19.github.io/daily-mate-assets/food_anime/dish_16704177.jpg,True,200,
16705346,Súp cua gà nấm,https://concop19.github.io/daily-mate-assets/food_anime/dish_16705346.jpg,True,200,
16707533,Mỳ ý thịt xông khói sốt kem thơm béo !!!,https://concop19.github.io/daily-mate-assets/food_anime/dish_16707533.jpg,True,200,
16708915,Pate lợn,https://concop19.github.io/daily-mate-assets/food_anime/dish_16708915.jpg,True,200,
16710075,Canh rau củ quả chay,https://concop19.github.io/daily-mate-assets/food_anime/dish_16710075.jpg,True,200,
16714881,Mì Gói Xào Rau Ngón Biển & Gà Xé,https://concop19.github.io/daily-mate-assets/food_anime/dish_16714881.jpg,True,200,
16714894,🌱 Đậu Hủ Chưng Nấm Chay (Vegan),https://concop19.github.io/daily-mate-assets/food_anime/dish_16714894.jpg,True,200,
16715270,Rau câu flan cheese phô mai,https://concop19.github.io/daily-mate-assets/food_anime/dish_16715270.jpg,True,200,
16715700,Canh Bò Nấu Dưa Cải Chua,https://concop19.github.io/daily-mate-assets/food_anime/dish_16715700.jpg,True,200,
16716289,Chả ngô nấm (ver.2),https://concop19.github.io/daily-mate-assets/food_anime/dish_16716289.jpg,True,200,
16716706,Tôm chiên sauce sa tế sò điệp,https://concop19.github.io/daily-mate-assets/food_anime/dish_16716706.jpg,True,200,
16717331,Bún gân bắp bò mắm ruốc,https://concop19.github.io/daily-mate-assets/food_anime/dish_16717331.jpg,True,200,
16718192,Cá chim hấp xì dầu (nước tương),https://concop19.github.io/daily-mate-assets/food_anime/dish_16718192.jpg,True,200,
16718561,Cá Đuối Kho Dứa Cay,https://concop19.github.io/daily-mate-assets/food_anime/dish_16718561.jpg,True,200,
16724416,Mì Ý ớt chuông + hành tây + cá basa,https://concop19.github.io/daily-mate-assets/food_anime/dish_16724416.jpg,True,200,
16724790,Miến xào cua,https://concop19.github.io/daily-mate-assets/food_anime/dish_16724790.jpg,True,200,
16725017,Thịt Xiên Nướng,https://concop19.github.io/daily-mate-assets/food_anime/dish_16725017.jpg,True,200,
16725143,Đậu hũ sốt cà + thịt heo băm,https://concop19.github.io/daily-mate-assets/food_anime/dish_16725143.jpg,True,200,
16726217,BÌ trộn thịt khìa,https://concop19.github.io/daily-mate-assets/food_anime/dish_16726217.jpg,True,200,
16726323,Mỳ chân giò / mỳ bò thảo mộc,https://concop19.github.io/daily-mate-assets/food_anime/dish_16726323.jpg,True,200,
16726536,Đậu hũ kho nước tương,https://concop19.github.io/daily-mate-assets/food_anime/dish_16726536.jpg,True,200,
16726553,Cá hộp + dứa + trứng gà,https://concop19.github.io/daily-mate-assets/food_anime/dish_16726553.jpg,True,200,
16726908,Nộm (Gỏi) Hoa Chuối Tôm Thịt,https://concop19.github.io/daily-mate-assets/food_anime/dish_16726908.jpg,True,200,
16727137,"Salad bông chuối, cải mầm ngọt, và cá hồi",https://concop19.github.io/daily-mate-assets/food_anime/dish_16727137.jpg,True,200,
16727907,Bò Sốt Patê Nấu Tiêu Xanh,https://concop19.github.io/daily-mate-assets/food_anime/dish_16727907.jpg,True,200,
16727981,Chân nấm xào cà ri sả ớt,https://concop19.github.io/daily-mate-assets/food_anime/dish_16727981.jpg,True,200,
16728086,Gỏi dưa leo tôm khô + mắm tôm,https://concop19.github.io/daily-mate-assets/food_anime/dish_16728086.jpg,True,200,
16728772,Chân nấm đông cô xào lăn,https://concop19.github.io/daily-mate-assets/food_anime/dish_16728772.jpg,True,200,
16729012,Cơm Chiên Bò Kim Chi,https://concop19.github.io/daily-mate-assets/food_anime/dish_16729012.jpg,True,200,
16729016,Nui Xào Bò - Ướp Bò Mềm và Sốt Xào,https://concop19.github.io/daily-mate-assets/food_anime/dish_16729016.jpg,True,200,
16730157,Măng hầm giò heo,https://concop19.github.io/daily-mate-assets/food_anime/dish_16730157.jpg,True,200,
16730983,Hoa bí xào thịt bò,https://concop19.github.io/daily-mate-assets/food_anime/dish_16730983.jpg,True,200,
16731390,Phồng tôm cho bé,https://concop19.github.io/daily-mate-assets/food_anime/dish_16731390.jpg,True,200,
16731747,Khô heo cháy tỏi,https://concop19.github.io/daily-mate-assets/food_anime/dish_16731747.jpg,True,200,
16731761,Gỏi Rau Muống Chiên Giòn,https://concop19.github.io/daily-mate-assets/food_anime/dish_16731761.jpg,True,200,
16733336,Canh đu đủ nấu thịt,https://concop19.github.io/daily-mate-assets/food_anime/dish_16733336.jpg,True,200,
16733763,Cá chim biển trắng nướng nghệ sả,https://concop19.github.io/daily-mate-assets/food_anime/dish_16733763.jpg,True,200,
16733768,Thịt ba chỉ nướng ngũ vị hương,https://concop19.github.io/daily-mate-assets/food_anime/dish_16733768.jpg,True,200,
16734530,Bún thịt nướng chả giò,https://concop19.github.io/daily-mate-assets/food_anime/dish_16734530.jpg,True,200,
16735449,Chả cá lòng tong,https://concop19.github.io/daily-mate-assets/food_anime/dish_16735449.jpg,True,200,
16735929,Cá lóc xốt cà chua,https://concop19.github.io/daily-mate-assets/food_anime/dish_16735929.jpg,True,200,
16735992,Thịt xay xào cải thảo,https://concop19.github.io/daily-mate-assets/food_anime/dish_16735992.jpg,True,200,
16736034,Mướp xào thịt vai heo,https://concop19.github.io/daily-mate-assets/food_anime/dish_16736034.jpg,True,200,
16736048,"Tai heo ngâm tắc cóc non, giòn ngon hấp dẫn",https://concop19.github.io/daily-mate-assets/food_anime/dish_16736048.jpg,True,200,
16736058,Thịt heo ngâm cóc non,https://concop19.github.io/daily-mate-assets/food_anime/dish_16736058.jpg,True,200,
16736076,Rau củ trộn salad,https://concop19.github.io/daily-mate-assets/food_anime/dish_16736076.jpg,True,200,
16736126,Mì xào thịt ba rọi,https://concop19.github.io/daily-mate-assets/food_anime/dish_16736126.jpg,True,200,
16736129,Canh rau muống nấu ba chỉ bò,https://concop19.github.io/daily-mate-assets/food_anime/dish_16736129.jpg,True,200,
16736144,Nui xào bò và mực,https://concop19.github.io/daily-mate-assets/food_anime/dish_16736144.jpg,True,200,
16736193,Mực xào hành,https://concop19.github.io/daily-mate-assets/food_anime/dish_16736193.jpg,True,200,
16736227,Canh rau dền nấu thịt bò xay,https://concop19.github.io/daily-mate-assets/food_anime/dish_16736227.jpg,True,200,
16736581,Mì Gói Hải Sản,https://concop19.github.io/daily-mate-assets/food_anime/dish_16736581.jpg,True,200,
16737511,Gỏi đu đủ thịt heo,https://concop19.github.io/daily-mate-assets/food_anime/dish_16737511.jpg,True,200,
16737535,DƯA đầu heo chua ngọt,https://concop19.github.io/daily-mate-assets/food_anime/dish_16737535.jpg,True,200,
16739766,Thịt đông,https://concop19.github.io/daily-mate-assets/food_anime/dish_16739766.jpg,True,200,
16739775,Tôm khô sấy bằng nồi chiên không dầu,https://concop19.github.io/daily-mate-assets/food_anime/dish_16739775.jpg,True,200,
16739776,Tai heo ngâm cóc non,https://concop19.github.io/daily-mate-assets/food_anime/dish_16739776.jpg,True,200,
16739785,Khô bò,https://concop19.github.io/daily-mate-assets/food_anime/dish_16739785.jpg,True,200,
16739789,Thịt ba rọi ngâm ngó sen,https://concop19.github.io/daily-mate-assets/food_anime/dish_16739789.jpg,True,200,
16739809,Bánh Nấm Cà Rốt Thịt Xay Cho Bé,https://concop19.github.io/daily-mate-assets/food_anime/dish_16739809.jpg,True,200,
16740756,Chả cá Lã Vọng với cá basa,https://concop19.github.io/daily-mate-assets/food_anime/dish_16740756.jpg,True,200,
16741906,KHO QUẸT THỊT - LẠP XƯỞNG - TÔM KHÔ,https://concop19.github.io/daily-mate-assets/food_anime/dish_16741906.jpg,True,200,
16742130,Cá trắm kho nghệ,https://concop19.github.io/daily-mate-assets/food_anime/dish_16742130.jpg,True,200,
16742136,Nạc heo giòn ướp ngũ vị hương luộc cạn,https://concop19.github.io/daily-mate-assets/food_anime/dish_16742136.jpg,True,200,
16742189,Thịt kho mắm ruốc tóp mỡ,https://concop19.github.io/daily-mate-assets/food_anime/dish_16742189.jpg,True,200,
16743155,Thịt kho trứng cút và đậu hủ,https://concop19.github.io/daily-mate-assets/food_anime/dish_16743155.jpg,True,200,
16743561,"Bò sốt vang, cream soda",https://concop19.github.io/daily-mate-assets/food_anime/dish_16743561.jpg,True,200,
16743709,Bún đậu hũ xì dầu với rau thơm chay,https://concop19.github.io/daily-mate-assets/food_anime/dish_16743709.jpg,True,200,
16743769,Nấm rơm nướng bơ chay,https://concop19.github.io/daily-mate-assets/food_anime/dish_16743769.jpg,True,200,
16745045,Chả nấm rau củ,https://concop19.github.io/daily-mate-assets/food_anime/dish_16745045.jpg,True,200,
16746275,Mầm đá xào nấm đông cô,https://concop19.github.io/daily-mate-assets/food_anime/dish_16746275.jpg,True,200,
16746276,Bánh tai heo,https://concop19.github.io/daily-mate-assets/food_anime/dish_16746276.jpg,True,200,
16747071,Cải Thìa Nấm Đông Cô Xào Dầu Hào,https://concop19.github.io/daily-mate-assets/food_anime/dish_16747071.jpg,True,200,
16747312,Thịt Sườn Non Kho Tiêu,https://concop19.github.io/daily-mate-assets/food_anime/dish_16747312.jpg,True,200,
16747497,RAU CÂU lá dứa-sữa dừa-cà phê,https://concop19.github.io/daily-mate-assets/food_anime/dish_16747497.jpg,True,200,
16747974,Bún cua Gia Lai,https://concop19.github.io/daily-mate-assets/food_anime/dish_16747974.jpg,True,200,
16749998,Thịt Ba Rọi Nướng Muối Ớt,https://concop19.github.io/daily-mate-assets/food_anime/dish_16749998.jpg,True,200,
16751465,Mõm heo khìa nước dừa,https://concop19.github.io/daily-mate-assets/food_anime/dish_16751465.jpg,True,200,
16751496,Cơm bento: Thịt nạc rang cháy cạnh,https://concop19.github.io/daily-mate-assets/food_anime/dish_16751496.jpg,True,200,
16751530,Ngô chiên bơ kèm thịt rang,https://concop19.github.io/daily-mate-assets/food_anime/dish_16751530.jpg,True,200,
16754824,Cải xanh xào thịt nạc,https://concop19.github.io/daily-mate-assets/food_anime/dish_16754824.jpg,True,200,
16756573,Gỏi Xoài Khô Bò Xé,https://concop19.github.io/daily-mate-assets/food_anime/dish_16756573.jpg,True,200,
16756767,Cải thìa sốt nấm,https://concop19.github.io/daily-mate-assets/food_anime/dish_16756767.jpg,True,200,
16756788,Trứng hấp đậu hủ và thịt băm,https://concop19.github.io/daily-mate-assets/food_anime/dish_16756788.jpg,True,200,
16759219,Cá thu một nắng sốt cà với thịt ba rọi,https://concop19.github.io/daily-mate-assets/food_anime/dish_16759219.jpg,True,200,
16759220,Canh cá bạc má nấu ngót,https://concop19.github.io/daily-mate-assets/food_anime/dish_16759220.jpg,True,200,
16759223,Khoai xào thịt,https://concop19.github.io/daily-mate-assets/food_anime/dish_16759223.jpg,True,200,
16759241,Thịt xá xíu rim nước dừa,https://concop19.github.io/daily-mate-assets/food_anime/dish_16759241.jpg,True,200,
16759293,Canh rau dền cơm nấu gà,https://concop19.github.io/daily-mate-assets/food_anime/dish_16759293.jpg,True,200,
16759323,Canh bí thịt xay,https://concop19.github.io/daily-mate-assets/food_anime/dish_16759323.jpg,True,200,
16759327,Canh bắp cải nấu giò heo,https://concop19.github.io/daily-mate-assets/food_anime/dish_16759327.jpg,True,200,
16759329,Măng trúc xào thịt,https://concop19.github.io/daily-mate-assets/food_anime/dish_16759329.jpg,True,200,
16759350,Canh rau muống thịt bò,https://concop19.github.io/daily-mate-assets/food_anime/dish_16759350.jpg,True,200,
16759351,Rau củ xào gà nướng,https://concop19.github.io/daily-mate-assets/food_anime/dish_16759351.jpg,True,200,
16759352,Trứng xào thịt,https://concop19.github.io/daily-mate-assets/food_anime/dish_16759352.jpg,True,200,
16759353,Cồi sò điệp xào rau muống,https://concop19.github.io/daily-mate-assets/food_anime/dish_16759353.jpg,True,200,
16759360,"Má heo, mõm heo khìa nước dừa",https://concop19.github.io/daily-mate-assets/food_anime/dish_16759360.jpg,True,200,
16759377,Mực nang xào tóp mỡ,https://concop19.github.io/daily-mate-assets/food_anime/dish_16759377.jpg,True,200,
16759931,Bún thịt bò trụng,https://concop19.github.io/daily-mate-assets/food_anime/dish_16759931.jpg,True,200,
16760282,Gỏi Xoài Non Khô Cá Sặc,https://concop19.github.io/daily-mate-assets/food_anime/dish_16760282.jpg,True,200,
16760662,Canh Giò Heo Nấu Thập Cẩm,https://concop19.github.io/daily-mate-assets/food_anime/dish_16760662.jpg,True,200,
16776067,Cá thu trứng Nhật kho khô,https://concop19.github.io/daily-mate-assets/food_anime/dish_16776067.jpg,True,200,
16776082,Cá sòng kho nước dừa,https://concop19.github.io/daily-mate-assets/food_anime/dish_16776082.jpg,True,200,
16776566,Chả nem tôm thịt,https://concop19.github.io/daily-mate-assets/food_anime/dish_16776566.jpg,True,200,
16776983,Đĩa phô mai thịt nguội ăn chơi,https://concop19.github.io/daily-mate-assets/food_anime/dish_16776983.jpg,True,200,
16777943,Canh Bí Đao Nấu Tôm,https://concop19.github.io/daily-mate-assets/food_anime/dish_16777943.jpg,True,200,
16778468,Mì Gói Khô Mực Nấm Đông Cô,https://concop19.github.io/daily-mate-assets/food_anime/dish_16778468.jpg,True,200,
16778617,Cá kho làng vũ đại,https://concop19.github.io/daily-mate-assets/food_anime/dish_16778617.jpg,True,200,
16779252,Thịt bò Fuji xào súp lơ và đậu rồng,https://concop19.github.io/daily-mate-assets/food_anime/dish_16779252.jpg,True,200,
16780363,Đậu Hũ Chiên Chà Bông Mắm Hành,https://concop19.github.io/daily-mate-assets/food_anime/dish_16780363.jpg,True,200,
16780554,Đĩa phô mai thịt nguội với bánh mì chua và sốt chấm tỏi ô liu,https://concop19.github.io/daily-mate-assets/food_anime/dish_16780554.jpg,True,200,
16780872,Nấm xào tim gan mề gà,https://concop19.github.io/daily-mate-assets/food_anime/dish_16780872.jpg,True,200,
16781533,Cơm thịt chiên giòn,https://concop19.github.io/daily-mate-assets/food_anime/dish_16781533.jpg,True,200,
16782229,Dừa non kho thịt,https://concop19.github.io/daily-mate-assets/food_anime/dish_16782229.jpg,True,200,
16784716,Đậu nưa trộn thịt bằm sốt bbq,https://concop19.github.io/daily-mate-assets/food_anime/dish_16784716.jpg,True,200,
16785833,Đậu hũ non sốt thịt bằm,https://concop19.github.io/daily-mate-assets/food_anime/dish_16785833.jpg,True,200,
16786231,Bò ngâm dấm,https://concop19.github.io/daily-mate-assets/food_anime/dish_16786231.jpg,True,200,
16786419,Mì Xào Bò Cần Tây Cà Chua,https://concop19.github.io/daily-mate-assets/food_anime/dish_16786419.jpg,True,200,
16787355,Ba rọi heo kho tàu trứng vịt,https://concop19.github.io/daily-mate-assets/food_anime/dish_16787355.jpg,True,200,
16787441,Tôm càng um sữa đặc,https://concop19.github.io/daily-mate-assets/food_anime/dish_16787441.jpg,True,200,
16787505,Cơm thịt nướng kèm cà rốt chua ngọt,https://concop19.github.io/daily-mate-assets/food_anime/dish_16787505.jpg,True,200,
16787728,Nấm Rơm Kho Đậu Hủ,https://concop19.github.io/daily-mate-assets/food_anime/dish_16787728.jpg,True,200,
16787736,Canh Rau Nấu Bắp,https://concop19.github.io/daily-mate-assets/food_anime/dish_16787736.jpg,True,200,
16787769,Đậu Hủ Nhồi Thịt Sốt Cà Chua,https://concop19.github.io/daily-mate-assets/food_anime/dish_16787769.jpg,True,200,
16787793,Cá Ngừ Nấu Mẵng,https://concop19.github.io/daily-mate-assets/food_anime/dish_16787793.jpg,True,200,
16790038,"Gà, tôm, mực chiên xù 🍗🦐🦑",https://concop19.github.io/daily-mate-assets/food_anime/dish_16790038.jpg,True,200,
16790399,Cá chiên giòn xoài bào,https://concop19.github.io/daily-mate-assets/food_anime/dish_16790399.jpg,True,200,
16790456,Đậu hũ chiên sả,https://concop19.github.io/daily-mate-assets/food_anime/dish_16790456.jpg,True,200,
16790458,Sườn xào chua ngọt rau củ,https://concop19.github.io/daily-mate-assets/food_anime/dish_16790458.jpg,True,200,
16790474,Cơm bò lúc lắc,https://concop19.github.io/daily-mate-assets/food_anime/dish_16790474.jpg,True,200,
16790479,Cá trê chiên giòn,https://concop19.github.io/daily-mate-assets/food_anime/dish_16790479.jpg,True,200,
16791145,Mắm trưng trứng thịt bằm,https://concop19.github.io/daily-mate-assets/food_anime/dish_16791145.jpg,True,200,
16791357,Khô Mực Kho Tiêu,https://concop19.github.io/daily-mate-assets/food_anime/dish_16791357.jpg,True,200,
16791403,Đậu hủ nhồi thịt chiên giòn,https://concop19.github.io/daily-mate-assets/food_anime/dish_16791403.jpg,True,200,
16792705,Thịt nướng lá chanh,https://concop19.github.io/daily-mate-assets/food_anime/dish_16792705.jpg,True,200,
16793011,Sườn heo nấu đậu,https://concop19.github.io/daily-mate-assets/food_anime/dish_16793011.jpg,True,200,
16794195,Cá bơn - halibut hấp tương hột,https://concop19.github.io/daily-mate-assets/food_anime/dish_16794195.jpg,True,200,
16794470,Rau câu cá chép,https://concop19.github.io/daily-mate-assets/food_anime/dish_16794470.jpg,True,200,
16795923,Su hào xào thịt bò,https://concop19.github.io/daily-mate-assets/food_anime/dish_16795923.jpg,True,200,
16796993,Thịt bò sốt teriyaki cho người giảm cân,https://concop19.github.io/daily-mate-assets/food_anime/dish_16796993.jpg,True,200,
16797470,Đậu Hũ Trứng Chà Bông Mỡ Hành,https://concop19.github.io/daily-mate-assets/food_anime/dish_16797470.jpg,True,200,
16797648,Thịt Nướng Hàn Quốc,https://concop19.github.io/daily-mate-assets/food_anime/dish_16797648.jpg,True,200,
16797703,Bún bò xào Phan thiết,https://concop19.github.io/daily-mate-assets/food_anime/dish_16797703.jpg,True,200,
16797999,Gỏi bưởi tai heo,https://concop19.github.io/daily-mate-assets/food_anime/dish_16797999.jpg,True,200,
16798205,Cơm nắm cá cơm,https://concop19.github.io/daily-mate-assets/food_anime/dish_16798205.jpg,True,200,
16798214,Thịt heo quay kho chao,https://concop19.github.io/daily-mate-assets/food_anime/dish_16798214.jpg,True,200,
16799452,Tôm khô rim nước mắm,https://concop19.github.io/daily-mate-assets/food_anime/dish_16799452.jpg,True,200,
16799464,Thịt nướng mật ong,https://concop19.github.io/daily-mate-assets/food_anime/dish_16799464.jpg,True,200,
16799468,Canh bắp cải tôm khô thanh mát,https://concop19.github.io/daily-mate-assets/food_anime/dish_16799468.jpg,True,200,
16799471,Bánh canh cua thịt gà,https://concop19.github.io/daily-mate-assets/food_anime/dish_16799471.jpg,True,200,
16799511,Cua rang me,https://concop19.github.io/daily-mate-assets/food_anime/dish_16799511.jpg,True,200,
16799815,Cá trích chiên giòn,https://concop19.github.io/daily-mate-assets/food_anime/dish_16799815.jpg,True,200,
16799822,Mì xào tôm rau củ và nấm đùi gà,https://concop19.github.io/daily-mate-assets/food_anime/dish_16799822.jpg,True,200,
16799838,Canh nước luộc rau muống (cách nêm siêu dễ),https://concop19.github.io/daily-mate-assets/food_anime/dish_16799838.jpg,True,200,
16800413,Cơm thịt nướng vui nhộn,https://concop19.github.io/daily-mate-assets/food_anime/dish_16800413.jpg,True,200,
16800423,Thịt ba rọi chiên giòn,https://concop19.github.io/daily-mate-assets/food_anime/dish_16800423.jpg,True,200,
16800441,Bông cải xào cà rốt tôm khô,https://concop19.github.io/daily-mate-assets/food_anime/dish_16800441.jpg,True,200,
16800530,Thịt xay rang hành,https://concop19.github.io/daily-mate-assets/food_anime/dish_16800530.jpg,True,200,
16800533,Canh bí xanh thịt xay,https://concop19.github.io/daily-mate-assets/food_anime/dish_16800533.jpg,True,200,
16801090,Mý Ý Thịt Viên Sốt Cà Chuẩn Từ Đầu Bếp Trưởng Vùng Sicily Ý,https://concop19.github.io/daily-mate-assets/food_anime/dish_16801090.jpg,True,200,
16801097,Món chay dễ làm| Đậu hũ xào ớt khô hắc xì dầu,https://concop19.github.io/daily-mate-assets/food_anime/dish_16801097.jpg,True,200,
16803123,Ruốc nấm tự làm,https://concop19.github.io/daily-mate-assets/food_anime/dish_16803123.jpg,True,200,
16804986,"Nạm bò, gân bò hầm",https://concop19.github.io/daily-mate-assets/food_anime/dish_16804986.jpg,True,200,
16805163,Rau câu thanh long đỏ,https://concop19.github.io/daily-mate-assets/food_anime/dish_16805163.jpg,True,200,
16805203,Cá Chép Nấu Riêu,https://concop19.github.io/daily-mate-assets/food_anime/dish_16805203.jpg,True,200,
16805229,Cá bò khô xốt me,https://concop19.github.io/daily-mate-assets/food_anime/dish_16805229.jpg,True,200,
16806249,Canh đậu hủ giá hẹ,https://concop19.github.io/daily-mate-assets/food_anime/dish_16806249.jpg,True,200,
16806259,Mực ống xào mướp và nấm bào ngư,https://concop19.github.io/daily-mate-assets/food_anime/dish_16806259.jpg,True,200,
16806262,Giò sống trộn nấm hương chiên,https://concop19.github.io/daily-mate-assets/food_anime/dish_16806262.jpg,True,200,
16806264,Đậu hủ chiên sả(Món chay),https://concop19.github.io/daily-mate-assets/food_anime/dish_16806264.jpg,True,200,
16806271,Bánh canh sườn heo cà rốt và nấm đùi gà,https://concop19.github.io/daily-mate-assets/food_anime/dish_16806271.jpg,True,200,
16806284,Nụ hoa mướp xào thịt heo và nấm bào ngư,https://concop19.github.io/daily-mate-assets/food_anime/dish_16806284.jpg,True,200,
16806291,Cháo chân bò hầm đậu xanh,https://concop19.github.io/daily-mate-assets/food_anime/dish_16806291.jpg,True,200,
16806292,Canh cải xoong nhật nấu thịt bằm,https://concop19.github.io/daily-mate-assets/food_anime/dish_16806292.jpg,True,200,
16806295,Canh cải xanh non nấu thịt bò,https://concop19.github.io/daily-mate-assets/food_anime/dish_16806295.jpg,True,200,
16806298,Cá hồi xốt chanh dây,https://concop19.github.io/daily-mate-assets/food_anime/dish_16806298.jpg,True,200,
16806299,Cá chim chiên giòn,https://concop19.github.io/daily-mate-assets/food_anime/dish_16806299.jpg,True,200,
16806300,Canh cá chim nấu cà chua,https://concop19.github.io/daily-mate-assets/food_anime/dish_16806300.jpg,True,200,
16806304,Bánh mì sandwich kèm thịt bò và khoai tây chiên,https://concop19.github.io/daily-mate-assets/food_anime/dish_16806304.jpg,True,200,
16807126,Thịt Ngan Om Sấu,https://concop19.github.io/daily-mate-assets/food_anime/dish_16807126.jpg,True,200,
16807177,Canh bắp cải cuốn thịt bằm,https://concop19.github.io/daily-mate-assets/food_anime/dish_16807177.jpg,True,200,
16808301,Pizza bắp thịt bằm sốt biến tấu,https://concop19.github.io/daily-mate-assets/food_anime/dish_16808301.jpg,True,200,
16808533,Đậu hũ non chiên chà bông,https://concop19.github.io/daily-mate-assets/food_anime/dish_16808533.jpg,True,200,
16808962,🍕Pizza bò băm 🍕,https://concop19.github.io/daily-mate-assets/food_anime/dish_16808962.jpg,True,200,
16809046,"Mực, tôm xào chua ngọt",https://concop19.github.io/daily-mate-assets/food_anime/dish_16809046.jpg,True,200,
16809751,Canh thịt viên (món canh chung cho các loại rau củ),https://concop19.github.io/daily-mate-assets/food_anime/dish_16809751.jpg,True,200,
16810271,두부강정 (đậu phụ sốt tương cà),https://concop19.github.io/daily-mate-assets/food_anime/dish_16810271.jpg,True,200,
16810291,Chả cá xào,https://concop19.github.io/daily-mate-assets/food_anime/dish_16810291.jpg,True,200,
16810624,Gỏi nấm bào ngư chay,https://concop19.github.io/daily-mate-assets/food_anime/dish_16810624.jpg,True,200,
16811835,Sườn Heo Nướng,https://concop19.github.io/daily-mate-assets/food_anime/dish_16811835.jpg,True,200,
16811838,Canh Khoai Tím Thịt Viên,https://concop19.github.io/daily-mate-assets/food_anime/dish_16811838.jpg,True,200,
16812132,Thịt ba rọi rang cháy cạnh,https://concop19.github.io/daily-mate-assets/food_anime/dish_16812132.jpg,True,200,
16812289,Cháo thịt xay nấm rơm,https://concop19.github.io/daily-mate-assets/food_anime/dish_16812289.jpg,True,200,
16812326,Tan Men タンメン - Mì Ramen Súp Thịt Heo Rau Củ,https://concop19.github.io/daily-mate-assets/food_anime/dish_16812326.jpg,True,200,
16813443,Canh cá chim nấu ngót,https://concop19.github.io/daily-mate-assets/food_anime/dish_16813443.jpg,True,200,
16813464,Heo quay kho nước tương,https://concop19.github.io/daily-mate-assets/food_anime/dish_16813464.jpg,True,200,
16813471,Rau cần nước xào tôm,https://concop19.github.io/daily-mate-assets/food_anime/dish_16813471.jpg,True,200,
16813478,Thịt chân giò kho trứng,https://concop19.github.io/daily-mate-assets/food_anime/dish_16813478.jpg,True,200,
16813490,Đậu hũ nướng giấy bạc chay,https://concop19.github.io/daily-mate-assets/food_anime/dish_16813490.jpg,True,200,
16813638,Cá trắm chiên giòn,https://concop19.github.io/daily-mate-assets/food_anime/dish_16813638.jpg,True,200,
16813652,Chả cá bọc trứng muối chiên xù,https://concop19.github.io/daily-mate-assets/food_anime/dish_16813652.jpg,True,200,
16813729,Cá kèo kho rau răm dùng kèm xoài keo,https://concop19.github.io/daily-mate-assets/food_anime/dish_16813729.jpg,True,200,
16813812,Cơm bento: Những ngôi nhà đầy hoa (Cơm thịt xay rang và xúc xích),https://concop19.github.io/daily-mate-assets/food_anime/dish_16813812.jpg,True,200,
16813813,Cơm bento: Gia đình vịt con,https://concop19.github.io/daily-mate-assets/food_anime/dish_16813813.jpg,True,200,
16813817,Cơm bento: Bé yêu (Bò xào cải thìa hành tây),https://concop19.github.io/daily-mate-assets/food_anime/dish_16813817.jpg,True,200,
16813819,Cơm bento: Tôm xào rau củ,https://concop19.github.io/daily-mate-assets/food_anime/dish_16813819.jpg,True,200,
16813823,Cơm bento: Heo mẹ của Peppa Pig (Thịt xào cà chua),https://concop19.github.io/daily-mate-assets/food_anime/dish_16813823.jpg,True,200,
16813824,Cơm bento: Heo ba của Peppa Pig (Gà rang kèm cà chua dưa leo),https://concop19.github.io/daily-mate-assets/food_anime/dish_16813824.jpg,True,200,
16817274,Thịt gà sốt nước tương,https://concop19.github.io/daily-mate-assets/food_anime/dish_16817274.jpg,True,200,
16817384,Canh rau cải thảo nấu thịt bằm,https://concop19.github.io/daily-mate-assets/food_anime/dish_16817384.jpg,True,200,
16817389,Thịt heo xào chua ngọt,https://concop19.github.io/daily-mate-assets/food_anime/dish_16817389.jpg,True,200,
16817756,Hải sản sốt cam,https://concop19.github.io/daily-mate-assets/food_anime/dish_16817756.jpg,True,200,
16817766,Trứng cuộn nhân thịt bò và nấm,https://concop19.github.io/daily-mate-assets/food_anime/dish_16817766.jpg,True,200,
16818387,Shaking beef,https://concop19.github.io/daily-mate-assets/food_anime/dish_16818387.jpg,True,200,
16818545,Phở rau củ sốt cà thịt cho bé,https://concop19.github.io/daily-mate-assets/food_anime/dish_16818545.jpg,True,200,
16818585,Salad xoài rau xanh dầu dấm,https://concop19.github.io/daily-mate-assets/food_anime/dish_16818585.jpg,True,200,
16818875,Chả cá nhồng chiên,https://concop19.github.io/daily-mate-assets/food_anime/dish_16818875.jpg,True,200,
16819061,Canh rau càng cua,https://concop19.github.io/daily-mate-assets/food_anime/dish_16819061.jpg,True,200,
16819075,Canh nấm rau củ,https://concop19.github.io/daily-mate-assets/food_anime/dish_16819075.jpg,True,200,
16819082,Nấm nướng giấy bạc eat clean,https://concop19.github.io/daily-mate-assets/food_anime/dish_16819082.jpg,True,200,
16819083,Cá sốt,https://concop19.github.io/daily-mate-assets/food_anime/dish_16819083.jpg,True,200,
16819092,Da heo bóp,https://concop19.github.io/daily-mate-assets/food_anime/dish_16819092.jpg,True,200,
16819097,Su hào xào thịt,https://concop19.github.io/daily-mate-assets/food_anime/dish_16819097.jpg,True,200,
16819105,Cháo ếch hạt sen,https://concop19.github.io/daily-mate-assets/food_anime/dish_16819105.jpg,True,200,
16820470,Cải thìa sốt nấm mèo,https://concop19.github.io/daily-mate-assets/food_anime/dish_16820470.jpg,True,200,
16820615,Thạch rau câu sợi lá dứa – cốt dừa – café,https://concop19.github.io/daily-mate-assets/food_anime/dish_16820615.jpg,True,200,
16820740,Lòng heo và cật heo luộc,https://concop19.github.io/daily-mate-assets/food_anime/dish_16820740.jpg,True,200,
16821642,Mì gói xào hải sản,https://concop19.github.io/daily-mate-assets/food_anime/dish_16821642.jpg,True,200,
16821721,Chả cá xào đậu cô ve,https://concop19.github.io/daily-mate-assets/food_anime/dish_16821721.jpg,True,200,
16821733,Chả cá thác lác rim,https://concop19.github.io/daily-mate-assets/food_anime/dish_16821733.jpg,True,200,
16822389,Thịt lợn sữa nướng cháy cạnh nckd,https://concop19.github.io/daily-mate-assets/food_anime/dish_16822389.jpg,True,200,
16822505,Chả CÁ sặc bướm,https://concop19.github.io/daily-mate-assets/food_anime/dish_16822505.jpg,True,200,
16822731,Măng Tây nướng cùng Chả cá Tuna,https://concop19.github.io/daily-mate-assets/food_anime/dish_16822731.jpg,True,200,
16823047,🌱 Nấm Đông Cô Kho Tương Hột (Vegan),https://concop19.github.io/daily-mate-assets/food_anime/dish_16823047.jpg,True,200,
16823575,Món chay dễ làm | Hủ tiếu nấm,https://concop19.github.io/daily-mate-assets/food_anime/dish_16823575.jpg,True,200,
16824181,Canh chua chả cá nhồng,https://concop19.github.io/daily-mate-assets/food_anime/dish_16824181.jpg,True,200,
16824314,Cá thu nục sốt cà chua hành lá,https://concop19.github.io/daily-mate-assets/food_anime/dish_16824314.jpg,True,200,
16825079,Nấm Xào,https://concop19.github.io/daily-mate-assets/food_anime/dish_16825079.jpg,True,200,
16827072,Canh cua đồng khoai từ rau muống,https://concop19.github.io/daily-mate-assets/food_anime/dish_16827072.jpg,True,200,
16827456,Thịt Lợn Rang Sả Ớt,https://concop19.github.io/daily-mate-assets/food_anime/dish_16827456.jpg,True,200,
16828040,Cá Đù Chiên Muối Sả Ớt,https://concop19.github.io/daily-mate-assets/food_anime/dish_16828040.jpg,True,200,
16828045,Canh Xà Lách Xoong Nấu Thịt Heo,https://concop19.github.io/daily-mate-assets/food_anime/dish_16828045.jpg,True,200,
16828561,Gỏi xoài đậu hủ,https://concop19.github.io/daily-mate-assets/food_anime/dish_16828561.jpg,True,200,
16828975,Cá ngừ đại dương áp chảo,https://concop19.github.io/daily-mate-assets/food_anime/dish_16828975.jpg,True,200,
16829123,Cá Hố Chiên Xoài Bằm Mắm Tỏi Ớt,https://concop19.github.io/daily-mate-assets/food_anime/dish_16829123.jpg,True,200,
16829643,Cá kho chay,https://concop19.github.io/daily-mate-assets/food_anime/dish_16829643.jpg,True,200,
16829837,Cá Hồi Ngâm Nước Tương - Công Thức Đơn Giản Nhất,https://concop19.github.io/daily-mate-assets/food_anime/dish_16829837.jpg,True,200,
16830564,Canh cà chua nấu nấm,https://concop19.github.io/daily-mate-assets/food_anime/dish_16830564.jpg,True,200,
16830586,Sandwich bò bằm,https://concop19.github.io/daily-mate-assets/food_anime/dish_16830586.jpg,True,200,
16830598,Mì trứng nấu thịt xay,https://concop19.github.io/daily-mate-assets/food_anime/dish_16830598.jpg,True,200,
16831592,Mực chiên nước mắm,https://concop19.github.io/daily-mate-assets/food_anime/dish_16831592.jpg,True,200,
16832367,Bún mắm nêm thịt quay,https://concop19.github.io/daily-mate-assets/food_anime/dish_16832367.jpg,True,200,
16833174,Bánh cuốn nhân thịt,https://concop19.github.io/daily-mate-assets/food_anime/dish_16833174.jpg,True,200,
16833210,Bún cá ngừ eat clean,https://concop19.github.io/daily-mate-assets/food_anime/dish_16833210.jpg,True,200,
16833384,Đậu hũ kho nấm rơm,https://concop19.github.io/daily-mate-assets/food_anime/dish_16833384.jpg,True,200,
16833425,"Ức gà,rau củ nướng eat clean",https://concop19.github.io/daily-mate-assets/food_anime/dish_16833425.jpg,True,200,
16833728,Bún Xào Trứng Nấm Cùng Sốt Sambal Cho Team Yêu Cay 🌶️,https://concop19.github.io/daily-mate-assets/food_anime/dish_16833728.jpg,True,200,
16833760,Cá chẽm sốt bơ cà,https://concop19.github.io/daily-mate-assets/food_anime/dish_16833760.jpg,True,200,
16833910,Canh Gà Hầm Nấm,https://concop19.github.io/daily-mate-assets/food_anime/dish_16833910.jpg,True,200,
16834810,Bún đậu cua,https://concop19.github.io/daily-mate-assets/food_anime/dish_16834810.jpg,True,200,
16835416,Chả cá ngần lá lốt,https://concop19.github.io/daily-mate-assets/food_anime/dish_16835416.jpg,True,200,
16835475,Thịt ba chỉ lắc xả tắc lạ miệng hao cơm,https://concop19.github.io/daily-mate-assets/food_anime/dish_16835475.jpg,True,200,
16836514,Canh măng hầm giò heo,https://concop19.github.io/daily-mate-assets/food_anime/dish_16836514.jpg,True,200,
16837518,Cá Măng Chiên Giòn,https://concop19.github.io/daily-mate-assets/food_anime/dish_16837518.jpg,True,200,
16838578,Cá Rô Bí Kho Tiêu,https://concop19.github.io/daily-mate-assets/food_anime/dish_16838578.jpg,True,200,
16838622,Thịt Heo Xào Cải Xá Bấu,https://concop19.github.io/daily-mate-assets/food_anime/dish_16838622.jpg,True,200,
16839935,Đậu nưa xào bông cải đậu bắp thịt bằm,https://concop19.github.io/daily-mate-assets/food_anime/dish_16839935.jpg,True,200,
16841718,Cháo ếch bí đao,https://concop19.github.io/daily-mate-assets/food_anime/dish_16841718.jpg,True,200,
16841732,"Canh cá nấu cà, cần tây",https://concop19.github.io/daily-mate-assets/food_anime/dish_16841732.jpg,True,200,
16842255,Tôm banh xác,https://concop19.github.io/daily-mate-assets/food_anime/dish_16842255.jpg,True,200,
16842888,Cù kỳ (cua sấm) luộc bia,https://concop19.github.io/daily-mate-assets/food_anime/dish_16842888.jpg,True,200,
16842956,Cua hấp lò vi sóng,https://concop19.github.io/daily-mate-assets/food_anime/dish_16842956.jpg,True,200,
16842972,Gỏi Rau Má Nấm Chay,https://concop19.github.io/daily-mate-assets/food_anime/dish_16842972.jpg,True,200,
16843146,Flan rau câu không cần hấp,https://concop19.github.io/daily-mate-assets/food_anime/dish_16843146.jpg,True,200,
16843308,Mì Trứng Spatzle Xào Tôm Phô Mai,https://concop19.github.io/daily-mate-assets/food_anime/dish_16843308.jpg,True,200,
16843390,Cá diêu hồng chiên giòn,https://concop19.github.io/daily-mate-assets/food_anime/dish_16843390.jpg,True,200,
16843393,Cơm bento: Mèo con xinh xắn (Jambon rau củ luộc),https://concop19.github.io/daily-mate-assets/food_anime/dish_16843393.jpg,True,200,
16843396,Cơm bento: Mèo con mặc áo hoa (Đùi gà nướng và rau củ luộc),https://concop19.github.io/daily-mate-assets/food_anime/dish_16843396.jpg,True,200,
16843397,Cơm bento: Mèo con chơi lướt ván (Cá diêu hồng chiên sốt chua ngọt),https://concop19.github.io/daily-mate-assets/food_anime/dish_16843397.jpg,True,200,
16843398,Cơm bento: Mèo con phơi nắng (Cá nục kho thơm),https://concop19.github.io/daily-mate-assets/food_anime/dish_16843398.jpg,True,200,
16843514,Cơm bento: Cún con giữ nhà (Su su xào cà rốt),https://concop19.github.io/daily-mate-assets/food_anime/dish_16843514.jpg,True,200,
16843520,"Cơm bento: cơm trộn nước tương, tôm xào cải chua",https://concop19.github.io/daily-mate-assets/food_anime/dish_16843520.jpg,True,200,
16843602,Bún bò tái giò heo,https://concop19.github.io/daily-mate-assets/food_anime/dish_16843602.jpg,True,200,
16844056,Lạ miệng với món lợn sốt vang,https://concop19.github.io/daily-mate-assets/food_anime/dish_16844056.jpg,True,200,
16844731,Su hào xào tôm,https://concop19.github.io/daily-mate-assets/food_anime/dish_16844731.jpg,True,200,
16844931,Mì Rau Củ Chay 🥦🥕,https://concop19.github.io/daily-mate-assets/food_anime/dish_16844931.jpg,True,200,
16845423,Bí Đỏ Um Bò Bằm,https://concop19.github.io/daily-mate-assets/food_anime/dish_16845423.jpg,True,200,
16845560,Cơm bento: Totoro đáng yêu (cải thìa xào tôm),https://concop19.github.io/daily-mate-assets/food_anime/dish_16845560.jpg,True,200,
16845568,Cơm bento: Gà con ham học (Dưa chua xào thịt quay),https://concop19.github.io/daily-mate-assets/food_anime/dish_16845568.jpg,True,200,
16845879,Cá kìm kho gừng,https://concop19.github.io/daily-mate-assets/food_anime/dish_16845879.jpg,True,200,
16846463,Cơm Trộn Cá Hồi Rong Biển 🍣,https://concop19.github.io/daily-mate-assets/food_anime/dish_16846463.jpg,True,200,
16846605,Canh Đu Đủ Nấu Thịt Bằm,https://concop19.github.io/daily-mate-assets/food_anime/dish_16846605.jpg,True,200,
16847090,Canh chua thịt băm,https://concop19.github.io/daily-mate-assets/food_anime/dish_16847090.jpg,True,200,
16848024,Cá lòng tong kho tiêu,https://concop19.github.io/daily-mate-assets/food_anime/dish_16848024.jpg,True,200,
16848556,Xà Lách Trộn Thịt Bò,https://concop19.github.io/daily-mate-assets/food_anime/dish_16848556.jpg,True,200,
16848869,Chả cá trắm thìa là ăn dặm cho bé 7m,https://concop19.github.io/daily-mate-assets/food_anime/dish_16848869.jpg,True,200,
16849887,Cơm Bò Xào Bông Cải,https://concop19.github.io/daily-mate-assets/food_anime/dish_16849887.jpg,True,200,
16849928,Cá điêu hồng kho lạt,https://concop19.github.io/daily-mate-assets/food_anime/dish_16849928.jpg,True,200,
16850000,Gân bò luộc,https://concop19.github.io/daily-mate-assets/food_anime/dish_16850000.jpg,True,200,
16850054,Chả cá mực,https://concop19.github.io/daily-mate-assets/food_anime/dish_16850054.jpg,True,200,
16850853,Thịt lợn xào ớt xanh,https://concop19.github.io/daily-mate-assets/food_anime/dish_16850853.jpg,True,200,
16851301,Làm thịt xay giả Pate trứng,https://concop19.github.io/daily-mate-assets/food_anime/dish_16851301.jpg,True,200,
16851358,Cá trèn chiên giòn,https://concop19.github.io/daily-mate-assets/food_anime/dish_16851358.jpg,True,200,
16851970,Đậu nưa xào kim chi gà và nấm đùi gà,https://concop19.github.io/daily-mate-assets/food_anime/dish_16851970.jpg,True,200,
16852071,Cá hồi sốt chanh dây,https://concop19.github.io/daily-mate-assets/food_anime/dish_16852071.jpg,True,200,
16853983,Cá thu sốt cà,https://concop19.github.io/daily-mate-assets/food_anime/dish_16853983.jpg,True,200,
16855297,"Nui xương, nui thịt bằm ăn sáng",https://concop19.github.io/daily-mate-assets/food_anime/dish_16855297.jpg,True,200,
16855808,Rau Ngót Nấu Tôm Khô Thịt Heo,https://concop19.github.io/daily-mate-assets/food_anime/dish_16855808.jpg,True,200,
16855978,Rau sống chấm thịt sốt cà chua siêu nhanh gọn,https://concop19.github.io/daily-mate-assets/food_anime/dish_16855978.jpg,True,200,
16856030,Papillote De Cabillaud - Cá Tuyết Gói Giấy Đút Lò Với Lá Thơm Provence & Dầu Olive,https://concop19.github.io/daily-mate-assets/food_anime/dish_16856030.jpg,True,200,
16856525,Bông cải trắng xào nấm bắp,https://concop19.github.io/daily-mate-assets/food_anime/dish_16856525.jpg,True,200,
16856649,Bánh da lợn kiểu phu thê,https://concop19.github.io/daily-mate-assets/food_anime/dish_16856649.jpg,True,200,
16857203,Vào bếp cùng con: mực nhồi thịt sa tế hấp,https://concop19.github.io/daily-mate-assets/food_anime/dish_16857203.jpg,True,200,
16857863,🌱 Canh Bắp Cải Trắng Hầm Nấm Khô (Vegan),https://concop19.github.io/daily-mate-assets/food_anime/dish_16857863.jpg,True,200,
16858104,Măng Rừng Xào Thịt Bò,https://concop19.github.io/daily-mate-assets/food_anime/dish_16858104.jpg,True,200,
16859786,"Nấm đông cô xào cải thảo, tôm",https://concop19.github.io/daily-mate-assets/food_anime/dish_16859786.jpg,True,200,
16860005,Bánh bò bông làm từ bột mì,https://concop19.github.io/daily-mate-assets/food_anime/dish_16860005.jpg,True,200,
16860106,Món súp rau hỗ trợ ung thư,https://concop19.github.io/daily-mate-assets/food_anime/dish_16860106.jpg,True,200,
16862367,Rau củ kho chay,https://concop19.github.io/daily-mate-assets/food_anime/dish_16862367.jpg,True,200,
16863173,Thịt lợn hầm khoai tây cực kì nhanh,https://concop19.github.io/daily-mate-assets/food_anime/dish_16863173.jpg,True,200,
16863422,Nấm Hải Sản nấu Xì Dầu,https://concop19.github.io/daily-mate-assets/food_anime/dish_16863422.jpg,True,200,
16864658,"Cà tím, nấm đùi gà xào lá quế",https://concop19.github.io/daily-mate-assets/food_anime/dish_16864658.jpg,True,200,
16865583,Nấm đùi gà sốt cay,https://concop19.github.io/daily-mate-assets/food_anime/dish_16865583.jpg,True,200,
16866000,Ức gà xào rau củ Vetula,https://concop19.github.io/daily-mate-assets/food_anime/dish_16866000.jpg,True,200,
16866924,Thịt vịt khìa nước dừa,https://concop19.github.io/daily-mate-assets/food_anime/dish_16866924.jpg,True,200,
16867091,Bắp Nếp Hầm Sườn Heo,https://concop19.github.io/daily-mate-assets/food_anime/dish_16867091.jpg,True,200,
16867125,Canh Rau Cải Đuôi Phụng Nấu Tôm Thịt,https://concop19.github.io/daily-mate-assets/food_anime/dish_16867125.jpg,True,200,
16867174,Đầu cá hồi um dưa cải chua,https://concop19.github.io/daily-mate-assets/food_anime/dish_16867174.jpg,True,200,
16867510,Cơm nắm chiên nhân cá😋,https://concop19.github.io/daily-mate-assets/food_anime/dish_16867510.jpg,True,200,
16868296,Cháo tôm cùng cà rốt,https://concop19.github.io/daily-mate-assets/food_anime/dish_16868296.jpg,True,200,
16868608,Bún đậu hủ nước tương,https://concop19.github.io/daily-mate-assets/food_anime/dish_16868608.jpg,True,200,
16869113,Bánh hỏi thịt nướng,https://concop19.github.io/daily-mate-assets/food_anime/dish_16869113.jpg,True,200,
16869830,Cá tầm nướng sa tế tiêu rừng Măng Đen,https://concop19.github.io/daily-mate-assets/food_anime/dish_16869830.jpg,True,200,
16871154,🌱 Canh Lá Tỏi Gấu Đậu Hủ (Vegan),https://concop19.github.io/daily-mate-assets/food_anime/dish_16871154.jpg,True,200,
16871392,Chảo Cá Mòi Hộp,https://concop19.github.io/daily-mate-assets/food_anime/dish_16871392.jpg,True,200,
16871834,Canh nấm nấu cà chua,https://concop19.github.io/daily-mate-assets/food_anime/dish_16871834.jpg,True,200,
16872163,Cơm Bò Truffle Ponzu,https://concop19.github.io/daily-mate-assets/food_anime/dish_16872163.jpg,True,200,
16872173,Cua Đi Picnic,https://concop19.github.io/daily-mate-assets/food_anime/dish_16872173.jpg,True,200,
16872685,Bánh bò xốp,https://concop19.github.io/daily-mate-assets/food_anime/dish_16872685.jpg,True,200,
16873804,Lẩu nấm rau củ quả chay,https://concop19.github.io/daily-mate-assets/food_anime/dish_16873804.jpg,True,200,
16876227,Nấm hải sản chiên giòn - món chay,https://concop19.github.io/daily-mate-assets/food_anime/dish_16876227.jpg,True,200,
16876710,Đậu phụ trộn thịt chiên rán,https://concop19.github.io/daily-mate-assets/food_anime/dish_16876710.jpg,True,200,
16877354,Mực Lá Xào Sốt Cà Ri Thái Đỏ,https://concop19.github.io/daily-mate-assets/food_anime/dish_16877354.jpg,True,200,
16878315,Tàu hủ thịt băm vò viên,https://concop19.github.io/daily-mate-assets/food_anime/dish_16878315.jpg,True,200,
16878323,Bánh bò rễ tre đường thốt nốt,https://concop19.github.io/daily-mate-assets/food_anime/dish_16878323.jpg,True,200,
16878621,Đậu hũ muối tiêu,https://concop19.github.io/daily-mate-assets/food_anime/dish_16878621.jpg,True,200,
16878687,Canh rau tần ô thịt xay,https://concop19.github.io/daily-mate-assets/food_anime/dish_16878687.jpg,True,200,
16878694,Canh bí nụ nấu thịt xay,https://concop19.github.io/daily-mate-assets/food_anime/dish_16878694.jpg,True,200,
16879976,Thịt cuốn rau củ tẩm bột rán,https://concop19.github.io/daily-mate-assets/food_anime/dish_16879976.jpg,True,200,
16881596,Canh rau dền nấu tôm,https://concop19.github.io/daily-mate-assets/food_anime/dish_16881596.jpg,True,200,
16881619,Cà tím cuộn thịt heo xay và giò sống chiên xù,https://concop19.github.io/daily-mate-assets/food_anime/dish_16881619.jpg,True,200,
16882755,Rau càng cua trộn chay,https://concop19.github.io/daily-mate-assets/food_anime/dish_16882755.jpg,True,200,
16883436,SP.0740 - Thịt Heo Sốt Pate Gan,https://concop19.github.io/daily-mate-assets/food_anime/dish_16883436.jpg,True,200,
16883801,Soup khoai tây rau củ,https://concop19.github.io/daily-mate-assets/food_anime/dish_16883801.jpg,True,200,
16884026,Thịt bò xào măng,https://concop19.github.io/daily-mate-assets/food_anime/dish_16884026.jpg,True,200,
16884190,"Sườn bò, bò viên hầm ăn với bánh mì",https://concop19.github.io/daily-mate-assets/food_anime/dish_16884190.jpg,True,200,
16885357,Chả nấm thập cẩm,https://concop19.github.io/daily-mate-assets/food_anime/dish_16885357.jpg,True,200,
16885409,Cá Rô Kho Hành Ớt,https://concop19.github.io/daily-mate-assets/food_anime/dish_16885409.jpg,True,200,
16885703,Rau muống trộn,https://concop19.github.io/daily-mate-assets/food_anime/dish_16885703.jpg,True,200,
16885724,Canh chuối xanh nấu tôm thịt,https://concop19.github.io/daily-mate-assets/food_anime/dish_16885724.jpg,True,200,
16886982,"Canh su hào, cà rốt, thịt bằm",https://concop19.github.io/daily-mate-assets/food_anime/dish_16886982.jpg,True,200,
16887434,Bún cá ngừ gạo lứt,https://concop19.github.io/daily-mate-assets/food_anime/dish_16887434.jpg,True,200,
16888405,Thịt (cắt lát dày) nướng nồi chiên không dầu,https://concop19.github.io/daily-mate-assets/food_anime/dish_16888405.jpg,True,200,
16889092,Canh vón vén nấu gân bò,https://concop19.github.io/daily-mate-assets/food_anime/dish_16889092.jpg,True,200,
16890419,Canh cá hồi nấu ngót,https://concop19.github.io/daily-mate-assets/food_anime/dish_16890419.jpg,True,200,
16890671,Chả tôm thịt rong biển,https://concop19.github.io/daily-mate-assets/food_anime/dish_16890671.jpg,True,200,
16891331,Bún sườn heo măng le,https://concop19.github.io/daily-mate-assets/food_anime/dish_16891331.jpg,True,200,
16891405,Canh Chua Cá Kèo Bông So Đũa,https://concop19.github.io/daily-mate-assets/food_anime/dish_16891405.jpg,True,200,
16891406,Pizza đế mỏng kiểu Florence (vị nấm),https://concop19.github.io/daily-mate-assets/food_anime/dish_16891406.jpg,True,200,
16891644,Mì chùm ngây với nấm & rau củ,https://concop19.github.io/daily-mate-assets/food_anime/dish_16891644.jpg,True,200,
16892739,"Khổ qua nhỏ hầm móng, giò, đuôi heo 😋",https://concop19.github.io/daily-mate-assets/food_anime/dish_16892739.jpg,True,200,
16892869,Rau càng cua trộn ruốc xào & trứng luộc,https://concop19.github.io/daily-mate-assets/food_anime/dish_16892869.jpg,True,200,
16892907,Ram cuốn rau sống (Nem cuốn rau sống),https://concop19.github.io/daily-mate-assets/food_anime/dish_16892907.jpg,True,200,
16892911,Cá nục hấp cuốn bánh tráng,https://concop19.github.io/daily-mate-assets/food_anime/dish_16892911.jpg,True,200,
16893192,Bún Mực Cà Chua,https://concop19.github.io/daily-mate-assets/food_anime/dish_16893192.jpg,True,200,
16893234,Thịt tẩm bột chiên,https://concop19.github.io/daily-mate-assets/food_anime/dish_16893234.jpg,True,200,
16893545,Đậu hủ thịt băm chiên,https://concop19.github.io/daily-mate-assets/food_anime/dish_16893545.jpg,True,200,
16894072,Tôm Rang Hành Ớt,https://concop19.github.io/daily-mate-assets/food_anime/dish_16894072.jpg,True,200,
16894084,Bún riêu tôm khô,https://concop19.github.io/daily-mate-assets/food_anime/dish_16894084.jpg,True,200,
16894597,Thịt Heo Kho Cùi Dừa 🥥,https://concop19.github.io/daily-mate-assets/food_anime/dish_16894597.jpg,True,200,
16894714,Bún riêu tôm thịt,https://concop19.github.io/daily-mate-assets/food_anime/dish_16894714.jpg,True,200,
16897176,Giò heo muối chiên giòn,https://concop19.github.io/daily-mate-assets/food_anime/dish_16897176.jpg,True,200,
16897547,Bún Trộn Bò Cuốn Lá Lốt Xiên Que Nướng,https://concop19.github.io/daily-mate-assets/food_anime/dish_16897547.jpg,True,200,
16898358,Mực Một Nắng Nướng Sa Tế,https://concop19.github.io/daily-mate-assets/food_anime/dish_16898358.jpg,True,200,
16898495,Ếch chiên giòn,https://concop19.github.io/daily-mate-assets/food_anime/dish_16898495.jpg,True,200,
16898816,"Trứng chiên nấm, rau spinach",https://concop19.github.io/daily-mate-assets/food_anime/dish_16898816.jpg,True,200,
16898854,Bánh mì sandwich bọc rau củ,https://concop19.github.io/daily-mate-assets/food_anime/dish_16898854.jpg,True,200,
16898917,Crab meat linguine,https://concop19.github.io/daily-mate-assets/food_anime/dish_16898917.jpg,True,200,
16899744,Canh rau giá Hàn Quốc,https://concop19.github.io/daily-mate-assets/food_anime/dish_16899744.jpg,True,200,
16901504,Tôm hùm hấp,https://concop19.github.io/daily-mate-assets/food_anime/dish_16901504.jpg,True,200,
16902678,Seafood Pasta - 15 phút!,https://concop19.github.io/daily-mate-assets/food_anime/dish_16902678.jpg,True,200,
16902927,Món Pháp - Brandade De Morue (Khoai Tây Nghiền Cá Mặn Đút Lò),https://concop19.github.io/daily-mate-assets/food_anime/dish_16902927.jpg,True,200,
16903345,Chả nấm bào ngư (món chay),https://concop19.github.io/daily-mate-assets/food_anime/dish_16903345.jpg,True,200,
16904471,Canh bầu tôm nõn,https://concop19.github.io/daily-mate-assets/food_anime/dish_16904471.jpg,True,200,
16904510,Mì xào bò viên rau củ,https://concop19.github.io/daily-mate-assets/food_anime/dish_16904510.jpg,True,200,
16904593,Cá ngừ đại dương sốt cam,https://concop19.github.io/daily-mate-assets/food_anime/dish_16904593.jpg,True,200,
16904983,Nấm bào ngư xào giá hẹ (Món chay),https://concop19.github.io/daily-mate-assets/food_anime/dish_16904983.jpg,True,200,
16905009,Thịt xay xào ngò gai,https://concop19.github.io/daily-mate-assets/food_anime/dish_16905009.jpg,True,200,
16905195,Canh Rau Xà Lách Xoong Thịt Bằm Thả Viên,https://concop19.github.io/daily-mate-assets/food_anime/dish_16905195.jpg,True,200,
16905539,Cải chíp sốt nấm hương,https://concop19.github.io/daily-mate-assets/food_anime/dish_16905539.jpg,True,200,
16905807,Bánh mì phô mai với cá hồi xông khói,https://concop19.github.io/daily-mate-assets/food_anime/dish_16905807.jpg,True,200,
16905903,"Canh Cua Đồng Nấu Rau Đay, Mồng Tơi",https://concop19.github.io/daily-mate-assets/food_anime/dish_16905903.jpg,True,200,
16906086,Miến xào tôm XO,https://concop19.github.io/daily-mate-assets/food_anime/dish_16906086.jpg,True,200,
16906883,Cá Chim Trắng Nướng Sate 🐟🐟🐟,https://concop19.github.io/daily-mate-assets/food_anime/dish_16906883.jpg,True,200,
16907181,"Bánh Nướng Nhân Nấm Rừng, Hành Tây, Olive Đen Và Cá Cơm Muối",https://concop19.github.io/daily-mate-assets/food_anime/dish_16907181.jpg,True,200,
16907424,Canh Cà Chua Trứng Nấm Chả Cua🍥🍅,https://concop19.github.io/daily-mate-assets/food_anime/dish_16907424.jpg,True,200,
16907952,Hương mùa hè|Salad nấm tuyết,https://concop19.github.io/daily-mate-assets/food_anime/dish_16907952.jpg,True,200,
16908101,Thịt Ba Rọi Rim Nước Mắm Mặn Ngọt,https://concop19.github.io/daily-mate-assets/food_anime/dish_16908101.jpg,True,200,
16908635,Lẩu cá bớp măng chua,https://concop19.github.io/daily-mate-assets/food_anime/dish_16908635.jpg,True,200,
16908769,Bánh da lợn cốm xanh,https://concop19.github.io/daily-mate-assets/food_anime/dish_16908769.jpg,True,200,
16909420,Rau Cải Biển (Sea Beet) Xào Thịt Bò,https://concop19.github.io/daily-mate-assets/food_anime/dish_16909420.jpg,True,200,
16909583,Cơm chiên thịt gà lúc lắc,https://concop19.github.io/daily-mate-assets/food_anime/dish_16909583.jpg,True,200,
16910478,Mỳ Quảng bò (phiên bản fake),https://concop19.github.io/daily-mate-assets/food_anime/dish_16910478.jpg,True,200,
16910535,"Miến thịt bằm, tôm tươi 🦐",https://concop19.github.io/daily-mate-assets/food_anime/dish_16910535.jpg,True,200,
16911691,Thịt ba rọi kho tàu,https://concop19.github.io/daily-mate-assets/food_anime/dish_16911691.jpg,True,200,
16911887,Miến Xào Tôm Cua,https://concop19.github.io/daily-mate-assets/food_anime/dish_16911887.jpg,True,200,
16911973,"Canh rong biển tôm tươi, đậu hủ non",https://concop19.github.io/daily-mate-assets/food_anime/dish_16911973.jpg,True,200,
16912298,🌱 Canh Đậu Hủ Bông Tỏi Ba Góc (Three-cornered Leek),https://concop19.github.io/daily-mate-assets/food_anime/dish_16912298.jpg,True,200,
16912483,Cá John Dory (Cá Dây Nhật) Nướng Bơ & Hoa Tỏi Ba Góc,https://concop19.github.io/daily-mate-assets/food_anime/dish_16912483.jpg,True,200,
16913035,Thịt hấp bí đỏ (phiên bản hấp cùng cơm nấu),https://concop19.github.io/daily-mate-assets/food_anime/dish_16913035.jpg,True,200,
16914707,Bánh chiên tôm hành,https://concop19.github.io/daily-mate-assets/food_anime/dish_16914707.jpg,True,200,
16914789,💚 Nấm Bào Ngư & Bơ Mặn Nướng Giấy Bạc (Vegetarian),https://concop19.github.io/daily-mate-assets/food_anime/dish_16914789.jpg,True,200,
16915674,Ốc nhồi thịt nướng sả,https://concop19.github.io/daily-mate-assets/food_anime/dish_16915674.jpg,True,200,
16916083,Canh Đầu Cá Mackerel Nấu Cà Chua & Ớt Chuông,https://concop19.github.io/daily-mate-assets/food_anime/dish_16916083.jpg,True,200,
16916135,Cá bống đồng chiên giòn,https://concop19.github.io/daily-mate-assets/food_anime/dish_16916135.jpg,True,200,
16916420,SP.0873 - Ba Rọi Heo Xào Cải Muỗng,https://concop19.github.io/daily-mate-assets/food_anime/dish_16916420.jpg,True,200,
16916530,Canh mướp tần ô nấm kim châm,https://concop19.github.io/daily-mate-assets/food_anime/dish_16916530.jpg,True,200,
16917510,Chả Cá Sốt Cà Chua,https://concop19.github.io/daily-mate-assets/food_anime/dish_16917510.jpg,True,200,
16917708,Cá lòng tong và tôm sông kho khô,https://concop19.github.io/daily-mate-assets/food_anime/dish_16917708.jpg,True,200,
16917860,Cơm thịt nướng xả ớt và ớt trưng tứ xuyên,https://concop19.github.io/daily-mate-assets/food_anime/dish_16917860.jpg,True,200,
16917878,Cá saba Na Uy nướng muối mềm mướt ngọt lịm,https://concop19.github.io/daily-mate-assets/food_anime/dish_16917878.jpg,True,200,
16918223,Thịt Rang Sả Ớt,https://concop19.github.io/daily-mate-assets/food_anime/dish_16918223.jpg,True,200,
16918630,Cá diêu hồng chiên giòn chấm mắm nêm cá cơm,https://concop19.github.io/daily-mate-assets/food_anime/dish_16918630.jpg,True,200,
16918869,Đậu hũ trứng cuộn lá kim sốt cay,https://concop19.github.io/daily-mate-assets/food_anime/dish_16918869.jpg,True,200,
16919528,Tôm hoa viên sốt chua ngọt,https://concop19.github.io/daily-mate-assets/food_anime/dish_16919528.jpg,True,200,
16920022,Beef & Reef Salad,https://concop19.github.io/daily-mate-assets/food_anime/dish_16920022.jpg,True,200,
16923312,Bún riêu hải sản,https://concop19.github.io/daily-mate-assets/food_anime/dish_16923312.jpg,True,200,
16923727,Thịt chưng trứng nấm,https://concop19.github.io/daily-mate-assets/food_anime/dish_16923727.jpg,True,200,
16923854,Nui xào bò trứng,https://concop19.github.io/daily-mate-assets/food_anime/dish_16923854.jpg,True,200,
16925577,Bông Tỏi Ba Góc Xào Bò Bằm,https://concop19.github.io/daily-mate-assets/food_anime/dish_16925577.jpg,True,200,
16926122,"Bánh canh chả cá, thịt bằm",https://concop19.github.io/daily-mate-assets/food_anime/dish_16926122.jpg,True,200,
16926377,Spaghetti tôm sốt dầu tỏi,https://concop19.github.io/daily-mate-assets/food_anime/dish_16926377.jpg,True,200,
16926895,Gà Xào Nấm Truffle !!!!,https://concop19.github.io/daily-mate-assets/food_anime/dish_16926895.jpg,True,200,
16927647,Cá sốt cà chua ngon hấp dẫn 😋,https://concop19.github.io/daily-mate-assets/food_anime/dish_16927647.jpg,True,200,
16927676,🌱 Bún Nấm Hương Chay (Vegan),https://concop19.github.io/daily-mate-assets/food_anime/dish_16927676.jpg,True,200,
16927702,Nui Sò Lớn Sốt Bò Bằm Bolognese & Phô Mai Burrata,https://concop19.github.io/daily-mate-assets/food_anime/dish_16927702.jpg,True,200,
16928030,Cá đối kho hành ớt,https://concop19.github.io/daily-mate-assets/food_anime/dish_16928030.jpg,True,200,
16928051,Tự làm ruốc tôm ngon hơn hàng!,https://concop19.github.io/daily-mate-assets/food_anime/dish_16928051.jpg,True,200,
16928415,Thịt ram,https://concop19.github.io/daily-mate-assets/food_anime/dish_16928415.jpg,True,200,
16929422,Bún riêu cua tóp mỡ,https://concop19.github.io/daily-mate-assets/food_anime/dish_16929422.jpg,True,200,
16930343,Gỏi Trái Vả Tôm Thịt,https://concop19.github.io/daily-mate-assets/food_anime/dish_16930343.jpg,True,200,
16930666,Bún tôm,https://concop19.github.io/daily-mate-assets/food_anime/dish_16930666.jpg,True,200,
16931654,Cà tím cuộn thịt chiên giòn,https://concop19.github.io/daily-mate-assets/food_anime/dish_16931654.jpg,True,200,
16932894,"Bún sườn bò, bò viên",https://concop19.github.io/daily-mate-assets/food_anime/dish_16932894.jpg,True,200,
16933037,Thịt rang dừa,https://concop19.github.io/daily-mate-assets/food_anime/dish_16933037.jpg,True,200,
16933365,BÒ viên,https://concop19.github.io/daily-mate-assets/food_anime/dish_16933365.jpg,True,200,
16934080,Cá kho dưa,https://concop19.github.io/daily-mate-assets/food_anime/dish_16934080.jpg,True,200,
16935008,Rau Diếp Xoăn Trắng & Nấm Mỡ Áp Chảo Sốt Dấm Mù Tạt,https://concop19.github.io/daily-mate-assets/food_anime/dish_16935008.jpg,True,200,
16936502,"Hà xào su hào, rau cần",https://concop19.github.io/daily-mate-assets/food_anime/dish_16936502.jpg,True,200,
16937811,Bí đỏ non hấp nhồi thịt,https://concop19.github.io/daily-mate-assets/food_anime/dish_16937811.jpg,True,200,
16938693,Sữa hạnh nhân bơ rau củ,https://concop19.github.io/daily-mate-assets/food_anime/dish_16938693.jpg,True,200,
16938942,SP.0779 - Ba Rọi Heo Nướng Mọi,https://concop19.github.io/daily-mate-assets/food_anime/dish_16938942.jpg,True,200,
16939097,Nấu canh nấm kim châm siêu ngon cho ngày thanh mát,https://concop19.github.io/daily-mate-assets/food_anime/dish_16939097.jpg,True,200,
16939219,Bắp GIÒ heo khìa nước dừa,https://concop19.github.io/daily-mate-assets/food_anime/dish_16939219.jpg,True,200,
16940895,Cá nục Nghệ An nướng than hoa sốt cà chua Thanh Hoá,https://concop19.github.io/daily-mate-assets/food_anime/dish_16940895.jpg,True,200,
16941626,Chè táo đỏ nấm tuyết hạt sen mộc nhĩ phổ tai,https://concop19.github.io/daily-mate-assets/food_anime/dish_16941626.jpg,True,200,
16941950,Salad Cá Hồi Ngâm Tương Sốt Dầu Dấm,https://concop19.github.io/daily-mate-assets/food_anime/dish_16941950.jpg,True,200,
16943171,Món chay dễ làm| Gỏi rau má,https://concop19.github.io/daily-mate-assets/food_anime/dish_16943171.jpg,True,200,
16943182,Đậu bắp nhồi thịt sốt dầu hào,https://concop19.github.io/daily-mate-assets/food_anime/dish_16943182.jpg,True,200,
16943338,Lẩu cua nấu bầu,https://concop19.github.io/daily-mate-assets/food_anime/dish_16943338.jpg,True,200,
16943950,Bún gạo tôm khô,https://concop19.github.io/daily-mate-assets/food_anime/dish_16943950.jpg,True,200,
16944433,Cá mú hấp xì dầu,https://concop19.github.io/daily-mate-assets/food_anime/dish_16944433.jpg,True,200,
16944435,Gỏi rau má,https://concop19.github.io/daily-mate-assets/food_anime/dish_16944435.jpg,True,200,
16945128,Cá kho rau răm (vị hơi nhạt),https://concop19.github.io/daily-mate-assets/food_anime/dish_16945128.jpg,True,200,
16945567,Gỏi Xoài Khô Cá Sặc,https://concop19.github.io/daily-mate-assets/food_anime/dish_16945567.jpg,True,200,
16945890,Salad Thanh Cua Dâu Tây Sốt Sữa Chua Thì Là,https://concop19.github.io/daily-mate-assets/food_anime/dish_16945890.jpg,True,200,
16945899,Cá Tuyết Nướng Nấm Mỡ Nâu & Lá Thơm Provence,https://concop19.github.io/daily-mate-assets/food_anime/dish_16945899.jpg,True,200,
16946545,Cháo bí đỏ thịt bò băm,https://concop19.github.io/daily-mate-assets/food_anime/dish_16946545.jpg,True,200,
16947233,Tốp mỡ da heo chiên giòn,https://concop19.github.io/daily-mate-assets/food_anime/dish_16947233.jpg,True,200,
16947903,Cá bò nướng muối ớt,https://concop19.github.io/daily-mate-assets/food_anime/dish_16947903.jpg,True,200,
16948140,Gân bò hầm khoai sọ,https://concop19.github.io/daily-mate-assets/food_anime/dish_16948140.jpg,True,200,
16949706,Bánh nếp nhân thịt,https://concop19.github.io/daily-mate-assets/food_anime/dish_16949706.jpg,True,200,
16951417,Cá Basa hấp hành Tây 🧅,https://concop19.github.io/daily-mate-assets/food_anime/dish_16951417.jpg,True,200,
16952013,Rau Củ Quả Hầm Kem (Chay),https://concop19.github.io/daily-mate-assets/food_anime/dish_16952013.jpg,True,200,
16952581,"Bún Riêu không cần cua vẫn thơm ngon, siêu dễ",https://concop19.github.io/daily-mate-assets/food_anime/dish_16952581.jpg,True,200,
16952889,Canh rau diếp nấu nấm (món chay),https://concop19.github.io/daily-mate-assets/food_anime/dish_16952889.jpg,True,200,
16952896,Cơm rang hải sản kimchi,https://concop19.github.io/daily-mate-assets/food_anime/dish_16952896.jpg,True,200,
16954371,Canh chay rong biển đậu hủ nấm kim châm,https://concop19.github.io/daily-mate-assets/food_anime/dish_16954371.jpg,True,200,
16956110,Bún cá tầm Sapa,https://concop19.github.io/daily-mate-assets/food_anime/dish_16956110.jpg,True,200,
16956441,Canh Giò Heo Nấu Măng Tươi,https://concop19.github.io/daily-mate-assets/food_anime/dish_16956441.jpg,True,200,
16956588,Giò heo khìa nước dừa,https://concop19.github.io/daily-mate-assets/food_anime/dish_16956588.jpg,True,200,
16956941,Cháo thịt dê đậu xanh,https://concop19.github.io/daily-mate-assets/food_anime/dish_16956941.jpg,True,200,
16957084,Xôi vò thịt xá xíu,https://concop19.github.io/daily-mate-assets/food_anime/dish_16957084.jpg,True,200,
16957477,"Cháo nấm chay thơm ngon, mát bổ (ngày 1)",https://concop19.github.io/daily-mate-assets/food_anime/dish_16957477.jpg,True,200,
16958669,Mực hấp nhồi thịt 🦑,https://concop19.github.io/daily-mate-assets/food_anime/dish_16958669.jpg,True,200,
16959829,Cá Đù Một Nắng Chiên Muối Sả,https://concop19.github.io/daily-mate-assets/food_anime/dish_16959829.jpg,True,200,
16960059,Thịt lợn giả cầy không cần mẻ,https://concop19.github.io/daily-mate-assets/food_anime/dish_16960059.jpg,True,200,
16960270,Cá Hồng Chiên Giòn,https://concop19.github.io/daily-mate-assets/food_anime/dish_16960270.jpg,True,200,
16961919,Trứng chiên nấm kim châm,https://concop19.github.io/daily-mate-assets/food_anime/dish_16961919.jpg,True,200,
16962588,Bún tôm Quảng Ninh,https://concop19.github.io/daily-mate-assets/food_anime/dish_16962588.jpg,True,200,
16963374,"Vào bếp cùng con: thịt lợn gác bếp cuốn rau mọc ven đường Sải Duần, tươi xanh mơn mởn!",https://concop19.github.io/daily-mate-assets/food_anime/dish_16963374.jpg,True,200,
16963512,Rau tần ô trộn,https://concop19.github.io/daily-mate-assets/food_anime/dish_16963512.jpg,True,200,
16964634,Canh dưa cải chua nấu đậu phộng rau thì là,https://concop19.github.io/daily-mate-assets/food_anime/dish_16964634.jpg,True,200,
16965530,Mực Ướp Gia Vị Ram Tỏi Ớt,https://concop19.github.io/daily-mate-assets/food_anime/dish_16965530.jpg,True,200,
16965534,Thịt Luộc Mắm Nêm,https://concop19.github.io/daily-mate-assets/food_anime/dish_16965534.jpg,True,200,
16965539,Canh Bầu Cá Thu Nấu Hẹ,https://concop19.github.io/daily-mate-assets/food_anime/dish_16965539.jpg,True,200,
16965560,Nấm Mỡ Kho Sa Tế,https://concop19.github.io/daily-mate-assets/food_anime/dish_16965560.jpg,True,200,
16965564,Đậu Hũ Chiên Sốt Tỏi Ớt,https://concop19.github.io/daily-mate-assets/food_anime/dish_16965564.jpg,True,200,
16965567,Nấm Kim Châm Cuộn Rong Biển Chiên Giòn,https://concop19.github.io/daily-mate-assets/food_anime/dish_16965567.jpg,True,200,
16967159,Thịt bò cuốn lá lốt,https://concop19.github.io/daily-mate-assets/food_anime/dish_16967159.jpg,True,200,
16967791,Đậu hũ chiên sốt me sả,https://concop19.github.io/daily-mate-assets/food_anime/dish_16967791.jpg,True,200,
16968216,Nấm hầu thủ chiên giòn,https://concop19.github.io/daily-mate-assets/food_anime/dish_16968216.jpg,True,200,
16968274,Thịt băm xào lá quế kiểu Thái,https://concop19.github.io/daily-mate-assets/food_anime/dish_16968274.jpg,True,200,
16969612,Bún hải sản dọn tủ,https://concop19.github.io/daily-mate-assets/food_anime/dish_16969612.jpg,True,200,
16969636,Nộm rau càng cua,https://concop19.github.io/daily-mate-assets/food_anime/dish_16969636.jpg,True,200,
16972812,Bò sốt phô mai,https://concop19.github.io/daily-mate-assets/food_anime/dish_16972812.jpg,True,200,
16974178,Cá Hồi Sốt Hollandaise,https://concop19.github.io/daily-mate-assets/food_anime/dish_16974178.jpg,True,200,
16974612,Món Tôm Lười,https://concop19.github.io/daily-mate-assets/food_anime/dish_16974612.jpg,True,200,
16975370,Cá chim nướng tiêu xanh,https://concop19.github.io/daily-mate-assets/food_anime/dish_16975370.jpg,True,200,
16975371,Chả nem nấm,https://concop19.github.io/daily-mate-assets/food_anime/dish_16975371.jpg,True,200,
16975788,Salad trái cây: chuối + dưa leo + xà lách + phô mai con bò cười vị dâu + 1 ít sữa đặc,https://concop19.github.io/daily-mate-assets/food_anime/dish_16975788.jpg,True,200,
16976149,Canh Rau Tần Ô & Xúc Xích Pháp Xông Khói,https://concop19.github.io/daily-mate-assets/food_anime/dish_16976149.jpg,True,200,
16976820,SP.0809 - Chén Thịt Hấp Trứng Gà,https://concop19.github.io/daily-mate-assets/food_anime/dish_16976820.jpg,True,200,
16976842,Rau Tần Ô Luộc & Trứng Dầm Nước Mắm,https://concop19.github.io/daily-mate-assets/food_anime/dish_16976842.jpg,True,200,
16981887,Cuốn tôm thịt,https://concop19.github.io/daily-mate-assets/food_anime/dish_16981887.jpg,True,200,
16983007,Cháo nấm tràm tôm thịt,https://concop19.github.io/daily-mate-assets/food_anime/dish_16983007.jpg,True,200,
16983854,Rau câu pha lê,https://concop19.github.io/daily-mate-assets/food_anime/dish_16983854.jpg,True,200,
16984037,Đậu hủ hấp xốt dầu hào,https://concop19.github.io/daily-mate-assets/food_anime/dish_16984037.jpg,True,200,
16984661,Gà kho nấm hương chua ngọt,https://concop19.github.io/daily-mate-assets/food_anime/dish_16984661.jpg,True,200,
16987018,Củ sen kho thịt,https://concop19.github.io/daily-mate-assets/food_anime/dish_16987018.jpg,True,200,
16987193,Cua Hấp Bia,https://concop19.github.io/daily-mate-assets/food_anime/dish_16987193.jpg,True,200,
16987490,Cua biển rang me,https://concop19.github.io/daily-mate-assets/food_anime/dish_16987490.jpg,True,200,
16988350,Canh Rau Dền Đỏ Nấu Tôm Thả Viên,https://concop19.github.io/daily-mate-assets/food_anime/dish_16988350.jpg,True,200,
16989737,Canh chua nấm linh chi nâu,https://concop19.github.io/daily-mate-assets/food_anime/dish_16989737.jpg,True,200,
16989765,Súp nấm tôm viên,https://concop19.github.io/daily-mate-assets/food_anime/dish_16989765.jpg,True,200,
16989768,Tôm viên chiên,https://concop19.github.io/daily-mate-assets/food_anime/dish_16989768.jpg,True,200,
16989823,Canh xương khoai sọ rau muống,https://concop19.github.io/daily-mate-assets/food_anime/dish_16989823.jpg,True,200,
16989914,Mỳ ý sốt cà chua thịt bò băm đơn giản,https://concop19.github.io/daily-mate-assets/food_anime/dish_16989914.jpg,True,200,
16990082,Lẩu chả cá thác lác khổ qua,https://concop19.github.io/daily-mate-assets/food_anime/dish_16990082.jpg,True,200,
16990495,Thịt Kho Đậu Hũ Trứng Cút,https://concop19.github.io/daily-mate-assets/food_anime/dish_16990495.jpg,True,200,
16990545,Canh bí xanh nấu thịt nạc xay,https://concop19.github.io/daily-mate-assets/food_anime/dish_16990545.jpg,True,200,
16990548,Canh rau muống nấu tôm,https://concop19.github.io/daily-mate-assets/food_anime/dish_16990548.jpg,True,200,
16990900,Bún cá mùa hè,https://concop19.github.io/daily-mate-assets/food_anime/dish_16990900.jpg,True,200,
16991062,Thịt thăn heo chiên xù,https://concop19.github.io/daily-mate-assets/food_anime/dish_16991062.jpg,True,200,
16991063,Thịt lợn nấu giả cầy,https://concop19.github.io/daily-mate-assets/food_anime/dish_16991063.jpg,True,200,
16991090,Tôm hùm (Lobster) tẩm bột chiên sốt nấm,https://concop19.github.io/daily-mate-assets/food_anime/dish_16991090.jpg,True,200,
16991491,"Thịt heo kho tiêu, nhanh gọn, dễ làm",https://concop19.github.io/daily-mate-assets/food_anime/dish_16991491.jpg,True,200,
16992064,Chả giò thịt tôm và rau củ,https://concop19.github.io/daily-mate-assets/food_anime/dish_16992064.jpg,True,200,
16992442,Mực xào cần tây 🥰,https://concop19.github.io/daily-mate-assets/food_anime/dish_16992442.jpg,True,200,
16992477,Canh cá bò thả chua,https://concop19.github.io/daily-mate-assets/food_anime/dish_16992477.jpg,True,200,
16993187,Canh rạm rau đay,https://concop19.github.io/daily-mate-assets/food_anime/dish_16993187.jpg,True,200,
16993580,Thịt heo xào cà chua,https://concop19.github.io/daily-mate-assets/food_anime/dish_16993580.jpg,True,200,
16993821,Canh rau muống nấu tôm sắt,https://concop19.github.io/daily-mate-assets/food_anime/dish_16993821.jpg,True,200,
16993888,Gỏi gà bắp cải càng cua,https://concop19.github.io/daily-mate-assets/food_anime/dish_16993888.jpg,True,200,
16994414,Cá hồng hấp gừng,https://concop19.github.io/daily-mate-assets/food_anime/dish_16994414.jpg,True,200,
16994461,"Cua đồng rang lá lốt, lá xương sông",https://concop19.github.io/daily-mate-assets/food_anime/dish_16994461.jpg,True,200,
16994550,Cơm cà ri bò kiểu Nhật,https://concop19.github.io/daily-mate-assets/food_anime/dish_16994550.jpg,True,200,
16995077,Canh cua rau đay mướp,https://concop19.github.io/daily-mate-assets/food_anime/dish_16995077.jpg,True,200,
16996250,🌱 Đậu Hủ Xào Măng Tre Tương Hột Chay (Vegan),https://concop19.github.io/daily-mate-assets/food_anime/dish_16996250.jpg,True,200,
16996822,Gỏi rau tiến vua tôm thịt,https://concop19.github.io/daily-mate-assets/food_anime/dish_16996822.jpg,True,200,
16996842,Cơm chiên rau củ,https://concop19.github.io/daily-mate-assets/food_anime/dish_16996842.jpg,True,200,
16996867,Nộm rau muống,https://concop19.github.io/daily-mate-assets/food_anime/dish_16996867.jpg,True,200,
16997204,Trứng chiên với thịt heo và lá lốt,https://concop19.github.io/daily-mate-assets/food_anime/dish_16997204.jpg,True,200,
16997278,Rau muống xào thịt băm,https://concop19.github.io/daily-mate-assets/food_anime/dish_16997278.jpg,True,200,
16997607,Gỏi Rau Tiến Vua Chả Lụa,https://concop19.github.io/daily-mate-assets/food_anime/dish_16997607.jpg,True,200,
16998046,Mực nhồi thịt sốt,https://concop19.github.io/daily-mate-assets/food_anime/dish_16998046.jpg,True,200,
16998477,Gỏi rau muống thịt luộc,https://concop19.github.io/daily-mate-assets/food_anime/dish_16998477.jpg,True,200,
16998567,"Bắp cải xào cà rốt, cà chua, đậu hũ",https://concop19.github.io/daily-mate-assets/food_anime/dish_16998567.jpg,True,200,
16999172,Phở trộn thịt gà xào,https://concop19.github.io/daily-mate-assets/food_anime/dish_16999172.jpg,True,200,
16999224,Đậu hủ non kho nước tương dinh dưỡng cho gia đình,https://concop19.github.io/daily-mate-assets/food_anime/dish_16999224.jpg,True,200,
17000211,Soup bắp rau củ,https://concop19.github.io/daily-mate-assets/food_anime/dish_17000211.jpg,True,200,
17000323,"Canh tôm, bồ ngót Nhật, cà rốt",https://concop19.github.io/daily-mate-assets/food_anime/dish_17000323.jpg,True,200,
17000667,Cá ngừ kho thơm,https://concop19.github.io/daily-mate-assets/food_anime/dish_17000667.jpg,True,200,
17000730,Cá khô rim mặn ngọt,https://concop19.github.io/daily-mate-assets/food_anime/dish_17000730.jpg,True,200,
17000743,Canh mùng tơi nấu thịt xay 😘,https://concop19.github.io/daily-mate-assets/food_anime/dish_17000743.jpg,True,200,
17000904,Canh nấm kim châm nấu mọc,https://concop19.github.io/daily-mate-assets/food_anime/dish_17000904.jpg,True,200,
17000908,Bún cá lóc nấu dễ - nhanh - ngon,https://concop19.github.io/daily-mate-assets/food_anime/dish_17000908.jpg,True,200,
17000990,Rau tiến vua xào thịt bò,https://concop19.github.io/daily-mate-assets/food_anime/dish_17000990.jpg,True,200,
17001387,Chả Cá Nhồng Nấu Ngót,https://concop19.github.io/daily-mate-assets/food_anime/dish_17001387.jpg,True,200,
17001600,Bò kho tiêu,https://concop19.github.io/daily-mate-assets/food_anime/dish_17001600.jpg,True,200,
17001671,"Chả Cá, Trứng Cút Chiên Sốt Cà Chua Chấm Rau Sống",https://concop19.github.io/daily-mate-assets/food_anime/dish_17001671.jpg,True,200,
17002536,Cá Nục Và Chả Cá Cuốn Bánh Tráng,https://concop19.github.io/daily-mate-assets/food_anime/dish_17002536.jpg,True,200,
17002558,"Nộm thịt heo, giá đỗ, rau răm",https://concop19.github.io/daily-mate-assets/food_anime/dish_17002558.jpg,True,200,
17002559,SP.0751 - Rau Muống Xào Malaysia,https://concop19.github.io/daily-mate-assets/food_anime/dish_17002559.jpg,True,200,
17002601,Mì tôm xào rau muống giò lụa,https://concop19.github.io/daily-mate-assets/food_anime/dish_17002601.jpg,True,200,
17002602,Chả Ram Tôm Đất Cuốn Rau Sống,https://concop19.github.io/daily-mate-assets/food_anime/dish_17002602.jpg,True,200,
17002812,Cá chìa vôi nướng muối ớt,https://concop19.github.io/daily-mate-assets/food_anime/dish_17002812.jpg,True,200,
17002899,Bánh mì cua siêu ngon ai cũng phải thử 1 lần,https://concop19.github.io/daily-mate-assets/food_anime/dish_17002899.jpg,True,200,
17002968,Hoa nở trong vườn - Tôm nõn xào ngô ngọt,https://concop19.github.io/daily-mate-assets/food_anime/dish_17002968.jpg,True,200,
17003129,Hoa chuối trộn tôm thịt,https://concop19.github.io/daily-mate-assets/food_anime/dish_17003129.jpg,True,200,
17003608,Bánh canh gà nấm :):),https://concop19.github.io/daily-mate-assets/food_anime/dish_17003608.jpg,True,200,
17003656,"Rau muống nấu canh khoai, tôm và rau muống xào tỏi",https://concop19.github.io/daily-mate-assets/food_anime/dish_17003656.jpg,True,200,
17003968,Rau Muống Xào Tỏi Sa Tế Và Chả Cá (2in1),https://concop19.github.io/daily-mate-assets/food_anime/dish_17003968.jpg,True,200,
17004539,Gỏi vịt rau muống bào và bắp cải,https://concop19.github.io/daily-mate-assets/food_anime/dish_17004539.jpg,True,200,
17004559,Canh rau muống nấu tôm tươi,https://concop19.github.io/daily-mate-assets/food_anime/dish_17004559.jpg,True,200,
17005723,Gỏi xơ mít trộn tôm và tai heo,https://concop19.github.io/daily-mate-assets/food_anime/dish_17005723.jpg,True,200,
17005738,Cá Đối Kho Xơ Mít,https://concop19.github.io/daily-mate-assets/food_anime/dish_17005738.jpg,True,200,
17007271,THỊT chiên Rim nước mắm ❤️,https://concop19.github.io/daily-mate-assets/food_anime/dish_17007271.jpg,True,200,
17007488,Thịt băm sốt nấm cà chua,https://concop19.github.io/daily-mate-assets/food_anime/dish_17007488.jpg,True,200,
17007537,Canh cà chua đậu hũ non,https://concop19.github.io/daily-mate-assets/food_anime/dish_17007537.jpg,True,200,
17008285,Hoành thánh tôm thịt,https://concop19.github.io/daily-mate-assets/food_anime/dish_17008285.jpg,True,200,
17008810,Cá Chốt Kho Lá Giang,https://concop19.github.io/daily-mate-assets/food_anime/dish_17008810.jpg,True,200,
17009062,Cá thu sốt cà phiên bản lười,https://concop19.github.io/daily-mate-assets/food_anime/dish_17009062.jpg,True,200,
17009121,Canh khoai tây Mỹ thịt viên,https://concop19.github.io/daily-mate-assets/food_anime/dish_17009121.jpg,True,200,
17009126,Rau củ xào thịt và khoai tây,https://concop19.github.io/daily-mate-assets/food_anime/dish_17009126.jpg,True,200,
17009140,Hoành thánh hoa hồng nhân tôm thịt,https://concop19.github.io/daily-mate-assets/food_anime/dish_17009140.jpg,True,200,
17009630,Mì Chũ xào bắp bò,https://concop19.github.io/daily-mate-assets/food_anime/dish_17009630.jpg,True,200,
17009640,Canh khế nấu tôm,https://concop19.github.io/daily-mate-assets/food_anime/dish_17009640.jpg,True,200,
17009904,Cách làm thịt viên cho nhiều món(thịt viên xíu mại),https://concop19.github.io/daily-mate-assets/food_anime/dish_17009904.jpg,True,200,
17009949,Cá Nục Áp Chảo Ăn Kèm Rau Súp Lơ Và Ớt Chuông Xào Sa Tế,https://concop19.github.io/daily-mate-assets/food_anime/dish_17009949.jpg,True,200,
17011038,Cà Bát Xanh Muối Xổi Trộn Mắm Tôm,https://concop19.github.io/daily-mate-assets/food_anime/dish_17011038.jpg,True,200,
17011048,Canh Bí Ngòi Nấm Mỡ Nước Xương Gà,https://concop19.github.io/daily-mate-assets/food_anime/dish_17011048.jpg,True,200,
17011308,Cà bát luộc chấm mắm tôm,https://concop19.github.io/daily-mate-assets/food_anime/dish_17011308.jpg,True,200,
17011815,"Rau muống xào tép biển (con moi, con ruốc)",https://concop19.github.io/daily-mate-assets/food_anime/dish_17011815.jpg,True,200,
17012317,Tôm sốt me,https://concop19.github.io/daily-mate-assets/food_anime/dish_17012317.jpg,True,200,
17012477,Cá chim om dưa,https://concop19.github.io/daily-mate-assets/food_anime/dish_17012477.jpg,True,200,
17012564,SP.0841 - Khổ Qua Xào Thịt Ba Rọi,https://concop19.github.io/daily-mate-assets/food_anime/dish_17012564.jpg,True,200,
17012787,Chả thịt chiên,https://concop19.github.io/daily-mate-assets/food_anime/dish_17012787.jpg,True,200,
17013204,Bún ốc bò,https://concop19.github.io/daily-mate-assets/food_anime/dish_17013204.jpg,True,200,
17013799,Thịt heo xào ớt chuông,https://concop19.github.io/daily-mate-assets/food_anime/dish_17013799.jpg,True,200,
17013919,Trứng Cá Chép Chiên Trứng Thì Là,https://concop19.github.io/daily-mate-assets/food_anime/dish_17013919.jpg,True,200,
17013976,Cá chạch chiên nước mắm,https://concop19.github.io/daily-mate-assets/food_anime/dish_17013976.jpg,True,200,
17014782,Mì tôm thịt,https://concop19.github.io/daily-mate-assets/food_anime/dish_17014782.jpg,True,200,
17014794,Mì udon trộn sốt teriyaki và rau củ xào,https://concop19.github.io/daily-mate-assets/food_anime/dish_17014794.jpg,True,200,
17014930,Cá đùi gà kho keo,https://concop19.github.io/daily-mate-assets/food_anime/dish_17014930.jpg,True,200,
17015100,Cá Chạch chiên giòn chấm mắm me,https://concop19.github.io/daily-mate-assets/food_anime/dish_17015100.jpg,True,200,
17015110,🌱 Bún Cà Chua Nấm Rơm Đậu Hủ Chay,https://concop19.github.io/daily-mate-assets/food_anime/dish_17015110.jpg,True,200,
17015544,Thịt heo rang đậu,https://concop19.github.io/daily-mate-assets/food_anime/dish_17015544.jpg,True,200,
17015630,Cháo cá chạch,https://concop19.github.io/daily-mate-assets/food_anime/dish_17015630.jpg,True,200,
17016402,Ba Rọi Kho Quẹt Rau Luộc,https://concop19.github.io/daily-mate-assets/food_anime/dish_17016402.jpg,True,200,
17016495,Cá Trạch Chiên Giòn Cuốn Bánh Tráng Chấm Mắm Nêm,https://concop19.github.io/daily-mate-assets/food_anime/dish_17016495.jpg,True,200,
17016499,Mì Tôm Trứng Vét Tủ,https://concop19.github.io/daily-mate-assets/food_anime/dish_17016499.jpg,True,200,
17016623,Cá Chạch Kho Khế,https://concop19.github.io/daily-mate-assets/food_anime/dish_17016623.jpg,True,200,
17016754,SP.0753 - Phi Lê Cá Tai Tượng Chiên Xù,https://concop19.github.io/daily-mate-assets/food_anime/dish_17016754.jpg,True,200,
17016941,Soup đậu hũ non rau củ,https://concop19.github.io/daily-mate-assets/food_anime/dish_17016941.jpg,True,200,
17017334,CÁ TAI TƯỢNG chiên xù,https://concop19.github.io/daily-mate-assets/food_anime/dish_17017334.jpg,True,200,
17017489,Hàu Nướng Phô Mai Con Bò Cười,https://concop19.github.io/daily-mate-assets/food_anime/dish_17017489.jpg,True,200,
17017564,Mực xào ớt chuông 😋,https://concop19.github.io/daily-mate-assets/food_anime/dish_17017564.jpg,True,200,
17017745,Gỏi rau muống gà xé phay,https://concop19.github.io/daily-mate-assets/food_anime/dish_17017745.jpg,True,200,
17017824,Cá Chạch (Loach fish),https://concop19.github.io/daily-mate-assets/food_anime/dish_17017824.jpg,True,200,
17019537,"Cơm Nát, Cá chưng nước tương cho bé",https://concop19.github.io/daily-mate-assets/food_anime/dish_17019537.jpg,True,200,
17020096,"Tôm Càng Luộc,  Canh Mồng Tơi Nấu Bằng Nước Luộc Tôm",https://concop19.github.io/daily-mate-assets/food_anime/dish_17020096.jpg,True,200,
17020172,Sushi Cơm Cuộn Bọc Trứng Cá Chuồn,https://concop19.github.io/daily-mate-assets/food_anime/dish_17020172.jpg,True,200,
17020194,Thịt lợn áp chảo,https://concop19.github.io/daily-mate-assets/food_anime/dish_17020194.jpg,True,200,
17020198,Canh rau ngót rừng,https://concop19.github.io/daily-mate-assets/food_anime/dish_17020198.jpg,True,200,
17020209,Cá tép đồng ôm dưa cải chua,https://concop19.github.io/daily-mate-assets/food_anime/dish_17020209.jpg,True,200,
17020248,Cá đùi gà chiên giòn,https://concop19.github.io/daily-mate-assets/food_anime/dish_17020248.jpg,True,200,
17020692,Cá chạch chiên mè trắng,https://concop19.github.io/daily-mate-assets/food_anime/dish_17020692.jpg,True,200,
17021100,Cá chuồn chiên chấm mắm xoài,https://concop19.github.io/daily-mate-assets/food_anime/dish_17021100.jpg,True,200,
17021694,Canh cá chuồn nấu ngót,https://concop19.github.io/daily-mate-assets/food_anime/dish_17021694.jpg,True,200,
17021711,Cá chuồn sốt cà,https://concop19.github.io/daily-mate-assets/food_anime/dish_17021711.jpg,True,200,
17021725,Cá chuồn chiên nước mắm,https://concop19.github.io/daily-mate-assets/food_anime/dish_17021725.jpg,True,200,
17022178,Khoai tây nướng thịt ham (Tartiflette),https://concop19.github.io/daily-mate-assets/food_anime/dish_17022178.jpg,True,200,
17022750,Canh mùng tơi rau đay nấu cáy còng đỏ (ba khía),https://concop19.github.io/daily-mate-assets/food_anime/dish_17022750.jpg,True,200,
17023181,Canh Kim Chi Râu Mực,https://concop19.github.io/daily-mate-assets/food_anime/dish_17023181.jpg,True,200,
17023506,Râu mực chấm sốt cay 🌶,https://concop19.github.io/daily-mate-assets/food_anime/dish_17023506.jpg,True,200,
17023637,Cá Hồi Phi Lê Áp Chảo Ăn Kèm Đậu Đỗ Và Cà Rốt Xào Tỏi + Nước Tương,https://concop19.github.io/daily-mate-assets/food_anime/dish_17023637.jpg,True,200,
17023639,Cá Chim Trắng Biển Hấp Gừng Kèm Rau Củ,https://concop19.github.io/daily-mate-assets/food_anime/dish_17023639.jpg,True,200,
17023771,Lẩu mỳ tôm chay,https://concop19.github.io/daily-mate-assets/food_anime/dish_17023771.jpg,True,200,
17023917,Râu mực nướng sa tế,https://concop19.github.io/daily-mate-assets/food_anime/dish_17023917.jpg,True,200,
17023931,Cá hấp xì dầu,https://concop19.github.io/daily-mate-assets/food_anime/dish_17023931.jpg,True,200,
17023939,Canh rau dền cơm nấu tép khô,https://concop19.github.io/daily-mate-assets/food_anime/dish_17023939.jpg,True,200,
17023946,Nấm đùi gà kho tiêu,https://concop19.github.io/daily-mate-assets/food_anime/dish_17023946.jpg,True,200,
17023951,Cá dìa nấu canh chua,https://concop19.github.io/daily-mate-assets/food_anime/dish_17023951.jpg,True,200,
17023993,Salad cải kale rau mầm,https://concop19.github.io/daily-mate-assets/food_anime/dish_17023993.jpg,True,200,
17025015,Tôm rang sả,https://concop19.github.io/daily-mate-assets/food_anime/dish_17025015.jpg,True,200,
17025118,Cá hồi áp chảo sốt chanh leo,https://concop19.github.io/daily-mate-assets/food_anime/dish_17025118.jpg,True,200,
17025330,Râu Mực Luộc Sả Mắm Ăn Kèm Bí Ngòi Áp Chảo,https://concop19.github.io/daily-mate-assets/food_anime/dish_17025330.jpg,True,200,
17025355,Ruốc cá hồi bổ dưỡng cho cả nhà,https://concop19.github.io/daily-mate-assets/food_anime/dish_17025355.jpg,True,200,
17025450,Mì Ý Sốt Cua,https://concop19.github.io/daily-mate-assets/food_anime/dish_17025450.jpg,True,200,
17025947,Thịt má heo rim củ cải muối,https://concop19.github.io/daily-mate-assets/food_anime/dish_17025947.jpg,True,200,
17026109,Cua Hấp Nước Dừa & Cách Chọn Cua Ngon,https://concop19.github.io/daily-mate-assets/food_anime/dish_17026109.jpg,True,200,
17026124,Cá Bông Lau Kho Tiêu,https://concop19.github.io/daily-mate-assets/food_anime/dish_17026124.jpg,True,200,
17026453,Rau câu nhãn kỹ tử,https://concop19.github.io/daily-mate-assets/food_anime/dish_17026453.jpg,True,200,
17026457,Bò xào sả hành,https://concop19.github.io/daily-mate-assets/food_anime/dish_17026457.jpg,True,200,
17026473,Canh súp giò heo,https://concop19.github.io/daily-mate-assets/food_anime/dish_17026473.jpg,True,200,
17027275,Canh chua cá và cá chiên giòn,https://concop19.github.io/daily-mate-assets/food_anime/dish_17027275.jpg,True,200,
17028298,Râu mực nướng,https://concop19.github.io/daily-mate-assets/food_anime/dish_17028298.jpg,True,200,
17028496,Cá Hồi Áp Chảo Ăn Kèm Súp Lơ Xanh Và Cà Rốt Bi Luộc (KeTo),https://concop19.github.io/daily-mate-assets/food_anime/dish_17028496.jpg,True,200,
17028522,Canh chua tôm mực,https://concop19.github.io/daily-mate-assets/food_anime/dish_17028522.jpg,True,200,
17028608,Cháo tôm và râu mực,https://concop19.github.io/daily-mate-assets/food_anime/dish_17028608.jpg,True,200,
17028642,Chả đậu tôm thịt,https://concop19.github.io/daily-mate-assets/food_anime/dish_17028642.jpg,True,200,
17028681,Má heo nướng sa tế,https://concop19.github.io/daily-mate-assets/food_anime/dish_17028681.jpg,True,200,
17028700,Mực hấp hành,https://concop19.github.io/daily-mate-assets/food_anime/dish_17028700.jpg,True,200,
17028827,Lẩu mắt má heo,https://concop19.github.io/daily-mate-assets/food_anime/dish_17028827.jpg,True,200,
17028901,Cháo Hến Sườn Và Nấm Rơm,https://concop19.github.io/daily-mate-assets/food_anime/dish_17028901.jpg,True,200,
17028915,Râu mực xào lá quế,https://concop19.github.io/daily-mate-assets/food_anime/dish_17028915.jpg,True,200,
17028993,Mực khô nấu bánh phở,https://concop19.github.io/daily-mate-assets/food_anime/dish_17028993.jpg,True,200,
17029153,Mì Ý Sốt Gan Cá Monkfish,https://concop19.github.io/daily-mate-assets/food_anime/dish_17029153.jpg,True,200,
17029319,Cá hồi kho tộ,https://concop19.github.io/daily-mate-assets/food_anime/dish_17029319.jpg,True,200,
17029329,"Rau muống xào mướp, giá đỗ",https://concop19.github.io/daily-mate-assets/food_anime/dish_17029329.jpg,True,200,
17029492,Khoai tây xào tôm,https://concop19.github.io/daily-mate-assets/food_anime/dish_17029492.jpg,True,200,
17029710,"Canh rau, củ, nấm",https://concop19.github.io/daily-mate-assets/food_anime/dish_17029710.jpg,True,200,
17029846,Cháo bí đỏ tôm thịt,https://concop19.github.io/daily-mate-assets/food_anime/dish_17029846.jpg,True,200,
17030296,Cá chạch kho nghệ,https://concop19.github.io/daily-mate-assets/food_anime/dish_17030296.jpg,True,200,
17030321,Canh bồng khoai nấu tôm tươi,https://concop19.github.io/daily-mate-assets/food_anime/dish_17030321.jpg,True,200,
17030517,Sushi Gan Cá Monkfish,https://concop19.github.io/daily-mate-assets/food_anime/dish_17030517.jpg,True,200,
17030675,Bê Thui (Bò Tơ) Xào Lá Cách,https://concop19.github.io/daily-mate-assets/food_anime/dish_17030675.jpg,True,200,
17030687,Nấm Mối Thái Nướng Lá Cách Muối Ớt,https://concop19.github.io/daily-mate-assets/food_anime/dish_17030687.jpg,True,200,
17030867,Măng tây xào bò,https://concop19.github.io/daily-mate-assets/food_anime/dish_17030867.jpg,True,200,
17030869,Gỏi tôm rau muống,https://concop19.github.io/daily-mate-assets/food_anime/dish_17030869.jpg,True,200,
17030882,Miến giò heo,https://concop19.github.io/daily-mate-assets/food_anime/dish_17030882.jpg,True,200,
17030883,Mì Chũ cá chiên giòn,https://concop19.github.io/daily-mate-assets/food_anime/dish_17030883.jpg,True,200,
17030891,Nui nấu đuôi heo,https://concop19.github.io/daily-mate-assets/food_anime/dish_17030891.jpg,True,200,
17030898,Cơm bento: Gấu koala hồng đáng yêu (Đậu hũ xào tôm nấm),https://concop19.github.io/daily-mate-assets/food_anime/dish_17030898.jpg,True,200,
17031101,Canh cải ngọt bò viên,https://concop19.github.io/daily-mate-assets/food_anime/dish_17031101.jpg,True,200,
17031178,Vào bếp cùng con: gỏi tôm khế lá lốt càng cua vườn nhà ba,https://concop19.github.io/daily-mate-assets/food_anime/dish_17031178.jpg,True,200,
17031550,Gà xé trộn rau thơm,https://concop19.github.io/daily-mate-assets/food_anime/dish_17031550.jpg,True,200,
17031556,Thịt sườn kho nước dừa,https://concop19.github.io/daily-mate-assets/food_anime/dish_17031556.jpg,True,200,
17031575,Cá quả (cá lóc) kho tộ,https://concop19.github.io/daily-mate-assets/food_anime/dish_17031575.jpg,True,200,
17031947,SP.0838 - Mì Bò Xào Sốt Tiêu Đen,https://concop19.github.io/daily-mate-assets/food_anime/dish_17031947.jpg,True,200,
17031950,Thịt trộn củ sen cuộn tàu hũ ky,https://concop19.github.io/daily-mate-assets/food_anime/dish_17031950.jpg,True,200,
17031954,SP.0864 - Gà Viên Nấu Kem Nấm Súp Lơ,https://concop19.github.io/daily-mate-assets/food_anime/dish_17031954.jpg,True,200,
17032130,Cá mó chiên nước mắm tỏi ớt,https://concop19.github.io/daily-mate-assets/food_anime/dish_17032130.jpg,True,200,
17032143,Trứng Cá Kho Tộ,https://concop19.github.io/daily-mate-assets/food_anime/dish_17032143.jpg,True,200,
17032508,Râu Mực Sốt Thái,https://concop19.github.io/daily-mate-assets/food_anime/dish_17032508.jpg,True,200,
17033176,Thịt ba chỉ heo kho trứng,https://concop19.github.io/daily-mate-assets/food_anime/dish_17033176.jpg,True,200,
17033183,Bí nụ xào tôm,https://concop19.github.io/daily-mate-assets/food_anime/dish_17033183.jpg,True,200,
17033563,"Gà hấp bí nụ, nấm, rau củ",https://concop19.github.io/daily-mate-assets/food_anime/dish_17033563.jpg,True,200,
17034186,Mì gói xào thịt bò nấm,https://concop19.github.io/daily-mate-assets/food_anime/dish_17034186.jpg,True,200,
17034447,Gỏi Xoài Cà Rốt Rau Răm Trộn Khô Cá Sặc,https://concop19.github.io/daily-mate-assets/food_anime/dish_17034447.jpg,True,200,
17034448,Bí Nụ Xào Thịt Nạc,https://concop19.github.io/daily-mate-assets/food_anime/dish_17034448.jpg,True,200,
17034532,Lòng cá basa nướng sate bằng nckd,https://concop19.github.io/daily-mate-assets/food_anime/dish_17034532.jpg,True,200,
17034659,Thịt heo rang dừa,https://concop19.github.io/daily-mate-assets/food_anime/dish_17034659.jpg,True,200,
17034772,Trứng mực xào hẹ,https://concop19.github.io/daily-mate-assets/food_anime/dish_17034772.jpg,True,200,
17034903,Tủy heo hấp lá chuối,https://concop19.github.io/daily-mate-assets/food_anime/dish_17034903.jpg,True,200,
17035371,Bê thui (bò tơ) xào hành tỏi,https://concop19.github.io/daily-mate-assets/food_anime/dish_17035371.jpg,True,200,
17035403,Bánh canh cá lóc Huế,https://concop19.github.io/daily-mate-assets/food_anime/dish_17035403.jpg,True,200,
17035404,Bò xào bông bí,https://concop19.github.io/daily-mate-assets/food_anime/dish_17035404.jpg,True,200,
17035762,Thịt xào mắm ruốc,https://concop19.github.io/daily-mate-assets/food_anime/dish_17035762.jpg,True,200,
17035805,Bẹ sữa heo nướng BBQ,https://concop19.github.io/daily-mate-assets/food_anime/dish_17035805.jpg,True,200,
17036099,Cá mó chiên giòn chấm mắm tỏi ớt,https://concop19.github.io/daily-mate-assets/food_anime/dish_17036099.jpg,True,200,
17036148,Bánh Canh Bột Mì Cá Lóc,https://concop19.github.io/daily-mate-assets/food_anime/dish_17036148.jpg,True,200,
17036224,Viên thịt bã đậu chiên,https://concop19.github.io/daily-mate-assets/food_anime/dish_17036224.jpg,True,200,
17036225,Bông cải xào thịt và tôm khô,https://concop19.github.io/daily-mate-assets/food_anime/dish_17036225.jpg,True,200,
17036237,Tôm càng xanh nướng muối ớt,https://concop19.github.io/daily-mate-assets/food_anime/dish_17036237.jpg,True,200,
17036318,Thịt vai xào nấm đùi gà,https://concop19.github.io/daily-mate-assets/food_anime/dish_17036318.jpg,True,200,
17036321,Canh rau mồng tơi nấu thịt băm,https://concop19.github.io/daily-mate-assets/food_anime/dish_17036321.jpg,True,200,
17036948,Vú heo nướng sa tế,https://concop19.github.io/daily-mate-assets/food_anime/dish_17036948.jpg,True,200,
17037179,Cá Mó Chiên Xả Tỏi Ớt,https://concop19.github.io/daily-mate-assets/food_anime/dish_17037179.jpg,True,200,
17037181,Canh Mướp Nấu Thịt Bằm,https://concop19.github.io/daily-mate-assets/food_anime/dish_17037181.jpg,True,200,
17037328,Bao tử cá xào đậu,https://concop19.github.io/daily-mate-assets/food_anime/dish_17037328.jpg,True,200,
17037364,Cá mó chiên muối tôm (NCKD),https://concop19.github.io/daily-mate-assets/food_anime/dish_17037364.jpg,True,200,
17037815,Tuỷ bò chiên,https://concop19.github.io/daily-mate-assets/food_anime/dish_17037815.jpg,True,200,
17037848,Cá Thu Nấu Ngót,https://concop19.github.io/daily-mate-assets/food_anime/dish_17037848.jpg,True,200,
17037926,Dạ cá basa khìa nước dừa,https://concop19.github.io/daily-mate-assets/food_anime/dish_17037926.jpg,True,200,
17038100,"Trứng Tráng Thịt, Nấm Hương Tươi Và Cà Rốt",https://concop19.github.io/daily-mate-assets/food_anime/dish_17038100.jpg,True,200,
17038217,Bò Áp Chảo Sốt BBQ Hàn Quốc,https://concop19.github.io/daily-mate-assets/food_anime/dish_17038217.jpg,True,200,
17038339,Đậu hủ hấp,https://concop19.github.io/daily-mate-assets/food_anime/dish_17038339.jpg,True,200,
17038400,Salad cá ngừ rong nho,https://concop19.github.io/daily-mate-assets/food_anime/dish_17038400.jpg,True,200,
17038417,Cá diêu hồng um xì dầu,https://concop19.github.io/daily-mate-assets/food_anime/dish_17038417.jpg,True,200,
17038425,"Khoai tây, khoai môn, nấm đùi gà, mướp hương xào",https://concop19.github.io/daily-mate-assets/food_anime/dish_17038425.jpg,True,200,
17038427,Cá dìa chiên,https://concop19.github.io/daily-mate-assets/food_anime/dish_17038427.jpg,True,200,
17038431,Canh rau ngót nấu cá,https://concop19.github.io/daily-mate-assets/food_anime/dish_17038431.jpg,True,200,
17038691,Canh bí nụ nhồi thịt,https://concop19.github.io/daily-mate-assets/food_anime/dish_17038691.jpg,True,200,
17039171,Mực Xào Nấm Rau Củ,https://concop19.github.io/daily-mate-assets/food_anime/dish_17039171.jpg,True,200,
17039224,Thịt bê thui xào sả ớt #tapdevang23,https://concop19.github.io/daily-mate-assets/food_anime/dish_17039224.jpg,True,200,
17039665,Cá Chốt Kho Hành Ớt,https://concop19.github.io/daily-mate-assets/food_anime/dish_17039665.jpg,True,200,
17040039,🌱 Canh Nấm Mỡ Đậu Hủ Lá É (Vegan),https://concop19.github.io/daily-mate-assets/food_anime/dish_17040039.jpg,True,200,
17040182,Bánh tôm đậu nành,https://concop19.github.io/daily-mate-assets/food_anime/dish_17040182.jpg,True,200,
17040240,Cá chốt kho tiêu,https://concop19.github.io/daily-mate-assets/food_anime/dish_17040240.jpg,True,200,
17040521,Bánh đa cua hải sản,https://concop19.github.io/daily-mate-assets/food_anime/dish_17040521.jpg,True,200,
17040523,Bún cá thu,https://concop19.github.io/daily-mate-assets/food_anime/dish_17040523.jpg,True,200,
17040543,Vó bò ngâm sả tắc,https://concop19.github.io/daily-mate-assets/food_anime/dish_17040543.jpg,True,200,
17040559,Nộm dưa chuột thịt luộc,https://concop19.github.io/daily-mate-assets/food_anime/dish_17040559.jpg,True,200,
17040626,Soup bắp nấm chay,https://concop19.github.io/daily-mate-assets/food_anime/dish_17040626.jpg,True,200,
17040853,Đậu Kênh cuộn thịt sốt cà,https://concop19.github.io/daily-mate-assets/food_anime/dish_17040853.jpg,True,200,
17040858,"Cá ngừ kho dứa, nước dừa",https://concop19.github.io/daily-mate-assets/food_anime/dish_17040858.jpg,True,200,
17041299,Cá dìa nấu măng,https://concop19.github.io/daily-mate-assets/food_anime/dish_17041299.jpg,True,200,
17041301,Cá thu phấn sốt cà,https://concop19.github.io/daily-mate-assets/food_anime/dish_17041301.jpg,True,200,
17041309,Măng trúc xào măng tây và gầu bò,https://concop19.github.io/daily-mate-assets/food_anime/dish_17041309.jpg,True,200,
17041319,Thịt má heo luộc,https://concop19.github.io/daily-mate-assets/food_anime/dish_17041319.jpg,True,200,
17041735,Thịt Ba Chỉ Luộc Chấm Mắm Nêm,https://concop19.github.io/daily-mate-assets/food_anime/dish_17041735.jpg,True,200,
17041861,Nấm kim châm cuộn rong biển sốt nước tương,https://concop19.github.io/daily-mate-assets/food_anime/dish_17041861.jpg,True,200,
17042516,Canh cá chốt măng chua,https://concop19.github.io/daily-mate-assets/food_anime/dish_17042516.jpg,True,200,
17042717,Cá Diêu Hồng Biển Và Tuộc Sốt Cà Chua,https://concop19.github.io/daily-mate-assets/food_anime/dish_17042717.jpg,True,200,
17042831,Rau câu trứng,https://concop19.github.io/daily-mate-assets/food_anime/dish_17042831.jpg,True,200,
17042998,Canh giò heo lá é,https://concop19.github.io/daily-mate-assets/food_anime/dish_17042998.jpg,True,200,
17043073,Bún bò viên,https://concop19.github.io/daily-mate-assets/food_anime/dish_17043073.jpg,True,200,
17043734,Ruột heo chay khìa nước dừa,https://concop19.github.io/daily-mate-assets/food_anime/dish_17043734.jpg,True,200,
17043818,Gỏi rau càng cua chay,https://concop19.github.io/daily-mate-assets/food_anime/dish_17043818.jpg,True,200,
17043850,Cà tím kho nấm rơm,https://concop19.github.io/daily-mate-assets/food_anime/dish_17043850.jpg,True,200,
17044254,Nấm kho lá quế,https://concop19.github.io/daily-mate-assets/food_anime/dish_17044254.jpg,True,200,
17044709,Nấm bào ngư chiên xù,https://concop19.github.io/daily-mate-assets/food_anime/dish_17044709.jpg,True,200,
17045102,SP.0899 - Lagu Sườn Heo,https://concop19.github.io/daily-mate-assets/food_anime/dish_17045102.jpg,True,200,
17045200,Nấm kim châm chiên giòn,https://concop19.github.io/daily-mate-assets/food_anime/dish_17045200.jpg,True,200,
17045208,Cá lăng kho nghệ,https://concop19.github.io/daily-mate-assets/food_anime/dish_17045208.jpg,True,200,
17045233,Rau củ xào chay sốt chua ngọt,https://concop19.github.io/daily-mate-assets/food_anime/dish_17045233.jpg,True,200,
17045330,"Đậu hủ xào nấm mèo,cà rốt và tàu hủ ki",https://concop19.github.io/daily-mate-assets/food_anime/dish_17045330.jpg,True,200,
17045586,Bánh Phở Tráng Chảo Trộn Thịt Xào,https://concop19.github.io/daily-mate-assets/food_anime/dish_17045586.jpg,True,200,
17045991,SP.0820 - Canh Cải Bó Xôi Sụn Lưỡi Heo,https://concop19.github.io/daily-mate-assets/food_anime/dish_17045991.jpg,True,200,
17046770,Nấm Linh Chi Trắng Xào Lá É,https://concop19.github.io/daily-mate-assets/food_anime/dish_17046770.jpg,True,200,
17046844,Mì Ý Spaghetti Xốt Nấm Chay,https://concop19.github.io/daily-mate-assets/food_anime/dish_17046844.jpg,True,200,
17047170,Lẩu Gà Lá É Măng Chua Ăn Kèm Các Loại Nấm,https://concop19.github.io/daily-mate-assets/food_anime/dish_17047170.jpg,True,200,
17047186,"Mướp, rau muống, giá đỗ xào (món chay)",https://concop19.github.io/daily-mate-assets/food_anime/dish_17047186.jpg,True,200,
17047236,Mì Chũ Xào Bò,https://concop19.github.io/daily-mate-assets/food_anime/dish_17047236.jpg,True,200,
17047420,Mì Chũ nấu xương đuôi heo,https://concop19.github.io/daily-mate-assets/food_anime/dish_17047420.jpg,True,200,
17047527,BẾP CHAY | #6 Đậu hũ kho nấm rơm,https://concop19.github.io/daily-mate-assets/food_anime/dish_17047527.jpg,True,200,
17047572,Đậu non sốt nấm hành (món chay),https://concop19.github.io/daily-mate-assets/food_anime/dish_17047572.jpg,True,200,
17047593,Rau xào tam sắc (món chay),https://concop19.github.io/daily-mate-assets/food_anime/dish_17047593.jpg,True,200,
17047721,Tim heo xào thơm ^^,https://concop19.github.io/daily-mate-assets/food_anime/dish_17047721.jpg,True,200,
17047922,Canh kim chi thịt bò nấu lười,https://concop19.github.io/daily-mate-assets/food_anime/dish_17047922.jpg,True,200,
17047928,"Đậu hủ, nấm và sườn chay kho cà chua thơm",https://concop19.github.io/daily-mate-assets/food_anime/dish_17047928.jpg,True,200,
17048163,🌱 Phở Chay Nấm Đậu Phụ (Vegan),https://concop19.github.io/daily-mate-assets/food_anime/dish_17048163.jpg,True,200,
17048418,Há cảo rau củ,https://concop19.github.io/daily-mate-assets/food_anime/dish_17048418.jpg,True,200,
17048430,Ngồng tỏi xào thịt bò,https://concop19.github.io/daily-mate-assets/food_anime/dish_17048430.jpg,True,200,
17048446,Làm thịt ba chỉ chay,https://concop19.github.io/daily-mate-assets/food_anime/dish_17048446.jpg,True,200,
17048634,Cá Sòng Kho Thịt Ba Rọi Giềng Ớt,https://concop19.github.io/daily-mate-assets/food_anime/dish_17048634.jpg,True,200,
17048635,Chả Cá Thác Lác Nhà Quết Siêu Dẻo,https://concop19.github.io/daily-mate-assets/food_anime/dish_17048635.jpg,True,200,
17048639,🍅 🐟 Chả Cá Thác Lác Sốt Cà 🍅 🐟,https://concop19.github.io/daily-mate-assets/food_anime/dish_17048639.jpg,True,200,
17049109,Cá sòng chiên mắm tỏi,https://concop19.github.io/daily-mate-assets/food_anime/dish_17049109.jpg,True,200,
17049157,Đậu Hũ Muối Ớt Chiên Rong Biển,https://concop19.github.io/daily-mate-assets/food_anime/dish_17049157.jpg,True,200,
17049161,Nấm Hải Sản Kho Sa Tế,https://concop19.github.io/daily-mate-assets/food_anime/dish_17049161.jpg,True,200,
17049163,Nấm Linh Chi Xào Húng Quế Trắng,https://concop19.github.io/daily-mate-assets/food_anime/dish_17049163.jpg,True,200,
17049174,Gỏi Rau Muống Nấm Đùi Gà,https://concop19.github.io/daily-mate-assets/food_anime/dish_17049174.jpg,True,200,
17049178,Canh Cải Thìa Nấm Kim Châm,https://concop19.github.io/daily-mate-assets/food_anime/dish_17049178.jpg,True,200,
17049199,Mì Chũ cá thập cẩm,https://concop19.github.io/daily-mate-assets/food_anime/dish_17049199.jpg,True,200,
17049252,Hủ tiếu trộn khô với tôm càng,https://concop19.github.io/daily-mate-assets/food_anime/dish_17049252.jpg,True,200,
17049254,Mì Chũ trứng non cá viên,https://concop19.github.io/daily-mate-assets/food_anime/dish_17049254.jpg,True,200,
17049265,Mì Quảng tôm cua nấu bằng mì Chũ,https://concop19.github.io/daily-mate-assets/food_anime/dish_17049265.jpg,True,200,
17049270,Gân bò nấu mì Chũ,https://concop19.github.io/daily-mate-assets/food_anime/dish_17049270.jpg,True,200,
17049668,Tàu ky cuộn nấm đùi gà,https://concop19.github.io/daily-mate-assets/food_anime/dish_17049668.jpg,True,200,
17049953,Đậu Phụ Và Chả Chay Sốt Cà Chua,https://concop19.github.io/daily-mate-assets/food_anime/dish_17049953.jpg,True,200,
17049956,Canh Hẹ Nấm Nấu Đậu Hũ,https://concop19.github.io/daily-mate-assets/food_anime/dish_17049956.jpg,True,200,
17050499,🌱 Mì Chũ Xào Rau Củ Chay (Vegan),https://concop19.github.io/daily-mate-assets/food_anime/dish_17050499.jpg,True,200,
17050910,Mì Chũ nấu tôm thịt,https://concop19.github.io/daily-mate-assets/food_anime/dish_17050910.jpg,True,200,
17050914,"Ngồng tỏi, ớt chuông xào chả cá thác lác",https://concop19.github.io/daily-mate-assets/food_anime/dish_17050914.jpg,True,200,
17050980,Mỳ gói nấu nấm rơm chay,https://concop19.github.io/daily-mate-assets/food_anime/dish_17050980.jpg,True,200,
17051089,"Mì trộn thịt heo bằm, trứng ốp la",https://concop19.github.io/daily-mate-assets/food_anime/dish_17051089.jpg,True,200,
17051324,Salad chanh dây cải xoong Nhật với cá sòng,https://concop19.github.io/daily-mate-assets/food_anime/dish_17051324.jpg,True,200,
17051377,Nấm đùi gà xiên nướng,https://concop19.github.io/daily-mate-assets/food_anime/dish_17051377.jpg,True,200,
17052105,Tuỷ Bò Chiên Giòn,https://concop19.github.io/daily-mate-assets/food_anime/dish_17052105.jpg,True,200,
17052462,Cá Sòng Kho Thơm,https://concop19.github.io/daily-mate-assets/food_anime/dish_17052462.jpg,True,200,
17052469,Nấm rơm kho nước tương,https://concop19.github.io/daily-mate-assets/food_anime/dish_17052469.jpg,True,200,
17052805,Mì chũ lứt với nạm bò hầm,https://concop19.github.io/daily-mate-assets/food_anime/dish_17052805.jpg,True,200,
17052908,Ngồng tỏi hầm bắp giò heo,https://concop19.github.io/daily-mate-assets/food_anime/dish_17052908.jpg,True,200,
17052969,SP.0785 - Cơm Rang Cá Mặn Hải Sản,https://concop19.github.io/daily-mate-assets/food_anime/dish_17052969.jpg,True,200,
17052976,SP.0760 - Khô Thịt Chay,https://concop19.github.io/daily-mate-assets/food_anime/dish_17052976.jpg,True,200,
17053085,Bún lứt thịt nướng eatclean,https://concop19.github.io/daily-mate-assets/food_anime/dish_17053085.jpg,True,200,
17054009,Nấm nướng chao,https://concop19.github.io/daily-mate-assets/food_anime/dish_17054009.jpg,True,200,
17054100,SP.0860 - Tôm Ram Trứng Vịt Muối,https://concop19.github.io/daily-mate-assets/food_anime/dish_17054100.jpg,True,200,
17054189,Cá chình kho tiêu ăn kèm bông cải xanh luộc,https://concop19.github.io/daily-mate-assets/food_anime/dish_17054189.jpg,True,200,
17054194,Tôm đồng rang thịt,https://concop19.github.io/daily-mate-assets/food_anime/dish_17054194.jpg,True,200,
17054281,Bún cá thu siêu tốc,https://concop19.github.io/daily-mate-assets/food_anime/dish_17054281.jpg,True,200,
17054867,Bún Trộn Tôm & Thịt Nạc Eat Clean,https://concop19.github.io/daily-mate-assets/food_anime/dish_17054867.jpg,True,200,
17054897,Cơm Tôm Thịt Nạc Rang & Rau Luộc Eat Clean,https://concop19.github.io/daily-mate-assets/food_anime/dish_17054897.jpg,True,200,
17055664,Cá Hồng Muối Sả Chiên,https://concop19.github.io/daily-mate-assets/food_anime/dish_17055664.jpg,True,200,
17055932,Nấm hương nhồi thịt chiên xù,https://concop19.github.io/daily-mate-assets/food_anime/dish_17055932.jpg,True,200,
17056037,SP.0762 - Canh Cải Cầu Vồng Thịt Viên,https://concop19.github.io/daily-mate-assets/food_anime/dish_17056037.jpg,True,200,
17056038,SP.0763 - Cải Cầu Vồng Xào Thịt Heo,https://concop19.github.io/daily-mate-assets/food_anime/dish_17056038.jpg,True,200,
17056109,🌱 Khổ Qua Kho Nấm Mỡ (Vegan),https://concop19.github.io/daily-mate-assets/food_anime/dish_17056109.jpg,True,200,
17056608,Tôm xào thập cẩm với chân nấm,https://concop19.github.io/daily-mate-assets/food_anime/dish_17056608.jpg,True,200,
17056680,Đậu hủ kho tương hột (món chay),https://concop19.github.io/daily-mate-assets/food_anime/dish_17056680.jpg,True,200,
17056824,Trứng chiên đậu hũ,https://concop19.github.io/daily-mate-assets/food_anime/dish_17056824.jpg,True,200,
17056827,Canh chua bò,https://concop19.github.io/daily-mate-assets/food_anime/dish_17056827.jpg,True,200,
17056839,Cá phèn hồng chiên,https://concop19.github.io/daily-mate-assets/food_anime/dish_17056839.jpg,True,200,
17057084,Chân nấm xào ngũ sắc,https://concop19.github.io/daily-mate-assets/food_anime/dish_17057084.jpg,True,200,
17057395,Mỳ xốt bơ thịt xông khói,https://concop19.github.io/daily-mate-assets/food_anime/dish_17057395.jpg,True,200,
17058390,Nấm đùi gà om xốt tiêu đen,https://concop19.github.io/daily-mate-assets/food_anime/dish_17058390.jpg,True,200,
17059292,Chân nấm hải sản xào đậu hũ,https://concop19.github.io/daily-mate-assets/food_anime/dish_17059292.jpg,True,200,
17059314,Chả Cá Sốt Cà Và Chân Nấm,https://concop19.github.io/daily-mate-assets/food_anime/dish_17059314.jpg,True,200,
17059318,Mì Tôm Nấu Chân Nấm Và Chả Cá,https://concop19.github.io/daily-mate-assets/food_anime/dish_17059318.jpg,True,200,
17059340,Khổ Qua Xào Cá Khô,https://concop19.github.io/daily-mate-assets/food_anime/dish_17059340.jpg,True,200,
17059352,Canh nấm hải sản bí đỏ,https://concop19.github.io/daily-mate-assets/food_anime/dish_17059352.jpg,True,200,
17059980,Cá hồng sốt cà chua,https://concop19.github.io/daily-mate-assets/food_anime/dish_17059980.jpg,True,200,
17060721,Cá Phèn Hồng Kho Cà Chua,https://concop19.github.io/daily-mate-assets/food_anime/dish_17060721.jpg,True,200,
17061207,Nấm đùi gà kho đậu gà,https://concop19.github.io/daily-mate-assets/food_anime/dish_17061207.jpg,True,200,
17061337,Cá bạc má chiên sốt tỏi ớt,https://concop19.github.io/daily-mate-assets/food_anime/dish_17061337.jpg,True,200,
17061371,Miến trộn thịt heo rau củ,https://concop19.github.io/daily-mate-assets/food_anime/dish_17061371.jpg,True,200,
17061381,Nấm đùi gà áp chảo (ngày 3),https://concop19.github.io/daily-mate-assets/food_anime/dish_17061381.jpg,True,200,
17061963,Rong biển ruốc chân nấm (món chay),https://concop19.github.io/daily-mate-assets/food_anime/dish_17061963.jpg,True,200,
17063115,Sách bò bóp chua ngọt,https://concop19.github.io/daily-mate-assets/food_anime/dish_17063115.jpg,True,200,
17063201,Nấm bào ngư áp chảo - Topping cho các món gỏi,https://concop19.github.io/daily-mate-assets/food_anime/dish_17063201.jpg,True,200,
17063241,Cá hồng 2 món,https://concop19.github.io/daily-mate-assets/food_anime/dish_17063241.jpg,True,200,
17063393,Bún cá hồng chấm,https://concop19.github.io/daily-mate-assets/food_anime/dish_17063393.jpg,True,200,
17063394,Cá hồng xám um dưa cải muối,https://concop19.github.io/daily-mate-assets/food_anime/dish_17063394.jpg,True,200,
17063420,Tảo xoắn xào nấm sả ớt,https://concop19.github.io/daily-mate-assets/food_anime/dish_17063420.jpg,True,200,
17063424,Cá phèn (cá hồng) kho tiêu,https://concop19.github.io/daily-mate-assets/food_anime/dish_17063424.jpg,True,200,
17064763,Ếch nướng sa tế lá lốt,https://concop19.github.io/daily-mate-assets/food_anime/dish_17064763.jpg,True,200,
17065158,Cá sòng luộc cạn cuốn bánh tráng chấm mắm tôm,https://concop19.github.io/daily-mate-assets/food_anime/dish_17065158.jpg,True,200,
17065165,"Canh bí đỏ nấu nấm, đậu (ngày 7)",https://concop19.github.io/daily-mate-assets/food_anime/dish_17065165.jpg,True,200,
17065172,Củ sen kẹp thịt,https://concop19.github.io/daily-mate-assets/food_anime/dish_17065172.jpg,True,200,
17065217,Cá basa kho tiêu ngào đường Phú Quốc ăn kèm bắp cải tím và cơm tím,https://concop19.github.io/daily-mate-assets/food_anime/dish_17065217.jpg,True,200,
17065758,Gỏi Khô Cá Chỉ Vàng Cà Rốt Củ Cải Trắng,https://concop19.github.io/daily-mate-assets/food_anime/dish_17065758.jpg,True,200,
17065774,Cà Tím Nhồi Thịt Áp Chảo,https://concop19.github.io/daily-mate-assets/food_anime/dish_17065774.jpg,True,200,
17065789,Cá Măng Nấu Lá É,https://concop19.github.io/daily-mate-assets/food_anime/dish_17065789.jpg,True,200,
17065923,Canh sườn bò Galbi Tang Hàn quốc,https://concop19.github.io/daily-mate-assets/food_anime/dish_17065923.jpg,True,200,
17066255,Khô cá chỉ vàng rim chua ngọt,https://concop19.github.io/daily-mate-assets/food_anime/dish_17066255.jpg,True,200,
17067187,Cá Chim Chiên Sốt Cà Chua,https://concop19.github.io/daily-mate-assets/food_anime/dish_17067187.jpg,True,200,
17067194,Canh Laghim Nấu Xương Heo,https://concop19.github.io/daily-mate-assets/food_anime/dish_17067194.jpg,True,200,
17067386,Canh Giá Da Heo,https://concop19.github.io/daily-mate-assets/food_anime/dish_17067386.jpg,True,200,
17068107,Thịt Ba Chỉ Rang Tép Mặn Ngọt,https://concop19.github.io/daily-mate-assets/food_anime/dish_17068107.jpg,True,200,
17068410,Ngọn su su xào thịt bò,https://concop19.github.io/daily-mate-assets/food_anime/dish_17068410.jpg,True,200,
17068976,Cá chỉ vàng sốt me,https://concop19.github.io/daily-mate-assets/food_anime/dish_17068976.jpg,True,200,
17069196,Đọt Su Su Xào Bò,https://concop19.github.io/daily-mate-assets/food_anime/dish_17069196.jpg,True,200,
17069736,Cá chỉ vàng khô nướng nckd,https://concop19.github.io/daily-mate-assets/food_anime/dish_17069736.jpg,True,200,
17070115,Canh cáy nấu rau tập tàng,https://concop19.github.io/daily-mate-assets/food_anime/dish_17070115.jpg,True,200,
17070886,Gỏi sách bò,https://concop19.github.io/daily-mate-assets/food_anime/dish_17070886.jpg,True,200,
17071357,Rau tập tàng nấu tôm,https://concop19.github.io/daily-mate-assets/food_anime/dish_17071357.jpg,True,200,
17071450,Cá chỉ vàng chiên giòn sốt mắm tỏi,https://concop19.github.io/daily-mate-assets/food_anime/dish_17071450.jpg,True,200,
17071773,Tim Heo Luộc Chấm Mắm Nêm,https://concop19.github.io/daily-mate-assets/food_anime/dish_17071773.jpg,True,200,
17072467,Hoa thiên lý xào thịt nạc xay,https://concop19.github.io/daily-mate-assets/food_anime/dish_17072467.jpg,True,200,
17072478,"Bún cá rô phi, chả cá",https://concop19.github.io/daily-mate-assets/food_anime/dish_17072478.jpg,True,200,
17072486,Canh bí ngòi nấu tôm,https://concop19.github.io/daily-mate-assets/food_anime/dish_17072486.jpg,True,200,
17072487,Canh bí đỏ nấu mọc tôm thịt,https://concop19.github.io/daily-mate-assets/food_anime/dish_17072487.jpg,True,200,
17072505,Tôm rảo tằm rang thịt má heo,https://concop19.github.io/daily-mate-assets/food_anime/dish_17072505.jpg,True,200,
17072509,Cá đao (cá hố) chiên,https://concop19.github.io/daily-mate-assets/food_anime/dish_17072509.jpg,True,200,
17072591,Thịt nai nấu lá lốt,https://concop19.github.io/daily-mate-assets/food_anime/dish_17072591.jpg,True,200,
17072922,Mì nấu mọc thịt,https://concop19.github.io/daily-mate-assets/food_anime/dish_17072922.jpg,True,200,
17073017,🌱 Cơm Chiên Rau Dền Đỏ (Vegan),https://concop19.github.io/daily-mate-assets/food_anime/dish_17073017.jpg,True,200,
17073184,Cháo 🦀 cua biển 🍠 khoai lang,https://concop19.github.io/daily-mate-assets/food_anime/dish_17073184.jpg,True,200,
17073444,Phi lê cá sốt teriyaki,https://concop19.github.io/daily-mate-assets/food_anime/dish_17073444.jpg,True,200,
17073697,Cá thắt đuôi kho dưa,https://concop19.github.io/daily-mate-assets/food_anime/dish_17073697.jpg,True,200,
17073872,Thịt heo chiên sốt cam,https://concop19.github.io/daily-mate-assets/food_anime/dish_17073872.jpg,True,200,
17074305,Cải thảo cuộn thịt phiên bản con sò,https://concop19.github.io/daily-mate-assets/food_anime/dish_17074305.jpg,True,200,
17074574,Bún cá lóc hương vị Khmer,https://concop19.github.io/daily-mate-assets/food_anime/dish_17074574.jpg,True,200,
17074799,Ghẹ và tôm mũ ni luộc cạn với sả,https://concop19.github.io/daily-mate-assets/food_anime/dish_17074799.jpg,True,200,
17075066,Rau Dền Đỏ Nấu Chả Cá Thác Lác,https://concop19.github.io/daily-mate-assets/food_anime/dish_17075066.jpg,True,200,
17075722,Bánh đa đỏ tôm chả cá,https://concop19.github.io/daily-mate-assets/food_anime/dish_17075722.jpg,True,200,
17075763,"Canh tim, dạ dày nấu nấm",https://concop19.github.io/daily-mate-assets/food_anime/dish_17075763.jpg,True,200,
17075777,Canh rau dền nấu tép,https://concop19.github.io/daily-mate-assets/food_anime/dish_17075777.jpg,True,200,
17075786,Rau dền đỏ luộc,https://concop19.github.io/daily-mate-assets/food_anime/dish_17075786.jpg,True,200,
17075930,Bánh Đa Đỏ Trộn Thịt Vịt,https://concop19.github.io/daily-mate-assets/food_anime/dish_17075930.jpg,True,200,
17076005,SP.0765 - Canh Rau Dền Đỏ Nấu Chả Cá Thác Lác,https://concop19.github.io/daily-mate-assets/food_anime/dish_17076005.jpg,True,200,
17076469,Rau dền luộc,https://concop19.github.io/daily-mate-assets/food_anime/dish_17076469.jpg,True,200,
17076477,Chả cá chay,https://concop19.github.io/daily-mate-assets/food_anime/dish_17076477.jpg,True,200,
17076479,Thịt kho trám đen,https://concop19.github.io/daily-mate-assets/food_anime/dish_17076479.jpg,True,200,
17076483,Cháo tim cật heo,https://concop19.github.io/daily-mate-assets/food_anime/dish_17076483.jpg,True,200,
17076519,Rau mầm cải xào tỏi,https://concop19.github.io/daily-mate-assets/food_anime/dish_17076519.jpg,True,200,
17076522,Mầm bắp cải Sapa xào mực,https://concop19.github.io/daily-mate-assets/food_anime/dish_17076522.jpg,True,200,
17076645,Cháo hạt vỡ thịt gà 🍗 nấm đùi gà,https://concop19.github.io/daily-mate-assets/food_anime/dish_17076645.jpg,True,200,
17076825,Cá hiếu luộc cạn với sả và mướp,https://concop19.github.io/daily-mate-assets/food_anime/dish_17076825.jpg,True,200,
17076913,Bánh đa đỏ hải sản chay,https://concop19.github.io/daily-mate-assets/food_anime/dish_17076913.jpg,True,200,
17076939,Cá diếc kho tương,https://concop19.github.io/daily-mate-assets/food_anime/dish_17076939.jpg,True,200,
17077503,SP.0766 - Giá Đỗ Xào Thịt Ba Chỉ Heo,https://concop19.github.io/daily-mate-assets/food_anime/dish_17077503.jpg,True,200,
17077811,Cháo hạt vỡ thịt bò 🥩 rau ngót,https://concop19.github.io/daily-mate-assets/food_anime/dish_17077811.jpg,True,200,
17077899,Thịt ba chỉ chiên giòn,https://concop19.github.io/daily-mate-assets/food_anime/dish_17077899.jpg,True,200,
17078253,Mì Ý Tôm Phô Mai Bỏ Lò,https://concop19.github.io/daily-mate-assets/food_anime/dish_17078253.jpg,True,200,
17078431,Cháo hạt vỡ cua biển 🦀 bí ngòi,https://concop19.github.io/daily-mate-assets/food_anime/dish_17078431.jpg,True,200,
17078507,Cá thu sốt cà,https://concop19.github.io/daily-mate-assets/food_anime/dish_17078507.jpg,True,200,
17078517,Cá diếc rim mắm tỏi ớt,https://concop19.github.io/daily-mate-assets/food_anime/dish_17078517.jpg,True,200,
17078536,Phile cá diếc chiên giòn,https://concop19.github.io/daily-mate-assets/food_anime/dish_17078536.jpg,True,200,
17078544,Canh mướp rau dền đỏ nấu tôm,https://concop19.github.io/daily-mate-assets/food_anime/dish_17078544.jpg,True,200,
17078550,Cá diếc kho thơm chấm rau củ,https://concop19.github.io/daily-mate-assets/food_anime/dish_17078550.jpg,True,200,
17078554,Mắm ruốc kho thịt đơn giản,https://concop19.github.io/daily-mate-assets/food_anime/dish_17078554.jpg,True,200,
17078555,Rau củ luộc chấm các món kho,https://concop19.github.io/daily-mate-assets/food_anime/dish_17078555.jpg,True,200,
17078813,Cá diếc trứng nấu rau răm,https://concop19.github.io/daily-mate-assets/food_anime/dish_17078813.jpg,True,200,
17079205,Canh rau dền đỏ nấu tôm khô,https://concop19.github.io/daily-mate-assets/food_anime/dish_17079205.jpg,True,200,
17079231,Cơm rang rau dền đỏ,https://concop19.github.io/daily-mate-assets/food_anime/dish_17079231.jpg,True,200,
17079481,Bánh đa xào thịt,https://concop19.github.io/daily-mate-assets/food_anime/dish_17079481.jpg,True,200,
17079516,Cua lột chiên xù,https://concop19.github.io/daily-mate-assets/food_anime/dish_17079516.jpg,True,200,
17079529,Cá diếc chiên giòn xoài bằm,https://concop19.github.io/daily-mate-assets/food_anime/dish_17079529.jpg,True,200,
17079542,Bánh đa cá diếc,https://concop19.github.io/daily-mate-assets/food_anime/dish_17079542.jpg,True,200,
17080033,Canh rau dền đỏ nấu mọc,https://concop19.github.io/daily-mate-assets/food_anime/dish_17080033.jpg,True,200,
17080036,Canh rau dền đỏ nấu tôm,https://concop19.github.io/daily-mate-assets/food_anime/dish_17080036.jpg,True,200,
17080053,Bánh đa đỏ trộn tôm cua,https://concop19.github.io/daily-mate-assets/food_anime/dish_17080053.jpg,True,200,
17080060,Cua lột chiên giòn sốt dầu hào,https://concop19.github.io/daily-mate-assets/food_anime/dish_17080060.jpg,True,200,
17080066,Cá diếc kho thịt ba rọi,https://concop19.github.io/daily-mate-assets/food_anime/dish_17080066.jpg,True,200,
17080170,Thịt chiên xù cho bé,https://concop19.github.io/daily-mate-assets/food_anime/dish_17080170.jpg,True,200,
17080714,Bánh đa đỏ xào tôm,https://concop19.github.io/daily-mate-assets/food_anime/dish_17080714.jpg,True,200,
17080719,Canh cá diếc chua ngọt,https://concop19.github.io/daily-mate-assets/food_anime/dish_17080719.jpg,True,200,
17080734,Cá diếc hấp nước tương,https://concop19.github.io/daily-mate-assets/food_anime/dish_17080734.jpg,True,200,
17081215,Canh rau dền đỏ nấm rơm (món chay),https://concop19.github.io/daily-mate-assets/food_anime/dish_17081215.jpg,True,200,
17081222,Ếch nướng lá lốt bằng nckd,https://concop19.github.io/daily-mate-assets/food_anime/dish_17081222.jpg,True,200,
17081267,Cháo tim heo hạt sen,https://concop19.github.io/daily-mate-assets/food_anime/dish_17081267.jpg,True,200,
17081293,Giò heo nấu khoai sọ,https://concop19.github.io/daily-mate-assets/food_anime/dish_17081293.jpg,True,200,
17081295,Đậu hũ chiên mắm ruốc,https://concop19.github.io/daily-mate-assets/food_anime/dish_17081295.jpg,True,200,
17081366,Gan Heo Xào Ngũ Vị,https://concop19.github.io/daily-mate-assets/food_anime/dish_17081366.jpg,True,200,
17081421,Mì Tôm Ăn Liền Nấu Boa Rô,https://concop19.github.io/daily-mate-assets/food_anime/dish_17081421.jpg,True,200,
17081675,Cháo thịt heo rau cải 🥬 phô mai,https://concop19.github.io/daily-mate-assets/food_anime/dish_17081675.jpg,True,200,
17082076,Nộm hoa chuối má lợn,https://concop19.github.io/daily-mate-assets/food_anime/dish_17082076.jpg,True,200,
17082170,Gan lợn rim mắm,https://concop19.github.io/daily-mate-assets/food_anime/dish_17082170.jpg,True,200,
17082186,Canh rau khoai lang nấu ngao hoa,https://concop19.github.io/daily-mate-assets/food_anime/dish_17082186.jpg,True,200,
17082344,Cá Ngân Nấu Ngót,https://concop19.github.io/daily-mate-assets/food_anime/dish_17082344.jpg,True,200,
17082393,"Nấm sò yến nấu cà chua, trứng",https://concop19.github.io/daily-mate-assets/food_anime/dish_17082393.jpg,True,200,
17082399,"Cá mím kho cà chua, hành khô, tương ớt",https://concop19.github.io/daily-mate-assets/food_anime/dish_17082399.jpg,True,200,
17082404,Rau mầm cải xào tóp mỡ,https://concop19.github.io/daily-mate-assets/food_anime/dish_17082404.jpg,True,200,
17082418,Lá Sen cạn cuốn thịt bò,https://concop19.github.io/daily-mate-assets/food_anime/dish_17082418.jpg,True,200,
17082562,Canh Rau Chua (Chút Chít) Nấu Mắm Tôm,https://concop19.github.io/daily-mate-assets/food_anime/dish_17082562.jpg,True,200,
17082704,Canh Rau Chùm Ngây Mướp Hương,https://concop19.github.io/daily-mate-assets/food_anime/dish_17082704.jpg,True,200,
17082894,Mì Chũ Nấu Rau Chùm Ngây,https://concop19.github.io/daily-mate-assets/food_anime/dish_17082894.jpg,True,200,
17083061,Cá bống biển kho keo,https://concop19.github.io/daily-mate-assets/food_anime/dish_17083061.jpg,True,200,
17083316,Đậu hũ dồn thịt sốt cà,https://concop19.github.io/daily-mate-assets/food_anime/dish_17083316.jpg,True,200,
17083554,Canh Gan Heo Kỷ Tử Trứng Gà Tẩm Bổ,https://concop19.github.io/daily-mate-assets/food_anime/dish_17083554.jpg,True,200,
17083999,Nui cua biển bí đỏ 🎃,https://concop19.github.io/daily-mate-assets/food_anime/dish_17083999.jpg,True,200,
17084210,Phở sắn chiên giòn sốt mực xào rau củ chua ngọt,https://concop19.github.io/daily-mate-assets/food_anime/dish_17084210.jpg,True,200,
17084464,SP.0769 - Chả Cá Thác Lác Chiên Giòn Sốt Mắm Tỏi,https://concop19.github.io/daily-mate-assets/food_anime/dish_17084464.jpg,True,200,
17084796,🌱 Đậu Hủ Kho Tương Nếp Bần (Vegan),https://concop19.github.io/daily-mate-assets/food_anime/dish_17084796.jpg,True,200,
17085149,Gan heo nướng ngũ vị,https://concop19.github.io/daily-mate-assets/food_anime/dish_17085149.jpg,True,200,
17085311,Cháo thịt bò 🥩 nấm 🍄 rong biển,https://concop19.github.io/daily-mate-assets/food_anime/dish_17085311.jpg,True,200,
17085601,Cá Basa om bầu 🤤,https://concop19.github.io/daily-mate-assets/food_anime/dish_17085601.jpg,True,200,
17085703,Măng Trúc Xào Bò,https://concop19.github.io/daily-mate-assets/food_anime/dish_17085703.jpg,True,200,
17086726,"Gan heo chiên xào hoa gừng, giá đỗ và cà rốt",https://concop19.github.io/daily-mate-assets/food_anime/dish_17086726.jpg,True,200,
17086738,Tôm sông rim tóp mỡ,https://concop19.github.io/daily-mate-assets/food_anime/dish_17086738.jpg,True,200,
17086771,🦐Tôm rim sốt mắm tỏi,https://concop19.github.io/daily-mate-assets/food_anime/dish_17086771.jpg,True,200,
17086966,Tôm rim satế,https://concop19.github.io/daily-mate-assets/food_anime/dish_17086966.jpg,True,200,
17088505,Bắp cải tím xào gan heo,https://concop19.github.io/daily-mate-assets/food_anime/dish_17088505.jpg,True,200,
17088507,Thịt heo sốt me kèm bắp cải tím,https://concop19.github.io/daily-mate-assets/food_anime/dish_17088507.jpg,True,200,
17088515,Canh khoai mỡ tôm thịt,https://concop19.github.io/daily-mate-assets/food_anime/dish_17088515.jpg,True,200,
17088570,Cá bống biển chiên giòn,https://concop19.github.io/daily-mate-assets/food_anime/dish_17088570.jpg,True,200,
17088840,Cá bống biển kho mặn,https://concop19.github.io/daily-mate-assets/food_anime/dish_17088840.jpg,True,200,
17089035,Cá nục bông kho thịt ba chỉ,https://concop19.github.io/daily-mate-assets/food_anime/dish_17089035.jpg,True,200,
17089081,SP.0767 - Gan Heo Xào Củ Hành,https://concop19.github.io/daily-mate-assets/food_anime/dish_17089081.jpg,True,200,
17089347,Cà tím xào gan heo,https://concop19.github.io/daily-mate-assets/food_anime/dish_17089347.jpg,True,200,
17089353,Gan heo xào ớt chuông,https://concop19.github.io/daily-mate-assets/food_anime/dish_17089353.jpg,True,200,
17089358,Gỏi thốt nốt tôm thịt,https://concop19.github.io/daily-mate-assets/food_anime/dish_17089358.jpg,True,200,
17089443,Đồ Lòng Bò Xào Rau Răm Ngũ Vị Hương,https://concop19.github.io/daily-mate-assets/food_anime/dish_17089443.jpg,True,200,
17090054,Cá mím kho tương miso,https://concop19.github.io/daily-mate-assets/food_anime/dish_17090054.jpg,True,200,
17090056,Cá mím chiên,https://concop19.github.io/daily-mate-assets/food_anime/dish_17090056.jpg,True,200,
17090103,Cá bống đục kho khô,https://concop19.github.io/daily-mate-assets/food_anime/dish_17090103.jpg,True,200,
17090126,Gan heo xào thơm (dứa),https://concop19.github.io/daily-mate-assets/food_anime/dish_17090126.jpg,True,200,
17090571,Cháo thịt heo 🥓 bí ngòi phô mai 🧀,https://concop19.github.io/daily-mate-assets/food_anime/dish_17090571.jpg,True,200,
17090853,Bánh nướng heo mập,https://concop19.github.io/daily-mate-assets/food_anime/dish_17090853.jpg,True,200,
17091182,Mì Bò Viên,https://concop19.github.io/daily-mate-assets/food_anime/dish_17091182.jpg,True,200,
17091215,Thịt chiên xù kiểu Nhật,https://concop19.github.io/daily-mate-assets/food_anime/dish_17091215.jpg,True,200,
17091231,Đậu hũ kho thịt,https://concop19.github.io/daily-mate-assets/food_anime/dish_17091231.jpg,True,200,
17091335,Nọng má heo chiên sốt chua ngọt,https://concop19.github.io/daily-mate-assets/food_anime/dish_17091335.jpg,True,200,
17091841,Cá chỉ vàng/ cá ngân rán sả,https://concop19.github.io/daily-mate-assets/food_anime/dish_17091841.jpg,True,200,
17091867,Cháo thịt gà 🍗 nấm hương,https://concop19.github.io/daily-mate-assets/food_anime/dish_17091867.jpg,True,200,
17092785,Bánh canh chả cá phiên bản lười,https://concop19.github.io/daily-mate-assets/food_anime/dish_17092785.jpg,True,200,
17092967,Cháo hạt vỡ thịt gà rau ngót 🌿,https://concop19.github.io/daily-mate-assets/food_anime/dish_17092967.jpg,True,200,
17093076,Canh Chua Tôm Măng Trúc,https://concop19.github.io/daily-mate-assets/food_anime/dish_17093076.jpg,True,200,
17094219,Cháo hạt mix cá hồi 🍣 cà rốt,https://concop19.github.io/daily-mate-assets/food_anime/dish_17094219.jpg,True,200,
17094262,Thịt cốt lết rim sữa,https://concop19.github.io/daily-mate-assets/food_anime/dish_17094262.jpg,True,200,
17094390,Mướp xào thịt xay,https://concop19.github.io/daily-mate-assets/food_anime/dish_17094390.jpg,True,200,
17094391,Canh rau cải tôm càng,https://concop19.github.io/daily-mate-assets/food_anime/dish_17094391.jpg,True,200,
17094395,Cháo thịt xay đơn giản,https://concop19.github.io/daily-mate-assets/food_anime/dish_17094395.jpg,True,200,
17094399,Tôm thịt rang tắc,https://concop19.github.io/daily-mate-assets/food_anime/dish_17094399.jpg,True,200,
17094811,Gỏi bò rau má,https://concop19.github.io/daily-mate-assets/food_anime/dish_17094811.jpg,True,200,
17094815,Canh bắp cải tím thịt xay,https://concop19.github.io/daily-mate-assets/food_anime/dish_17094815.jpg,True,200,
17095106,🌱 Miến Măng Nấm Hương Phù Trúc Chay (Vegan),https://concop19.github.io/daily-mate-assets/food_anime/dish_17095106.jpg,True,200,
17095228,Sushi cá hồi,https://concop19.github.io/daily-mate-assets/food_anime/dish_17095228.jpg,True,200,
17095306,Cháo cua biển rau cải thìa 🥬,https://concop19.github.io/daily-mate-assets/food_anime/dish_17095306.jpg,True,200,
17095341,2 in 1 (chả sen + thịt viên củ sen),https://concop19.github.io/daily-mate-assets/food_anime/dish_17095341.jpg,True,200,
17095447,SP.0837 - Giá Xào Thăn Heo Sốt Dầu Hào,https://concop19.github.io/daily-mate-assets/food_anime/dish_17095447.jpg,True,200,
17095448,SP.0776 - Cơm Trộn Tôm Cay,https://concop19.github.io/daily-mate-assets/food_anime/dish_17095448.jpg,True,200,
17095518,Cá ngân kho mặn,https://concop19.github.io/daily-mate-assets/food_anime/dish_17095518.jpg,True,200,
17096574,Mì somen cá ngừ 🐟 rau ngót,https://concop19.github.io/daily-mate-assets/food_anime/dish_17096574.jpg,True,200,
17096681,Đậu hũ kho xả ớt,https://concop19.github.io/daily-mate-assets/food_anime/dish_17096681.jpg,True,200,
17096888,Gan heo xào hành tây,https://concop19.github.io/daily-mate-assets/food_anime/dish_17096888.jpg,True,200,
17098530,Cá ngân kho cà chua,https://concop19.github.io/daily-mate-assets/food_anime/dish_17098530.jpg,True,200,
17098661,Bún cá rô đồng,https://concop19.github.io/daily-mate-assets/food_anime/dish_17098661.jpg,True,200,
17098700,Cá sủ nấu măng chua,https://concop19.github.io/daily-mate-assets/food_anime/dish_17098700.jpg,True,200,
17098738,"Cá ngân kho chuối xanh, cà chua",https://concop19.github.io/daily-mate-assets/food_anime/dish_17098738.jpg,True,200,
17098830,Rau muống xào nấm tràm,https://concop19.github.io/daily-mate-assets/food_anime/dish_17098830.jpg,True,200,
17098857,Cá ngân nướng,https://concop19.github.io/daily-mate-assets/food_anime/dish_17098857.jpg,True,200,
17099345,Cháo sò gấc nấm đùi gà 🍄 phô mai,https://concop19.github.io/daily-mate-assets/food_anime/dish_17099345.jpg,True,200,
17099518,Canh Khoai Sọ Rau Nhút Nấu Sườn,https://concop19.github.io/daily-mate-assets/food_anime/dish_17099518.jpg,True,200,
17099519,Canh Đu Đủ Hườm Nấu Tôm Đất,https://concop19.github.io/daily-mate-assets/food_anime/dish_17099519.jpg,True,200,
17099861,Canh rau chùm ngây nấu tôm thịt,https://concop19.github.io/daily-mate-assets/food_anime/dish_17099861.jpg,True,200,
17100496,Cà sống chấm mắm tôm chưng,https://concop19.github.io/daily-mate-assets/food_anime/dish_17100496.jpg,True,200,
17100849,Canh Chua Cá Chẽm,https://concop19.github.io/daily-mate-assets/food_anime/dish_17100849.jpg,True,200,
17100937,Mực Sốt Thái,https://concop19.github.io/daily-mate-assets/food_anime/dish_17100937.jpg,True,200,
17100950,Cá Dìa Chiên Muối Ớt,https://concop19.github.io/daily-mate-assets/food_anime/dish_17100950.jpg,True,200,
17100955,Súp Huyết Bò,https://concop19.github.io/daily-mate-assets/food_anime/dish_17100955.jpg,True,200,
17101157,Tôm thịt rang tỏi,https://concop19.github.io/daily-mate-assets/food_anime/dish_17101157.jpg,True,200,
17101643,Bánh Đa Cua Rau Nhút,https://concop19.github.io/daily-mate-assets/food_anime/dish_17101643.jpg,True,200,
17101746,Rau Câu Sơn Thuỷ,https://concop19.github.io/daily-mate-assets/food_anime/dish_17101746.jpg,True,200,
17101776,Đậu hũ chiên chấm mắm tôm,https://concop19.github.io/daily-mate-assets/food_anime/dish_17101776.jpg,True,200,
17102044,Cháo hạt mix cá ngừ 🐟 cà rốt🥕 rong biển,https://concop19.github.io/daily-mate-assets/food_anime/dish_17102044.jpg,True,200,
17102059,Mì somen 🍝 thịt gà khoai lang🍠 đậu hũ non,https://concop19.github.io/daily-mate-assets/food_anime/dish_17102059.jpg,True,200,
17102064,Cháo hạt mix cá hồi 🍣 bí xanh,https://concop19.github.io/daily-mate-assets/food_anime/dish_17102064.jpg,True,200,
17102179,Chuối xanh om đậu nấm mỡ,https://concop19.github.io/daily-mate-assets/food_anime/dish_17102179.jpg,True,200,
17102271,Canh Cá nấu dưa,https://concop19.github.io/daily-mate-assets/food_anime/dish_17102271.jpg,True,200,
17102393,Cá kìm chiên lá lốt,https://concop19.github.io/daily-mate-assets/food_anime/dish_17102393.jpg,True,200,
17102398,"Canh bí ngô nấu tôm, mọc thịt",https://concop19.github.io/daily-mate-assets/food_anime/dish_17102398.jpg,True,200,
17102399,Tôm rim mắm,https://concop19.github.io/daily-mate-assets/food_anime/dish_17102399.jpg,True,200,
17102549,Đậu Hủ Chiên Giòn Chấm Mắm Tôm Kèm Kinh Giới Tía Tô,https://concop19.github.io/daily-mate-assets/food_anime/dish_17102549.jpg,True,200,
17102560,Đọt Su Su Luộc Chấm Mắm Tôm,https://concop19.github.io/daily-mate-assets/food_anime/dish_17102560.jpg,True,200,
17103273,Canh rau cải nấu thịt heo,https://concop19.github.io/daily-mate-assets/food_anime/dish_17103273.jpg,True,200,
17104041,SP.0775 - Cá Lạc Chiên Sả Hành,https://concop19.github.io/daily-mate-assets/food_anime/dish_17104041.jpg,True,200,
17104043,SP.0777 - Cá Lạc Đút Lò,https://concop19.github.io/daily-mate-assets/food_anime/dish_17104043.jpg,True,200,
17104163,Bò Xào Dứa Và Cần Tây,https://concop19.github.io/daily-mate-assets/food_anime/dish_17104163.jpg,True,200,
17104451,Thịt Heo Xiên Que Nướng Lá Chuối,https://concop19.github.io/daily-mate-assets/food_anime/dish_17104451.jpg,True,200,
17104462,Canh Cá Giò Nấu Lá Giang,https://concop19.github.io/daily-mate-assets/food_anime/dish_17104462.jpg,True,200,
17104963,Xương đuôi heo và móng giò nấu khoai Mán vàng,https://concop19.github.io/daily-mate-assets/food_anime/dish_17104963.jpg,True,200,
17105192,Thịt xào trứng,https://concop19.github.io/daily-mate-assets/food_anime/dish_17105192.jpg,True,200,
17105450,Bánh BÒ xốp vị chuối,https://concop19.github.io/daily-mate-assets/food_anime/dish_17105450.jpg,True,200,
17105550,Đậu Hũ Mắm Tôm,https://concop19.github.io/daily-mate-assets/food_anime/dish_17105550.jpg,True,200,
17105582,Cá Thu Chiên Sốt Mắm Tỏi Ớt,https://concop19.github.io/daily-mate-assets/food_anime/dish_17105582.jpg,True,200,
17105660,Cá Thu Muối Sư Chiên,https://concop19.github.io/daily-mate-assets/food_anime/dish_17105660.jpg,True,200,
17105676,Canh Cải Nấu Tôm Khô,https://concop19.github.io/daily-mate-assets/food_anime/dish_17105676.jpg,True,200,
17105774,Cơm chiên rau củ “ngọc bích “ (ngày 8),https://concop19.github.io/daily-mate-assets/food_anime/dish_17105774.jpg,True,200,
17106219,Măng tươi xào thịt bò,https://concop19.github.io/daily-mate-assets/food_anime/dish_17106219.jpg,True,200,
17106402,Canh rau chùm ngây nấu tôm 🌿🦐,https://concop19.github.io/daily-mate-assets/food_anime/dish_17106402.jpg,True,200,
17106486,Cháo hạt mix trứng gà 🍳 rau ngót,https://concop19.github.io/daily-mate-assets/food_anime/dish_17106486.jpg,True,200,
17107016,Thịt rang mắm tôm,https://concop19.github.io/daily-mate-assets/food_anime/dish_17107016.jpg,True,200,
17107473,Cá lạc kho nghệ tươi,https://concop19.github.io/daily-mate-assets/food_anime/dish_17107473.jpg,True,200,
17107955,Súp thịt heo 🍖 bí đỏ 🎃 rong biển đậu hũ non,https://concop19.github.io/daily-mate-assets/food_anime/dish_17107955.jpg,True,200,
17108763,Đậu hủ chiên xả ớt 😋,https://concop19.github.io/daily-mate-assets/food_anime/dish_17108763.jpg,True,200,
17109261,Canh cá thác lác nấu măng chua,https://concop19.github.io/daily-mate-assets/food_anime/dish_17109261.jpg,True,200,
17109578,Rau bí xào măng,https://concop19.github.io/daily-mate-assets/food_anime/dish_17109578.jpg,True,200,
17109856,Canh Rau Cải Cúc,https://concop19.github.io/daily-mate-assets/food_anime/dish_17109856.jpg,True,200,
17109858,Gỏi Bao Tử Heo,https://concop19.github.io/daily-mate-assets/food_anime/dish_17109858.jpg,True,200,
17110166,Cháo hạt vỡ thịt heo cà tím 🍆,https://concop19.github.io/daily-mate-assets/food_anime/dish_17110166.jpg,True,200,
17110379,Mì Gói Xào Bò Trứng,https://concop19.github.io/daily-mate-assets/food_anime/dish_17110379.jpg,True,200,
17110403,"Canh rong biển trứng gà, nấm kim châm",https://concop19.github.io/daily-mate-assets/food_anime/dish_17110403.jpg,True,200,
17110705,Lẩu đầu cá hồi nấu măng chua,https://concop19.github.io/daily-mate-assets/food_anime/dish_17110705.jpg,True,200,
17111343,Súp cua biển 🦀 bí đỏ rong biển,https://concop19.github.io/daily-mate-assets/food_anime/dish_17111343.jpg,True,200,
17111553,Thịt kho măng,https://concop19.github.io/daily-mate-assets/food_anime/dish_17111553.jpg,True,200,
17111983,Canh cá nấu măng chua,https://concop19.github.io/daily-mate-assets/food_anime/dish_17111983.jpg,True,200,
17112176,Cá Chẽm Nấu Ngót,https://concop19.github.io/daily-mate-assets/food_anime/dish_17112176.jpg,True,200,
17112553,Cháo hạt mix cua biển khoai tây 🥔,https://concop19.github.io/daily-mate-assets/food_anime/dish_17112553.jpg,True,200,
17113265,Canh Rong Mứt Nấu Thịt Bò Bằm,https://concop19.github.io/daily-mate-assets/food_anime/dish_17113265.jpg,True,200,
17113285,Canh riêu cá nấu măng chua,https://concop19.github.io/daily-mate-assets/food_anime/dish_17113285.jpg,True,200,
17113287,Ốc bươu nhồi thịt hấp sả,https://concop19.github.io/daily-mate-assets/food_anime/dish_17113287.jpg,True,200,
17113618,Gỏi Gà Rau Lang,https://concop19.github.io/daily-mate-assets/food_anime/dish_17113618.jpg,True,200,
17113712,Măng xào mực,https://concop19.github.io/daily-mate-assets/food_anime/dish_17113712.jpg,True,200,
17114338,Canh cá rô đồng đọt nhãn lồng,https://concop19.github.io/daily-mate-assets/food_anime/dish_17114338.jpg,True,200,
17114364,Cá rô đồng kho,https://concop19.github.io/daily-mate-assets/food_anime/dish_17114364.jpg,True,200,
17114481,Măng kho đậu hũ chay,https://concop19.github.io/daily-mate-assets/food_anime/dish_17114481.jpg,True,200,
17114527,Cá Rô Kho Tộ - Đậm Đà Hao Cơm,https://concop19.github.io/daily-mate-assets/food_anime/dish_17114527.jpg,True,200,
17115561,Bánh Canh Cua,https://concop19.github.io/daily-mate-assets/food_anime/dish_17115561.jpg,True,200,
17115951,Canh măng cá hú,https://concop19.github.io/daily-mate-assets/food_anime/dish_17115951.jpg,True,200,
17116174,Thịt heo quay kho măng,https://concop19.github.io/daily-mate-assets/food_anime/dish_17116174.jpg,True,200,
17116210,Lẩu cá mú đỏ măng chua,https://concop19.github.io/daily-mate-assets/food_anime/dish_17116210.jpg,True,200,
17116306,Canh dưa bò,https://concop19.github.io/daily-mate-assets/food_anime/dish_17116306.jpg,True,200,
17116510,Phi Lê Cá Lóc Áo Bột Chiên Giòn,https://concop19.github.io/daily-mate-assets/food_anime/dish_17116510.jpg,True,200,
17116677,Phở Tôm 🍤,https://concop19.github.io/daily-mate-assets/food_anime/dish_17116677.jpg,True,200,
17116705,Ếch Xào Rau Cần Nước,https://concop19.github.io/daily-mate-assets/food_anime/dish_17116705.jpg,True,200,
17116762,Cơm chiên thịt quay cá mặn,https://concop19.github.io/daily-mate-assets/food_anime/dish_17116762.jpg,True,200,
17117041,Canh rau ngót nấu tôm thịt,https://concop19.github.io/daily-mate-assets/food_anime/dish_17117041.jpg,True,200,
17117703,Thịt kho mắm tép,https://concop19.github.io/daily-mate-assets/food_anime/dish_17117703.jpg,True,200,
17117758,Canh bánh phồng tôm,https://concop19.github.io/daily-mate-assets/food_anime/dish_17117758.jpg,True,200,
17117892,Bún thịt chay xào sả,https://concop19.github.io/daily-mate-assets/food_anime/dish_17117892.jpg,True,200,
17118242,Cháo thịt heo 🥓 nấm hương phô mai 🧀,https://concop19.github.io/daily-mate-assets/food_anime/dish_17118242.jpg,True,200,
17118243,Mì somen 🍜 cá hồi rau ngót 🌿,https://concop19.github.io/daily-mate-assets/food_anime/dish_17118243.jpg,True,200,
17118244,Cháo cá ngừ 🐟 bí ngòi,https://concop19.github.io/daily-mate-assets/food_anime/dish_17118244.jpg,True,200,
17118247,Súp cua biển 🦀 bắp cải đậu hũ non,https://concop19.github.io/daily-mate-assets/food_anime/dish_17118247.jpg,True,200,
17118249,Cháo cá hồi cà chua 🍅 rong biển,https://concop19.github.io/daily-mate-assets/food_anime/dish_17118249.jpg,True,200,
17118250,Cháo thịt gà 🍗 khoai tây 🥔,https://concop19.github.io/daily-mate-assets/food_anime/dish_17118250.jpg,True,200,
17118253,Cháo cua biển 🦀 lá lốt,https://concop19.github.io/daily-mate-assets/food_anime/dish_17118253.jpg,True,200,
17118254,Cháo thịt heo cà rốt 🥕,https://concop19.github.io/daily-mate-assets/food_anime/dish_17118254.jpg,True,200,
17118258,Cháo cua biển 🦀 bí xanh,https://concop19.github.io/daily-mate-assets/food_anime/dish_17118258.jpg,True,200,
17118260,Súp cá hồi bí đỏ 🎃 rong biển,https://concop19.github.io/daily-mate-assets/food_anime/dish_17118260.jpg,True,200,
17118262,Cháo hạt cá ngừ 🐟 rau ngót,https://concop19.github.io/daily-mate-assets/food_anime/dish_17118262.jpg,True,200,
17118263,Mì somen cua biển 🦀 bí đỏ,https://concop19.github.io/daily-mate-assets/food_anime/dish_17118263.jpg,True,200,
17118269,Cháo hạt mix thịt gà 🍗 nấm 🍄táo đỏ,https://concop19.github.io/daily-mate-assets/food_anime/dish_17118269.jpg,True,200,
17118273,Cháo hạt mix sò gấc rau ngót 🌿 phô mai 🧀,https://concop19.github.io/daily-mate-assets/food_anime/dish_17118273.jpg,True,200,
17118323,Thịt heo kho quẹt,https://concop19.github.io/daily-mate-assets/food_anime/dish_17118323.jpg,True,200,
17118813,Canh mướp hương nấu tôm 🍤,https://concop19.github.io/daily-mate-assets/food_anime/dish_17118813.jpg,True,200,
17119930,Bún mọc tôm,https://concop19.github.io/daily-mate-assets/food_anime/dish_17119930.jpg,True,200,
17120193,SP.0782 - Tôm Sốt Phô Mai,https://concop19.github.io/daily-mate-assets/food_anime/dish_17120193.jpg,True,200,
17120287,Bánh canh phồng tôm,https://concop19.github.io/daily-mate-assets/food_anime/dish_17120287.jpg,True,200,
17121298,Thịt băm hấp tiêu siêu dễ,https://concop19.github.io/daily-mate-assets/food_anime/dish_17121298.jpg,True,200,
17122400,Thịt chưng mắm tép,https://concop19.github.io/daily-mate-assets/food_anime/dish_17122400.jpg,True,200,
17122478,Rau tầm bóp nấu tôm,https://concop19.github.io/daily-mate-assets/food_anime/dish_17122478.jpg,True,200,
17122481,Dạ dày heo và lòng heo luộc,https://concop19.github.io/daily-mate-assets/food_anime/dish_17122481.jpg,True,200,
17122500,Bánh mì cuốn chà bông nấm rong biển,https://concop19.github.io/daily-mate-assets/food_anime/dish_17122500.jpg,True,200,
17123883,Cá liệt kho,https://concop19.github.io/daily-mate-assets/food_anime/dish_17123883.jpg,True,200,
17124280,Thịt bằm chay xào sả ớt,https://concop19.github.io/daily-mate-assets/food_anime/dish_17124280.jpg,True,200,
17124310,Cá rô phi chiên,https://concop19.github.io/daily-mate-assets/food_anime/dish_17124310.jpg,True,200,
17124360,Canh chua cá rô phi,https://concop19.github.io/daily-mate-assets/food_anime/dish_17124360.jpg,True,200,
17124440,Cá liệt/ cá ót nấu chua,https://concop19.github.io/daily-mate-assets/food_anime/dish_17124440.jpg,True,200,
17124798,"Trứng cút lộn xào hành,rau răm",https://concop19.github.io/daily-mate-assets/food_anime/dish_17124798.jpg,True,200,
17125234,Phi lê cá lóc sauce dầu hào,https://concop19.github.io/daily-mate-assets/food_anime/dish_17125234.jpg,True,200,
17125245,SP.0802 - Canh Xương Ống Heo Tiềm Tam Bảo,https://concop19.github.io/daily-mate-assets/food_anime/dish_17125245.jpg,True,200,
17126267,Noodles soup cá lóc fillet và bông bí,https://concop19.github.io/daily-mate-assets/food_anime/dish_17126267.jpg,True,200,
17126324,Thịt bắp giò heo kho trứng cút,https://concop19.github.io/daily-mate-assets/food_anime/dish_17126324.jpg,True,200,
17126454,Cá lóc fillet lăn bột chiên dòn,https://concop19.github.io/daily-mate-assets/food_anime/dish_17126454.jpg,True,200,
17126524,"Miến chả cá, thịt nướng",https://concop19.github.io/daily-mate-assets/food_anime/dish_17126524.jpg,True,200,
17126554,Thịt Ram Tôm Đậu Hũ,https://concop19.github.io/daily-mate-assets/food_anime/dish_17126554.jpg,True,200,
17126567,Canh Cá Đuối Nấu Rau Răm,https://concop19.github.io/daily-mate-assets/food_anime/dish_17126567.jpg,True,200,
17126575,Salad Thịt Bằm Trứng,https://concop19.github.io/daily-mate-assets/food_anime/dish_17126575.jpg,True,200,
17126590,Canh Cá Giò Nấu Lá Me Non,https://concop19.github.io/daily-mate-assets/food_anime/dish_17126590.jpg,True,200,
17126593,Rau Lang Xào Thịt Bò,https://concop19.github.io/daily-mate-assets/food_anime/dish_17126593.jpg,True,200,
17126608,Canh Bí Xanh Nhồi Thịt,https://concop19.github.io/daily-mate-assets/food_anime/dish_17126608.jpg,True,200,
17126632,Cá Bè Đen Hấp Xì Dầu,https://concop19.github.io/daily-mate-assets/food_anime/dish_17126632.jpg,True,200,
17126635,Canh Khoai Sọ Nấu Sườn Heo,https://concop19.github.io/daily-mate-assets/food_anime/dish_17126635.jpg,True,200,
17126638,SP.0821 - Thịt Heo Sốt Hàn Quốc,https://concop19.github.io/daily-mate-assets/food_anime/dish_17126638.jpg,True,200,
17126713,Bánh canh bột gạo nấu cá lóc,https://concop19.github.io/daily-mate-assets/food_anime/dish_17126713.jpg,True,200,
17126765,Trứng Cá Chuồn Kho Tộ,https://concop19.github.io/daily-mate-assets/food_anime/dish_17126765.jpg,True,200,
17126810,Canh Sườn Heo Bông Cải,https://concop19.github.io/daily-mate-assets/food_anime/dish_17126810.jpg,True,200,
17126829,Cá Hố Kho Ớt Bột,https://concop19.github.io/daily-mate-assets/food_anime/dish_17126829.jpg,True,200,
17126843,Cá Hố Chiên Xoài Bằm,https://concop19.github.io/daily-mate-assets/food_anime/dish_17126843.jpg,True,200,
17126848,Đậu Cô Ve Xào Thịt Heo,https://concop19.github.io/daily-mate-assets/food_anime/dish_17126848.jpg,True,200,
17126953,Cá Hồi Sốt Cam Tỏi Ớt,https://concop19.github.io/daily-mate-assets/food_anime/dish_17126953.jpg,True,200,
17126954,Canh Củ Sen Hầm Đuôi Heo,https://concop19.github.io/daily-mate-assets/food_anime/dish_17126954.jpg,True,200,
17127037,Canh tôm bông so đũa,https://concop19.github.io/daily-mate-assets/food_anime/dish_17127037.jpg,True,200,
17127985,Soup bí ngòi kem nấm,https://concop19.github.io/daily-mate-assets/food_anime/dish_17127985.jpg,True,200,
17128018,SP.0783 - Canh Đọt Nhãn Lồng Nấu Chả Cá,https://concop19.github.io/daily-mate-assets/food_anime/dish_17128018.jpg,True,200,
17129258,Cá nục thính chưng trứng,https://concop19.github.io/daily-mate-assets/food_anime/dish_17129258.jpg,True,200,
17130238,Tai heo rim ngũ vị,https://concop19.github.io/daily-mate-assets/food_anime/dish_17130238.jpg,True,200,
17130422,Rau câu giòn lá dứa,https://concop19.github.io/daily-mate-assets/food_anime/dish_17130422.jpg,True,200,
17130506,Cá lóc phi lê om nghệ,https://concop19.github.io/daily-mate-assets/food_anime/dish_17130506.jpg,True,200,
17130971,Phi lê cá lóc chiên giòn,https://concop19.github.io/daily-mate-assets/food_anime/dish_17130971.jpg,True,200,
17131090,Thịt thủ heo luộc,https://concop19.github.io/daily-mate-assets/food_anime/dish_17131090.jpg,True,200,
17131151,Thịt rang xả ớt,https://concop19.github.io/daily-mate-assets/food_anime/dish_17131151.jpg,True,200,
17131743,Canh đọt nhãn lồng nấu tôm tươi,https://concop19.github.io/daily-mate-assets/food_anime/dish_17131743.jpg,True,200,
17132093,Phile cá lóc hấp rau củ,https://concop19.github.io/daily-mate-assets/food_anime/dish_17132093.jpg,True,200,
17132110,Cá Liệt Lợ Kho Tiêu,https://concop19.github.io/daily-mate-assets/food_anime/dish_17132110.jpg,True,200,
17132113,Thịt Luộc Mắm Tôm,https://concop19.github.io/daily-mate-assets/food_anime/dish_17132113.jpg,True,200,
17132119,Canh Rau Tập Tàng Nấu Cua,https://concop19.github.io/daily-mate-assets/food_anime/dish_17132119.jpg,True,200,
17132128,Cá lóc hấp bầu,https://concop19.github.io/daily-mate-assets/food_anime/dish_17132128.jpg,True,200,
17132129,Bún cá lóc trộn,https://concop19.github.io/daily-mate-assets/food_anime/dish_17132129.jpg,True,200,
17132131,Phile cá lóc kho thịt,https://concop19.github.io/daily-mate-assets/food_anime/dish_17132131.jpg,True,200,
17132133,Cháo cá lóc rau đắng,https://concop19.github.io/daily-mate-assets/food_anime/dish_17132133.jpg,True,200,
17132134,Nui nấu cá lóc chả cá,https://concop19.github.io/daily-mate-assets/food_anime/dish_17132134.jpg,True,200,
17132139,Nui xào rau củ thịt bò,https://concop19.github.io/daily-mate-assets/food_anime/dish_17132139.jpg,True,200,
17132195,Nộm hoa chuối tai lợn,https://concop19.github.io/daily-mate-assets/food_anime/dish_17132195.jpg,True,200,
17133093,Phi lê cá lóc sốt teriyaki,https://concop19.github.io/daily-mate-assets/food_anime/dish_17133093.jpg,True,200,
17133878,SP.0793 - Bì Cuốn Thịt Khìa,https://concop19.github.io/daily-mate-assets/food_anime/dish_17133878.jpg,True,200,
17133951,Mì Chũ Bò Viên,https://concop19.github.io/daily-mate-assets/food_anime/dish_17133951.jpg,True,200,
17134358,Trứng Cút Đậu Hũ Sốt Cà Chua,https://concop19.github.io/daily-mate-assets/food_anime/dish_17134358.jpg,True,200,
17134359,Đậu Hà Lan Xào Ba Rọi Bò Mỹ,https://concop19.github.io/daily-mate-assets/food_anime/dish_17134359.jpg,True,200,
17134361,Canh Cải Cúc Nấu Tôm Khô Thịt Bằm,https://concop19.github.io/daily-mate-assets/food_anime/dish_17134361.jpg,True,200,
17134374,Cá Chim Nướng,https://concop19.github.io/daily-mate-assets/food_anime/dish_17134374.jpg,True,200,
17134377,Canh Đậu Hũ Thịt Bằm,https://concop19.github.io/daily-mate-assets/food_anime/dish_17134377.jpg,True,200,
17134420,Cá Bò Ngừ Kho Heo Quay,https://concop19.github.io/daily-mate-assets/food_anime/dish_17134420.jpg,True,200,
17135278,Canh bí xanh nấu thịt xay,https://concop19.github.io/daily-mate-assets/food_anime/dish_17135278.jpg,True,200,
17135508,🌱 Rau Khoai Lang Luộc,https://concop19.github.io/daily-mate-assets/food_anime/dish_17135508.jpg,True,200,
17135877,Canh rau má nấu thịt xay,https://concop19.github.io/daily-mate-assets/food_anime/dish_17135877.jpg,True,200,
17136115,Canh Tần Ô Cá Thác Lác,https://concop19.github.io/daily-mate-assets/food_anime/dish_17136115.jpg,True,200,
17136209,Cá mặn chưng thịt,https://concop19.github.io/daily-mate-assets/food_anime/dish_17136209.jpg,True,200,
17136218,Thịt nạc kho tiêu (món chay),https://concop19.github.io/daily-mate-assets/food_anime/dish_17136218.jpg,True,200,
17136352,Cua Lột Chiên Bột,https://concop19.github.io/daily-mate-assets/food_anime/dish_17136352.jpg,True,200,
17136438,Mắm cá thu chưng ba rọi,https://concop19.github.io/daily-mate-assets/food_anime/dish_17136438.jpg,True,200,
17136458,Bún Gạo Xào Tim Heo,https://concop19.github.io/daily-mate-assets/food_anime/dish_17136458.jpg,True,200,
17136561,Cá chim chiên mắm tỏi,https://concop19.github.io/daily-mate-assets/food_anime/dish_17136561.jpg,True,200,
17136943,Cá thu mặn chiên gừng,https://concop19.github.io/daily-mate-assets/food_anime/dish_17136943.jpg,True,200,
17137552,Phi lê cá điêu hồng chưng tương,https://concop19.github.io/daily-mate-assets/food_anime/dish_17137552.jpg,True,200,
17138410,Cá mặn chiên giòn,https://concop19.github.io/daily-mate-assets/food_anime/dish_17138410.jpg,True,200,
17138732,Mầm Bắp Cải Xào Thịt Bò,https://concop19.github.io/daily-mate-assets/food_anime/dish_17138732.jpg,True,200,
17138733,Vả Trộn Tôm Thịt,https://concop19.github.io/daily-mate-assets/food_anime/dish_17138733.jpg,True,200,
17138747,Canh khổ qua cá thác lác,https://concop19.github.io/daily-mate-assets/food_anime/dish_17138747.jpg,True,200,
17138798,SP.0787 - Tàu Hũ Non Chưng Thịt Xay & Cá Mặn,https://concop19.github.io/daily-mate-assets/food_anime/dish_17138798.jpg,True,200,
17138913,Cháo nấm mối đen,https://concop19.github.io/daily-mate-assets/food_anime/dish_17138913.jpg,True,200,
17139987,Bánh Xèo Bò Trứng,https://concop19.github.io/daily-mate-assets/food_anime/dish_17139987.jpg,True,200,
17140021,Xôi cá mặn,https://concop19.github.io/daily-mate-assets/food_anime/dish_17140021.jpg,True,200,
17140351,Tôm Sú Nướng Sa Tế,https://concop19.github.io/daily-mate-assets/food_anime/dish_17140351.jpg,True,200,
17140699,Thịt Kho Hạt Dẻ,https://concop19.github.io/daily-mate-assets/food_anime/dish_17140699.jpg,True,200,
17141161,Đậu hũ chiên xốt Teriyaki,https://concop19.github.io/daily-mate-assets/food_anime/dish_17141161.jpg,True,200,
17142484,Mắm lóc chưng thịt,https://concop19.github.io/daily-mate-assets/food_anime/dish_17142484.jpg,True,200,
17142511,Salad tôm và bơ,https://concop19.github.io/daily-mate-assets/food_anime/dish_17142511.jpg,True,200,
17143619,Canh bóng bì rau củ,https://concop19.github.io/daily-mate-assets/food_anime/dish_17143619.jpg,True,200,
17143965,SP.0851 - Heo Xào Ngũ Sắc,https://concop19.github.io/daily-mate-assets/food_anime/dish_17143965.jpg,True,200,
17144718,Cơm trộn vét tủ (thịt heo ram và trứng chiên) 😆,https://concop19.github.io/daily-mate-assets/food_anime/dish_17144718.jpg,True,200,
17144724,Cơm trộn khô cá mặn,https://concop19.github.io/daily-mate-assets/food_anime/dish_17144724.jpg,True,200,
17144826,Bún cá lóc thơm cà 🍍🍅🐟,https://concop19.github.io/daily-mate-assets/food_anime/dish_17144826.jpg,True,200,
17144833,SP.0867 - Đuôi Heo Tiềm Măng Trúc,https://concop19.github.io/daily-mate-assets/food_anime/dish_17144833.jpg,True,200,
17145243,Cua rang,https://concop19.github.io/daily-mate-assets/food_anime/dish_17145243.jpg,True,200,
17145806,Cá Đổng Nấu Ngót,https://concop19.github.io/daily-mate-assets/food_anime/dish_17145806.jpg,True,200,
17145919,Bánh Đa Đỏ Trộn Thịt Bò,https://concop19.github.io/daily-mate-assets/food_anime/dish_17145919.jpg,True,200,
17146442,Cháo thịt gà súp lơ 🥦 phô mai,https://concop19.github.io/daily-mate-assets/food_anime/dish_17146442.jpg,True,200,
17146444,Mì somen cá hồi ớt chuông 🫑,https://concop19.github.io/daily-mate-assets/food_anime/dish_17146444.jpg,True,200,
17146450,Cháo cá ngừ 🐟 đậu bắp,https://concop19.github.io/daily-mate-assets/food_anime/dish_17146450.jpg,True,200,
17146451,Cháo thịt heo khoai lang tím 🍠,https://concop19.github.io/daily-mate-assets/food_anime/dish_17146451.jpg,True,200,
17146452,Cháo cá hồi 🍣 hành tây 🧅 rong biển,https://concop19.github.io/daily-mate-assets/food_anime/dish_17146452.jpg,True,200,
17146456,Súp cua biển 🦀 bí ngòi nấm,https://concop19.github.io/daily-mate-assets/food_anime/dish_17146456.jpg,True,200,
17146457,Cháo thịt heo trứng gà 🥚 cà chua 🍅,https://concop19.github.io/daily-mate-assets/food_anime/dish_17146457.jpg,True,200,
17146460,Cháo cua biển 🦀 mướp hương,https://concop19.github.io/daily-mate-assets/food_anime/dish_17146460.jpg,True,200,
17146461,Cháo thịt heo đậu bắp hành tây 🧅,https://concop19.github.io/daily-mate-assets/food_anime/dish_17146461.jpg,True,200,
17146465,Cháo thịt gà nấm súp lơ 🥦,https://concop19.github.io/daily-mate-assets/food_anime/dish_17146465.jpg,True,200,
17146467,Cháo cua biển 🦀 khoai lang tím,https://concop19.github.io/daily-mate-assets/food_anime/dish_17146467.jpg,True,200,
17146468,Cháo thịt heo 🥓 mướp nấm hương,https://concop19.github.io/daily-mate-assets/food_anime/dish_17146468.jpg,True,200,
17146471,Cháo thịt gà hành tây 🧅,https://concop19.github.io/daily-mate-assets/food_anime/dish_17146471.jpg,True,200,
17146473,Óc heo hầm thuốc bắc,https://concop19.github.io/daily-mate-assets/food_anime/dish_17146473.jpg,True,200,
17146474,Flan trứng sốt cà chua 🍅 thịt heo,https://concop19.github.io/daily-mate-assets/food_anime/dish_17146474.jpg,True,200,
17146476,Cháo sò gấc nấm 🍄‍🟫 rong biển,https://concop19.github.io/daily-mate-assets/food_anime/dish_17146476.jpg,True,200,
17146479,Cháo ớt chuông súp lơ 🥦 thịt gà,https://concop19.github.io/daily-mate-assets/food_anime/dish_17146479.jpg,True,200,
17146482,Cháo tôm 🍤 đậu bắp,https://concop19.github.io/daily-mate-assets/food_anime/dish_17146482.jpg,True,200,
17146484,Súp đậu hũ non thịt heo súp lơ 🍲,https://concop19.github.io/daily-mate-assets/food_anime/dish_17146484.jpg,True,200,
17146487,Cháo thịt gà 🍗 mướp hương,https://concop19.github.io/daily-mate-assets/food_anime/dish_17146487.jpg,True,200,
17146489,Súp trứng gà 🥚 hành tây 🧅 ớt chuông nấm,https://concop19.github.io/daily-mate-assets/food_anime/dish_17146489.jpg,True,200,
17146492,Cháo thịt heo 🥓 rau ngót,https://concop19.github.io/daily-mate-assets/food_anime/dish_17146492.jpg,True,200,
17146493,Cháo tôm 🦐 khoai lang nấm 🍄,https://concop19.github.io/daily-mate-assets/food_anime/dish_17146493.jpg,True,200,
17146496,Mì somen thịt gà bắp ngô 🌽,https://concop19.github.io/daily-mate-assets/food_anime/dish_17146496.jpg,True,200,
17146498,Cháo sườn heo 🍖 hành tây 🧅,https://concop19.github.io/daily-mate-assets/food_anime/dish_17146498.jpg,True,200,
17146499,Cháo thịt ếch nấm 🍄 lá lốt,https://concop19.github.io/daily-mate-assets/food_anime/dish_17146499.jpg,True,200,
17146502,Súp thịt gà khoai lang tím đậu hũ non,https://concop19.github.io/daily-mate-assets/food_anime/dish_17146502.jpg,True,200,
17146506,Flan trứng 🍳 rau cải thảo sò gấc,https://concop19.github.io/daily-mate-assets/food_anime/dish_17146506.jpg,True,200,
17146508,Cháo thịt ếch 🐸 bí xanh,https://concop19.github.io/daily-mate-assets/food_anime/dish_17146508.jpg,True,200,
17146509,Cháo thịt gà 🐔 bắp ngô 🌽,https://concop19.github.io/daily-mate-assets/food_anime/dish_17146509.jpg,True,200,
17146511,Cháo thịt gà 🍗 rau cải 🥬,https://concop19.github.io/daily-mate-assets/food_anime/dish_17146511.jpg,True,200,
17146512,Mì somen sườn heo xốt cà chua rong biển,https://concop19.github.io/daily-mate-assets/food_anime/dish_17146512.jpg,True,200,
17146513,Cháo tôm bằm 🦞 bí đỏ,https://concop19.github.io/daily-mate-assets/food_anime/dish_17146513.jpg,True,200,
17146514,Cháo thịt heo 🥓 rau cải thảo,https://concop19.github.io/daily-mate-assets/food_anime/dish_17146514.jpg,True,200,
17146518,Cháo thịt gà 🍗 rau muống,https://concop19.github.io/daily-mate-assets/food_anime/dish_17146518.jpg,True,200,
17146520,Cháo trứng gà 🥚 rau cải 🥬,https://concop19.github.io/daily-mate-assets/food_anime/dish_17146520.jpg,True,200,
17146522,Súp tôm 🍤 khoai sọ,https://concop19.github.io/daily-mate-assets/food_anime/dish_17146522.jpg,True,200,
17146523,Cháo sườn heo 🍖 cà rốt 🥕,https://concop19.github.io/daily-mate-assets/food_anime/dish_17146523.jpg,True,200,
17146524,Mì somen khoai tây 🥔 thịt heo cần tây,https://concop19.github.io/daily-mate-assets/food_anime/dish_17146524.jpg,True,200,
17146533,Cháo thịt gà nấm dưa chuột 🥒,https://concop19.github.io/daily-mate-assets/food_anime/dish_17146533.jpg,True,200,
17147009,SP.0823 - Cá Basa Nướng Muối Sả Nghệ,https://concop19.github.io/daily-mate-assets/food_anime/dish_17147009.jpg,True,200,
17147010,SP.0801 - Canh Đu Đủ Thịt Heo Xay,https://concop19.github.io/daily-mate-assets/food_anime/dish_17147010.jpg,True,200,
17147419,SP.0847 - Thịt Trâu Xào Lúc Lắc Cần Tây,https://concop19.github.io/daily-mate-assets/food_anime/dish_17147419.jpg,True,200,
17148149,Món rau cải nấu với xương heo,https://concop19.github.io/daily-mate-assets/food_anime/dish_17148149.jpg,True,200,
17148741,Mắm Cá Lóc Chưng,https://concop19.github.io/daily-mate-assets/food_anime/dish_17148741.jpg,True,200,
17149217,Trứng đúc thịt phomai nướng,https://concop19.github.io/daily-mate-assets/food_anime/dish_17149217.jpg,True,200,
17149220,Thịt quay rim tôm khô bóng bì,https://concop19.github.io/daily-mate-assets/food_anime/dish_17149220.jpg,True,200,
17149226,Canh nấm rong biển bóng bì,https://concop19.github.io/daily-mate-assets/food_anime/dish_17149226.jpg,True,200,
17149232,Mì trộn bóng bì thịt băm,https://concop19.github.io/daily-mate-assets/food_anime/dish_17149232.jpg,True,200,
17149627,Bóng bì chiên giòn lắc muối tôm nhuyễn,https://concop19.github.io/daily-mate-assets/food_anime/dish_17149627.jpg,True,200,
17149632,Salad da cá,https://concop19.github.io/daily-mate-assets/food_anime/dish_17149632.jpg,True,200,
17149662,Bóng bì xào rau củ và nấm,https://concop19.github.io/daily-mate-assets/food_anime/dish_17149662.jpg,True,200,
17149667,Canh cải rổ nấu nấm thịt xay,https://concop19.github.io/daily-mate-assets/food_anime/dish_17149667.jpg,True,200,
17149910,Súp bánh phồng tôm,https://concop19.github.io/daily-mate-assets/food_anime/dish_17149910.jpg,True,200,
17149926,Thịt heo nướng mắc khén,https://concop19.github.io/daily-mate-assets/food_anime/dish_17149926.jpg,True,200,
17149937,Canh bóng thả tôm tươi,https://concop19.github.io/daily-mate-assets/food_anime/dish_17149937.jpg,True,200,
17150175,Mỳ ý tôm sốt kem,https://concop19.github.io/daily-mate-assets/food_anime/dish_17150175.jpg,True,200,
17150226,Đậu hũ rang sả,https://concop19.github.io/daily-mate-assets/food_anime/dish_17150226.jpg,True,200,
17150350,Mắm chưng cá lóc,https://concop19.github.io/daily-mate-assets/food_anime/dish_17150350.jpg,True,200,
17151289,Gỏi Dưa Leo Tai Heo Cà Rốt Vetula,https://concop19.github.io/daily-mate-assets/food_anime/dish_17151289.jpg,True,200,
17151961,Sandwich nấm chay,https://concop19.github.io/daily-mate-assets/food_anime/dish_17151961.jpg,True,200,
17152039,Cá lóc muối sả (món chay),https://concop19.github.io/daily-mate-assets/food_anime/dish_17152039.jpg,True,200,
17153172,Trứng Xào Giá Hẹ Nấm Mèo,https://concop19.github.io/daily-mate-assets/food_anime/dish_17153172.jpg,True,200,
17154258,Măng Xào Thịt Bò,https://concop19.github.io/daily-mate-assets/food_anime/dish_17154258.jpg,True,200,
17154475,SP.0804 - Thăn Heo Xào Hoa Lơ Trắng,https://concop19.github.io/daily-mate-assets/food_anime/dish_17154475.jpg,True,200,
17154575,Cải làn xào nấm chay,https://concop19.github.io/daily-mate-assets/food_anime/dish_17154575.jpg,True,200,
17155807,Bún hải sản chua ngọt thanh nhẹ,https://concop19.github.io/daily-mate-assets/food_anime/dish_17155807.jpg,True,200,
17155822,Cải làn xào thịt bò,https://concop19.github.io/daily-mate-assets/food_anime/dish_17155822.jpg,True,200,
17156046,Cá nục bông rim nước dừa sốt cà chua,https://concop19.github.io/daily-mate-assets/food_anime/dish_17156046.jpg,True,200,
17156594,SP.0792 - Cải Làn Xào Thịt Ba Rọi,https://concop19.github.io/daily-mate-assets/food_anime/dish_17156594.jpg,True,200,
17157636,Phở sắn cá lóc,https://concop19.github.io/daily-mate-assets/food_anime/dish_17157636.jpg,True,200,
17158761,Phở sắn trộn tôm thịt,https://concop19.github.io/daily-mate-assets/food_anime/dish_17158761.jpg,True,200,
17158981,Cá mè hấp,https://concop19.github.io/daily-mate-assets/food_anime/dish_17158981.jpg,True,200,
17159142,Thịt ba chỉ kho củ nghệ và lá nghệ,https://concop19.github.io/daily-mate-assets/food_anime/dish_17159142.jpg,True,200,
17160009,Mướp khía xào tôm,https://concop19.github.io/daily-mate-assets/food_anime/dish_17160009.jpg,True,200,
17160033,Miến tỏi đen nấu thịt,https://concop19.github.io/daily-mate-assets/food_anime/dish_17160033.jpg,True,200,
17160039,Miến tỏi đen xào thịt ba rọi,https://concop19.github.io/daily-mate-assets/food_anime/dish_17160039.jpg,True,200,
17160042,Cơm nắm rong biển thịt nướng,https://concop19.github.io/daily-mate-assets/food_anime/dish_17160042.jpg,True,200,
17160097,Canh chua cá cam,https://concop19.github.io/daily-mate-assets/food_anime/dish_17160097.jpg,True,200,
17160226,Rau dớn xào lòng gà,https://concop19.github.io/daily-mate-assets/food_anime/dish_17160226.jpg,True,200,
17160558,Mướp khía xào nấm và miến,https://concop19.github.io/daily-mate-assets/food_anime/dish_17160558.jpg,True,200,
17160851,Thịt Kho Dừa Rám,https://concop19.github.io/daily-mate-assets/food_anime/dish_17160851.jpg,True,200,
17160853,Canh Mướp Khía Nấu Tôm Khô,https://concop19.github.io/daily-mate-assets/food_anime/dish_17160853.jpg,True,200,
17161674,Cải thảo xào thịt quay,https://concop19.github.io/daily-mate-assets/food_anime/dish_17161674.jpg,True,200,
17161676,Canh tần ô nấu tôm thịt,https://concop19.github.io/daily-mate-assets/food_anime/dish_17161676.jpg,True,200,
17161941,Lẩu cá tầm măng chua,https://concop19.github.io/daily-mate-assets/food_anime/dish_17161941.jpg,True,200,
17161961,Canh chua cá rô bông súng,https://concop19.github.io/daily-mate-assets/food_anime/dish_17161961.jpg,True,200,
17161990,Cá trê kho nghệ,https://concop19.github.io/daily-mate-assets/food_anime/dish_17161990.jpg,True,200,
17162003,Canh thịt viên nấu nấm kim châm,https://concop19.github.io/daily-mate-assets/food_anime/dish_17162003.jpg,True,200,
17162072,Phi lê cá điêu hồng sốt chua ngọt,https://concop19.github.io/daily-mate-assets/food_anime/dish_17162072.jpg,True,200,
17162081,Bông thiên lý xào tôm,https://concop19.github.io/daily-mate-assets/food_anime/dish_17162081.jpg,True,200,
17163041,Mực nang xào dưa cải,https://concop19.github.io/daily-mate-assets/food_anime/dish_17163041.jpg,True,200,
17163049,Cá Trê Vàng Chiên Mắm Gừng,https://concop19.github.io/daily-mate-assets/food_anime/dish_17163049.jpg,True,200,
17164202,SP.0825 - Canh Sườn Heo Su Su,https://concop19.github.io/daily-mate-assets/food_anime/dish_17164202.jpg,True,200,
17164379,Củ Sen Kẹp Tôm Chiên Giòn,https://concop19.github.io/daily-mate-assets/food_anime/dish_17164379.jpg,True,200,
17164658,Mì Quảng tôm cua hấp dẫn,https://concop19.github.io/daily-mate-assets/food_anime/dish_17164658.jpg,True,200,
17164707,Mì Quảng tôm gà trứng,https://concop19.github.io/daily-mate-assets/food_anime/dish_17164707.jpg,True,200,
17165552,Ngồng khoai nấu tôm,https://concop19.github.io/daily-mate-assets/food_anime/dish_17165552.jpg,True,200,
17165620,SP.0807 - Sườn Heo Tiềm Bông Trùng Thảo,https://concop19.github.io/daily-mate-assets/food_anime/dish_17165620.jpg,True,200,
17165878,Mì lá trộn chả và mực,https://concop19.github.io/daily-mate-assets/food_anime/dish_17165878.jpg,True,200,
17165897,Hoành thánh lá bọc thịt chiên giòn,https://concop19.github.io/daily-mate-assets/food_anime/dish_17165897.jpg,True,200,
17165945,Bò xào rau củ và mì lá tươi chiên giòn,https://concop19.github.io/daily-mate-assets/food_anime/dish_17165945.jpg,True,200,
17166847,Bún mọc tôm nấu cải làn,https://concop19.github.io/daily-mate-assets/food_anime/dish_17166847.jpg,True,200,
17166855,Cải làn xào thịt má heo,https://concop19.github.io/daily-mate-assets/food_anime/dish_17166855.jpg,True,200,
17167213,Mướp khía nhồi thịt,https://concop19.github.io/daily-mate-assets/food_anime/dish_17167213.jpg,True,200,
17167287,"Đùi gà nướng nồi chiên không dầu gồm má và đùi gà (da gà,thịt gà và xương gà)",https://concop19.github.io/daily-mate-assets/food_anime/dish_17167287.jpg,True,200,
17167340,Cá bè sốt cà chua,https://concop19.github.io/daily-mate-assets/food_anime/dish_17167340.jpg,True,200,
17167444,Bánh da lợn lá cẩm,https://concop19.github.io/daily-mate-assets/food_anime/dish_17167444.jpg,True,200,
17167445,Phi lê cá diêu hồng sốt cà chua,https://concop19.github.io/daily-mate-assets/food_anime/dish_17167445.jpg,True,200,
17167480,SP.0794 - Canh Mướp Xương Heo Đại Táo,https://concop19.github.io/daily-mate-assets/food_anime/dish_17167480.jpg,True,200,
17167993,Canh Nấm Đùi Gà Nấu Thịt Bằm,https://concop19.github.io/daily-mate-assets/food_anime/dish_17167993.jpg,True,200,
17168418,"Nộm dưa chuột non, tai lợn",https://concop19.github.io/daily-mate-assets/food_anime/dish_17168418.jpg,True,200,
17169063,Cải làn xào thịt bê,https://concop19.github.io/daily-mate-assets/food_anime/dish_17169063.jpg,True,200,
17169115,Súp Tôm Tóc Tiên,https://concop19.github.io/daily-mate-assets/food_anime/dish_17169115.jpg,True,200,
17169806,Phi Lê Cá Điêu Hồng Chiên Giòn Chấm Mắm Ngò,https://concop19.github.io/daily-mate-assets/food_anime/dish_17169806.jpg,True,200,
17170753,Bún Nưa Nấu Tôm & Rong Biển,https://concop19.github.io/daily-mate-assets/food_anime/dish_17170753.jpg,True,200,
17171493,Bánh canh tôm mực,https://concop19.github.io/daily-mate-assets/food_anime/dish_17171493.jpg,True,200,
17172146,Nấm Đùi Gà Kho Đậu Hũ,https://concop19.github.io/daily-mate-assets/food_anime/dish_17172146.jpg,True,200,
17172409,Bún bề bề rau ngót,https://concop19.github.io/daily-mate-assets/food_anime/dish_17172409.jpg,True,200,
17173208,Thịt bò sốt tiêu đen,https://concop19.github.io/daily-mate-assets/food_anime/dish_17173208.jpg,True,200,
17174255,Nấm kim châm lắc phô mai,https://concop19.github.io/daily-mate-assets/food_anime/dish_17174255.jpg,True,200,
17174783,Mì lá tươi chiên giòn kèm bắp bò ngâm mắm,https://concop19.github.io/daily-mate-assets/food_anime/dish_17174783.jpg,True,200,
17174785,Mì lá tươi chiên sốt bò xào,https://concop19.github.io/daily-mate-assets/food_anime/dish_17174785.jpg,True,200,
17174870,Canh Yellow Squash thịt gà,https://concop19.github.io/daily-mate-assets/food_anime/dish_17174870.jpg,True,200,
17175074,Nui sò xốt nấm cà chua,https://concop19.github.io/daily-mate-assets/food_anime/dish_17175074.jpg,True,200,
17175885,Bún nưa xào tôm,https://concop19.github.io/daily-mate-assets/food_anime/dish_17175885.jpg,True,200,
17176008,Canh cá nâu nấu ngót,https://concop19.github.io/daily-mate-assets/food_anime/dish_17176008.jpg,True,200,
17176035,Tôm tít (bề bề) bóc nõn xào rau quả,https://concop19.github.io/daily-mate-assets/food_anime/dish_17176035.jpg,True,200,
17176368,Súp ghẹ tôm tóc tiên,https://concop19.github.io/daily-mate-assets/food_anime/dish_17176368.jpg,True,200,
17176394,"Súp tóc tiên óc heo,thanh cua và tôm",https://concop19.github.io/daily-mate-assets/food_anime/dish_17176394.jpg,True,200,
17176555,Cá kho chuối xanh,https://concop19.github.io/daily-mate-assets/food_anime/dish_17176555.jpg,True,200,
17176623,Mực Trứng Hấp Gừng,https://concop19.github.io/daily-mate-assets/food_anime/dish_17176623.jpg,True,200,
17176966,Tôm sắt rim mắm,https://concop19.github.io/daily-mate-assets/food_anime/dish_17176966.jpg,True,200,
17177768,Cải Bẹ Trắng Xào Tôm Sắt,https://concop19.github.io/daily-mate-assets/food_anime/dish_17177768.jpg,True,200,
17178181,Nấm mỡ nâu kho chay,https://concop19.github.io/daily-mate-assets/food_anime/dish_17178181.jpg,True,200,
17178465,Riêu cà ra (cua lông),https://concop19.github.io/daily-mate-assets/food_anime/dish_17178465.jpg,True,200,
17178466,Cải mầm đá xào thịt bò,https://concop19.github.io/daily-mate-assets/food_anime/dish_17178466.jpg,True,200,
17178472,"Canh khoai tây, nấm mỡ, xương đuôi heo",https://concop19.github.io/daily-mate-assets/food_anime/dish_17178472.jpg,True,200,
17179075,SP.0796 - Súp Tóc Tiên Thịt Viên,https://concop19.github.io/daily-mate-assets/food_anime/dish_17179075.jpg,True,200,
17179309,Cá mím nấu chua,https://concop19.github.io/daily-mate-assets/food_anime/dish_17179309.jpg,True,200,
17179319,Lưỡi heo luộc,https://concop19.github.io/daily-mate-assets/food_anime/dish_17179319.jpg,True,200,
17179320,Cá nục tròn kho chuối xanh,https://concop19.github.io/daily-mate-assets/food_anime/dish_17179320.jpg,True,200,
17179340,Cá ót nấu rau cần,https://concop19.github.io/daily-mate-assets/food_anime/dish_17179340.jpg,True,200,
17179350,Cháo hải sản (vẹm xanh và mực),https://concop19.github.io/daily-mate-assets/food_anime/dish_17179350.jpg,True,200,
17179353,"Canh móng giò, bắp bò nấu khoai tây, cà rốt",https://concop19.github.io/daily-mate-assets/food_anime/dish_17179353.jpg,True,200,
17179704,Đậu rồng xào thịt bò,https://concop19.github.io/daily-mate-assets/food_anime/dish_17179704.jpg,True,200,
17180242,Canh mùng tơi rau đay nấu tôm sắt,https://concop19.github.io/daily-mate-assets/food_anime/dish_17180242.jpg,True,200,
17180243,Canh cải canh nấu tôm,https://concop19.github.io/daily-mate-assets/food_anime/dish_17180243.jpg,True,200,
17180836,"Xương heo hầm khoai tây, dền, cà rốt, củ cải trắng",https://concop19.github.io/daily-mate-assets/food_anime/dish_17180836.jpg,True,200,
17181113,Rau mầm đá luộc,https://concop19.github.io/daily-mate-assets/food_anime/dish_17181113.jpg,True,200,
17181124,Cải làn xào tôm nấm,https://concop19.github.io/daily-mate-assets/food_anime/dish_17181124.jpg,True,200,
17181132,"Đầu, xương cá diêu hồng nấu hoa chuối",https://concop19.github.io/daily-mate-assets/food_anime/dish_17181132.jpg,True,200,
17181150,"Thịt, tôm chưng mắm tép",https://concop19.github.io/daily-mate-assets/food_anime/dish_17181150.jpg,True,200,
17181204,Mì Soba nấu tôm thịt,https://concop19.github.io/daily-mate-assets/food_anime/dish_17181204.jpg,True,200,
17181356,Canh riêu cá hồng,https://concop19.github.io/daily-mate-assets/food_anime/dish_17181356.jpg,True,200,
17181837,🌱 Mì Soba Nấu Nấm Chay,https://concop19.github.io/daily-mate-assets/food_anime/dish_17181837.jpg,True,200,
17182132,Bắp cải xào thịt,https://concop19.github.io/daily-mate-assets/food_anime/dish_17182132.jpg,True,200,
17182237,Mì soba xào rau củ,https://concop19.github.io/daily-mate-assets/food_anime/dish_17182237.jpg,True,200,
17182585,Bánh canh cá lóc chiên,https://concop19.github.io/daily-mate-assets/food_anime/dish_17182585.jpg,True,200,
17183276,Canh rau ngót Nhật nấu nghêu 🌿,https://concop19.github.io/daily-mate-assets/food_anime/dish_17183276.jpg,True,200,
17183540,Tôm (sắt) rang thịt,https://concop19.github.io/daily-mate-assets/food_anime/dish_17183540.jpg,True,200,
17183778,🌱 Nui Lứt Xoắn Xào Nấm Chay,https://concop19.github.io/daily-mate-assets/food_anime/dish_17183778.jpg,True,200,
17184094,Mì soba nấu bò nấm,https://concop19.github.io/daily-mate-assets/food_anime/dish_17184094.jpg,True,200,
17184141,Khô bò chay/ Khô nai chay/ Khô gà chay,https://concop19.github.io/daily-mate-assets/food_anime/dish_17184141.jpg,True,200,
17184250,Thịt ba rọi rim cam mè,https://concop19.github.io/daily-mate-assets/food_anime/dish_17184250.jpg,True,200,
17184285,Canh súp nấu tôm,https://concop19.github.io/daily-mate-assets/food_anime/dish_17184285.jpg,True,200,
17184296,Rau câu táo,https://concop19.github.io/daily-mate-assets/food_anime/dish_17184296.jpg,True,200,
17184303,Lẩu Thái với các loại nấm,https://concop19.github.io/daily-mate-assets/food_anime/dish_17184303.jpg,True,200,
17184339,"Canh miso rong biển, nấm mỡ",https://concop19.github.io/daily-mate-assets/food_anime/dish_17184339.jpg,True,200,
17184440,🌱 Mì Chũ Nấu Hẹ & Nấm Kim Châm (Vegan),https://concop19.github.io/daily-mate-assets/food_anime/dish_17184440.jpg,True,200,
17184473,Cháo catfish(cá bông lau),https://concop19.github.io/daily-mate-assets/food_anime/dish_17184473.jpg,True,200,
17185376,Nấm kim châm chiên xù,https://concop19.github.io/daily-mate-assets/food_anime/dish_17185376.jpg,True,200,
17185504,Gà nấu nấm và mì lá tươi,https://concop19.github.io/daily-mate-assets/food_anime/dish_17185504.jpg,True,200,
17185940,Bún suông tôm,https://concop19.github.io/daily-mate-assets/food_anime/dish_17185940.jpg,True,200,
17185956,Tép rang thịt,https://concop19.github.io/daily-mate-assets/food_anime/dish_17185956.jpg,True,200,
17185999,Đậu hũ sốt chanh dây hạt chia,https://concop19.github.io/daily-mate-assets/food_anime/dish_17185999.jpg,True,200,
17186801,"Salad Rau Xanh, Củ Hồi & Cá Nục Tẩm Tiêu Hạt Xông Khói",https://concop19.github.io/daily-mate-assets/food_anime/dish_17186801.jpg,True,200,
17187631,Cơm rang cá én 1 nắng,https://concop19.github.io/daily-mate-assets/food_anime/dish_17187631.jpg,True,200,
17187634,Salad rau quả,https://concop19.github.io/daily-mate-assets/food_anime/dish_17187634.jpg,True,200,
17187636,Tim heo rim mắm,https://concop19.github.io/daily-mate-assets/food_anime/dish_17187636.jpg,True,200,
17187638,Bánh táo rau câu,https://concop19.github.io/daily-mate-assets/food_anime/dish_17187638.jpg,True,200,
17187647,"Nộm tai heo, dưa chuột",https://concop19.github.io/daily-mate-assets/food_anime/dish_17187647.jpg,True,200,
17187650,Mì lá tươi trộn thịt băm,https://concop19.github.io/daily-mate-assets/food_anime/dish_17187650.jpg,True,200,
17187652,"Canh sườn, móng giò nấu khoai tây, nấm mỡ",https://concop19.github.io/daily-mate-assets/food_anime/dish_17187652.jpg,True,200,
17187951,Su su xào tôm,https://concop19.github.io/daily-mate-assets/food_anime/dish_17187951.jpg,True,200,
17188104,Mì lá tươi trộn bò trứng,https://concop19.github.io/daily-mate-assets/food_anime/dish_17188104.jpg,True,200,
17188931,Cá basa kho tộ 🐟,https://concop19.github.io/daily-mate-assets/food_anime/dish_17188931.jpg,True,200,
17189171,Canh Củ Hồi Thịt Viên,https://concop19.github.io/daily-mate-assets/food_anime/dish_17189171.jpg,True,200,
17189236,Chả tôm,https://concop19.github.io/daily-mate-assets/food_anime/dish_17189236.jpg,True,200,
17189600,Mì lá tươi cuốn thịt luộc,https://concop19.github.io/daily-mate-assets/food_anime/dish_17189600.jpg,True,200,
17189604,Mì lá tươi nấu bò,https://concop19.github.io/daily-mate-assets/food_anime/dish_17189604.jpg,True,200,
17189734,Canh bí nấu tôm thịt,https://concop19.github.io/daily-mate-assets/food_anime/dish_17189734.jpg,True,200,
17189767,Mì Quảng mực,https://concop19.github.io/daily-mate-assets/food_anime/dish_17189767.jpg,True,200,
17189804,Mì Quảng tôm bò,https://concop19.github.io/daily-mate-assets/food_anime/dish_17189804.jpg,True,200,
17189856,Nui lứt xào bò và nấm kim châm,https://concop19.github.io/daily-mate-assets/food_anime/dish_17189856.jpg,True,200,
17190518,Nui lứt nấu tôm,https://concop19.github.io/daily-mate-assets/food_anime/dish_17190518.jpg,True,200,
17190914,"Nấm, ngưu bàng xào mặn| Món chay thường ngày",https://concop19.github.io/daily-mate-assets/food_anime/dish_17190914.jpg,True,200,
17190977,Rau củ xào kim châm,https://concop19.github.io/daily-mate-assets/food_anime/dish_17190977.jpg,True,200,
17191157,Mì Gói Nấm Trứng,https://concop19.github.io/daily-mate-assets/food_anime/dish_17191157.jpg,True,200,
17191188,SP.0797 - Nui Lức Thịt Bằm,https://concop19.github.io/daily-mate-assets/food_anime/dish_17191188.jpg,True,200,
17191325,Nấm Kim Châm Cuộn Rong Biển Chiên Xù,https://concop19.github.io/daily-mate-assets/food_anime/dish_17191325.jpg,True,200,
17191478,Nui Lứt Nấu Nấm,https://concop19.github.io/daily-mate-assets/food_anime/dish_17191478.jpg,True,200,
17191793,Canh bông kim châm tôm thịt,https://concop19.github.io/daily-mate-assets/food_anime/dish_17191793.jpg,True,200,
17192021,Cá chìa vôi nướng sa tế,https://concop19.github.io/daily-mate-assets/food_anime/dish_17192021.jpg,True,200,
17192578,Bánh Đa Xào Lòng Gà Với Măng Và Nấm Hương,https://concop19.github.io/daily-mate-assets/food_anime/dish_17192578.jpg,True,200,
17192589,Nui Lứt Nấu Nấm Và Thịt Băm,https://concop19.github.io/daily-mate-assets/food_anime/dish_17192589.jpg,True,200,
17192622,Thịt Bò Xào Mì Trứng,https://concop19.github.io/daily-mate-assets/food_anime/dish_17192622.jpg,True,200,
17192645,Vetula: Nui lứt xào trứng ăn với chả mực và rau củ luộc,https://concop19.github.io/daily-mate-assets/food_anime/dish_17192645.jpg,True,200,
17193069,Thịt băm nấu mì lá tươi,https://concop19.github.io/daily-mate-assets/food_anime/dish_17193069.jpg,True,200,
17193076,Bò kho dùng với mì lá tươi,https://concop19.github.io/daily-mate-assets/food_anime/dish_17193076.jpg,True,200,
17193550,Nước rau câu rong chân vịt nha đam,https://concop19.github.io/daily-mate-assets/food_anime/dish_17193550.jpg,True,200,
17193552,Bông Kim Châm Kho Rau Củ Chay,https://concop19.github.io/daily-mate-assets/food_anime/dish_17193552.jpg,True,200,
17193852,Canh cá sơn thóc / cá bã trầu nấu thơm cà chua,https://concop19.github.io/daily-mate-assets/food_anime/dish_17193852.jpg,True,200,
17194015,Mì lá tươi nấu cà chua đậu hũ,https://concop19.github.io/daily-mate-assets/food_anime/dish_17194015.jpg,True,200,
17194018,Cơm nắm cá hồi trộn sốt phomai chiên giòn,https://concop19.github.io/daily-mate-assets/food_anime/dish_17194018.jpg,True,200,
17194025,Mì lá tươi trộn cá hồi,https://concop19.github.io/daily-mate-assets/food_anime/dish_17194025.jpg,True,200,
17194028,Mì lá tươi đậu hũ nước tương,https://concop19.github.io/daily-mate-assets/food_anime/dish_17194028.jpg,True,200,
17194938,BÒ KHO ĐƠN GIẢN - AI Cũng LÀM ĐƯỢC,https://concop19.github.io/daily-mate-assets/food_anime/dish_17194938.jpg,True,200,
17195149,Bún nưa xào mực,https://concop19.github.io/daily-mate-assets/food_anime/dish_17195149.jpg,True,200,
17195165,Lẩu riêu cua lông/ cà ra,https://concop19.github.io/daily-mate-assets/food_anime/dish_17195165.jpg,True,200,
17195801,Mì lá tươi chiên giòn xúc tôm thịt rang,https://concop19.github.io/daily-mate-assets/food_anime/dish_17195801.jpg,True,200,
17196763,Thịt heo hầm sốt cà,https://concop19.github.io/daily-mate-assets/food_anime/dish_17196763.jpg,True,200,
17197007,Cháo tôm thịt,https://concop19.github.io/daily-mate-assets/food_anime/dish_17197007.jpg,True,200,
17197031,Canh rau ngót Nhật thịt bằm,https://concop19.github.io/daily-mate-assets/food_anime/dish_17197031.jpg,True,200,
17197723,Đậu hũ Nhật xào lá lốt,https://concop19.github.io/daily-mate-assets/food_anime/dish_17197723.jpg,True,200,
17198182,Giò Heo Tiềm Thuốc Bắc,https://concop19.github.io/daily-mate-assets/food_anime/dish_17198182.jpg,True,200,
17198305,Bánh canh cá sơn thóc,https://concop19.github.io/daily-mate-assets/food_anime/dish_17198305.jpg,True,200,
17198528,Salad tôm,https://concop19.github.io/daily-mate-assets/food_anime/dish_17198528.jpg,True,200,
17198541,Gà nướng táo và rau củ,https://concop19.github.io/daily-mate-assets/food_anime/dish_17198541.jpg,True,200,
17198560,Súp táo hầm rau củ đông trùng hạ thảo,https://concop19.github.io/daily-mate-assets/food_anime/dish_17198560.jpg,True,200,
17198687,SP.0845 - Bò Xào Ngũ Sắc,https://concop19.github.io/daily-mate-assets/food_anime/dish_17198687.jpg,True,200,
17199441,Cổ vịt nhồi tiết heo,https://concop19.github.io/daily-mate-assets/food_anime/dish_17199441.jpg,True,200,
17199464,Canh chua cá sơn thóc,https://concop19.github.io/daily-mate-assets/food_anime/dish_17199464.jpg,True,200,
17199864,Nấm Kho Lá Gừng Chay,https://concop19.github.io/daily-mate-assets/food_anime/dish_17199864.jpg,True,200,
17199992,Cơm trộn khô cá lù đù,https://concop19.github.io/daily-mate-assets/food_anime/dish_17199992.jpg,True,200,
17200223,Mì lá cuốn cá cam nướng,https://concop19.github.io/daily-mate-assets/food_anime/dish_17200223.jpg,True,200,
17200894,Nấm Cuộn Lá Mè Chay,https://concop19.github.io/daily-mate-assets/food_anime/dish_17200894.jpg,True,200,
17201060,Tôm Càng Lúa Nướng Mọi,https://concop19.github.io/daily-mate-assets/food_anime/dish_17201060.jpg,True,200,
17201577,Tôm và ếch rang,https://concop19.github.io/daily-mate-assets/food_anime/dish_17201577.jpg,True,200,
17201581,Mì Quảng ếch đơn giản,https://concop19.github.io/daily-mate-assets/food_anime/dish_17201581.jpg,True,200,
17201583,Sữa chua granola và rau câu cam,https://concop19.github.io/daily-mate-assets/food_anime/dish_17201583.jpg,True,200,
17201591,Mì Quảng tôm,https://concop19.github.io/daily-mate-assets/food_anime/dish_17201591.jpg,True,200,
17201599,Mì cá nấu cà chua,https://concop19.github.io/daily-mate-assets/food_anime/dish_17201599.jpg,True,200,
17201601,Mì bò nấm nấu chua,https://concop19.github.io/daily-mate-assets/food_anime/dish_17201601.jpg,True,200,
17201605,Mì nấu tôm chua,https://concop19.github.io/daily-mate-assets/food_anime/dish_17201605.jpg,True,200,
17201615,Canh mướp nấu tôm khô,https://concop19.github.io/daily-mate-assets/food_anime/dish_17201615.jpg,True,200,
17202064,Thịt quay,https://concop19.github.io/daily-mate-assets/food_anime/dish_17202064.jpg,True,200,
17202150,Súp gà bong bóng cá,https://concop19.github.io/daily-mate-assets/food_anime/dish_17202150.jpg,True,200,
17202192,Đọt su su xào thịt bò,https://concop19.github.io/daily-mate-assets/food_anime/dish_17202192.jpg,True,200,
17202296,Đậu hủ kho thập cẩm,https://concop19.github.io/daily-mate-assets/food_anime/dish_17202296.jpg,True,200,
17202584,Canh chua cá mó,https://concop19.github.io/daily-mate-assets/food_anime/dish_17202584.jpg,True,200,
17202975,Củ hồi xào tôm,https://concop19.github.io/daily-mate-assets/food_anime/dish_17202975.jpg,True,200,
17203400,Mì Quảng tôm trứng,https://concop19.github.io/daily-mate-assets/food_anime/dish_17203400.jpg,True,200,
17203412,Mì lá tươi cuốn thịt nướng,https://concop19.github.io/daily-mate-assets/food_anime/dish_17203412.jpg,True,200,
17203645,Canh cải dún nấu thịt xay,https://concop19.github.io/daily-mate-assets/food_anime/dish_17203645.jpg,True,200,
17204112,Khô cá đù chưng thịt băm,https://concop19.github.io/daily-mate-assets/food_anime/dish_17204112.jpg,True,200,
17204209,Soup tôm bong bóng cá,https://concop19.github.io/daily-mate-assets/food_anime/dish_17204209.jpg,True,200,
17205652,Mì Lá cuốn cá ngừ,https://concop19.github.io/daily-mate-assets/food_anime/dish_17205652.jpg,True,200,
17206412,Tôm Sú Hấp Bia,https://concop19.github.io/daily-mate-assets/food_anime/dish_17206412.jpg,True,200,
17206419,Chè rau câu chân vịt,https://concop19.github.io/daily-mate-assets/food_anime/dish_17206419.jpg,True,200,
17206420,Khô cá đù chiên gừng,https://concop19.github.io/daily-mate-assets/food_anime/dish_17206420.jpg,True,200,
17206512,Cá Sơn Thóc Nấu Ngót,https://concop19.github.io/daily-mate-assets/food_anime/dish_17206512.jpg,True,200,
17206656,Lá hoành thánh chiên kèm rau củ xào,https://concop19.github.io/daily-mate-assets/food_anime/dish_17206656.jpg,True,200,
17206735,Bánh mì quết thịt phủ mì lá chiên,https://concop19.github.io/daily-mate-assets/food_anime/dish_17206735.jpg,True,200,
17206757,Bánh khọt tôm phiên bản mì lá,https://concop19.github.io/daily-mate-assets/food_anime/dish_17206757.jpg,True,200,
17206770,Mì lá tươi quết thịt chiên giòn,https://concop19.github.io/daily-mate-assets/food_anime/dish_17206770.jpg,True,200,
17206777,Chả giò mì lá tươi cuộn thịt,https://concop19.github.io/daily-mate-assets/food_anime/dish_17206777.jpg,True,200,
17206787,Mì lá tươi nấu giò heo,https://concop19.github.io/daily-mate-assets/food_anime/dish_17206787.jpg,True,200,
17206799,Hoành thánh gói thịt hấp chấm nước tương,https://concop19.github.io/daily-mate-assets/food_anime/dish_17206799.jpg,True,200,
17206805,Hoành thánh chiên - món ăn vặt dễ làm,https://concop19.github.io/daily-mate-assets/food_anime/dish_17206805.jpg,True,200,
17207120,Mướp khía xào bò,https://concop19.github.io/daily-mate-assets/food_anime/dish_17207120.jpg,True,200,
17207132,Canh cá nâu măng chua,https://concop19.github.io/daily-mate-assets/food_anime/dish_17207132.jpg,True,200,
17207155,Cá đù 1 nắng kho,https://concop19.github.io/daily-mate-assets/food_anime/dish_17207155.jpg,True,200,
17207239,Khô cá đù chiên giấm gừng 🧄🌶️,https://concop19.github.io/daily-mate-assets/food_anime/dish_17207239.jpg,True,200,
17208153,SP.0814 - Khổ Qua Xào Bò Chay,https://concop19.github.io/daily-mate-assets/food_anime/dish_17208153.jpg,True,200,
17208602,Chuối cao làm từ mực,https://concop19.github.io/daily-mate-assets/food_anime/dish_17208602.jpg,True,200,
17208624,Cá diêu hồng hấp xì dầu,https://concop19.github.io/daily-mate-assets/food_anime/dish_17208624.jpg,True,200,
17208674,Cá tầm kho tộ với quả cọ,https://concop19.github.io/daily-mate-assets/food_anime/dish_17208674.jpg,True,200,
17208721,Cá tầm nướng riềng,https://concop19.github.io/daily-mate-assets/food_anime/dish_17208721.jpg,True,200,
17208723,Lẩu cá tầm,https://concop19.github.io/daily-mate-assets/food_anime/dish_17208723.jpg,True,200,
17208724,Thịt nai xào súp lơ baby,https://concop19.github.io/daily-mate-assets/food_anime/dish_17208724.jpg,True,200,
17208809,Mì gạo lức Xào rau củ healthy,https://concop19.github.io/daily-mate-assets/food_anime/dish_17208809.jpg,True,200,
17208867,Tôm kho tàu,https://concop19.github.io/daily-mate-assets/food_anime/dish_17208867.jpg,True,200,
17209035,"Gỏi dưa chuột baby, rau mầm",https://concop19.github.io/daily-mate-assets/food_anime/dish_17209035.jpg,True,200,
17209038,"Quả cọ nhồi thịt sốt nước tương, dầu hào",https://concop19.github.io/daily-mate-assets/food_anime/dish_17209038.jpg,True,200,
17209143,Nấm xào ớt chuông,https://concop19.github.io/daily-mate-assets/food_anime/dish_17209143.jpg,True,200,
17211040,Cá cuốn lá lốt chiên (nướng),https://concop19.github.io/daily-mate-assets/food_anime/dish_17211040.jpg,True,200,
17211298,Thịt xào mắm ruốc thơm lừng,https://concop19.github.io/daily-mate-assets/food_anime/dish_17211298.jpg,True,200,
17211690,Mì gói sụn bò,https://concop19.github.io/daily-mate-assets/food_anime/dish_17211690.jpg,True,200,
17212108,Canh bồng khoai nấu tôm,https://concop19.github.io/daily-mate-assets/food_anime/dish_17212108.jpg,True,200,
17212346,Rau đậu Hoà lan xào nấm,https://concop19.github.io/daily-mate-assets/food_anime/dish_17212346.jpg,True,200,
17214486,Mì Cay Trộn Nấm Mỡ,https://concop19.github.io/daily-mate-assets/food_anime/dish_17214486.jpg,True,200,
17215154,Cá cam kho tộ,https://concop19.github.io/daily-mate-assets/food_anime/dish_17215154.jpg,True,200,
17215869,Rau bắp cải xào,https://concop19.github.io/daily-mate-assets/food_anime/dish_17215869.jpg,True,200,
17216181,Bánh khọt mì tôm,https://concop19.github.io/daily-mate-assets/food_anime/dish_17216181.jpg,True,200,
17216527,Bún cá hồi,https://concop19.github.io/daily-mate-assets/food_anime/dish_17216527.jpg,True,200,
17217178,Lẩu cá diêu hồng,https://concop19.github.io/daily-mate-assets/food_anime/dish_17217178.jpg,True,200,
17217191,Thịt ba rọi rim cam,https://concop19.github.io/daily-mate-assets/food_anime/dish_17217191.jpg,True,200,
17217196,Rau câu cam,https://concop19.github.io/daily-mate-assets/food_anime/dish_17217196.jpg,True,200,
17217413,Bún cá nấu thơm (dứa)| Lẩu cá chay,https://concop19.github.io/daily-mate-assets/food_anime/dish_17217413.jpg,True,200,
17217454,Bông cải xanh xào thịt heo,https://concop19.github.io/daily-mate-assets/food_anime/dish_17217454.jpg,True,200,
17217579,Bánh canh phồng tôm rau củ,https://concop19.github.io/daily-mate-assets/food_anime/dish_17217579.jpg,True,200,
17218130,Khổ qua nhồi thịt,https://concop19.github.io/daily-mate-assets/food_anime/dish_17218130.jpg,True,200,
17218135,Rau củ luộc chấm chao,https://concop19.github.io/daily-mate-assets/food_anime/dish_17218135.jpg,True,200,
17218193,Rau đậu Hoà lan xào thịt bò,https://concop19.github.io/daily-mate-assets/food_anime/dish_17218193.jpg,True,200,
17218300,Bí Nụ Xào Nấm Hoàng Kim Chay,https://concop19.github.io/daily-mate-assets/food_anime/dish_17218300.jpg,True,200,
17218777,Cháo gà nấm linh chi,https://concop19.github.io/daily-mate-assets/food_anime/dish_17218777.jpg,True,200,
17218805,Thịt lợn nướng ướp kiểu Hàn Quốc,https://concop19.github.io/daily-mate-assets/food_anime/dish_17218805.jpg,True,200,
17218863,Canh chua cá kèo bông bí,https://concop19.github.io/daily-mate-assets/food_anime/dish_17218863.jpg,True,200,
17218864,Nước chấm thịt nướng tương đậu Hàn Quốc,https://concop19.github.io/daily-mate-assets/food_anime/dish_17218864.jpg,True,200,
17218865,Cá kèo lăn bột chiên giòn,https://concop19.github.io/daily-mate-assets/food_anime/dish_17218865.jpg,True,200,
17220566,Dưa Hường Xào Tôm,https://concop19.github.io/daily-mate-assets/food_anime/dish_17220566.jpg,True,200,
17220634,Măng tây xào thịt bò,https://concop19.github.io/daily-mate-assets/food_anime/dish_17220634.jpg,True,200,
17220924,Rêu Đá - Thịt Viên Tẩm Bột Xù Sốt Mật Ong,https://concop19.github.io/daily-mate-assets/food_anime/dish_17220924.jpg,True,200,
17221329,🌱 Bento Salad Bơ & Nấm Mỡ Sốt Quýt,https://concop19.github.io/daily-mate-assets/food_anime/dish_17221329.jpg,True,200,
17222220,Rau cải cay cuốn tôm thịt,https://concop19.github.io/daily-mate-assets/food_anime/dish_17222220.jpg,True,200,
17222348,Tàu hũ trứng Nhật Bản sốt nấm,https://concop19.github.io/daily-mate-assets/food_anime/dish_17222348.jpg,True,200,
17223275,"Nấm đùi gà kho gừng, xả, ớt",https://concop19.github.io/daily-mate-assets/food_anime/dish_17223275.jpg,True,200,
17224212,Cá Lóc Bông Kho Tiêu,https://concop19.github.io/daily-mate-assets/food_anime/dish_17224212.jpg,True,200,
17224389,SP.0805 - Thăn Heo Xào Cà Rốt,https://concop19.github.io/daily-mate-assets/food_anime/dish_17224389.jpg,True,200,
17224771,Canh mọc rau củ,https://concop19.github.io/daily-mate-assets/food_anime/dish_17224771.jpg,True,200,
17224777,Thịt kho Đông Pha,https://concop19.github.io/daily-mate-assets/food_anime/dish_17224777.jpg,True,200,
17224948,Củ cải đỏ xào nấm rơm,https://concop19.github.io/daily-mate-assets/food_anime/dish_17224948.jpg,True,200,
17225526,Đậu sốt nấm kiểu Trung,https://concop19.github.io/daily-mate-assets/food_anime/dish_17225526.jpg,True,200,
17226877,Sandwich trứng rau củ ăn sáng🥪,https://concop19.github.io/daily-mate-assets/food_anime/dish_17226877.jpg,True,200,
17226922,DƯA món (Rau củ quả ngâm mắm đường),https://concop19.github.io/daily-mate-assets/food_anime/dish_17226922.jpg,True,200,
17228307,Ragout Bò,https://concop19.github.io/daily-mate-assets/food_anime/dish_17228307.jpg,True,200,
17228478,Cá nục hấp,https://concop19.github.io/daily-mate-assets/food_anime/dish_17228478.jpg,True,200,
17228480,"Thịt hầm hành, tiêu xanh",https://concop19.github.io/daily-mate-assets/food_anime/dish_17228480.jpg,True,200,
17228485,Thịt nách heo luộc,https://concop19.github.io/daily-mate-assets/food_anime/dish_17228485.jpg,True,200,
17228489,Cá ngừ sốt cà chua,https://concop19.github.io/daily-mate-assets/food_anime/dish_17228489.jpg,True,200,
17228497,Cá nâu chiên,https://concop19.github.io/daily-mate-assets/food_anime/dish_17228497.jpg,True,200,
17229060,Khô gà lá chanh chay|Khô nấm lá chanh,https://concop19.github.io/daily-mate-assets/food_anime/dish_17229060.jpg,True,200,
17230218,Tép rong rang thịt,https://concop19.github.io/daily-mate-assets/food_anime/dish_17230218.jpg,True,200,
17230810,Bánh canh chả cá miền Trung,https://concop19.github.io/daily-mate-assets/food_anime/dish_17230810.jpg,True,200,
17232057,Canh chua khế nấu nấm,https://concop19.github.io/daily-mate-assets/food_anime/dish_17232057.jpg,True,200,
17233038,SP.0808 - Bí Ngô Hấp Tôm Thịt,https://concop19.github.io/daily-mate-assets/food_anime/dish_17233038.jpg,True,200,
17233415,Cá diêu hồng hấp hành xì dầu,https://concop19.github.io/daily-mate-assets/food_anime/dish_17233415.jpg,True,200,
17234588,Bún Bò Quảng Nam,https://concop19.github.io/daily-mate-assets/food_anime/dish_17234588.jpg,True,200,
17235541,SP.0811 - Thịt Thăn Heo Xào Bắp Cải Trắng,https://concop19.github.io/daily-mate-assets/food_anime/dish_17235541.jpg,True,200,
17237451,Thịt gà kho bí đỏ,https://concop19.github.io/daily-mate-assets/food_anime/dish_17237451.jpg,True,200,
17237469,Thăn Bê Hầm Rau Củ Nồi Áp Suất,https://concop19.github.io/daily-mate-assets/food_anime/dish_17237469.jpg,True,200,
17237986,Taco thịt bò và taco tôm cá với salsa xoài,https://concop19.github.io/daily-mate-assets/food_anime/dish_17237986.jpg,True,200,
17238937,Chân giò hầm rau củ,https://concop19.github.io/daily-mate-assets/food_anime/dish_17238937.jpg,True,200,
17241168,Mì cá,https://concop19.github.io/daily-mate-assets/food_anime/dish_17241168.jpg,True,200,
17242150,Thịt chiên giòn sốt cam,https://concop19.github.io/daily-mate-assets/food_anime/dish_17242150.jpg,True,200,
17243848,Nấm kho tàu hủ,https://concop19.github.io/daily-mate-assets/food_anime/dish_17243848.jpg,True,200,
17243851,Mực khô chiên giòn,https://concop19.github.io/daily-mate-assets/food_anime/dish_17243851.jpg,True,200,
17243853,Bánh mì cua,https://concop19.github.io/daily-mate-assets/food_anime/dish_17243853.jpg,True,200,
17245411,Chà Bông Chân Nấm,https://concop19.github.io/daily-mate-assets/food_anime/dish_17245411.jpg,True,200,
17246421,Thịt ba rọi chiên mắm,https://concop19.github.io/daily-mate-assets/food_anime/dish_17246421.jpg,True,200,
17247243,Ngồng cải xào thịt gác bếp,https://concop19.github.io/daily-mate-assets/food_anime/dish_17247243.jpg,True,200,
17247255,Mì xào Tomyum hải sản,https://concop19.github.io/daily-mate-assets/food_anime/dish_17247255.jpg,True,200,
17248794,Rau củ áp chảo,https://concop19.github.io/daily-mate-assets/food_anime/dish_17248794.jpg,True,200,
17248795,Đậu hũ Nhật xào sả ớt,https://concop19.github.io/daily-mate-assets/food_anime/dish_17248795.jpg,True,200,
17248874,Mực Nang (Mực Mai) Xào Cải Bó Xôi,https://concop19.github.io/daily-mate-assets/food_anime/dish_17248874.jpg,True,200,
17248929,Khô cá dứa chay om rau răm,https://concop19.github.io/daily-mate-assets/food_anime/dish_17248929.jpg,True,200,
17254127,Phở Sắn Trộn Thịt Bò,https://concop19.github.io/daily-mate-assets/food_anime/dish_17254127.jpg,True,200,
17255290,Giò heo cuộn chiên giòn (món chay),https://concop19.github.io/daily-mate-assets/food_anime/dish_17255290.jpg,True,200,
17258677,Cơm chiên hải sản,https://concop19.github.io/daily-mate-assets/food_anime/dish_17258677.jpg,True,200,
17259149,Nấm cuộn sauce cà,https://concop19.github.io/daily-mate-assets/food_anime/dish_17259149.jpg,True,200,
17260604,Rau Câu Chữ Tài Lộc Và Thỏi Vàng Cho Ngày Vía Thần Tài,https://concop19.github.io/daily-mate-assets/food_anime/dish_17260604.jpg,True,200,
17261010,Bún bò giò heo,https://concop19.github.io/daily-mate-assets/food_anime/dish_17261010.jpg,True,200,
17261154,Cá Lăng Sông Kho Tiêu,https://concop19.github.io/daily-mate-assets/food_anime/dish_17261154.jpg,True,200,
17261249,Cá Chẽm Hấp Kim Châm Xì Dầu,https://concop19.github.io/daily-mate-assets/food_anime/dish_17261249.jpg,True,200,
17261389,Canh tôm nấm bóng cá,https://concop19.github.io/daily-mate-assets/food_anime/dish_17261389.jpg,True,200,
17261662,Lẩu gà nấu nấm,https://concop19.github.io/daily-mate-assets/food_anime/dish_17261662.jpg,True,200,
17262627,Cá Basa chiên xù giòn rụm,https://concop19.github.io/daily-mate-assets/food_anime/dish_17262627.jpg,True,200,
17263040,Hủ tiếu mực,https://concop19.github.io/daily-mate-assets/food_anime/dish_17263040.jpg,True,200,
17263393,Tôm rang sả ớt,https://concop19.github.io/daily-mate-assets/food_anime/dish_17263393.jpg,True,200,
17263536,Mì QUẢNG sườn-tôm,https://concop19.github.io/daily-mate-assets/food_anime/dish_17263536.jpg,True,200,
17264376,Bún chả cá thìa là,https://concop19.github.io/daily-mate-assets/food_anime/dish_17264376.jpg,True,200,
17264619,Cà ri TÔM với chuối sáp,https://concop19.github.io/daily-mate-assets/food_anime/dish_17264619.jpg,True,200,
17265051,Bánh Xèo Nấm Nhân Thịt,https://concop19.github.io/daily-mate-assets/food_anime/dish_17265051.jpg,True,200,
17265095,Lơ xanh(bông cải xanh) xào thịt bò,https://concop19.github.io/daily-mate-assets/food_anime/dish_17265095.jpg,True,200,
17265170,Cà tím xào tôm,https://concop19.github.io/daily-mate-assets/food_anime/dish_17265170.jpg,True,200,
17265555,Phi lê cá lóc chiên mắm tỏi ớt,https://concop19.github.io/daily-mate-assets/food_anime/dish_17265555.jpg,True,200,
17265626,Thịt công xào sả ớt,https://concop19.github.io/daily-mate-assets/food_anime/dish_17265626.jpg,True,200,
17265787,Đậu nhồi thịt sốt cà,https://concop19.github.io/daily-mate-assets/food_anime/dish_17265787.jpg,True,200,
17267197,Đậu hũ non sốt nấm kim châm (món chay),https://concop19.github.io/daily-mate-assets/food_anime/dish_17267197.jpg,True,200,
17267780,Thăn Bê Sốt Kem Nấm,https://concop19.github.io/daily-mate-assets/food_anime/dish_17267780.jpg,True,200,
17267998,Cá chuồn kẹp hành chiên,https://concop19.github.io/daily-mate-assets/food_anime/dish_17267998.jpg,True,200,
17268716,Thịt Gà Kho Tiêu,https://concop19.github.io/daily-mate-assets/food_anime/dish_17268716.jpg,True,200,
17268718,Đậu hũ non chiên xù,https://concop19.github.io/daily-mate-assets/food_anime/dish_17268718.jpg,True,200,
17268771,Canh chua nấm kim châm,https://concop19.github.io/daily-mate-assets/food_anime/dish_17268771.jpg,True,200,
17268801,Cần tây xào thịt bò,https://concop19.github.io/daily-mate-assets/food_anime/dish_17268801.jpg,True,200,
17269180,Nấm rơm kho tiêu - Đậu hũ chiên sả ớt,https://concop19.github.io/daily-mate-assets/food_anime/dish_17269180.jpg,True,200,
17269723,Vây cá hồi chiên mắm me,https://concop19.github.io/daily-mate-assets/food_anime/dish_17269723.jpg,True,200,
17269760,Canh cá diêu hồng nấu cà chua,https://concop19.github.io/daily-mate-assets/food_anime/dish_17269760.jpg,True,200,
17269771,Đậu que xào tôm khô,https://concop19.github.io/daily-mate-assets/food_anime/dish_17269771.jpg,True,200,
17269788,Miến cá nấu cà,https://concop19.github.io/daily-mate-assets/food_anime/dish_17269788.jpg,True,200,
17270252,Bông Chuối Lăn Bột - Cá Cơm Lăn Bột Chay,https://concop19.github.io/daily-mate-assets/food_anime/dish_17270252.jpg,True,200,
17270419,Nấm sốt đút lò,https://concop19.github.io/daily-mate-assets/food_anime/dish_17270419.jpg,True,200,
17271141,🌱 Nấm Mỡ Xào Cần Tây (Vegan),https://concop19.github.io/daily-mate-assets/food_anime/dish_17271141.jpg,True,200,
17271152,🌱 Canh Nấm Mỡ Cà Chua Cải Rocket (Vegan),https://concop19.github.io/daily-mate-assets/food_anime/dish_17271152.jpg,True,200,
17271182,Salad Nấm Mỡ Cháy Bacon,https://concop19.github.io/daily-mate-assets/food_anime/dish_17271182.jpg,True,200,
17271386,Cà chua nhồi thịt rim,https://concop19.github.io/daily-mate-assets/food_anime/dish_17271386.jpg,True,200,
17271444,Canh Chua Bông Chuối Khô Cá Tra,https://concop19.github.io/daily-mate-assets/food_anime/dish_17271444.jpg,True,200,
17271460,Cá nấu ngót,https://concop19.github.io/daily-mate-assets/food_anime/dish_17271460.jpg,True,200,
17271854,Thịt viên sốt cà,https://concop19.github.io/daily-mate-assets/food_anime/dish_17271854.jpg,True,200,
17271867,Mì xào trứng rau ngót,https://concop19.github.io/daily-mate-assets/food_anime/dish_17271867.jpg,True,200,
17271964,Tôm thịt rim cà chua,https://concop19.github.io/daily-mate-assets/food_anime/dish_17271964.jpg,True,200,
17271965,Canh bí xanh thịt xay tôm khô,https://concop19.github.io/daily-mate-assets/food_anime/dish_17271965.jpg,True,200,
17272616,MỰC 1 nắng chiên nước mắm,https://concop19.github.io/daily-mate-assets/food_anime/dish_17272616.jpg,True,200,
17273067,Canh chua cá bông lau,https://concop19.github.io/daily-mate-assets/food_anime/dish_17273067.jpg,True,200,
17273069,Ếch xào hành tây,https://concop19.github.io/daily-mate-assets/food_anime/dish_17273069.jpg,True,200,
17273073,Nui sườn tôm,https://concop19.github.io/daily-mate-assets/food_anime/dish_17273073.jpg,True,200,
17273094,Nấm ngọc tẩm xào thịt gà,https://concop19.github.io/daily-mate-assets/food_anime/dish_17273094.jpg,True,200,
17273151,Cá rô phi kho,https://concop19.github.io/daily-mate-assets/food_anime/dish_17273151.jpg,True,200,
17273168,Ớt xanh nhồi thịt bò,https://concop19.github.io/daily-mate-assets/food_anime/dish_17273168.jpg,True,200,
17273175,🌱 Canh Nấm Mỡ Cần Tây Chay (Vegan),https://concop19.github.io/daily-mate-assets/food_anime/dish_17273175.jpg,True,200,
17273443,Chả huế/chả chiên/giò bò,https://concop19.github.io/daily-mate-assets/food_anime/dish_17273443.jpg,True,200,
17273535,Bắp tôm phô mai,https://concop19.github.io/daily-mate-assets/food_anime/dish_17273535.jpg,True,200,
17273665,Cần tây xào hải sản,https://concop19.github.io/daily-mate-assets/food_anime/dish_17273665.jpg,True,200,
17273669,Canh đu đủ thịt bò băm,https://concop19.github.io/daily-mate-assets/food_anime/dish_17273669.jpg,True,200,
17273683,Thịt bò bằm trứng cà chua,https://concop19.github.io/daily-mate-assets/food_anime/dish_17273683.jpg,True,200,
17273740,Mẹt thịt heo luộc cuốn rau sống,https://concop19.github.io/daily-mate-assets/food_anime/dish_17273740.jpg,True,200,
17274071,🌱 Canh Nấm Mỡ Cà Rốt & Lá Súp Lơ Trắng,https://concop19.github.io/daily-mate-assets/food_anime/dish_17274071.jpg,True,200,
17274072,Mì xào thịt xông khói,https://concop19.github.io/daily-mate-assets/food_anime/dish_17274072.jpg,True,200,
17274081,Rau củ xào tôm khô,https://concop19.github.io/daily-mate-assets/food_anime/dish_17274081.jpg,True,200,
17274376,Gỏi chả+heo quay,https://concop19.github.io/daily-mate-assets/food_anime/dish_17274376.jpg,True,200,
17274715,Lẩu cá nấu cà chua,https://concop19.github.io/daily-mate-assets/food_anime/dish_17274715.jpg,True,200,
17274921,Canh kim chi nấu nấm,https://concop19.github.io/daily-mate-assets/food_anime/dish_17274921.jpg,True,200,
17275102,Gỏi xoài tai heo,https://concop19.github.io/daily-mate-assets/food_anime/dish_17275102.jpg,True,200,
17275109,Cà chua nhồi thịt chiên,https://concop19.github.io/daily-mate-assets/food_anime/dish_17275109.jpg,True,200,
17275112,Canh cà chua nấu tôm thịt,https://concop19.github.io/daily-mate-assets/food_anime/dish_17275112.jpg,True,200,
17275546,🌱 Mì Ý Dẹp Capellini Xào Nấm Mỡ & Lá Súp Lơ Trắng (Vegan),https://concop19.github.io/daily-mate-assets/food_anime/dish_17275546.jpg,True,200,
17275972,Thịt trứng chưng cà chua,https://concop19.github.io/daily-mate-assets/food_anime/dish_17275972.jpg,True,200,
17276076,Canh cà chua nấu đậu hũ non,https://concop19.github.io/daily-mate-assets/food_anime/dish_17276076.jpg,True,200,
17276136,Canh dưa chua nấu cá diêu hồng,https://concop19.github.io/daily-mate-assets/food_anime/dish_17276136.jpg,True,200,
17276336,Vây cá hồi chiên giòn sốt cà,https://concop19.github.io/daily-mate-assets/food_anime/dish_17276336.jpg,True,200,
17276347,Mì Ý tôm trứng muối sốt cà,https://concop19.github.io/daily-mate-assets/food_anime/dish_17276347.jpg,True,200,
17276348,Canh khế nấu cà nấm,https://concop19.github.io/daily-mate-assets/food_anime/dish_17276348.jpg,True,200,
17276352,Salad khế rau củ,https://concop19.github.io/daily-mate-assets/food_anime/dish_17276352.jpg,True,200,
17276385,Gân bò xào cà chua dưa leo,https://concop19.github.io/daily-mate-assets/food_anime/dish_17276385.jpg,True,200,
17276395,Thịt cừu xào rau củ,https://concop19.github.io/daily-mate-assets/food_anime/dish_17276395.jpg,True,200,
17276438,Canh cá nấu rau cần nước,https://concop19.github.io/daily-mate-assets/food_anime/dish_17276438.jpg,True,200,
17276447,Tôm xào ớt chuông,https://concop19.github.io/daily-mate-assets/food_anime/dish_17276447.jpg,True,200,
17276453,Tôm khô xào rau củ,https://concop19.github.io/daily-mate-assets/food_anime/dish_17276453.jpg,True,200,
17276457,Cá nục tươi sốt cà chua,https://concop19.github.io/daily-mate-assets/food_anime/dish_17276457.jpg,True,200,
17276478,Măng tây cà chua xào thịt,https://concop19.github.io/daily-mate-assets/food_anime/dish_17276478.jpg,True,200,
17276803,Bông bí nhồi cá thác lác chiên giòn,https://concop19.github.io/daily-mate-assets/food_anime/dish_17276803.jpg,True,200,
17276809,Cá trê biển nấu hoa chuối,https://concop19.github.io/daily-mate-assets/food_anime/dish_17276809.jpg,True,200,
17276880,Bông bí nhồi thịt nấu canh,https://concop19.github.io/daily-mate-assets/food_anime/dish_17276880.jpg,True,200,
17277064,Thịt quay làm từ hoa chuối,https://concop19.github.io/daily-mate-assets/food_anime/dish_17277064.jpg,True,200,
17277234,Canh hoa chuối cá lóc,https://concop19.github.io/daily-mate-assets/food_anime/dish_17277234.jpg,True,200,
17277237,Canh HOA THIÊN LÝ nấu cua đồng,https://concop19.github.io/daily-mate-assets/food_anime/dish_17277237.jpg,True,200,
17277418,Cải thảo xào thịt gà,https://concop19.github.io/daily-mate-assets/food_anime/dish_17277418.jpg,True,200,
17277508,Tôm và nghêu hấp sả,https://concop19.github.io/daily-mate-assets/food_anime/dish_17277508.jpg,True,200,
17277509,Canh bí đỏ thịt xay gà xé,https://concop19.github.io/daily-mate-assets/food_anime/dish_17277509.jpg,True,200,
17277511,Thịt xay rang nước tương,https://concop19.github.io/daily-mate-assets/food_anime/dish_17277511.jpg,True,200,
17277751,"Đậu hấp trứng, thịt băm",https://concop19.github.io/daily-mate-assets/food_anime/dish_17277751.jpg,True,200,
17277754,Cá hồi chiên,https://concop19.github.io/daily-mate-assets/food_anime/dish_17277754.jpg,True,200,
17277755,Thịt bắp heo kho củ cải,https://concop19.github.io/daily-mate-assets/food_anime/dish_17277755.jpg,True,200,
17277838,Thịt heo khô,https://concop19.github.io/daily-mate-assets/food_anime/dish_17277838.jpg,True,200,
17277839,Cá hồi sốt tiêu xanh,https://concop19.github.io/daily-mate-assets/food_anime/dish_17277839.jpg,True,200,
17277851,Canh củ cá rô đồng,https://concop19.github.io/daily-mate-assets/food_anime/dish_17277851.jpg,True,200,
17277853,Riêu cá chép giòn,https://concop19.github.io/daily-mate-assets/food_anime/dish_17277853.jpg,True,200,
17277858,"Gỏi hoa chuối tép, thịt ba chỉ",https://concop19.github.io/daily-mate-assets/food_anime/dish_17277858.jpg,True,200,
17277861,Cá đối nhòng nấu canh chua su hào,https://concop19.github.io/daily-mate-assets/food_anime/dish_17277861.jpg,True,200,
17277879,Cá diêu hồng hấp nấm,https://concop19.github.io/daily-mate-assets/food_anime/dish_17277879.jpg,True,200,
17277929,Cá mối kho chuối xanh,https://concop19.github.io/daily-mate-assets/food_anime/dish_17277929.jpg,True,200,
17277935,Cá diêu hồng hấp nấm kim châm,https://concop19.github.io/daily-mate-assets/food_anime/dish_17277935.jpg,True,200,
17278002,Gỏi hoa chuối trộn tôm,https://concop19.github.io/daily-mate-assets/food_anime/dish_17278002.jpg,True,200,
17278024,Bánh rán phomai thịt nguội,https://concop19.github.io/daily-mate-assets/food_anime/dish_17278024.jpg,True,200,
17278056,Ngồng cải hoa vàng trộn thịt bò,https://concop19.github.io/daily-mate-assets/food_anime/dish_17278056.jpg,True,200,
17278428,"Canh cá chua hoa chuối, su hào",https://concop19.github.io/daily-mate-assets/food_anime/dish_17278428.jpg,True,200,
17278431,Cá trắm chiên,https://concop19.github.io/daily-mate-assets/food_anime/dish_17278431.jpg,True,200,
17278560,Canh chua rau muống,https://concop19.github.io/daily-mate-assets/food_anime/dish_17278560.jpg,True,200,
17278592,Hoa thiên lý xào thịt bò tơ,https://concop19.github.io/daily-mate-assets/food_anime/dish_17278592.jpg,True,200,
17278955,Ngồng cải hoa vàng xào tôm giá,https://concop19.github.io/daily-mate-assets/food_anime/dish_17278955.jpg,True,200,
17278996,Bông bí nhồi cá thác lác chiên,https://concop19.github.io/daily-mate-assets/food_anime/dish_17278996.jpg,True,200,
17279004,Su su xào thịt bò,https://concop19.github.io/daily-mate-assets/food_anime/dish_17279004.jpg,True,200,
17279013,Rau mầm đá xào thịt nạc,https://concop19.github.io/daily-mate-assets/food_anime/dish_17279013.jpg,True,200,
17279454,Thịt ngâm mắm,https://concop19.github.io/daily-mate-assets/food_anime/dish_17279454.jpg,True,200,
17279455,Rau tiến vua ngâm mắm,https://concop19.github.io/daily-mate-assets/food_anime/dish_17279455.jpg,True,200,
17279469,Cá đục bống rim dưa cải chua,https://concop19.github.io/daily-mate-assets/food_anime/dish_17279469.jpg,True,200,
17279470,Cá rô phi xốt cà chua,https://concop19.github.io/daily-mate-assets/food_anime/dish_17279470.jpg,True,200,
17279485,Salad cá ngừ,https://concop19.github.io/daily-mate-assets/food_anime/dish_17279485.jpg,True,200,
17279998,Hoa Chuối Hột Trộn Tôm,https://concop19.github.io/daily-mate-assets/food_anime/dish_17279998.jpg,True,200,
17280072,Bông cải trắng xào thịt bò,https://concop19.github.io/daily-mate-assets/food_anime/dish_17280072.jpg,True,200,
17280312,Mực hấp chấm mắm chua ngọt,https://concop19.github.io/daily-mate-assets/food_anime/dish_17280312.jpg,True,200,
17280775,Giò heo khìa coca,https://concop19.github.io/daily-mate-assets/food_anime/dish_17280775.jpg,True,200,
17280880,Bông bí nhồi thịt chiên giòn,https://concop19.github.io/daily-mate-assets/food_anime/dish_17280880.jpg,True,200,
17280882,Thịt xay rang hành và cà rốt,https://concop19.github.io/daily-mate-assets/food_anime/dish_17280882.jpg,True,200,
17280991,Canh bông bí nhồi thịt nấu gà,https://concop19.github.io/daily-mate-assets/food_anime/dish_17280991.jpg,True,200,
17281341,🌱 Salad Rau Xanh Sốt Quýt Rắc Hành Phi,https://concop19.github.io/daily-mate-assets/food_anime/dish_17281341.jpg,True,200,
17281873,Xương heo hầm rau củ,https://concop19.github.io/daily-mate-assets/food_anime/dish_17281873.jpg,True,200,
17282263,"Bún gạo lứt, sốt cà chua thịt bằm",https://concop19.github.io/daily-mate-assets/food_anime/dish_17282263.jpg,True,200,
17282290,Miến sốt cà chua thịt bằm,https://concop19.github.io/daily-mate-assets/food_anime/dish_17282290.jpg,True,200,
17282349,Hoa Atiso Hầm Đuôi Heo,https://concop19.github.io/daily-mate-assets/food_anime/dish_17282349.jpg,True,200,
17282845,Thịt ba chỉ kho khoai tây,https://concop19.github.io/daily-mate-assets/food_anime/dish_17282845.jpg,True,200,
17283003,Bún mắm nêm tai heo,https://concop19.github.io/daily-mate-assets/food_anime/dish_17283003.jpg,True,200,
17283019,"Cà Tím, Đậu Hũ, Cà Rốt Áp Chảo Sốt Dầu Hào",https://concop19.github.io/daily-mate-assets/food_anime/dish_17283019.jpg,True,200,
17283088,Chả Băm Đậu Hũ,https://concop19.github.io/daily-mate-assets/food_anime/dish_17283088.jpg,True,200,
17283095,Đậu hủ nhồi chay,https://concop19.github.io/daily-mate-assets/food_anime/dish_17283095.jpg,True,200,
17283329,Món Pháp Blanquette De Veau - Thịt Bê Hầm Cà Rốt Nấm Phủ Sốt Bơ Trứng,https://concop19.github.io/daily-mate-assets/food_anime/dish_17283329.jpg,True,200,
17283332,Thịt ba rọi chiên (nhanh gọn),https://concop19.github.io/daily-mate-assets/food_anime/dish_17283332.jpg,True,200,
17283351,Bông thiên lý xào thịt bò,https://concop19.github.io/daily-mate-assets/food_anime/dish_17283351.jpg,True,200,
17283415,Gỏi hoa chuối tôm thịt,https://concop19.github.io/daily-mate-assets/food_anime/dish_17283415.jpg,True,200,
17283425,Bún bò gân chả bì đơn giản,https://concop19.github.io/daily-mate-assets/food_anime/dish_17283425.jpg,True,200,
17283637,Canh rau muống bắp chuối nấu tôm,https://concop19.github.io/daily-mate-assets/food_anime/dish_17283637.jpg,True,200,
17284451,Canh măng tây đậu hủ chay,https://concop19.github.io/daily-mate-assets/food_anime/dish_17284451.jpg,True,200,
17284509,Canh khổ qua thịt heo bằm,https://concop19.github.io/daily-mate-assets/food_anime/dish_17284509.jpg,True,200,
17284877,Thịt băm xào cà rốt mộc nhĩ,https://concop19.github.io/daily-mate-assets/food_anime/dish_17284877.jpg,True,200,
17284892,Cà tím kẹp thịt chiên giòn,https://concop19.github.io/daily-mate-assets/food_anime/dish_17284892.jpg,True,200,
17285417,Canh kim chi tôm thịt,https://concop19.github.io/daily-mate-assets/food_anime/dish_17285417.jpg,True,200,
17285556,Salad cá hồi,https://concop19.github.io/daily-mate-assets/food_anime/dish_17285556.jpg,True,200,
17285601,Cà tím nhồi thịt,https://concop19.github.io/daily-mate-assets/food_anime/dish_17285601.jpg,True,200,
17285619,Cà tím cuộn đậu hũ hấp (món chay),https://concop19.github.io/daily-mate-assets/food_anime/dish_17285619.jpg,True,200,
17287656,Cà tím cuộn đậu hũ chiên sốt cam,https://concop19.github.io/daily-mate-assets/food_anime/dish_17287656.jpg,True,200,
17289161,Cơm heo quay rim nước mắm,https://concop19.github.io/daily-mate-assets/food_anime/dish_17289161.jpg,True,200,
17289187,Rau củ luộc chấm kho quẹt,https://concop19.github.io/daily-mate-assets/food_anime/dish_17289187.jpg,True,200,
17289189,Thịt luộc hai đầu da,https://concop19.github.io/daily-mate-assets/food_anime/dish_17289189.jpg,True,200,
17290169,Tôm biển kho tàu,https://concop19.github.io/daily-mate-assets/food_anime/dish_17290169.jpg,True,200,
17291469,Đậu hủ kho dưa cải,https://concop19.github.io/daily-mate-assets/food_anime/dish_17291469.jpg,True,200,
17291644,Sườn heo hầm đu đủ + củ cải,https://concop19.github.io/daily-mate-assets/food_anime/dish_17291644.jpg,True,200,
17292991,"Măng tây,cà rốt và bông cải xanh xào thịt bò",https://concop19.github.io/daily-mate-assets/food_anime/dish_17292991.jpg,True,200,
17293869,Canh chua tôm càng xanh,https://concop19.github.io/daily-mate-assets/food_anime/dish_17293869.jpg,True,200,
17294434,Nui sao nấu thịt viên da heo,https://concop19.github.io/daily-mate-assets/food_anime/dish_17294434.jpg,True,200,
17294435,Canh cải thìa nấu thịt viên,https://concop19.github.io/daily-mate-assets/food_anime/dish_17294435.jpg,True,200,
17294439,Chả và thịt viên sốt cà chua,https://concop19.github.io/daily-mate-assets/food_anime/dish_17294439.jpg,True,200,
17294509,Gỏi Sứa Tôm Dưa Leo,https://concop19.github.io/daily-mate-assets/food_anime/dish_17294509.jpg,True,200,
17294513,Cà Tím Cà Rốt Đậu Hũ Sốt Teriyaki,https://concop19.github.io/daily-mate-assets/food_anime/dish_17294513.jpg,True,200,
17294533,Cá hồi sốt teriyaki và măng tây,https://concop19.github.io/daily-mate-assets/food_anime/dish_17294533.jpg,True,200,
17294539,Đọt đậu Hà Lan nấu tôm khô,https://concop19.github.io/daily-mate-assets/food_anime/dish_17294539.jpg,True,200,
17294544,Ngồng su hào xào thịt bò,https://concop19.github.io/daily-mate-assets/food_anime/dish_17294544.jpg,True,200,
17294977,Cá hồi ngâm tương,https://concop19.github.io/daily-mate-assets/food_anime/dish_17294977.jpg,True,200,
17295096,Thịt khìa nước dừa,https://concop19.github.io/daily-mate-assets/food_anime/dish_17295096.jpg,True,200,
17295255,Bò xào khoai tây,https://concop19.github.io/daily-mate-assets/food_anime/dish_17295255.jpg,True,200,
17295285,Lẩu Thái tôm càng xanh mực mai,https://concop19.github.io/daily-mate-assets/food_anime/dish_17295285.jpg,True,200,
17296813,Cá chuồn chiên củ nén,https://concop19.github.io/daily-mate-assets/food_anime/dish_17296813.jpg,True,200,
17296964,"Bánh khoai tây, đậu, rau cải thìa nhân phô mai",https://concop19.github.io/daily-mate-assets/food_anime/dish_17296964.jpg,True,200,
17297710,"Salad Rau Càng Cua, Trứng, Thịt Bò",https://concop19.github.io/daily-mate-assets/food_anime/dish_17297710.jpg,True,200,
17298542,Đỗ xào tôm thịt,https://concop19.github.io/daily-mate-assets/food_anime/dish_17298542.jpg,True,200,
17298548,Ức gà nướng rau củ,https://concop19.github.io/daily-mate-assets/food_anime/dish_17298548.jpg,True,200,
17298609,Canh cua biển rong biển nấm kim châm,https://concop19.github.io/daily-mate-assets/food_anime/dish_17298609.jpg,True,200,
17298712,Gỏi khoai môn TÔM càng,https://concop19.github.io/daily-mate-assets/food_anime/dish_17298712.jpg,True,200,
17298950,Rau tần ô nấu canh với thịt xay,https://concop19.github.io/daily-mate-assets/food_anime/dish_17298950.jpg,True,200,
17299178,Canh rau tần ô nấu tôm khô thịt xay,https://concop19.github.io/daily-mate-assets/food_anime/dish_17299178.jpg,True,200,
17299717,Canh càng cua tàu hũ,https://concop19.github.io/daily-mate-assets/food_anime/dish_17299717.jpg,True,200,
17299911,"Cần tây, ớt chuông xào thịt gà",https://concop19.github.io/daily-mate-assets/food_anime/dish_17299911.jpg,True,200,
17299913,Rau dớn xào tóp mỡ,https://concop19.github.io/daily-mate-assets/food_anime/dish_17299913.jpg,True,200,
17299918,Cá trôi kho dưa,https://concop19.github.io/daily-mate-assets/food_anime/dish_17299918.jpg,True,200,
17299919,Tôm trứng rang lá chanh,https://concop19.github.io/daily-mate-assets/food_anime/dish_17299919.jpg,True,200,
17300058,Canh măng tây nấu tôm,https://concop19.github.io/daily-mate-assets/food_anime/dish_17300058.jpg,True,200,
17300105,Mực mai xào ớt chuông,https://concop19.github.io/daily-mate-assets/food_anime/dish_17300105.jpg,True,200,
17300562,Ức Gà Kho Hạt Điều Nấm Đông Cô,https://concop19.github.io/daily-mate-assets/food_anime/dish_17300562.jpg,True,200,
17300834,Cua biển hấp bia,https://concop19.github.io/daily-mate-assets/food_anime/dish_17300834.jpg,True,200,
17300915,Thịt ba chỉ kho chuối xanh,https://concop19.github.io/daily-mate-assets/food_anime/dish_17300915.jpg,True,200,
17300935,Lẩu đầu cá,https://concop19.github.io/daily-mate-assets/food_anime/dish_17300935.jpg,True,200,
17300956,Canh Rau Má Tép Đất,https://concop19.github.io/daily-mate-assets/food_anime/dish_17300956.jpg,True,200,
17300970,"Đậu hũ kho cà tím, cà rốt (món chay)",https://concop19.github.io/daily-mate-assets/food_anime/dish_17300970.jpg,True,200,
17301265,Miến xào tôm thịt,https://concop19.github.io/daily-mate-assets/food_anime/dish_17301265.jpg,True,200,
17301382,Cua Nhện Biển Luộc,https://concop19.github.io/daily-mate-assets/food_anime/dish_17301382.jpg,True,200,
17301493,"Gỏi Đu Đủ, Xoài, Thịt Đầu Heo",https://concop19.github.io/daily-mate-assets/food_anime/dish_17301493.jpg,True,200,
17301698,Canh Khoai Tây Bí Đỏ Nấu Thịt Heo,https://concop19.github.io/daily-mate-assets/food_anime/dish_17301698.jpg,True,200,
17301731,Măng Tây Xào Thịt Bằm,https://concop19.github.io/daily-mate-assets/food_anime/dish_17301731.jpg,True,200,
17301749,Canh Cải Thìa Nấu Thịt Bằm,https://concop19.github.io/daily-mate-assets/food_anime/dish_17301749.jpg,True,200,
17301773,Tôm Càng Xanh Luộc Nước Dừa Tươi,https://concop19.github.io/daily-mate-assets/food_anime/dish_17301773.jpg,True,200,
17301789,Canh cải thìa nấu chả cá,https://concop19.github.io/daily-mate-assets/food_anime/dish_17301789.jpg,True,200,
17302131,Canh rau tần ô nấu tôm thịt,https://concop19.github.io/daily-mate-assets/food_anime/dish_17302131.jpg,True,200,
17302286,Nui giò heo,https://concop19.github.io/daily-mate-assets/food_anime/dish_17302286.jpg,True,200,
17302497,Đậu hủ khìa chay,https://concop19.github.io/daily-mate-assets/food_anime/dish_17302497.jpg,True,200,
17302529,Rau càng cua trộn bò,https://concop19.github.io/daily-mate-assets/food_anime/dish_17302529.jpg,True,200,
17302930,Mực mai xào hành tây,https://concop19.github.io/daily-mate-assets/food_anime/dish_17302930.jpg,True,200,
17302988,Canh củ rau cải cúc (tần ô),https://concop19.github.io/daily-mate-assets/food_anime/dish_17302988.jpg,True,200,
17303467,Canh rau tần ô nấu tôm,https://concop19.github.io/daily-mate-assets/food_anime/dish_17303467.jpg,True,200,
17303468,Canh rau ngót nấu thịt băm,https://concop19.github.io/daily-mate-assets/food_anime/dish_17303468.jpg,True,200,
17303474,Bắp sú xào thịt băm,https://concop19.github.io/daily-mate-assets/food_anime/dish_17303474.jpg,True,200,
17303817,Canh Rau Tần Ô Thịt Băm,https://concop19.github.io/daily-mate-assets/food_anime/dish_17303817.jpg,True,200,
17303854,Cháo rau ngót dầu oliu,https://concop19.github.io/daily-mate-assets/food_anime/dish_17303854.jpg,True,200,
17304095,Rau càng cua trộn bò trứng,https://concop19.github.io/daily-mate-assets/food_anime/dish_17304095.jpg,True,200,
17304497,Bún bì chay (có thêm heo quay chay),https://concop19.github.io/daily-mate-assets/food_anime/dish_17304497.jpg,True,200,
17304517,Cá điêu hồng kho bầu,https://concop19.github.io/daily-mate-assets/food_anime/dish_17304517.jpg,True,200,
17304703,Gỏi gà rau càng cua,https://concop19.github.io/daily-mate-assets/food_anime/dish_17304703.jpg,True,200,
17305232,Chả viên thịt bò khoai tây,https://concop19.github.io/daily-mate-assets/food_anime/dish_17305232.jpg,True,200,
17305808,Canh rau má nấu thịt gà,https://concop19.github.io/daily-mate-assets/food_anime/dish_17305808.jpg,True,200,
17305887,Trứng chiên nấm rơm hành tây,https://concop19.github.io/daily-mate-assets/food_anime/dish_17305887.jpg,True,200,
17305895,Lẩu Thái nhúng bò nấm và rau,https://concop19.github.io/daily-mate-assets/food_anime/dish_17305895.jpg,True,200,
17305901,Cóc non lắc tôm khô,https://concop19.github.io/daily-mate-assets/food_anime/dish_17305901.jpg,True,200,
17305914,Canh bí xanh nấu xương gà và thịt xay,https://concop19.github.io/daily-mate-assets/food_anime/dish_17305914.jpg,True,200,
17305922,Cơm thịt rang mắm ruốc và rau húng quế,https://concop19.github.io/daily-mate-assets/food_anime/dish_17305922.jpg,True,200,
17305929,Giá hẹ xào tôm,https://concop19.github.io/daily-mate-assets/food_anime/dish_17305929.jpg,True,200,
17305945,LẨU cá thác lác-khổ qua,https://concop19.github.io/daily-mate-assets/food_anime/dish_17305945.jpg,True,200,
17305963,Gỏi rau càng cua thịt bò,https://concop19.github.io/daily-mate-assets/food_anime/dish_17305963.jpg,True,200,
17306787,Canh cải bó xôi cá rô đồng,https://concop19.github.io/daily-mate-assets/food_anime/dish_17306787.jpg,True,200,
17306806,Cá Kèo Kho Thịt Ba Rọi,https://concop19.github.io/daily-mate-assets/food_anime/dish_17306806.jpg,True,200,
17306836,Canh thịt xay nấu rau má,https://concop19.github.io/daily-mate-assets/food_anime/dish_17306836.jpg,True,200,
17306868,Rau tần ô luộc tạo hình vòng nguyệt quế,https://concop19.github.io/daily-mate-assets/food_anime/dish_17306868.jpg,True,200,
17306871,Canh rau tần ô nấu tôm khô,https://concop19.github.io/daily-mate-assets/food_anime/dish_17306871.jpg,True,200,
17306877,Mì Ý tôm sốt cải bó xôi,https://concop19.github.io/daily-mate-assets/food_anime/dish_17306877.jpg,True,200,
17306879,Canh rau ngót nấu sườn cây,https://concop19.github.io/daily-mate-assets/food_anime/dish_17306879.jpg,True,200,
17306957,Canh rau tần ô nấu thịt băm,https://concop19.github.io/daily-mate-assets/food_anime/dish_17306957.jpg,True,200,
17307031,Trứng chiên nấm linh chi nâu,https://concop19.github.io/daily-mate-assets/food_anime/dish_17307031.jpg,True,200,
17307033,Thịt luộc kèm xoài trộn con ruốc,https://concop19.github.io/daily-mate-assets/food_anime/dish_17307033.jpg,True,200,
17307037,Rau củ xào tôm bò,https://concop19.github.io/daily-mate-assets/food_anime/dish_17307037.jpg,True,200,
17307040,Canh bí đỏ nấu thịt xay đơn giản,https://concop19.github.io/daily-mate-assets/food_anime/dish_17307040.jpg,True,200,
17307044,Salad rau xanh tóp mỡ,https://concop19.github.io/daily-mate-assets/food_anime/dish_17307044.jpg,True,200,
17307049,Canh rau ngót nấu thịt xay,https://concop19.github.io/daily-mate-assets/food_anime/dish_17307049.jpg,True,200,
17307065,Thịt chiên nghệ vàng giòn,https://concop19.github.io/daily-mate-assets/food_anime/dish_17307065.jpg,True,200,
17307068,Canh tần ô nấu thịt xay,https://concop19.github.io/daily-mate-assets/food_anime/dish_17307068.jpg,True,200,
17307163,Canh bí đỏ nấu xương heo và thịt xay,https://concop19.github.io/daily-mate-assets/food_anime/dish_17307163.jpg,True,200,
17307167,Canh cua mồng tơi và mướp,https://concop19.github.io/daily-mate-assets/food_anime/dish_17307167.jpg,True,200,
17308049,SP.0822 - Thăn Heo Xào Xoài Cát,https://concop19.github.io/daily-mate-assets/food_anime/dish_17308049.jpg,True,200,
17308151,Canh cải xanh nấu cá lóc,https://concop19.github.io/daily-mate-assets/food_anime/dish_17308151.jpg,True,200,
17308305,Cá lăng kho lạt,https://concop19.github.io/daily-mate-assets/food_anime/dish_17308305.jpg,True,200,
17308325,Cá Trèn 1 Nắng Chiên Giòn,https://concop19.github.io/daily-mate-assets/food_anime/dish_17308325.jpg,True,200,
17308431,Bánh canh chả cua siêu tốc,https://concop19.github.io/daily-mate-assets/food_anime/dish_17308431.jpg,True,200,
17308544,Filet Cá Saba Nauy Nấu Légume,https://concop19.github.io/daily-mate-assets/food_anime/dish_17308544.jpg,True,200,
17308560,Mực mai xào tam sắc,https://concop19.github.io/daily-mate-assets/food_anime/dish_17308560.jpg,True,200,
17308591,Nem bơ hải sản,https://concop19.github.io/daily-mate-assets/food_anime/dish_17308591.jpg,True,200,
17308646,Rau tầm bóp nấu thịt nạc xay,https://concop19.github.io/daily-mate-assets/food_anime/dish_17308646.jpg,True,200,
17308649,Canh cải cúc nấu tôm nõn,https://concop19.github.io/daily-mate-assets/food_anime/dish_17308649.jpg,True,200,
17308983,Tôm hấp bia,https://concop19.github.io/daily-mate-assets/food_anime/dish_17308983.jpg,True,200,
17309189,Rau má đậu xanh sữa đặc,https://concop19.github.io/daily-mate-assets/food_anime/dish_17309189.jpg,True,200,
17309252,Cháo CÁ KHOAI,https://concop19.github.io/daily-mate-assets/food_anime/dish_17309252.jpg,True,200,
17309544,Canh rau má nấu thịt nạc xay,https://concop19.github.io/daily-mate-assets/food_anime/dish_17309544.jpg,True,200,
17309686,Canh cải bó xôi nấu thịt vịt,https://concop19.github.io/daily-mate-assets/food_anime/dish_17309686.jpg,True,200,
17309895,Gà nướng lót rau mầm,https://concop19.github.io/daily-mate-assets/food_anime/dish_17309895.jpg,True,200,
17310381,Khô cá lóc chay,https://concop19.github.io/daily-mate-assets/food_anime/dish_17310381.jpg,True,200,
17310454,Cá nục kho hành ớt,https://concop19.github.io/daily-mate-assets/food_anime/dish_17310454.jpg,True,200,
17310736,Cá bò rán,https://concop19.github.io/daily-mate-assets/food_anime/dish_17310736.jpg,True,200,
17310804,Cá chuối kho chuối (kho nhanh và kho khô),https://concop19.github.io/daily-mate-assets/food_anime/dish_17310804.jpg,True,200,
17311028,Bún cá chấm/ chả cá Lã Vọng,https://concop19.github.io/daily-mate-assets/food_anime/dish_17311028.jpg,True,200,
17311446,Cá dìa nướng than,https://concop19.github.io/daily-mate-assets/food_anime/dish_17311446.jpg,True,200,
17311579,Cháo CÁ DÒ,https://concop19.github.io/daily-mate-assets/food_anime/dish_17311579.jpg,True,200,
17311648,Cải thảo xào cá viên,https://concop19.github.io/daily-mate-assets/food_anime/dish_17311648.jpg,True,200,
17311658,Canh cải thảo nấu thịt xay,https://concop19.github.io/daily-mate-assets/food_anime/dish_17311658.jpg,True,200,
17311660,Cá viên chiên nước mắm,https://concop19.github.io/daily-mate-assets/food_anime/dish_17311660.jpg,True,200,
17311699,Cá hú kho thịt ba rọi và thơm,https://concop19.github.io/daily-mate-assets/food_anime/dish_17311699.jpg,True,200,
17312454,Bò xào hành tây,https://concop19.github.io/daily-mate-assets/food_anime/dish_17312454.jpg,True,200,
17312458,Thịt xào hành tây rau răm,https://concop19.github.io/daily-mate-assets/food_anime/dish_17312458.jpg,True,200,
17312459,Bánh canh sườn thịt viên,https://concop19.github.io/daily-mate-assets/food_anime/dish_17312459.jpg,True,200,
17312461,Thịt rim mè,https://concop19.github.io/daily-mate-assets/food_anime/dish_17312461.jpg,True,200,
17312467,Cháo mực tươi,https://concop19.github.io/daily-mate-assets/food_anime/dish_17312467.jpg,True,200,
17312474,Thịt rang nước mắm,https://concop19.github.io/daily-mate-assets/food_anime/dish_17312474.jpg,True,200,
17312476,Thịt cừu sốt phomai trứng muối rong biển,https://concop19.github.io/daily-mate-assets/food_anime/dish_17312476.jpg,True,200,
17312477,Mì tôm trộn thịt cừu rong biển,https://concop19.github.io/daily-mate-assets/food_anime/dish_17312477.jpg,True,200,
17312497,Canh rong biển tươi nấu đậu hũ thịt xay,https://concop19.github.io/daily-mate-assets/food_anime/dish_17312497.jpg,True,200,
17312498,Thịt nướng nước mắm,https://concop19.github.io/daily-mate-assets/food_anime/dish_17312498.jpg,True,200,
17312499,Thịt trâu sốt vang,https://concop19.github.io/daily-mate-assets/food_anime/dish_17312499.jpg,True,200,
17312646,Cá phèn kho keo,https://concop19.github.io/daily-mate-assets/food_anime/dish_17312646.jpg,True,200,
17312935,Cá kho mắm ớt ba chỉ,https://concop19.github.io/daily-mate-assets/food_anime/dish_17312935.jpg,True,200,
17312958,Bánh bò nhân dừa,https://concop19.github.io/daily-mate-assets/food_anime/dish_17312958.jpg,True,200,
17313042,Canh Rau Tầm Ma Gà Xé,https://concop19.github.io/daily-mate-assets/food_anime/dish_17313042.jpg,True,200,
17313052,Rau Tầm Ma Xào Bò Bằm,https://concop19.github.io/daily-mate-assets/food_anime/dish_17313052.jpg,True,200,
17313412,Cá Úc kho mắm,https://concop19.github.io/daily-mate-assets/food_anime/dish_17313412.jpg,True,200,
17313454,Cá Ngần Tứ Bửu Đút Lò,https://concop19.github.io/daily-mate-assets/food_anime/dish_17313454.jpg,True,200,
17313489,Súp gà nấm,https://concop19.github.io/daily-mate-assets/food_anime/dish_17313489.jpg,True,200,
17313565,SP.0826 - Khoai Môn Khâu Nhục Heo Quay,https://concop19.github.io/daily-mate-assets/food_anime/dish_17313565.jpg,True,200,
17313582,Cá cờ chiên chấm nước mắm tỏi ớt,https://concop19.github.io/daily-mate-assets/food_anime/dish_17313582.jpg,True,200,
17313584,🍍Cá ngừ kho thơm🍍,https://concop19.github.io/daily-mate-assets/food_anime/dish_17313584.jpg,True,200,
17313623,"Canh cá chỉ vàng nấu thơm, cà chua",https://concop19.github.io/daily-mate-assets/food_anime/dish_17313623.jpg,True,200,
17313921,"Trứng cá ngừ kho dứa, cà chua, nước dừa",https://concop19.github.io/daily-mate-assets/food_anime/dish_17313921.jpg,True,200,
17313923,Cá trôi sốt cà chua,https://concop19.github.io/daily-mate-assets/food_anime/dish_17313923.jpg,True,200,
17313925,Cá cơm chiên sốt cay (món chay),https://concop19.github.io/daily-mate-assets/food_anime/dish_17313925.jpg,True,200,
17313940,Cá nhòng sốt cà,https://concop19.github.io/daily-mate-assets/food_anime/dish_17313940.jpg,True,200,
17313950,Cá ngần chiên trứng,https://concop19.github.io/daily-mate-assets/food_anime/dish_17313950.jpg,True,200,
17313974,Canh rau mùng tơi nấu hến,https://concop19.github.io/daily-mate-assets/food_anime/dish_17313974.jpg,True,200,
17313976,Canh rau dền nấu tôm khô,https://concop19.github.io/daily-mate-assets/food_anime/dish_17313976.jpg,True,200,
17313993,Lươn thịt cuộn lá lốt,https://concop19.github.io/daily-mate-assets/food_anime/dish_17313993.jpg,True,200,
17314000,Thịt ức gà cuộn lá nếp chiên,https://concop19.github.io/daily-mate-assets/food_anime/dish_17314000.jpg,True,200,
17314004,Cá trắm đen sốt cà,https://concop19.github.io/daily-mate-assets/food_anime/dish_17314004.jpg,True,200,
17314006,Ngồng cải nấu thịt nạc,https://concop19.github.io/daily-mate-assets/food_anime/dish_17314006.jpg,True,200,
17314010,Cá trôi nấu mùng,https://concop19.github.io/daily-mate-assets/food_anime/dish_17314010.jpg,True,200,
17314090,Đuôi cá thu sốt cà,https://concop19.github.io/daily-mate-assets/food_anime/dish_17314090.jpg,True,200,
17314554,Cá thu rim mắm tỏi ớt,https://concop19.github.io/daily-mate-assets/food_anime/dish_17314554.jpg,True,200,
17314578,Cá Lóc Bông Kho Nước Dừa Xiêm,https://concop19.github.io/daily-mate-assets/food_anime/dish_17314578.jpg,True,200,
17314817,Thịt nướng ngũ vị,https://concop19.github.io/daily-mate-assets/food_anime/dish_17314817.jpg,True,200,
17314820,SP.0832 - Thịt Heo Xay Chưng Tôm,https://concop19.github.io/daily-mate-assets/food_anime/dish_17314820.jpg,True,200,
17314843,Canh kim chi cá thu đao,https://concop19.github.io/daily-mate-assets/food_anime/dish_17314843.jpg,True,200,
17314947,Bánh Canh Bột Xắt Cá Lóc,https://concop19.github.io/daily-mate-assets/food_anime/dish_17314947.jpg,True,200,
17315336,Cá Nục Chiên Giòn,https://concop19.github.io/daily-mate-assets/food_anime/dish_17315336.jpg,True,200,
17315423,Canh bầu nấu thịt,https://concop19.github.io/daily-mate-assets/food_anime/dish_17315423.jpg,True,200,
17315456,Canh cải dún thịt băm,https://concop19.github.io/daily-mate-assets/food_anime/dish_17315456.jpg,True,200,
17315494,Phi lê cá lóc kho nghệ,https://concop19.github.io/daily-mate-assets/food_anime/dish_17315494.jpg,True,200,
17315531,Canh chua cá đổng,https://concop19.github.io/daily-mate-assets/food_anime/dish_17315531.jpg,True,200,
17315614,Cá He Muối Chiên Giòn,https://concop19.github.io/daily-mate-assets/food_anime/dish_17315614.jpg,True,200,
17315646,Thịt heo áp chảo ngũ vị,https://concop19.github.io/daily-mate-assets/food_anime/dish_17315646.jpg,True,200,
17315701,Chả nấm chay,https://concop19.github.io/daily-mate-assets/food_anime/dish_17315701.jpg,True,200,
17315766,Cá Điêu Hồng Nấu Dưa Cải,https://concop19.github.io/daily-mate-assets/food_anime/dish_17315766.jpg,True,200,
17315771,Chà bông cá thu,https://concop19.github.io/daily-mate-assets/food_anime/dish_17315771.jpg,True,200,
17315800,Cá kho Khách Gia (Hakka Hong shao yu),https://concop19.github.io/daily-mate-assets/food_anime/dish_17315800.jpg,True,200,
17315843,Khô cá đù chiên mắm,https://concop19.github.io/daily-mate-assets/food_anime/dish_17315843.jpg,True,200,
17315856,Cá Chốt Kho Tiêu,https://concop19.github.io/daily-mate-assets/food_anime/dish_17315856.jpg,True,200,
17315950,SP.0830 - Thịt Heo Quay Đông Pha,https://concop19.github.io/daily-mate-assets/food_anime/dish_17315950.jpg,True,200,
17316430,Mực chiên xù,https://concop19.github.io/daily-mate-assets/food_anime/dish_17316430.jpg,True,200,
17316588,Cá chim trắng nấu thơm cà,https://concop19.github.io/daily-mate-assets/food_anime/dish_17316588.jpg,True,200,
17316888,Chả cá Lã Vọng từ cá hồi,https://concop19.github.io/daily-mate-assets/food_anime/dish_17316888.jpg,True,200,
17316934,Cá Trê Chiên Nước Mắm Gừng,https://concop19.github.io/daily-mate-assets/food_anime/dish_17316934.jpg,True,200,
17317033,Cá Rô Nấu Canh Khoai Mỡ,https://concop19.github.io/daily-mate-assets/food_anime/dish_17317033.jpg,True,200,
17317378,Cá Nục Nấu Ngót,https://concop19.github.io/daily-mate-assets/food_anime/dish_17317378.jpg,True,200,
17819626,Bí đỏ xào bò tóp mỡ,https://concop19.github.io/daily-mate-assets/food_anime/dish_17819626.jpg,True,200,
18764768,Tartine Bánh Mì Nướng Phô Mai Emmental Phủ Cá Hồi Gravlax,https://concop19.github.io/daily-mate-assets/food_anime/dish_18764768.jpg,True,200,
19470084,Món canh với các loại củ và thịt xay,https://concop19.github.io/daily-mate-assets/food_anime/dish_19470084.jpg,True,200,
20526966,Mọc thịt ngải cứu hầm,https://concop19.github.io/daily-mate-assets/food_anime/dish_20526966.jpg,True,200,
20832147,Canh bí đỏ nấu thịt bò,https://concop19.github.io/daily-mate-assets/food_anime/dish_20832147.jpg,True,200,
20842525,Canh cá diêu hồng nấu ngót,https://concop19.github.io/daily-mate-assets/food_anime/dish_20842525.jpg,True,200,
21653598,"Soup nấm, bí đỏ, phô mai",https://concop19.github.io/daily-mate-assets/food_anime/dish_21653598.jpg,True,200,
21880991,"Gỏi chay : bắp cải tím, nấm đùi gà, đậu hũ",https://concop19.github.io/daily-mate-assets/food_anime/dish_21880991.jpg,True,200,
21881183,Đậu bắp hấp sốt thịt bằm,https://concop19.github.io/daily-mate-assets/food_anime/dish_21881183.jpg,True,200,
22274083,Ớt chuông nhồi thịt sốt dầu hào,https://concop19.github.io/daily-mate-assets/food_anime/dish_22274083.jpg,True,200,
22323379,Canh bồng khoai nấu thịt,https://concop19.github.io/daily-mate-assets/food_anime/dish_22323379.jpg,True,200,
22331685,"Thịt bò xào rau cải, giá đỗ",https://concop19.github.io/daily-mate-assets/food_anime/dish_22331685.jpg,True,200,
22355961,Canh rau ngót nấu hến,https://concop19.github.io/daily-mate-assets/food_anime/dish_22355961.jpg,True,200,
22359949,"Ngô bao tử, phù trúc (tàu hũ ky), nấm tuyết xào trứng",https://concop19.github.io/daily-mate-assets/food_anime/dish_22359949.jpg,True,200,
22543578,Thịt ba chỉ cuộn đậu bắp,https://concop19.github.io/daily-mate-assets/food_anime/dish_22543578.jpg,True,200,
22543819,Canh củ dền thịt bằm,https://concop19.github.io/daily-mate-assets/food_anime/dish_22543819.jpg,True,200,
22544145,Thịt lợn một nắng,https://concop19.github.io/daily-mate-assets/food_anime/dish_22544145.jpg,True,200,
22544246,"Canh bí ngô, thịt bò bằm, nấm linh chi",https://concop19.github.io/daily-mate-assets/food_anime/dish_22544246.jpg,True,200,
22544639,Su hào xào thịt ba rọi tóp mỡ,https://concop19.github.io/daily-mate-assets/food_anime/dish_22544639.jpg,True,200,
22544643,Đậu bắp hấp thịt xay,https://concop19.github.io/daily-mate-assets/food_anime/dish_22544643.jpg,True,200,
22544691,Rau câu nấm đùi gà,https://concop19.github.io/daily-mate-assets/food_anime/dish_22544691.jpg,True,200,
22545184,Củ cải khô xào thịt,https://concop19.github.io/daily-mate-assets/food_anime/dish_22545184.jpg,True,200,
22545277,"Cải dún, đậu cove, ớt chuông xào thịt heo nạc",https://concop19.github.io/daily-mate-assets/food_anime/dish_22545277.jpg,True,200,
22545364,TÀU HỦ KY cuốn tôm thịt chiên,https://concop19.github.io/daily-mate-assets/food_anime/dish_22545364.jpg,True,200,
22545436,Su hào xào thịt heo,https://concop19.github.io/daily-mate-assets/food_anime/dish_22545436.jpg,True,200,
22545550,Cải chua xào tàu hũ ky nấm bạch tuyết,https://concop19.github.io/daily-mate-assets/food_anime/dish_22545550.jpg,True,200,
22545678,Rau câu vân mây lá dứa,https://concop19.github.io/daily-mate-assets/food_anime/dish_22545678.jpg,True,200,
22545679,Bánh bao nướng nhân tôm & bắp cải,https://concop19.github.io/daily-mate-assets/food_anime/dish_22545679.jpg,True,200,
22545963,"Chè bắp,khoai môn,nấm tuyết và lá cẩm",https://concop19.github.io/daily-mate-assets/food_anime/dish_22545963.jpg,True,200,
22546090,Cá một nắng lăn bột chiên giòn,https://concop19.github.io/daily-mate-assets/food_anime/dish_22546090.jpg,True,200,
22546107,Trứng chiên nấm tuyết,https://concop19.github.io/daily-mate-assets/food_anime/dish_22546107.jpg,True,200,
22546764,Món ngon từ cá MỜM CƠM SỮA,https://concop19.github.io/daily-mate-assets/food_anime/dish_22546764.jpg,True,200,
22547812,"Củ dền, su hào, cần tây xào thịt bò bằm",https://concop19.github.io/daily-mate-assets/food_anime/dish_22547812.jpg,True,200,
22547842,"Mì Ý sốt kem, thịt băm, củ dền",https://concop19.github.io/daily-mate-assets/food_anime/dish_22547842.jpg,True,200,
22549036,Cá nục một nắng,https://concop19.github.io/daily-mate-assets/food_anime/dish_22549036.jpg,True,200,
22549428,Steak bò sốt phomai,https://concop19.github.io/daily-mate-assets/food_anime/dish_22549428.jpg,True,200,
22549459,Cơm thịt một nắng nướng nồi chiên không dầu,https://concop19.github.io/daily-mate-assets/food_anime/dish_22549459.jpg,True,200,
22549470,Thịt một nắng chiên giòn,https://concop19.github.io/daily-mate-assets/food_anime/dish_22549470.jpg,True,200,
22549793,Đùi ếch xào cà tím,https://concop19.github.io/daily-mate-assets/food_anime/dish_22549793.jpg,True,200,
22550083,Thịt ba rọi một nắng,https://concop19.github.io/daily-mate-assets/food_anime/dish_22550083.jpg,True,200,
22550479,Bí ngòi nhồi thịt bò bỏ lò,https://concop19.github.io/daily-mate-assets/food_anime/dish_22550479.jpg,True,200,
22550517,Canh nấm chay,https://concop19.github.io/daily-mate-assets/food_anime/dish_22550517.jpg,True,200,
22550658,Thịt HEO kho sệt,https://concop19.github.io/daily-mate-assets/food_anime/dish_22550658.jpg,True,200,
22551068,SP.0827 - Canh Cải Dún Thịt Viên,https://concop19.github.io/daily-mate-assets/food_anime/dish_22551068.jpg,True,200,
22551070,SP.0828 - Cá Hồi Sốt Bí Đỏ Phô Mai,https://concop19.github.io/daily-mate-assets/food_anime/dish_22551070.jpg,True,200,
22551378,💚 Pizza Nấm Mini (Vegetarian),https://concop19.github.io/daily-mate-assets/food_anime/dish_22551378.jpg,True,200,
22551506,Thịt bò viên nướng phomai bằng nckd,https://concop19.github.io/daily-mate-assets/food_anime/dish_22551506.jpg,True,200,
22551594,Cá Dứa Một Nắng Chiên Giòn,https://concop19.github.io/daily-mate-assets/food_anime/dish_22551594.jpg,True,200,
22551626,Bún bò không mắm ruốc,https://concop19.github.io/daily-mate-assets/food_anime/dish_22551626.jpg,True,200,
22551639,Cá thu một nắng sốt cà,https://concop19.github.io/daily-mate-assets/food_anime/dish_22551639.jpg,True,200,
22551643,Canh bí nấu thịt xay thanh mát,https://concop19.github.io/daily-mate-assets/food_anime/dish_22551643.jpg,True,200,
22551649,Canh rau má nấu xương gà,https://concop19.github.io/daily-mate-assets/food_anime/dish_22551649.jpg,True,200,
22551702,Tôm Khô Kho Quẹt Chấm Đậu Bắp Luộc,https://concop19.github.io/daily-mate-assets/food_anime/dish_22551702.jpg,True,200,
22551970,Mì gói nấu tôm và rau má,https://concop19.github.io/daily-mate-assets/food_anime/dish_22551970.jpg,True,200,
22552480,Đậu bắp nhồi thịt heo chiên,https://concop19.github.io/daily-mate-assets/food_anime/dish_22552480.jpg,True,200,
22552560,SP.0829 - Súp Cua Ngô Vàng Tuyết Nhĩ,https://concop19.github.io/daily-mate-assets/food_anime/dish_22552560.jpg,True,200,
22552658,Khô cá DỨA kho thơm,https://concop19.github.io/daily-mate-assets/food_anime/dish_22552658.jpg,True,200,
22552816,Cá chim vàng anh hấp xì dầu,https://concop19.github.io/daily-mate-assets/food_anime/dish_22552816.jpg,True,200,
22552817,Thịt băm xào ngô ngọt,https://concop19.github.io/daily-mate-assets/food_anime/dish_22552817.jpg,True,200,
22553261,Canh nấm đậu hũ non,https://concop19.github.io/daily-mate-assets/food_anime/dish_22553261.jpg,True,200,
22554003,Khô cá dứa một nắng rim cay,https://concop19.github.io/daily-mate-assets/food_anime/dish_22554003.jpg,True,200,
22554074,Mực (nang) một nắng nướng muối ớt xanh,https://concop19.github.io/daily-mate-assets/food_anime/dish_22554074.jpg,True,200,
22554144,Canh cải dún nấu thịt băm,https://concop19.github.io/daily-mate-assets/food_anime/dish_22554144.jpg,True,200,
22554179,Khô cá sặc một nắng chiên giòn,https://concop19.github.io/daily-mate-assets/food_anime/dish_22554179.jpg,True,200,
22554216,Gỏi xoài khô cá lóc 1 nắng,https://concop19.github.io/daily-mate-assets/food_anime/dish_22554216.jpg,True,200,
22554409,TÔM khô dẻo 1 nắng,https://concop19.github.io/daily-mate-assets/food_anime/dish_22554409.jpg,True,200,
22554590,Chả thịt gà,https://concop19.github.io/daily-mate-assets/food_anime/dish_22554590.jpg,True,200,
22555286,"Canh cá bống mũn nấu su hào, củ dền",https://concop19.github.io/daily-mate-assets/food_anime/dish_22555286.jpg,True,200,
22555290,Cá nhụ 1 nắng chiên,https://concop19.github.io/daily-mate-assets/food_anime/dish_22555290.jpg,True,200,
22555292,Trứng đúc cá ngần và nấm tuyết,https://concop19.github.io/daily-mate-assets/food_anime/dish_22555292.jpg,True,200,
22555296,"Canh bồng khoai nấu tôm, thịt",https://concop19.github.io/daily-mate-assets/food_anime/dish_22555296.jpg,True,200,
22555304,Cá phèn hồng 1 nắng chiên sốt mắm tỏi ớt,https://concop19.github.io/daily-mate-assets/food_anime/dish_22555304.jpg,True,200,
22555308,Thịt rim củ cải khô,https://concop19.github.io/daily-mate-assets/food_anime/dish_22555308.jpg,True,200,
22555313,Rau tầm bóp và xuyến chi xào tỏi trộn vừng lạc,https://concop19.github.io/daily-mate-assets/food_anime/dish_22555313.jpg,True,200,
22555354,Canh Rau Bó Xôi Non & Chả Tôm Quết Thả Viên,https://concop19.github.io/daily-mate-assets/food_anime/dish_22555354.jpg,True,200,
22555597,Canh mướp nấu tôm tươi,https://concop19.github.io/daily-mate-assets/food_anime/dish_22555597.jpg,True,200,
22556009,Nộm rong sụn nấm đùi gà (món chay),https://concop19.github.io/daily-mate-assets/food_anime/dish_22556009.jpg,True,200,
22556018,Canh bò hầm bí đỏ,https://concop19.github.io/daily-mate-assets/food_anime/dish_22556018.jpg,True,200,
22556023,Canh kim chi tảo xoắn thịt bằm,https://concop19.github.io/daily-mate-assets/food_anime/dish_22556023.jpg,True,200,
22556025,Cá trê biển nấu chuối đậu,https://concop19.github.io/daily-mate-assets/food_anime/dish_22556025.jpg,True,200,
22556026,Thịt kho keo,https://concop19.github.io/daily-mate-assets/food_anime/dish_22556026.jpg,True,200,
22556043,Miến xào nấm (món chay),https://concop19.github.io/daily-mate-assets/food_anime/dish_22556043.jpg,True,200,
22556256,Cá Hồng một nắng sốt chua ngọt,https://concop19.github.io/daily-mate-assets/food_anime/dish_22556256.jpg,True,200,
22556381,Thịt ba rọi 1 nắng áp chảo,https://concop19.github.io/daily-mate-assets/food_anime/dish_22556381.jpg,True,200,
22556691,Nem thịt dọn tủ,https://concop19.github.io/daily-mate-assets/food_anime/dish_22556691.jpg,True,200,
22557120,Salad Cá Hồi Cải Xoăn Kale,https://concop19.github.io/daily-mate-assets/food_anime/dish_22557120.jpg,True,200,
22557164,Bò Xào Cải Xoăn Kale,https://concop19.github.io/daily-mate-assets/food_anime/dish_22557164.jpg,True,200,
22557223,Súp Kem Bí Đỏ Cá Hồi,https://concop19.github.io/daily-mate-assets/food_anime/dish_22557223.jpg,True,200,
22557347,Thịt xào hành tây cà ri,https://concop19.github.io/daily-mate-assets/food_anime/dish_22557347.jpg,True,200,
22557352,Canh cải con nấu thịt xay,https://concop19.github.io/daily-mate-assets/food_anime/dish_22557352.jpg,True,200,
22557358,Khô cá dứa một nắng chiên giòn,https://concop19.github.io/daily-mate-assets/food_anime/dish_22557358.jpg,True,200,
22557982,Nấm đùi gà xào cải thìa,https://concop19.github.io/daily-mate-assets/food_anime/dish_22557982.jpg,True,200,
22558081,Thịt nướng bếp điện,https://concop19.github.io/daily-mate-assets/food_anime/dish_22558081.jpg,True,200,
22558087,Bánh tôm khoai lang,https://concop19.github.io/daily-mate-assets/food_anime/dish_22558087.jpg,True,200,
22558093,"Thịt bò bóp thấu với hành tây, dưa leo",https://concop19.github.io/daily-mate-assets/food_anime/dish_22558093.jpg,True,200,
22558172,Cải dún xào thịt xay bông cải,https://concop19.github.io/daily-mate-assets/food_anime/dish_22558172.jpg,True,200,
22558193,Thịt xá xíu rim,https://concop19.github.io/daily-mate-assets/food_anime/dish_22558193.jpg,True,200,
22558203,Chè bắp nấm tuyết,https://concop19.github.io/daily-mate-assets/food_anime/dish_22558203.jpg,True,200,
22558297,Gỏi bắp cải rau sống,https://concop19.github.io/daily-mate-assets/food_anime/dish_22558297.jpg,True,200,
22558304,Cơm gà nhà mình,https://concop19.github.io/daily-mate-assets/food_anime/dish_22558304.jpg,True,200,
22558327,Canh bí đao nấu thịt băm,https://concop19.github.io/daily-mate-assets/food_anime/dish_22558327.jpg,True,200,
22559147,"Pizza cá hồi, nấm",https://concop19.github.io/daily-mate-assets/food_anime/dish_22559147.jpg,True,200,
22559148,Cá thu ngừ sốt cà,https://concop19.github.io/daily-mate-assets/food_anime/dish_22559148.jpg,True,200,
22559150,Thịt kho củ cải khô,https://concop19.github.io/daily-mate-assets/food_anime/dish_22559150.jpg,True,200,
22559529,Salad Bơ Cá Hồi Xông Khói,https://concop19.github.io/daily-mate-assets/food_anime/dish_22559529.jpg,True,200,
22559534,Trứng Cuộn Trái Bơ Cá Hồi,https://concop19.github.io/daily-mate-assets/food_anime/dish_22559534.jpg,True,200,
22559862,Xào chay thập cẩm với nấm bào ngư,https://concop19.github.io/daily-mate-assets/food_anime/dish_22559862.jpg,True,200,
22560693,Cơm chiên khô cá dứa một nắng tóp mỡ,https://concop19.github.io/daily-mate-assets/food_anime/dish_22560693.jpg,True,200,
22560780,Cá hường 1 nắng muối sả và nghệ chiên,https://concop19.github.io/daily-mate-assets/food_anime/dish_22560780.jpg,True,200,
22560966,Gỏi xoài cá khô một nắng,https://concop19.github.io/daily-mate-assets/food_anime/dish_22560966.jpg,True,200,
22560971,Thịt luộc chấm nước mắm hành,https://concop19.github.io/daily-mate-assets/food_anime/dish_22560971.jpg,True,200,
22560973,Canh xà lách xoong nấu thịt xay,https://concop19.github.io/daily-mate-assets/food_anime/dish_22560973.jpg,True,200,
22561354,Cá khô một nắng chiên bằng nồi chiên không dầu,https://concop19.github.io/daily-mate-assets/food_anime/dish_22561354.jpg,True,200,
22561439,Cá Thu Một Nắng Chiên,https://concop19.github.io/daily-mate-assets/food_anime/dish_22561439.jpg,True,200,
22561861,Dâu Tây Lắc Muối Tôm,https://concop19.github.io/daily-mate-assets/food_anime/dish_22561861.jpg,True,200,
22562202,Canh Củ Dền Su Hào Nấu Thịt Heo,https://concop19.github.io/daily-mate-assets/food_anime/dish_22562202.jpg,True,200,
22562426,Miến cà chua thịt bằm,https://concop19.github.io/daily-mate-assets/food_anime/dish_22562426.jpg,True,200,
22562439,Khô cá dứa một nắng rim nước mắm mè,https://concop19.github.io/daily-mate-assets/food_anime/dish_22562439.jpg,True,200,
22562454,Tép rang thịt xay,https://concop19.github.io/daily-mate-assets/food_anime/dish_22562454.jpg,True,200,
22562459,Canh kim chi thịt xay,https://concop19.github.io/daily-mate-assets/food_anime/dish_22562459.jpg,True,200,
22562519,Thịt heo một nắng,https://concop19.github.io/daily-mate-assets/food_anime/dish_22562519.jpg,True,200,
22563542,Rau giá trộn,https://concop19.github.io/daily-mate-assets/food_anime/dish_22563542.jpg,True,200,
22564660,Nấm bào ngư kho tương hột,https://concop19.github.io/daily-mate-assets/food_anime/dish_22564660.jpg,True,200,
22565278,Bún gạo xào rau củ,https://concop19.github.io/daily-mate-assets/food_anime/dish_22565278.jpg,True,200,
22565291,Rau củ kho nước cốt dừa,https://concop19.github.io/daily-mate-assets/food_anime/dish_22565291.jpg,True,200,
22565329,Canh kim chi nấu thịt ba rọi,https://concop19.github.io/daily-mate-assets/food_anime/dish_22565329.jpg,True,200,
22565383,Nấm đùi gà sauce cà,https://concop19.github.io/daily-mate-assets/food_anime/dish_22565383.jpg,True,200,
22565483,"Giá, cà rốt xào nấm bào ngư",https://concop19.github.io/daily-mate-assets/food_anime/dish_22565483.jpg,True,200,
22565497,Củ sắn xào nấm và đậu hũ,https://concop19.github.io/daily-mate-assets/food_anime/dish_22565497.jpg,True,200,
22565695,Cá liệt kho mặn,https://concop19.github.io/daily-mate-assets/food_anime/dish_22565695.jpg,True,200,
22565751,Váng đậu cuộn nấm đùi gà sốt chua ngọt (món chay),https://concop19.github.io/daily-mate-assets/food_anime/dish_22565751.jpg,True,200,
22565822,Xào chay thập cẩm với nấm Bạch Tuyết,https://concop19.github.io/daily-mate-assets/food_anime/dish_22565822.jpg,True,200,
22565830,Nấm rơm kho tiêu,https://concop19.github.io/daily-mate-assets/food_anime/dish_22565830.jpg,True,200,
22565848,Đậu hũ kho cà chua,https://concop19.github.io/daily-mate-assets/food_anime/dish_22565848.jpg,True,200,
22565874,Bông cải xanh xào nấm bạch tuyết,https://concop19.github.io/daily-mate-assets/food_anime/dish_22565874.jpg,True,200,
22566096,Mì UDON tươi xào rau củ,https://concop19.github.io/daily-mate-assets/food_anime/dish_22566096.jpg,True,200,
22566318,Cá Basa sốt cà chua,https://concop19.github.io/daily-mate-assets/food_anime/dish_22566318.jpg,True,200,
22567294,"Váng đậu, nấm xào kim chi (món chay)",https://concop19.github.io/daily-mate-assets/food_anime/dish_22567294.jpg,True,200,
22568788,Bún cá Kiên Giang (Phiên bản tôm),https://concop19.github.io/daily-mate-assets/food_anime/dish_22568788.jpg,True,200,
22568974,Cá ngạnh nấu ám,https://concop19.github.io/daily-mate-assets/food_anime/dish_22568974.jpg,True,200,
22568975,Bắp bao tử xào nấm kim châm,https://concop19.github.io/daily-mate-assets/food_anime/dish_22568975.jpg,True,200,
22568977,Cá kìm kho chuối xanh,https://concop19.github.io/daily-mate-assets/food_anime/dish_22568977.jpg,True,200,
22570400,Rau cải chip xào tỏi,https://concop19.github.io/daily-mate-assets/food_anime/dish_22570400.jpg,True,200,
22570528,Canh Khoai Lang Thịt Nạc,https://concop19.github.io/daily-mate-assets/food_anime/dish_22570528.jpg,True,200,
22571203,Canh bí đao nấu tôm biển,https://concop19.github.io/daily-mate-assets/food_anime/dish_22571203.jpg,True,200,
22571275,CÀ RY rau củ quả,https://concop19.github.io/daily-mate-assets/food_anime/dish_22571275.jpg,True,200,
22571844,Bún bò xào miền Tây,https://concop19.github.io/daily-mate-assets/food_anime/dish_22571844.jpg,True,200,
22572357,Mướp xào nấm,https://concop19.github.io/daily-mate-assets/food_anime/dish_22572357.jpg,True,200,
22573035,Giá hẹ xào tôm khô,https://concop19.github.io/daily-mate-assets/food_anime/dish_22573035.jpg,True,200,
22574064,Cá rô tẩm bột chiên giòn,https://concop19.github.io/daily-mate-assets/food_anime/dish_22574064.jpg,True,200,
22574162,Canh gà nấu súp nấm,https://concop19.github.io/daily-mate-assets/food_anime/dish_22574162.jpg,True,200,
22574700,Nấm đùi gà sốt cà chua,https://concop19.github.io/daily-mate-assets/food_anime/dish_22574700.jpg,True,200,
22575111,Đậu phụ rim,https://concop19.github.io/daily-mate-assets/food_anime/dish_22575111.jpg,True,200,
22575243,Trứng Chiên Dưa Leo Tôm Áp Chảo,https://concop19.github.io/daily-mate-assets/food_anime/dish_22575243.jpg,True,200,
22576019,Bánh tráng cuốn thịt vịt hun khói,https://concop19.github.io/daily-mate-assets/food_anime/dish_22576019.jpg,True,200,
22576324,Đuôi HEO hầm đậu đen,https://concop19.github.io/daily-mate-assets/food_anime/dish_22576324.jpg,True,200,
22576452,"Rong biển cuộn tôm, thịt",https://concop19.github.io/daily-mate-assets/food_anime/dish_22576452.jpg,True,200,
22576457,Canh bí xanh nấu thịt,https://concop19.github.io/daily-mate-assets/food_anime/dish_22576457.jpg,True,200,
22576458,Thịt mũi heo luộc,https://concop19.github.io/daily-mate-assets/food_anime/dish_22576458.jpg,True,200,
22576511,Cá song nấu canh chua,https://concop19.github.io/daily-mate-assets/food_anime/dish_22576511.jpg,True,200,
22576554,Bánh mì nướng bơ tỏi phủ trứng cá hồi,https://concop19.github.io/daily-mate-assets/food_anime/dish_22576554.jpg,True,200,
22576560,"Há cảo tôm, thịt",https://concop19.github.io/daily-mate-assets/food_anime/dish_22576560.jpg,True,200,
22576564,Sushi trứng cá hồi và cá tầm,https://concop19.github.io/daily-mate-assets/food_anime/dish_22576564.jpg,True,200,
22576732,Canh bí đao nhồi thịt,https://concop19.github.io/daily-mate-assets/food_anime/dish_22576732.jpg,True,200,
22577608,Cơm gạo lứt thịt rang mắm ruốc,https://concop19.github.io/daily-mate-assets/food_anime/dish_22577608.jpg,True,200,
22577610,Cơm thịt rang tôm khô,https://concop19.github.io/daily-mate-assets/food_anime/dish_22577610.jpg,True,200,
22577616,Thịt rang tôm khô,https://concop19.github.io/daily-mate-assets/food_anime/dish_22577616.jpg,True,200,
22577619,Canh cà chua nấu đuôi heo,https://concop19.github.io/daily-mate-assets/food_anime/dish_22577619.jpg,True,200,
22578629,Dưa cải chua xào thịt bò,https://concop19.github.io/daily-mate-assets/food_anime/dish_22578629.jpg,True,200,
22578677,Canh BÍ ĐAO cuộn tôm thịt,https://concop19.github.io/daily-mate-assets/food_anime/dish_22578677.jpg,True,200,
22579345,Lá kim cuốn đậu phụ rim,https://concop19.github.io/daily-mate-assets/food_anime/dish_22579345.jpg,True,200,
22579913,"Bí đỏ, rau muống xào tỏi",https://concop19.github.io/daily-mate-assets/food_anime/dish_22579913.jpg,True,200,
22579932,Bánh canh phồng tôm kim chi,https://concop19.github.io/daily-mate-assets/food_anime/dish_22579932.jpg,True,200,
22579941,Salad rau diếp dưa chuột cà rốt,https://concop19.github.io/daily-mate-assets/food_anime/dish_22579941.jpg,True,200,
22580476,Canh dưa cải chua đầu cá trắm,https://concop19.github.io/daily-mate-assets/food_anime/dish_22580476.jpg,True,200,
22581891,Cá Điêu Hồng Nấu Khế,https://concop19.github.io/daily-mate-assets/food_anime/dish_22581891.jpg,True,200,
22581929,Gỏi cà đắng cá khô,https://concop19.github.io/daily-mate-assets/food_anime/dish_22581929.jpg,True,200,
22582025,Chả chay rim tiêu rau răm,https://concop19.github.io/daily-mate-assets/food_anime/dish_22582025.jpg,True,200,
22582252,Canh khổ qua nhồi cá thác lác,https://concop19.github.io/daily-mate-assets/food_anime/dish_22582252.jpg,True,200,
22582303,Cá nục kho dưa,https://concop19.github.io/daily-mate-assets/food_anime/dish_22582303.jpg,True,200,
22582312,Bò/bê luộc chấm tương bần,https://concop19.github.io/daily-mate-assets/food_anime/dish_22582312.jpg,True,200,
22582729,Nấm áp chảo ngũ vị với Coca,https://concop19.github.io/daily-mate-assets/food_anime/dish_22582729.jpg,True,200,
22582805,Salad thanh cua dưa leo lạnh,https://concop19.github.io/daily-mate-assets/food_anime/dish_22582805.jpg,True,200,
22583744,CÁ diêu hồng hấp với củ sắn,https://concop19.github.io/daily-mate-assets/food_anime/dish_22583744.jpg,True,200,
22583816,SP.0835 - Thịt Heo Bằm Chưng Cải Mục,https://concop19.github.io/daily-mate-assets/food_anime/dish_22583816.jpg,True,200,
22583911,Khoai Tây Xào Thịt Hộp Spam,https://concop19.github.io/daily-mate-assets/food_anime/dish_22583911.jpg,True,200,
22583930,Rau sam nộm,https://concop19.github.io/daily-mate-assets/food_anime/dish_22583930.jpg,True,200,
22584047,Heo quay da giòn xào dưa leo hành tây,https://concop19.github.io/daily-mate-assets/food_anime/dish_22584047.jpg,True,200,
22584052,Cá diêu hồng xào dưa chua,https://concop19.github.io/daily-mate-assets/food_anime/dish_22584052.jpg,True,200,
22584057,Canh chua chả cá chiên,https://concop19.github.io/daily-mate-assets/food_anime/dish_22584057.jpg,True,200,
22584624,Nui Tóc Tiên Nấu Chả Tôm Quết & Măng Tây,https://concop19.github.io/daily-mate-assets/food_anime/dish_22584624.jpg,True,200,
22584631,Món phụ/Side dish: Khoai tây xào thịt bằm/Potatoes stir-fried with minced pork,https://concop19.github.io/daily-mate-assets/food_anime/dish_22584631.jpg,True,200,
22585756,Củ sắn xào tôm,https://concop19.github.io/daily-mate-assets/food_anime/dish_22585756.jpg,True,200,
22585894,Mì Tôm Cà Chua,https://concop19.github.io/daily-mate-assets/food_anime/dish_22585894.jpg,True,200,
22586443,Mì Nấu Rau Muống Tóp Mỡ,https://concop19.github.io/daily-mate-assets/food_anime/dish_22586443.jpg,True,200,
22586687,Thịt nướng kiểu Thái,https://concop19.github.io/daily-mate-assets/food_anime/dish_22586687.jpg,True,200,
22586761,Mì rau chùm ngây xào tôm nấm,https://concop19.github.io/daily-mate-assets/food_anime/dish_22586761.jpg,True,200,
22586768,Bún tôm nấu chua,https://concop19.github.io/daily-mate-assets/food_anime/dish_22586768.jpg,True,200,
22586772,Bún nấu thịt xay,https://concop19.github.io/daily-mate-assets/food_anime/dish_22586772.jpg,True,200,
22586777,Mì chùm ngây trộn thịt chả,https://concop19.github.io/daily-mate-assets/food_anime/dish_22586777.jpg,True,200,
22587232,Mì Gói Nấu Tôm Nõn & Đậu Que Vàng,https://concop19.github.io/daily-mate-assets/food_anime/dish_22587232.jpg,True,200,
22587241,Cá Mòi Chiên Tươi,https://concop19.github.io/daily-mate-assets/food_anime/dish_22587241.jpg,True,200,
22587737,Cơm gạo lứt với tôm nõn rim cà chua,https://concop19.github.io/daily-mate-assets/food_anime/dish_22587737.jpg,True,200,
22587747,Thịt chân giò luộc kèm cải chua,https://concop19.github.io/daily-mate-assets/food_anime/dish_22587747.jpg,True,200,
22587764,Bún gà nấm tóp mỡ,https://concop19.github.io/daily-mate-assets/food_anime/dish_22587764.jpg,True,200,
22587771,Canh bí đao nấu đầu tôm,https://concop19.github.io/daily-mate-assets/food_anime/dish_22587771.jpg,True,200,
22587778,Dưa chua xào gà và rau củ,https://concop19.github.io/daily-mate-assets/food_anime/dish_22587778.jpg,True,200,
22588250,Thịt luộc chuối xanh mùi vị cuộc đời,https://concop19.github.io/daily-mate-assets/food_anime/dish_22588250.jpg,True,200,
22588261,Rau giá trộn lá kim,https://concop19.github.io/daily-mate-assets/food_anime/dish_22588261.jpg,True,200,
22588489,Bún tôm nõn trộn cà chua,https://concop19.github.io/daily-mate-assets/food_anime/dish_22588489.jpg,True,200,
22589063,Cơm Chiên Thịt Spam Trái Thơm,https://concop19.github.io/daily-mate-assets/food_anime/dish_22589063.jpg,True,200,
22589987,Đậu phụ(đậu hũ) xào trứng,https://concop19.github.io/daily-mate-assets/food_anime/dish_22589987.jpg,True,200,
22590093,Dưa chua trộn da heo quay,https://concop19.github.io/daily-mate-assets/food_anime/dish_22590093.jpg,True,200,
22590098,Canh gà nấu cà nấm,https://concop19.github.io/daily-mate-assets/food_anime/dish_22590098.jpg,True,200,
22590140,Cơm gạo lứt trứng chiên tôm nấm,https://concop19.github.io/daily-mate-assets/food_anime/dish_22590140.jpg,True,200,
22591261,VỊT tiềm nấm hương & bắp non,https://concop19.github.io/daily-mate-assets/food_anime/dish_22591261.jpg,True,200,
22591300,Thịt heo xào hành tây cà chua,https://concop19.github.io/daily-mate-assets/food_anime/dish_22591300.jpg,True,200,
22591473,Bún Riêu Cua Đồng Giò Heo,https://concop19.github.io/daily-mate-assets/food_anime/dish_22591473.jpg,True,200,
22591880,Mực thái,https://concop19.github.io/daily-mate-assets/food_anime/dish_22591880.jpg,True,200,
22593007,Mực Xào Chao Rau Muống,https://concop19.github.io/daily-mate-assets/food_anime/dish_22593007.jpg,True,200,
22593100,Chả Giò Tôm Đậu Hũ,https://concop19.github.io/daily-mate-assets/food_anime/dish_22593100.jpg,True,200,
22593101,Thịt ba chỉ kho cải chua,https://concop19.github.io/daily-mate-assets/food_anime/dish_22593101.jpg,True,200,
22593411,Chả lụa kho nấm đùi gà,https://concop19.github.io/daily-mate-assets/food_anime/dish_22593411.jpg,True,200,
22594432,Mì tôm xào,https://concop19.github.io/daily-mate-assets/food_anime/dish_22594432.jpg,True,200,
22595108,Gỏi rau muống,https://concop19.github.io/daily-mate-assets/food_anime/dish_22595108.jpg,True,200,
22595172,Mì sườn bò,https://concop19.github.io/daily-mate-assets/food_anime/dish_22595172.jpg,True,200,
22595930,Mì Đuôi Heo Hầm Ngũ Trân,https://concop19.github.io/daily-mate-assets/food_anime/dish_22595930.jpg,True,200,
22596037,Thịt sườn thăn kho nước dừa,https://concop19.github.io/daily-mate-assets/food_anime/dish_22596037.jpg,True,200,
22596041,Canh bí xanh nấu mọc tôm thịt,https://concop19.github.io/daily-mate-assets/food_anime/dish_22596041.jpg,True,200,
22596059,"Xương đuôi heo nấu khoai tây, củ canh (khoai mỡ)",https://concop19.github.io/daily-mate-assets/food_anime/dish_22596059.jpg,True,200,
22596067,Rau dền cơm nấu mọc tôm thịt,https://concop19.github.io/daily-mate-assets/food_anime/dish_22596067.jpg,True,200,
22596071,Cá nhụ sốt cà,https://concop19.github.io/daily-mate-assets/food_anime/dish_22596071.jpg,True,200,
22596089,Rau sắn muối nấu chả cá,https://concop19.github.io/daily-mate-assets/food_anime/dish_22596089.jpg,True,200,
22596092,Rau dền cơm nấu ngao,https://concop19.github.io/daily-mate-assets/food_anime/dish_22596092.jpg,True,200,
22596105,Xương đuôi heo nấu canh chua,https://concop19.github.io/daily-mate-assets/food_anime/dish_22596105.jpg,True,200,
22596112,Rau ngải tía rán trứng,https://concop19.github.io/daily-mate-assets/food_anime/dish_22596112.jpg,True,200,
22596855,"Cháo tôm, nấm",https://concop19.github.io/daily-mate-assets/food_anime/dish_22596855.jpg,True,200,
22597235,"Mì trứng xào tôm, đậu cove",https://concop19.github.io/daily-mate-assets/food_anime/dish_22597235.jpg,True,200,
22597335,Mỳ gạo lứt trộn sốt cà tóp mỡ thịt băm,https://concop19.github.io/daily-mate-assets/food_anime/dish_22597335.jpg,True,200,
22597553,Cơm nếp thịt vịt hun khói xào cà chua,https://concop19.github.io/daily-mate-assets/food_anime/dish_22597553.jpg,True,200,
22597747,Cá ba sa om dưa cải chua,https://concop19.github.io/daily-mate-assets/food_anime/dish_22597747.jpg,True,200,
22597766,Filet Cá Ba Sa Kho Xoài Sấy Dẻo,https://concop19.github.io/daily-mate-assets/food_anime/dish_22597766.jpg,True,200,
22598401,Lưỡi heo luộc chấm mắm gừng,https://concop19.github.io/daily-mate-assets/food_anime/dish_22598401.jpg,True,200,
22598403,Canh cà nấm nấu da heo thịt xay,https://concop19.github.io/daily-mate-assets/food_anime/dish_22598403.jpg,True,200,
22598812,Cá cơm khô rim,https://concop19.github.io/daily-mate-assets/food_anime/dish_22598812.jpg,True,200,
22598890,"Hải sản Phú Quý hấp: mực ống, cua gạo, cua mặt trăng và nhum tươi",https://concop19.github.io/daily-mate-assets/food_anime/dish_22598890.jpg,True,200,
22599353,Canh đậu phụ (hũ) khoai tây cà rốt,https://concop19.github.io/daily-mate-assets/food_anime/dish_22599353.jpg,True,200,
22599537,Dưa cải chua xào thịt heo,https://concop19.github.io/daily-mate-assets/food_anime/dish_22599537.jpg,True,200,
22600350,"Gỏi hoa chuối, tôm, rau sam",https://concop19.github.io/daily-mate-assets/food_anime/dish_22600350.jpg,True,200,
22600351,Canh rau sam nấu mọc thịt,https://concop19.github.io/daily-mate-assets/food_anime/dish_22600351.jpg,True,200,
22600631,Cá quả kho cách đơn giản đưa cơm,https://concop19.github.io/daily-mate-assets/food_anime/dish_22600631.jpg,True,200,
22600717,Canh bí đao nấu giò heo,https://concop19.github.io/daily-mate-assets/food_anime/dish_22600717.jpg,True,200,
22600828,Mỳ trộn tôm thịt sốt cà,https://concop19.github.io/daily-mate-assets/food_anime/dish_22600828.jpg,True,200,
22601370,"🌱 Salad Su Hào, Nấm & Măng Tây Rừng Sốt Hành Tăm",https://concop19.github.io/daily-mate-assets/food_anime/dish_22601370.jpg,True,200,
22601408,Cải thìa xào thịt bò,https://concop19.github.io/daily-mate-assets/food_anime/dish_22601408.jpg,True,200,
22601775,Rau sắn muối nấu đầu cá ông lão,https://concop19.github.io/daily-mate-assets/food_anime/dish_22601775.jpg,True,200,
22603319,Cơm chiên tôm 🍤,https://concop19.github.io/daily-mate-assets/food_anime/dish_22603319.jpg,True,200,
22604919,Cơm Chiên Gà Rau Củ,https://concop19.github.io/daily-mate-assets/food_anime/dish_22604919.jpg,True,200,
22604980,Bún đuôi heo nấm rơm,https://concop19.github.io/daily-mate-assets/food_anime/dish_22604980.jpg,True,200,
22605360,Đậu phụ tẩm hành,https://concop19.github.io/daily-mate-assets/food_anime/dish_22605360.jpg,True,200,
22605382,Tôm rim bơ tỏi,https://concop19.github.io/daily-mate-assets/food_anime/dish_22605382.jpg,True,200,
22607339,Thịt rang thơm/khóm,https://concop19.github.io/daily-mate-assets/food_anime/dish_22607339.jpg,True,200,
22608397,Cá chuồn một nắng,https://concop19.github.io/daily-mate-assets/food_anime/dish_22608397.jpg,True,200,
22608502,Mực kim um dầu,https://concop19.github.io/daily-mate-assets/food_anime/dish_22608502.jpg,True,200,
22608548,Mực dồn thịt chay,https://concop19.github.io/daily-mate-assets/food_anime/dish_22608548.jpg,True,200,
22608578,Đậu hủ kho xả ớt,https://concop19.github.io/daily-mate-assets/food_anime/dish_22608578.jpg,True,200,
22608607,Đậu Phụ Kho Nghệ Chay,https://concop19.github.io/daily-mate-assets/food_anime/dish_22608607.jpg,True,200,
22608754,Canh Rau Dền Cá Thác Lác,https://concop19.github.io/daily-mate-assets/food_anime/dish_22608754.jpg,True,200,
22609926,Fettucine Hải sản Tomyum,https://concop19.github.io/daily-mate-assets/food_anime/dish_22609926.jpg,True,200,
22610654,Tôm sốt trái thơm (dứa),https://concop19.github.io/daily-mate-assets/food_anime/dish_22610654.jpg,True,200,
22610932,Canh đu đủ hường hầm xương heo,https://concop19.github.io/daily-mate-assets/food_anime/dish_22610932.jpg,True,200,
22610944,Mì gói xào rau muống tóp mỡ,https://concop19.github.io/daily-mate-assets/food_anime/dish_22610944.jpg,True,200,
22611174,Canh sake nấu tôm,https://concop19.github.io/daily-mate-assets/food_anime/dish_22611174.jpg,True,200,
22611296,Cà Chua nhồi Thịt kho lạt,https://concop19.github.io/daily-mate-assets/food_anime/dish_22611296.jpg,True,200,
22612000,Gỏi Xoài Khô Mực,https://concop19.github.io/daily-mate-assets/food_anime/dish_22612000.jpg,True,200,
22612150,Cải xanh cuộn thịt bò,https://concop19.github.io/daily-mate-assets/food_anime/dish_22612150.jpg,True,200,
22612184,Thịt ba chỉ xốt mận hậu,https://concop19.github.io/daily-mate-assets/food_anime/dish_22612184.jpg,True,200,
22612689,Gỏi đu đủ tôm nõn cà chua,https://concop19.github.io/daily-mate-assets/food_anime/dish_22612689.jpg,True,200,
22612703,Canh đu đủ hầm giò heo,https://concop19.github.io/daily-mate-assets/food_anime/dish_22612703.jpg,True,200,
22612794,Nui nấu giò heo,https://concop19.github.io/daily-mate-assets/food_anime/dish_22612794.jpg,True,200,
22612804,Bún tôm giò heo nấm rơm,https://concop19.github.io/daily-mate-assets/food_anime/dish_22612804.jpg,True,200,
22613310,Thịt kho cà tím chua ngọt,https://concop19.github.io/daily-mate-assets/food_anime/dish_22613310.jpg,True,200,
22613372,"Salad Tôm, Xoài Chín, Su Hào & Măng Tây Rừng Sốt Sữa Chua",https://concop19.github.io/daily-mate-assets/food_anime/dish_22613372.jpg,True,200,
22613460,Bò pía đơn giản tại nhà,https://concop19.github.io/daily-mate-assets/food_anime/dish_22613460.jpg,True,200,
22613788,Mực nhồi,https://concop19.github.io/daily-mate-assets/food_anime/dish_22613788.jpg,True,200,
22614935,Cháo nấm tảo xoắn,https://concop19.github.io/daily-mate-assets/food_anime/dish_22614935.jpg,True,200,
22614937,Canh củ sen hầm nấm táo đỏ,https://concop19.github.io/daily-mate-assets/food_anime/dish_22614937.jpg,True,200,
22615259,Bún riêu cua tóp mỡ,https://concop19.github.io/daily-mate-assets/food_anime/dish_22615259.jpg,True,200,
22615396,Cá ngừ kho thơm cay nồng,https://concop19.github.io/daily-mate-assets/food_anime/dish_22615396.jpg,True,200,
22616234,Canh RAU ĐẮNG nấu tép,https://concop19.github.io/daily-mate-assets/food_anime/dish_22616234.jpg,True,200,
22616373,Canh thịt bò khoai tây cà rốt thanh long,https://concop19.github.io/daily-mate-assets/food_anime/dish_22616373.jpg,True,200,
22616519,CÀ đắng om cá hộp,https://concop19.github.io/daily-mate-assets/food_anime/dish_22616519.jpg,True,200,
22616578,Kaiser (Kaiserbroodje) - Bánh Mì Phổ Biến Tại Hà Lan Với Trứng Và Thịt Gà Nguội,https://concop19.github.io/daily-mate-assets/food_anime/dish_22616578.jpg,True,200,
22616614,Phở Bắp Bò - Hương Vị Việt Tại Hà Lan,https://concop19.github.io/daily-mate-assets/food_anime/dish_22616614.jpg,True,200,
22618012,Nui xào bò và rau củ,https://concop19.github.io/daily-mate-assets/food_anime/dish_22618012.jpg,True,200,
22618026,Canh cá thác lác nấu cải bẹ xanh,https://concop19.github.io/daily-mate-assets/food_anime/dish_22618026.jpg,True,200,
22618045,Rau củ xào bò,https://concop19.github.io/daily-mate-assets/food_anime/dish_22618045.jpg,True,200,
22618090,Canh cua rau đay nấu mướp,https://concop19.github.io/daily-mate-assets/food_anime/dish_22618090.jpg,True,200,
22618177,Trứng chiên thịt rang,https://concop19.github.io/daily-mate-assets/food_anime/dish_22618177.jpg,True,200,
22618210,Rau ngải cứu xào tỏi,https://concop19.github.io/daily-mate-assets/food_anime/dish_22618210.jpg,True,200,
22618363,Canh cải xanh nấu tôm,https://concop19.github.io/daily-mate-assets/food_anime/dish_22618363.jpg,True,200,
22618442,Cá Thu Áp Chảo Và Bí Ngòi Xào Bơ Tỏi,https://concop19.github.io/daily-mate-assets/food_anime/dish_22618442.jpg,True,200,
22625515,Cháo tảo xoắn nghệ rau răm,https://concop19.github.io/daily-mate-assets/food_anime/dish_22625515.jpg,True,200,
22625767,Mực ống (mực sữa) xào cần tỏi,https://concop19.github.io/daily-mate-assets/food_anime/dish_22625767.jpg,True,200,
22626066,Gỏi Rau Má Đậu Hũ Chay,https://concop19.github.io/daily-mate-assets/food_anime/dish_22626066.jpg,True,200,
22626259,Cần tây xào nấm (Stir-fried celery with mushrooms),https://concop19.github.io/daily-mate-assets/food_anime/dish_22626259.jpg,True,200,
22627024,Mực nang xào cần tây,https://concop19.github.io/daily-mate-assets/food_anime/dish_22627024.jpg,True,200,
22654895,Nước Dừa Thạch Rau Má,https://concop19.github.io/daily-mate-assets/food_anime/dish_22654895.jpg,True,200,
22655172,Bánh da lợn cuộn hoa hồng,https://concop19.github.io/daily-mate-assets/food_anime/dish_22655172.jpg,True,200,
22655355,Nấm Và Bông Cải Sốt Tóc Tiên Chay,https://concop19.github.io/daily-mate-assets/food_anime/dish_22655355.jpg,True,200,
22655465,"Khô Cá Trèn, Cá Chốt Chiên Chấm Mắm Me",https://concop19.github.io/daily-mate-assets/food_anime/dish_22655465.jpg,True,200,
22657518,Cải xanh nấu tôm,https://concop19.github.io/daily-mate-assets/food_anime/dish_22657518.jpg,True,200,
22658998,Nấm bào ngư kho tiêu,https://concop19.github.io/daily-mate-assets/food_anime/dish_22658998.jpg,True,200,
22659432,Canh chua CÁ LĂNG nấu khế,https://concop19.github.io/daily-mate-assets/food_anime/dish_22659432.jpg,True,200,
22660007,Lẩu bò nhúng giấm với khế chua,https://concop19.github.io/daily-mate-assets/food_anime/dish_22660007.jpg,True,200,
22660376,Cơm Gà Chiên Rau Củ Ăn Kèm Đậu Que Và Cá Hồi Áp Chảo,https://concop19.github.io/daily-mate-assets/food_anime/dish_22660376.jpg,True,200,
22661061,Pasta tôm bơ tỏi,https://concop19.github.io/daily-mate-assets/food_anime/dish_22661061.jpg,True,200,
22661237,Gỏi đu đủ tôm chua Huế,https://concop19.github.io/daily-mate-assets/food_anime/dish_22661237.jpg,True,200,
22661539,RAU CÂU thanh long ruột đỏ,https://concop19.github.io/daily-mate-assets/food_anime/dish_22661539.jpg,True,200,
22661601,Cá Trèn Kho Tiêu,https://concop19.github.io/daily-mate-assets/food_anime/dish_22661601.jpg,True,200,
22661819,🌿Lá bồ công anh xào tôm đất 🦐,https://concop19.github.io/daily-mate-assets/food_anime/dish_22661819.jpg,True,200,
22662515,Chân gà sả tắc ngâm tôm khô,https://concop19.github.io/daily-mate-assets/food_anime/dish_22662515.jpg,True,200,
22663427,Canh ngải cứu nấu mọc thịt,https://concop19.github.io/daily-mate-assets/food_anime/dish_22663427.jpg,True,200,
22663445,Canh mướp đắng nhồi thịt,https://concop19.github.io/daily-mate-assets/food_anime/dish_22663445.jpg,True,200,
22663681,Canh cá dìa nấu măng chua,https://concop19.github.io/daily-mate-assets/food_anime/dish_22663681.jpg,True,200,
22663888,Cơm Thịt Bò Bỏ Lò Với Ớt Chuông Ăn Kèm Thịt Bò Viên Áp Chảo,https://concop19.github.io/daily-mate-assets/food_anime/dish_22663888.jpg,True,200,
22663890,"Bánh Kaiser Với Thịt Bò Viên, Trứng, Phô Mai Và Cà Chua",https://concop19.github.io/daily-mate-assets/food_anime/dish_22663890.jpg,True,200,
22663892,Dẻ Sườn Heo Nướng Sốt Xá Xíu,https://concop19.github.io/daily-mate-assets/food_anime/dish_22663892.jpg,True,200,
22664358,Bánh đa hải sản,https://concop19.github.io/daily-mate-assets/food_anime/dish_22664358.jpg,True,200,
22665042,Gỏi khế trộn bò,https://concop19.github.io/daily-mate-assets/food_anime/dish_22665042.jpg,True,200,
22665063,Khế lắc muối tôm,https://concop19.github.io/daily-mate-assets/food_anime/dish_22665063.jpg,True,200,
22665076,Thịt rang,https://concop19.github.io/daily-mate-assets/food_anime/dish_22665076.jpg,True,200,
22665446,Mì Bò Trứng Kim Chi,https://concop19.github.io/daily-mate-assets/food_anime/dish_22665446.jpg,True,200,
22665600,Canh bí ngòi tôm thịt - Hủ tiếu bí ngòi tôm thịt,https://concop19.github.io/daily-mate-assets/food_anime/dish_22665600.jpg,True,200,
22665711,Canh sấu nấu nấm,https://concop19.github.io/daily-mate-assets/food_anime/dish_22665711.jpg,True,200,
22666103,Cá diêu hồng sốt cà,https://concop19.github.io/daily-mate-assets/food_anime/dish_22666103.jpg,True,200,
22666682,Canh cá lóc nấu khế,https://concop19.github.io/daily-mate-assets/food_anime/dish_22666682.jpg,True,200,
22667935,Cơm Chiên Ngô Và Xúc Xích Bò Tươi Ăn Kèm Với Đậu Cô Ve,https://concop19.github.io/daily-mate-assets/food_anime/dish_22667935.jpg,True,200,
22667941,Pasta Phô Mai Kem Và Cá Ngừ,https://concop19.github.io/daily-mate-assets/food_anime/dish_22667941.jpg,True,200,
22669393,Canh Bông Bí Cá Thác Lác,https://concop19.github.io/daily-mate-assets/food_anime/dish_22669393.jpg,True,200,
22669404,Cá hồi kho tương 🍣,https://concop19.github.io/daily-mate-assets/food_anime/dish_22669404.jpg,True,200,
22669477,Cháo hạt điều nấm kim,https://concop19.github.io/daily-mate-assets/food_anime/dish_22669477.jpg,True,200,
22669709,Nấm bào ngư ram mặn cho bé,https://concop19.github.io/daily-mate-assets/food_anime/dish_22669709.jpg,True,200,
22669735,Măng chua xào thịt heo(lợn),https://concop19.github.io/daily-mate-assets/food_anime/dish_22669735.jpg,True,200,
22670133,Bò nhúng mẻ,https://concop19.github.io/daily-mate-assets/food_anime/dish_22670133.jpg,True,200,
22672271,Khoai tây xào thịt heo,https://concop19.github.io/daily-mate-assets/food_anime/dish_22672271.jpg,True,200,
22672755,Gỏi trái cóc tôm thịt,https://concop19.github.io/daily-mate-assets/food_anime/dish_22672755.jpg,True,200,
22673154,Thịt xá xíu đơn giản,https://concop19.github.io/daily-mate-assets/food_anime/dish_22673154.jpg,True,200,
22674701,Cá Chốt Om Măng Chua Khế Chuối Chát,https://concop19.github.io/daily-mate-assets/food_anime/dish_22674701.jpg,True,200,
22675552,Cá Lăng Ướp Cơm Mẻ Nấu Giấm Bỗng,https://concop19.github.io/daily-mate-assets/food_anime/dish_22675552.jpg,True,200,
22676060,Canh mực nấu bí đỏ,https://concop19.github.io/daily-mate-assets/food_anime/dish_22676060.jpg,True,200,
22676805,Bò Xào Cải Bó Xôi,https://concop19.github.io/daily-mate-assets/food_anime/dish_22676805.jpg,True,200,
22677072,Canh bò nấu me,https://concop19.github.io/daily-mate-assets/food_anime/dish_22677072.jpg,True,200,
22677258,Mì Trứng Xào Bò & Cải Bó Xôi,https://concop19.github.io/daily-mate-assets/food_anime/dish_22677258.jpg,True,200,
22677482,Phở Áp Chảo Thịt Bò Xào,https://concop19.github.io/daily-mate-assets/food_anime/dish_22677482.jpg,True,200,
22677642,Miến Trộn Thịt Bò Bông Cải Xanh,https://concop19.github.io/daily-mate-assets/food_anime/dish_22677642.jpg,True,200,
22677659,Mực Luộc (Hấp) Mắm Gừng,https://concop19.github.io/daily-mate-assets/food_anime/dish_22677659.jpg,True,200,
22677719,"Bánh Gà, Ngô, Nấm",https://concop19.github.io/daily-mate-assets/food_anime/dish_22677719.jpg,True,200,
22677728,Cà Tím Nhồi Ức Gà Và Nấm Hương Tươi Nướng,https://concop19.github.io/daily-mate-assets/food_anime/dish_22677728.jpg,True,200,
22677733,"Cơm Cá Hồi, Súp Lơ Đút Lò",https://concop19.github.io/daily-mate-assets/food_anime/dish_22677733.jpg,True,200,
22677790,Cá Móm Chiên,https://concop19.github.io/daily-mate-assets/food_anime/dish_22677790.jpg,True,200,
22677795,Lẩu Đầu Cá Bớp Măng Chua,https://concop19.github.io/daily-mate-assets/food_anime/dish_22677795.jpg,True,200,
22677803,Cá Cờ Nấu Ngót,https://concop19.github.io/daily-mate-assets/food_anime/dish_22677803.jpg,True,200,
22677814,Cá Róc Chiên Cà Ri,https://concop19.github.io/daily-mate-assets/food_anime/dish_22677814.jpg,True,200,
22971737,Canh me đất thịt băm,https://concop19.github.io/daily-mate-assets/food_anime/dish_22971737.jpg,True,200,
22972380,Thịt cháy cạnh,https://concop19.github.io/daily-mate-assets/food_anime/dish_22972380.jpg,True,200,
22972597,Thịt heo bằm chưng mắm tôm sả riềng ớt,https://concop19.github.io/daily-mate-assets/food_anime/dish_22972597.jpg,True,200,
22972618,Bông cải xanh xào thịt vịt hun khói Hàn Quốc,https://concop19.github.io/daily-mate-assets/food_anime/dish_22972618.jpg,True,200,
22973595,Cá Sa Pa kho kim chi kiểu Hàn,https://concop19.github.io/daily-mate-assets/food_anime/dish_22973595.jpg,True,200,
22974109,SP.0861 - Nui Nơ Nấu Nấm Thịt Viên,https://concop19.github.io/daily-mate-assets/food_anime/dish_22974109.jpg,True,200,
23837982,Nấm chiên giòn,https://concop19.github.io/daily-mate-assets/food_anime/dish_23837982.jpg,True,200,
23838640,Mì Xào Nấm Chay,https://concop19.github.io/daily-mate-assets/food_anime/dish_23838640.jpg,True,200,
23838731,Đậu hũ non sốt nấm đông cô,https://concop19.github.io/daily-mate-assets/food_anime/dish_23838731.jpg,True,200,
23838743,Cà ri bò lát chay,https://concop19.github.io/daily-mate-assets/food_anime/dish_23838743.jpg,True,200,
23838909,Thịt rim nước mắm tỏi ớt,https://concop19.github.io/daily-mate-assets/food_anime/dish_23838909.jpg,True,200,
23839017,SP.0912 - Ba Rọi Heo Hồng Xíu,https://concop19.github.io/daily-mate-assets/food_anime/dish_23839017.jpg,True,200,
23839036,Cá Nục Kho Thơm Cà Bằng Nồi Áp Suất,https://concop19.github.io/daily-mate-assets/food_anime/dish_23839036.jpg,True,200,
23839322,Rau muống xào thịt trâu,https://concop19.github.io/daily-mate-assets/food_anime/dish_23839322.jpg,True,200,
23840961,Cá Nục Kho Măng,https://concop19.github.io/daily-mate-assets/food_anime/dish_23840961.jpg,True,200,
23842161,Cháo cá ăn sáng 2 màu cho bé,https://concop19.github.io/daily-mate-assets/food_anime/dish_23842161.jpg,True,200,
23842860,Cá nục chuối chiên xốt cà chua,https://concop19.github.io/daily-mate-assets/food_anime/dish_23842860.jpg,True,200,
23844070,Cá nục 1 nắng kho dứa,https://concop19.github.io/daily-mate-assets/food_anime/dish_23844070.jpg,True,200,
23844647,Canh chua mực tôm,https://concop19.github.io/daily-mate-assets/food_anime/dish_23844647.jpg,True,200,
23845662,Cá ngừ hấp,https://concop19.github.io/daily-mate-assets/food_anime/dish_23845662.jpg,True,200,
23845702,Mực xào bông cải cà rốt,https://concop19.github.io/daily-mate-assets/food_anime/dish_23845702.jpg,True,200,
23845726,Thịt sốt cam,https://concop19.github.io/daily-mate-assets/food_anime/dish_23845726.jpg,True,200,
23846395,Buổi sáng thanh đạm:HÁ CẢO TÔM-RONG BIỂN,https://concop19.github.io/daily-mate-assets/food_anime/dish_23846395.jpg,True,200,
23847433,Canh cải xanh nấm thì là,https://concop19.github.io/daily-mate-assets/food_anime/dish_23847433.jpg,True,200,
23847483,Tôm xào bắp cải 🥬 ớt chuông 🫑,https://concop19.github.io/daily-mate-assets/food_anime/dish_23847483.jpg,True,200,
23847497,Cá Hokke chiên giòn,https://concop19.github.io/daily-mate-assets/food_anime/dish_23847497.jpg,True,200,
23847595,Gỏi bò cà nổ,https://concop19.github.io/daily-mate-assets/food_anime/dish_23847595.jpg,True,200,
23849737,Đậu rồng xào bò,https://concop19.github.io/daily-mate-assets/food_anime/dish_23849737.jpg,True,200,
23849974,"Pizza Nấm Mỡ, Jambon, Phô Mai Mozzarella Bonus Trứng Gà",https://concop19.github.io/daily-mate-assets/food_anime/dish_23849974.jpg,True,200,
23850141,Nui sườn heo,https://concop19.github.io/daily-mate-assets/food_anime/dish_23850141.jpg,True,200,
23851069,Cháo ếch,https://concop19.github.io/daily-mate-assets/food_anime/dish_23851069.jpg,True,200,
23851285,Đậu hũ xào chay,https://concop19.github.io/daily-mate-assets/food_anime/dish_23851285.jpg,True,200,
23851630,Pizza thịt băm xúc xích ngô ngọt,https://concop19.github.io/daily-mate-assets/food_anime/dish_23851630.jpg,True,200,
23851712,Lẩu gà nấm các loại,https://concop19.github.io/daily-mate-assets/food_anime/dish_23851712.jpg,True,200,
23851808,Mì gà trộn cay cùng với bắp cải và nấm,https://concop19.github.io/daily-mate-assets/food_anime/dish_23851808.jpg,True,200,
23852301,Rau câu hạt chia,https://concop19.github.io/daily-mate-assets/food_anime/dish_23852301.jpg,True,200,
23852311,Đậu hũ túi tiền chay,https://concop19.github.io/daily-mate-assets/food_anime/dish_23852311.jpg,True,200,
23852592,Bánh bò lá dứa,https://concop19.github.io/daily-mate-assets/food_anime/dish_23852592.jpg,True,200,
23853031,Tôm xào bơ tỏi,https://concop19.github.io/daily-mate-assets/food_anime/dish_23853031.jpg,True,200,
23853749,Cà Chua Nhồi Chả Tôm Quết Áp Chảo,https://concop19.github.io/daily-mate-assets/food_anime/dish_23853749.jpg,True,200,
23853752,"Salad Táo, Bơ & Chả Tôm Quết Sốt Samurai",https://concop19.github.io/daily-mate-assets/food_anime/dish_23853752.jpg,True,200,
23854158,Trứng xào thịt cà chua,https://concop19.github.io/daily-mate-assets/food_anime/dish_23854158.jpg,True,200,
23854160,Thịt xay tóp mỡ giòn bì rang mắm ruốc,https://concop19.github.io/daily-mate-assets/food_anime/dish_23854160.jpg,True,200,
23854221,"Nui sốt, thịt băm, kem tươi, phô mai",https://concop19.github.io/daily-mate-assets/food_anime/dish_23854221.jpg,True,200,
23855155,Thịt Bò Ớt Chuông Xiên Que Nướng NCKD,https://concop19.github.io/daily-mate-assets/food_anime/dish_23855155.jpg,True,200,
23855157,Pizza Tôm Ớt Chuông NCKD,https://concop19.github.io/daily-mate-assets/food_anime/dish_23855157.jpg,True,200,
23855227,"Ớt chuông, squash xào nấm",https://concop19.github.io/daily-mate-assets/food_anime/dish_23855227.jpg,True,200,
23855255,Canh khoai rau muống,https://concop19.github.io/daily-mate-assets/food_anime/dish_23855255.jpg,True,200,
23862655,Da heo xào cải xoăn,https://concop19.github.io/daily-mate-assets/food_anime/dish_23862655.jpg,True,200,
23862680,Thịt heo xào kiểu Hàn,https://concop19.github.io/daily-mate-assets/food_anime/dish_23862680.jpg,True,200,
23867511,Canh thịt xay nấu xà lách xoong,https://concop19.github.io/daily-mate-assets/food_anime/dish_23867511.jpg,True,200,
23868215,Cá trê vàng kho tộ,https://concop19.github.io/daily-mate-assets/food_anime/dish_23868215.jpg,True,200,
23868227,Trứng chiên trám đen và thịt băm,https://concop19.github.io/daily-mate-assets/food_anime/dish_23868227.jpg,True,200,
23868230,Bánh đa cá rô đồng,https://concop19.github.io/daily-mate-assets/food_anime/dish_23868230.jpg,True,200,
23870378,Nấm Mỡ Nhồi Thịt Băm Húng Tây Nướng,https://concop19.github.io/daily-mate-assets/food_anime/dish_23870378.jpg,True,200,
23870553,Đậu đũa xào bò,https://concop19.github.io/daily-mate-assets/food_anime/dish_23870553.jpg,True,200,
23870605,Thịt viên rim bơ tỏi,https://concop19.github.io/daily-mate-assets/food_anime/dish_23870605.jpg,True,200,
23870608,Canh khoai tây cà rốt nấu thịt viên,https://concop19.github.io/daily-mate-assets/food_anime/dish_23870608.jpg,True,200,
23870612,Mướp giá xào thịt ba rọi,https://concop19.github.io/daily-mate-assets/food_anime/dish_23870612.jpg,True,200,
23870618,Cơm trộn cá ngừ ngâm dầu sốt mayonaise,https://concop19.github.io/daily-mate-assets/food_anime/dish_23870618.jpg,True,200,
23871275,"Cá dìa nấu măng, lá giang",https://concop19.github.io/daily-mate-assets/food_anime/dish_23871275.jpg,True,200,
23872322,Salad Rau Diếp Cà Chua & Thịt Ba Rọi Rang Cháy Cạnh,https://concop19.github.io/daily-mate-assets/food_anime/dish_23872322.jpg,True,200,
23873265,"Canh bầu, rau dền nấu tôm",https://concop19.github.io/daily-mate-assets/food_anime/dish_23873265.jpg,True,200,
23873282,Đậu làng Mơ rim thịt băm,https://concop19.github.io/daily-mate-assets/food_anime/dish_23873282.jpg,True,200,
23873294,Tôm lột rim tiêu,https://concop19.github.io/daily-mate-assets/food_anime/dish_23873294.jpg,True,200,
23873644,Mực sim xào ớt chuông,https://concop19.github.io/daily-mate-assets/food_anime/dish_23873644.jpg,True,200,
23873652,Salad ớt chuông thịt bò,https://concop19.github.io/daily-mate-assets/food_anime/dish_23873652.jpg,True,200,
23873777,Canh Hẹ Đậu Hũ,https://concop19.github.io/daily-mate-assets/food_anime/dish_23873777.jpg,True,200,
23874444,🌱 Nấm Xào Đậu Hà Lan & Ớt Chuông Đỏ,https://concop19.github.io/daily-mate-assets/food_anime/dish_23874444.jpg,True,200,
23874515,Canh bí đỏ thịt bằm,https://concop19.github.io/daily-mate-assets/food_anime/dish_23874515.jpg,True,200,
23875319,Nấm Kim Châm Cuộn Rong Biển Chiên Giòn Chay,https://concop19.github.io/daily-mate-assets/food_anime/dish_23875319.jpg,True,200,
23876311,Canh rau ngót nấu ngưu bàng và nấm,https://concop19.github.io/daily-mate-assets/food_anime/dish_23876311.jpg,True,200,
23877247,Susu cà rốt xào nấm mèo,https://concop19.github.io/daily-mate-assets/food_anime/dish_23877247.jpg,True,200,
23877459,Rau Diếp Cuốn Phi Lê Bò Áp Chảo & Kim Chi Chấm Sốt Ssamjang Hàn Quốc,https://concop19.github.io/daily-mate-assets/food_anime/dish_23877459.jpg,True,200,
23878572,"Bún Trộn Thịt Ba Chỉ Nướng, Kim Chi & Rau Diếp Non Sốt Ssamjang",https://concop19.github.io/daily-mate-assets/food_anime/dish_23878572.jpg,True,200,
23879154,Bún thái hải sản,https://concop19.github.io/daily-mate-assets/food_anime/dish_23879154.jpg,True,200,
23880105,Bánh Xèo Rau Rừng,https://concop19.github.io/daily-mate-assets/food_anime/dish_23880105.jpg,True,200,
23880106,Nui Xào Tôm Súp Lơ,https://concop19.github.io/daily-mate-assets/food_anime/dish_23880106.jpg,True,200,
23881667,Canh bí đỏ nấu thịt viên,https://concop19.github.io/daily-mate-assets/food_anime/dish_23881667.jpg,True,200,
23881669,Canh bắp cải cuộn thịt,https://concop19.github.io/daily-mate-assets/food_anime/dish_23881669.jpg,True,200,
23882117,Salad Cá Trích Xông Khói,https://concop19.github.io/daily-mate-assets/food_anime/dish_23882117.jpg,True,200,
23882195,Súp bánh phồng tôm nấu sườn,https://concop19.github.io/daily-mate-assets/food_anime/dish_23882195.jpg,True,200,
23882324,"Cháo tôm, nấm tươi",https://concop19.github.io/daily-mate-assets/food_anime/dish_23882324.jpg,True,200,
23882326,Tôm bồ hóc rim để dành,https://concop19.github.io/daily-mate-assets/food_anime/dish_23882326.jpg,True,200,
23882328,"Đầu cá song nấu măng, lá giang",https://concop19.github.io/daily-mate-assets/food_anime/dish_23882328.jpg,True,200,
23882346,Canh bắp cải cà rốt nấu thịt,https://concop19.github.io/daily-mate-assets/food_anime/dish_23882346.jpg,True,200,
23882351,"Cá nục hấp sả, gừng",https://concop19.github.io/daily-mate-assets/food_anime/dish_23882351.jpg,True,200,
23882357,"Thịt bò nấu lá giang, giá đỗ",https://concop19.github.io/daily-mate-assets/food_anime/dish_23882357.jpg,True,200,
23882366,Cá chim sốt mắm tỏi,https://concop19.github.io/daily-mate-assets/food_anime/dish_23882366.jpg,True,200,
23882391,"Gỏi bò cà pháo, lạp xưởng",https://concop19.github.io/daily-mate-assets/food_anime/dish_23882391.jpg,True,200,
23882401,Thịt ba rọi rang me,https://concop19.github.io/daily-mate-assets/food_anime/dish_23882401.jpg,True,200,
23882407,Sườn Bò Ủ Áp Chảo Gang,https://concop19.github.io/daily-mate-assets/food_anime/dish_23882407.jpg,True,200,
23882438,Bún Trộn Bò Ủ Áp Chảo & Xà Lách Romaine,https://concop19.github.io/daily-mate-assets/food_anime/dish_23882438.jpg,True,200,
23882443,Cá sủ nấu canh chua với chả cá,https://concop19.github.io/daily-mate-assets/food_anime/dish_23882443.jpg,True,200,
23882470,Ớt chuông xào thịt bò,https://concop19.github.io/daily-mate-assets/food_anime/dish_23882470.jpg,True,200,
23882505,Salad Cải Diếp Cà Rốt Thanh Cua Sốt Caesar,https://concop19.github.io/daily-mate-assets/food_anime/dish_23882505.jpg,True,200,
23882521,Cá Đuối Luộc Súp Bouillon Kèm Đậu Hà Lan Cà Rốt,https://concop19.github.io/daily-mate-assets/food_anime/dish_23882521.jpg,True,200,
23883359,Rau càng cua trộn trứng sốt cà chua siêu nhanh,https://concop19.github.io/daily-mate-assets/food_anime/dish_23883359.jpg,True,200,
23884011,Mực nấu canh chua lá lốt,https://concop19.github.io/daily-mate-assets/food_anime/dish_23884011.jpg,True,200,
23884021,Lưỡi heo kho chao,https://concop19.github.io/daily-mate-assets/food_anime/dish_23884021.jpg,True,200,
23884176,Nộm tép (hoặc tôm),https://concop19.github.io/daily-mate-assets/food_anime/dish_23884176.jpg,True,200,
23884331,Chân nấm kho sả nghệ,https://concop19.github.io/daily-mate-assets/food_anime/dish_23884331.jpg,True,200,
23885283,"Rau bò khai xào tóp mỡ, tôm và bánh đa nắm Quỳnh Côi",https://concop19.github.io/daily-mate-assets/food_anime/dish_23885283.jpg,True,200,
23885292,"Cơm nắm rong biển, cá ngừ ngâm dầu",https://concop19.github.io/daily-mate-assets/food_anime/dish_23885292.jpg,True,200,
23885416,Cơm rang trứng cá tầm,https://concop19.github.io/daily-mate-assets/food_anime/dish_23885416.jpg,True,200,
23885434,"Phở (bánh đa) xào rau bò khai, thịt bò",https://concop19.github.io/daily-mate-assets/food_anime/dish_23885434.jpg,True,200,
23885441,Rau bò khai xào thịt băm,https://concop19.github.io/daily-mate-assets/food_anime/dish_23885441.jpg,True,200,
23885448,Rau bò khai xào bánh đa nắm Quỳnh Côi,https://concop19.github.io/daily-mate-assets/food_anime/dish_23885448.jpg,True,200,
23885451,Cơm rang trứng cá hồi,https://concop19.github.io/daily-mate-assets/food_anime/dish_23885451.jpg,True,200,
23885453,Cải thìa xào nấm hương tươi,https://concop19.github.io/daily-mate-assets/food_anime/dish_23885453.jpg,True,200,
23885459,Canh thịt băm nấu chanh trà,https://concop19.github.io/daily-mate-assets/food_anime/dish_23885459.jpg,True,200,
23885512,Cá ông cụ chiên sốt chua ngọt,https://concop19.github.io/daily-mate-assets/food_anime/dish_23885512.jpg,True,200,
23885971,Thịt heo xào nấm mỡ,https://concop19.github.io/daily-mate-assets/food_anime/dish_23885971.jpg,True,200,
23886382,Cá Thu Nấu Bông Me,https://concop19.github.io/daily-mate-assets/food_anime/dish_23886382.jpg,True,200,
23887428,Cơm gạo lứt ức gà xào nấm mỡ,https://concop19.github.io/daily-mate-assets/food_anime/dish_23887428.jpg,True,200,
23889153,Nấm rim me,https://concop19.github.io/daily-mate-assets/food_anime/dish_23889153.jpg,True,200,
23889288,Ramen thịt heo đơn giản,https://concop19.github.io/daily-mate-assets/food_anime/dish_23889288.jpg,True,200,
23890269,Soup khoai tây chân nấm,https://concop19.github.io/daily-mate-assets/food_anime/dish_23890269.jpg,True,200,
23890726,Thịt Xíu Hội An,https://concop19.github.io/daily-mate-assets/food_anime/dish_23890726.jpg,True,200,
23891363,Gỏi rau má chay,https://concop19.github.io/daily-mate-assets/food_anime/dish_23891363.jpg,True,200,
23892928,Hũ Tiếu Hải Sản,https://concop19.github.io/daily-mate-assets/food_anime/dish_23892928.jpg,True,200,
23893732,Rau câu mix,https://concop19.github.io/daily-mate-assets/food_anime/dish_23893732.jpg,True,200,
23893931,Thịt heo nướng cam,https://concop19.github.io/daily-mate-assets/food_anime/dish_23893931.jpg,True,200,
23894892,"Canh hẹ nấu mọc thịt, đậu và nấm rơm",https://concop19.github.io/daily-mate-assets/food_anime/dish_23894892.jpg,True,200,
23894903,Đầu cá măng nấu chua,https://concop19.github.io/daily-mate-assets/food_anime/dish_23894903.jpg,True,200,
23894911,Canh bầu nấu mực,https://concop19.github.io/daily-mate-assets/food_anime/dish_23894911.jpg,True,200,
23894918,Đậu cove xào thịt bò,https://concop19.github.io/daily-mate-assets/food_anime/dish_23894918.jpg,True,200,
23895410,Nấm đùi gà rim,https://concop19.github.io/daily-mate-assets/food_anime/dish_23895410.jpg,True,200,
23895526,"Cá Thu, Nấm Mỡ, Khoai Tây Đút Lò Kèm Sốt Cam Bơ",https://concop19.github.io/daily-mate-assets/food_anime/dish_23895526.jpg,True,200,
23895963,Miến dong xào cua,https://concop19.github.io/daily-mate-assets/food_anime/dish_23895963.jpg,True,200,
23897670,Canh cải thảo thịt băm,https://concop19.github.io/daily-mate-assets/food_anime/dish_23897670.jpg,True,200,
23899816,Bí Ngòi Nhồi Thịt Băm Sốt Kem Chua Thì Là,https://concop19.github.io/daily-mate-assets/food_anime/dish_23899816.jpg,True,200,
23901824,SP.0863 - Thăn Heo Xào Ớt Chuông,https://concop19.github.io/daily-mate-assets/food_anime/dish_23901824.jpg,True,200,
23902301,Nấm đút lò (Baked mushrooms),https://concop19.github.io/daily-mate-assets/food_anime/dish_23902301.jpg,True,200,
23903303,"Rau Mùa Hè Thập Cẩm: Đậu Que Vàng, Lá Củ Dền, Bí Ngòi Xào Dầu Hào",https://concop19.github.io/daily-mate-assets/food_anime/dish_23903303.jpg,True,200,
23904024,Canh rau mùng tơi,https://concop19.github.io/daily-mate-assets/food_anime/dish_23904024.jpg,True,200,
23905709,Salad mix rau củ,https://concop19.github.io/daily-mate-assets/food_anime/dish_23905709.jpg,True,200,
23906108,Thịt bò xào lá cách,https://concop19.github.io/daily-mate-assets/food_anime/dish_23906108.jpg,True,200,
23906199,Pasta sốt bí đỏ & cá hồi,https://concop19.github.io/daily-mate-assets/food_anime/dish_23906199.jpg,True,200,
23908277,SP.0853 - Canh Thịt Xay Khoai Sọ Nấu Nấm Hương,https://concop19.github.io/daily-mate-assets/food_anime/dish_23908277.jpg,True,200,
23910295,Canh thịt bò nấu khế,https://concop19.github.io/daily-mate-assets/food_anime/dish_23910295.jpg,True,200,
23910405,Tai heo ngâm chua ngọt,https://concop19.github.io/daily-mate-assets/food_anime/dish_23910405.jpg,True,200,
23912068,SP.0915 - Thịt Heo Xào Chao Đỏ,https://concop19.github.io/daily-mate-assets/food_anime/dish_23912068.jpg,True,200,
23912149,Bánh hỏi lòng heo - món ngon xứ Nẫu (Bình Định - Phú Yên),https://concop19.github.io/daily-mate-assets/food_anime/dish_23912149.jpg,True,200,
23913313,Tôm chiên nckd,https://concop19.github.io/daily-mate-assets/food_anime/dish_23913313.jpg,True,200,
23916047,SP.0938 - Thịt Heo Xào Dưa Leo Tàu Xì,https://concop19.github.io/daily-mate-assets/food_anime/dish_23916047.jpg,True,200,
23916071,Thịt Heo Bọc Sả,https://concop19.github.io/daily-mate-assets/food_anime/dish_23916071.jpg,True,200,
23916272,Ba chỉ sốt tắc (heo),https://concop19.github.io/daily-mate-assets/food_anime/dish_23916272.jpg,True,200,
23918760,Thịt ba chỉ sốt chua ngọt,https://concop19.github.io/daily-mate-assets/food_anime/dish_23918760.jpg,True,200,
23918882,Canh hẹ nấu cá quả,https://concop19.github.io/daily-mate-assets/food_anime/dish_23918882.jpg,True,200,
23918883,Thịt nách lợn luộc,https://concop19.github.io/daily-mate-assets/food_anime/dish_23918883.jpg,True,200,
23918884,Canh bí xanh nấu tôm và nấm đùi gà,https://concop19.github.io/daily-mate-assets/food_anime/dish_23918884.jpg,True,200,
23918892,"Gỏi rau, củ, quả và rong biển",https://concop19.github.io/daily-mate-assets/food_anime/dish_23918892.jpg,True,200,
23918898,Salad rau quả và rong biển,https://concop19.github.io/daily-mate-assets/food_anime/dish_23918898.jpg,True,200,
23918914,Canh rau sắng nấu tôm,https://concop19.github.io/daily-mate-assets/food_anime/dish_23918914.jpg,True,200,
23920013,Đậu hũ tôm thịt sốt sa tế,https://concop19.github.io/daily-mate-assets/food_anime/dish_23920013.jpg,True,200,
23920200,Cá Liệt Lệ Kho Khế,https://concop19.github.io/daily-mate-assets/food_anime/dish_23920200.jpg,True,200,
23920647,Canh măng củ muối nấu nấm,https://concop19.github.io/daily-mate-assets/food_anime/dish_23920647.jpg,True,200,
23920774,Salad Tôm Eat Clean 🦐,https://concop19.github.io/daily-mate-assets/food_anime/dish_23920774.jpg,True,200,
23920789,Mì Quảng Xào Tôm Thịt Eat Clean,https://concop19.github.io/daily-mate-assets/food_anime/dish_23920789.jpg,True,200,
23920818,Bún Cá Ngừ Chả Cá Eat Clean,https://concop19.github.io/daily-mate-assets/food_anime/dish_23920818.jpg,True,200,
23920895,Cải Thảo Cuộn Tôm Thịt Kiểu Đài Loan,https://concop19.github.io/daily-mate-assets/food_anime/dish_23920895.jpg,True,200,
23921903,Cá Nhám Đốm Kho Tộ,https://concop19.github.io/daily-mate-assets/food_anime/dish_23921903.jpg,True,200,
23922232,SP.0854 - Mì Bò Ngũ Sắc,https://concop19.github.io/daily-mate-assets/food_anime/dish_23922232.jpg,True,200,
23922413,Mực Nướng,https://concop19.github.io/daily-mate-assets/food_anime/dish_23922413.jpg,True,200,
23922418,Cà Tím Om Thịt Heo,https://concop19.github.io/daily-mate-assets/food_anime/dish_23922418.jpg,True,200,
23922421,Canh Cải Bó Xôi Tôm Thịt,https://concop19.github.io/daily-mate-assets/food_anime/dish_23922421.jpg,True,200,
23922647,Gỏi Tôm Dưa Leo Ớt Chuông,https://concop19.github.io/daily-mate-assets/food_anime/dish_23922647.jpg,True,200,
23923046,"Củ Dền, Lá Củ Dền & Phi Lê Bò Xào Tái",https://concop19.github.io/daily-mate-assets/food_anime/dish_23923046.jpg,True,200,
23923057,"Đùi Vịt Sốt Cà Chua, Nấm Mỡ & Olive Xanh",https://concop19.github.io/daily-mate-assets/food_anime/dish_23923057.jpg,True,200,
23923090,Nui Sốt Kem Nấm Thì Là & Cá Hồi Gravlax,https://concop19.github.io/daily-mate-assets/food_anime/dish_23923090.jpg,True,200,
23923629,Cải Chua Xào Đuôi Heo,https://concop19.github.io/daily-mate-assets/food_anime/dish_23923629.jpg,True,200,
23924055,Cá Nục Gai Muối Chiên,https://concop19.github.io/daily-mate-assets/food_anime/dish_23924055.jpg,True,200,
23924555,Rau mồng tơi nấu tôm,https://concop19.github.io/daily-mate-assets/food_anime/dish_23924555.jpg,True,200,
23924557,"Salad rau quả, rong biển",https://concop19.github.io/daily-mate-assets/food_anime/dish_23924557.jpg,True,200,
23924571,"Thịt bò, vó bò xào bắp cải",https://concop19.github.io/daily-mate-assets/food_anime/dish_23924571.jpg,True,200,
23925616,Bánh đa xào nước trộn rau thơm,https://concop19.github.io/daily-mate-assets/food_anime/dish_23925616.jpg,True,200,
23926414,Chả giò cá rô phi,https://concop19.github.io/daily-mate-assets/food_anime/dish_23926414.jpg,True,200,
23926421,Canh rau đay nấu tôm thịt,https://concop19.github.io/daily-mate-assets/food_anime/dish_23926421.jpg,True,200,
23926426,Thịt lăn bột chiên,https://concop19.github.io/daily-mate-assets/food_anime/dish_23926426.jpg,True,200,
23926435,Cá rô phi lăn bột chiên giòn,https://concop19.github.io/daily-mate-assets/food_anime/dish_23926435.jpg,True,200,
23926438,Bún cá chấm và các món ăn kèm,https://concop19.github.io/daily-mate-assets/food_anime/dish_23926438.jpg,True,200,
23926440,Bún Thái mực cá viên,https://concop19.github.io/daily-mate-assets/food_anime/dish_23926440.jpg,True,200,
23926441,Mì Thái hải sản,https://concop19.github.io/daily-mate-assets/food_anime/dish_23926441.jpg,True,200,
23926692,Bento box 13: Bánh bao thịt kho Đài Loan,https://concop19.github.io/daily-mate-assets/food_anime/dish_23926692.jpg,True,200,
23926953,Rau cải xanh xào chả lụa,https://concop19.github.io/daily-mate-assets/food_anime/dish_23926953.jpg,True,200,
23927871,Cá Bè Lão Nướng,https://concop19.github.io/daily-mate-assets/food_anime/dish_23927871.jpg,True,200,
23928758,"Củ cải kho chả lụa, nấm hương",https://concop19.github.io/daily-mate-assets/food_anime/dish_23928758.jpg,True,200,
23928914,Bò Xào Củ Kiệu Tươi,https://concop19.github.io/daily-mate-assets/food_anime/dish_23928914.jpg,True,200,
23929212,Ngó Môn Xào Thịt Bò,https://concop19.github.io/daily-mate-assets/food_anime/dish_23929212.jpg,True,200,
23929460,Gỏi Đu Đủ Tai Heo,https://concop19.github.io/daily-mate-assets/food_anime/dish_23929460.jpg,True,200,
23929571,SP.0905 - Canh Giò Heo Xá Bấu Tóc Tiên,https://concop19.github.io/daily-mate-assets/food_anime/dish_23929571.jpg,True,200,
23929693,Tôm chiên sốt hồng,https://concop19.github.io/daily-mate-assets/food_anime/dish_23929693.jpg,True,200,
23929799,Cá nhâm dim chay,https://concop19.github.io/daily-mate-assets/food_anime/dish_23929799.jpg,True,200,
23929990,Bò cuộn lá lốt,https://concop19.github.io/daily-mate-assets/food_anime/dish_23929990.jpg,True,200,
23930013,Canh cá nấu suông với lá lốt,https://concop19.github.io/daily-mate-assets/food_anime/dish_23930013.jpg,True,200,
23932196,Cá Đục Chiên Giòn Chấm Mắm Ngò,https://concop19.github.io/daily-mate-assets/food_anime/dish_23932196.jpg,True,200,
23932198,Cá Liệt Nạng Kho Tiêu,https://concop19.github.io/daily-mate-assets/food_anime/dish_23932198.jpg,True,200,
23932617,SP.0858 - Thịt Bằm Kho,https://concop19.github.io/daily-mate-assets/food_anime/dish_23932617.jpg,True,200,
23932934,Canh rong xà lách thịt bằm đậu hũ (rong lục ulva),https://concop19.github.io/daily-mate-assets/food_anime/dish_23932934.jpg,True,200,
23933383,Thịt rang hành tím,https://concop19.github.io/daily-mate-assets/food_anime/dish_23933383.jpg,True,200,
23933760,Rau lang om tỏi,https://concop19.github.io/daily-mate-assets/food_anime/dish_23933760.jpg,True,200,
23934725,"Sách Bò, Khăn Lông Xào Ớt Chuông Vị Cà Ri Thái Đỏ",https://concop19.github.io/daily-mate-assets/food_anime/dish_23934725.jpg,True,200,
23934793,Cá Bè Diễn Nấu Rau Cần,https://concop19.github.io/daily-mate-assets/food_anime/dish_23934793.jpg,True,200,
23935000,"Bánh canh nấm, đậu và rong biển",https://concop19.github.io/daily-mate-assets/food_anime/dish_23935000.jpg,True,200,
23935002,Bắp nếp Điện Biên trộn rau củ và sốt hummus,https://concop19.github.io/daily-mate-assets/food_anime/dish_23935002.jpg,True,200,
23935028,Cá măng (cá nhồng) sốt cà,https://concop19.github.io/daily-mate-assets/food_anime/dish_23935028.jpg,True,200,
23935265,"Cơm gạo lứt đen, đậu xanh, đậu lăng trộn rau củ",https://concop19.github.io/daily-mate-assets/food_anime/dish_23935265.jpg,True,200,
23935313,"Canh củ nấu cá quả, tôm",https://concop19.github.io/daily-mate-assets/food_anime/dish_23935313.jpg,True,200,
23936560,Lẩu cua biển,https://concop19.github.io/daily-mate-assets/food_anime/dish_23936560.jpg,True,200,
23936847,Sườn heo hầm Hàn Quốc,https://concop19.github.io/daily-mate-assets/food_anime/dish_23936847.jpg,True,200,
23937078,Canh Cà Chua Bò Rau Răm,https://concop19.github.io/daily-mate-assets/food_anime/dish_23937078.jpg,True,200,
23937177,Bánh xèo hẹ tôm 🍤,https://concop19.github.io/daily-mate-assets/food_anime/dish_23937177.jpg,True,200,
23937392,Cải thảo cuộn thịt sốt cà chua,https://concop19.github.io/daily-mate-assets/food_anime/dish_23937392.jpg,True,200,
23937927,Bắp cải tím xào thịt heo,https://concop19.github.io/daily-mate-assets/food_anime/dish_23937927.jpg,True,200,
23938560,Gỏi gân bò cóc non,https://concop19.github.io/daily-mate-assets/food_anime/dish_23938560.jpg,True,200,
23938606,Canh dưa hồng nấu tôm,https://concop19.github.io/daily-mate-assets/food_anime/dish_23938606.jpg,True,200,
23938985,Lẩu Riêu Cua Đồng Bắp Bò Ngày Quốc Khánh 2/9,https://concop19.github.io/daily-mate-assets/food_anime/dish_23938985.jpg,True,200,
23939061,Bánh Xèo Nấm,https://concop19.github.io/daily-mate-assets/food_anime/dish_23939061.jpg,True,200,
23939092,Canh Giò Heo Nấu Măng,https://concop19.github.io/daily-mate-assets/food_anime/dish_23939092.jpg,True,200,
23939101,Tôm Sú Biển Chiên Khoai,https://concop19.github.io/daily-mate-assets/food_anime/dish_23939101.jpg,True,200,
23939113,Mì Ý Bò Bằm Phomai Mozzarella,https://concop19.github.io/daily-mate-assets/food_anime/dish_23939113.jpg,True,200,
23939200,Cháo Hàu Nấm,https://concop19.github.io/daily-mate-assets/food_anime/dish_23939200.jpg,True,200,
23939204,Bánh Xèo Tôm Mực,https://concop19.github.io/daily-mate-assets/food_anime/dish_23939204.jpg,True,200,
23940575,Đậu hũ non hấp thịt xay,https://concop19.github.io/daily-mate-assets/food_anime/dish_23940575.jpg,True,200,
23940615,Tôm Nấu Mì Gói,https://concop19.github.io/daily-mate-assets/food_anime/dish_23940615.jpg,True,200,
23940622,Cá Hồng Nấu Cà Chua,https://concop19.github.io/daily-mate-assets/food_anime/dish_23940622.jpg,True,200,
23941703,Thịt nhồi cải thìa chiên giòn,https://concop19.github.io/daily-mate-assets/food_anime/dish_23941703.jpg,True,200,
23941914,Bít tết bò aukobe,https://concop19.github.io/daily-mate-assets/food_anime/dish_23941914.jpg,True,200,
23941950,Rau muống xào tóp mỡ,https://concop19.github.io/daily-mate-assets/food_anime/dish_23941950.jpg,True,200,
23941997,Cá dứa 1 nắng chiên,https://concop19.github.io/daily-mate-assets/food_anime/dish_23941997.jpg,True,200,
23942062,Giò Heo Hầm Tóc Tiên,https://concop19.github.io/daily-mate-assets/food_anime/dish_23942062.jpg,True,200,
23942129,Tôm bóc vỏ rim tiêu,https://concop19.github.io/daily-mate-assets/food_anime/dish_23942129.jpg,True,200,
23942133,Canh gà nấu cải đắng và nấm đông cô,https://concop19.github.io/daily-mate-assets/food_anime/dish_23942133.jpg,True,200,
23942269,Tảo Chile xào nấm và ớt chuông,https://concop19.github.io/daily-mate-assets/food_anime/dish_23942269.jpg,True,200,
23942394,Tôm xốt phô mai bỏ lò,https://concop19.github.io/daily-mate-assets/food_anime/dish_23942394.jpg,True,200,
23942918,Cá Trê Kho Gừng,https://concop19.github.io/daily-mate-assets/food_anime/dish_23942918.jpg,True,200,
23942929,Bún Đậu Thịt Luộc Mắm Tôm,https://concop19.github.io/daily-mate-assets/food_anime/dish_23942929.jpg,True,200,
23942960,"Pizza Lardon, Nấm Mỡ Full 3 Loại Phô Mai",https://concop19.github.io/daily-mate-assets/food_anime/dish_23942960.jpg,True,200,
23943005,Mực Ống Nướng Tươi Vắt Chanh Vàng,https://concop19.github.io/daily-mate-assets/food_anime/dish_23943005.jpg,True,200,
23943178,Mắm Cá Thu Muối Vùi Chưng Thịt Băm,https://concop19.github.io/daily-mate-assets/food_anime/dish_23943178.jpg,True,200,
23943435,Canh mồng tơi nấu đuôi heo,https://concop19.github.io/daily-mate-assets/food_anime/dish_23943435.jpg,True,200,
23943451,Đuôi heo chiên giòn lắc tắc,https://concop19.github.io/daily-mate-assets/food_anime/dish_23943451.jpg,True,200,
23943898,"Salad Trộn Trứng Luộc, Cá Cơm Muối & Nụ Bạch Hoa",https://concop19.github.io/daily-mate-assets/food_anime/dish_23943898.jpg,True,200,
23944258,Cá rô phi chiên giòn(món chay),https://concop19.github.io/daily-mate-assets/food_anime/dish_23944258.jpg,True,200,
23944296,SP.0904 - Khoai Môn Chưng Thịt Bào Ngư,https://concop19.github.io/daily-mate-assets/food_anime/dish_23944296.jpg,True,200,
23945045,Canh Rau Tần Ô Nấu Nấm,https://concop19.github.io/daily-mate-assets/food_anime/dish_23945045.jpg,True,200,
23945200,Mực viên chiên,https://concop19.github.io/daily-mate-assets/food_anime/dish_23945200.jpg,True,200,
23945549,Mì gói nấu tôm trứng,https://concop19.github.io/daily-mate-assets/food_anime/dish_23945549.jpg,True,200,
23945640,Cháo Khoai Lang Tím Thịt Heo,https://concop19.github.io/daily-mate-assets/food_anime/dish_23945640.jpg,True,200,
23945757,Canh Cá Lóc Nấu Cải Bẹ Xanh,https://concop19.github.io/daily-mate-assets/food_anime/dish_23945757.jpg,True,200,
23946036,Cá bống tượng chưng nước tương,https://concop19.github.io/daily-mate-assets/food_anime/dish_23946036.jpg,True,200,
23946061,Cơm rang cá mặn,https://concop19.github.io/daily-mate-assets/food_anime/dish_23946061.jpg,True,200,
23947709,Nui Nấu Tôm Thịt,https://concop19.github.io/daily-mate-assets/food_anime/dish_23947709.jpg,True,200,
23947711,Mì Trứng Sườn Tôm Thịt,https://concop19.github.io/daily-mate-assets/food_anime/dish_23947711.jpg,True,200,
23947714,Bánh Phồng Tôm Nấu Tôm Thịt,https://concop19.github.io/daily-mate-assets/food_anime/dish_23947714.jpg,True,200,
23947864,Canh chua cá cờ,https://concop19.github.io/daily-mate-assets/food_anime/dish_23947864.jpg,True,200,
23947898,Canh tôm và mộc nấu khổ qua,https://concop19.github.io/daily-mate-assets/food_anime/dish_23947898.jpg,True,200,
23948083,Bánh da lợn vân thủy,https://concop19.github.io/daily-mate-assets/food_anime/dish_23948083.jpg,True,200,
23948187,Mực Xào Củ Kiệu Tươi,https://concop19.github.io/daily-mate-assets/food_anime/dish_23948187.jpg,True,200,
23948189,Gỏi Mực Hoa Chuối,https://concop19.github.io/daily-mate-assets/food_anime/dish_23948189.jpg,True,200,
23948206,Thịt băm hấp,https://concop19.github.io/daily-mate-assets/food_anime/dish_23948206.jpg,True,200,
23948286,Đậu hũ(phụ) rim,https://concop19.github.io/daily-mate-assets/food_anime/dish_23948286.jpg,True,200,
23948687,Canh khoai tây nấu thịt xay,https://concop19.github.io/daily-mate-assets/food_anime/dish_23948687.jpg,True,200,
23948893,Trứng Cút Luộc Chấm Muối Rau Răm,https://concop19.github.io/daily-mate-assets/food_anime/dish_23948893.jpg,True,200,
23948929,Nấm Mỡ Xào Cà Chua Bi (Vegan),https://concop19.github.io/daily-mate-assets/food_anime/dish_23948929.jpg,True,200,
23948951,Cá Mòi Tươi Nướng Than Hồng,https://concop19.github.io/daily-mate-assets/food_anime/dish_23948951.jpg,True,200,
23949078,🦑Mực nhồi thịt sốt dầu hào,https://concop19.github.io/daily-mate-assets/food_anime/dish_23949078.jpg,True,200,
23950276,Cá chuồn chiên sả nghệ,https://concop19.github.io/daily-mate-assets/food_anime/dish_23950276.jpg,True,200,
23950463,Cá bạc má nướng than hoa,https://concop19.github.io/daily-mate-assets/food_anime/dish_23950463.jpg,True,200,
23950475,Tôm càng xanh luộc nước dừa,https://concop19.github.io/daily-mate-assets/food_anime/dish_23950475.jpg,True,200,
23950516,Cơm thịt khìa (kiểu cơm tấm Long Xuyên),https://concop19.github.io/daily-mate-assets/food_anime/dish_23950516.jpg,True,200,
23950560,Cá Mặt Quỷ Nướng Cà Rốt,https://concop19.github.io/daily-mate-assets/food_anime/dish_23950560.jpg,True,200,
23950702,Tôm Khô Sấy Nồi Chiên Không Dầu,https://concop19.github.io/daily-mate-assets/food_anime/dish_23950702.jpg,True,200,
23951321,Cá ngừ rim thơm,https://concop19.github.io/daily-mate-assets/food_anime/dish_23951321.jpg,True,200,
23951818,Mì GÓI xào giòn với tôm-mực,https://concop19.github.io/daily-mate-assets/food_anime/dish_23951818.jpg,True,200,
23952436,Canh đầu cá ngừ cà chua,https://concop19.github.io/daily-mate-assets/food_anime/dish_23952436.jpg,True,200,
23952473,Canh sườn bò nấu măng chua,https://concop19.github.io/daily-mate-assets/food_anime/dish_23952473.jpg,True,200,
23952911,Đậu hủ chiên giòn muối sả,https://concop19.github.io/daily-mate-assets/food_anime/dish_23952911.jpg,True,200,
23952923,Đậu Hũ Chiên Trộn Thịt Bằm,https://concop19.github.io/daily-mate-assets/food_anime/dish_23952923.jpg,True,200,
23952944,Kho Quẹt Tôm Khô,https://concop19.github.io/daily-mate-assets/food_anime/dish_23952944.jpg,True,200,
23952960,Cà Rốt Xào Su Hào Thịt Bằm,https://concop19.github.io/daily-mate-assets/food_anime/dish_23952960.jpg,True,200,
23952962,Cá bớp nấu canh chua,https://concop19.github.io/daily-mate-assets/food_anime/dish_23952962.jpg,True,200,
23953065,[Grill idea] Bí ngòi cuộn thịt,https://concop19.github.io/daily-mate-assets/food_anime/dish_23953065.jpg,True,200,
23953452,Rau dền nấu canh tôm,https://concop19.github.io/daily-mate-assets/food_anime/dish_23953452.jpg,True,200,
23953787,RAU ĐẮNG trộn dầu giấm,https://concop19.github.io/daily-mate-assets/food_anime/dish_23953787.jpg,True,200,
23953847,Cà tím xào thịt heo,https://concop19.github.io/daily-mate-assets/food_anime/dish_23953847.jpg,True,200,
23954032,Cá Bớp Kho Thịt,https://concop19.github.io/daily-mate-assets/food_anime/dish_23954032.jpg,True,200,
23954670,Trứng Luộc Mắm Cá Rò,https://concop19.github.io/daily-mate-assets/food_anime/dish_23954670.jpg,True,200,
23954913,Nấm Mỡ Xào Hành Tây,https://concop19.github.io/daily-mate-assets/food_anime/dish_23954913.jpg,True,200,
23954931,Cá Dây Nhật Nướng,https://concop19.github.io/daily-mate-assets/food_anime/dish_23954931.jpg,True,200,
23957100,"Cơm rang cá hồi, trứng cua, rong biển",https://concop19.github.io/daily-mate-assets/food_anime/dish_23957100.jpg,True,200,
23957229,Mì Gói Nấu Tôm Nõn & Cải Xoăn Kale,https://concop19.github.io/daily-mate-assets/food_anime/dish_23957229.jpg,True,200,
23957239,Sườn Heo Nấu Cải Xanh Đuôi Phụng,https://concop19.github.io/daily-mate-assets/food_anime/dish_23957239.jpg,True,200,
23957247,"Bầu xào tôm, nấm kim châm",https://concop19.github.io/daily-mate-assets/food_anime/dish_23957247.jpg,True,200,
23957255,Đậu hũ xào mặn nhanh gọn dễ ăn,https://concop19.github.io/daily-mate-assets/food_anime/dish_23957255.jpg,True,200,
23957271,Canh khoai sọ rau mầm nấu tôm nõn,https://concop19.github.io/daily-mate-assets/food_anime/dish_23957271.jpg,True,200,
23957298,Canh Lá Su Hào Thịt Băm Viên,https://concop19.github.io/daily-mate-assets/food_anime/dish_23957298.jpg,True,200,
23957312,Soup rau củ chay,https://concop19.github.io/daily-mate-assets/food_anime/dish_23957312.jpg,True,200,
23957357,Rau củ xào chay,https://concop19.github.io/daily-mate-assets/food_anime/dish_23957357.jpg,True,200,
23957388,Salad Nấm Mỡ Ức Gà Luộc,https://concop19.github.io/daily-mate-assets/food_anime/dish_23957388.jpg,True,200,
23957531,Canh Cải Xoăn Kale Nấu Thịt Băm Viên,https://concop19.github.io/daily-mate-assets/food_anime/dish_23957531.jpg,True,200,
23957565,Salad Cải Rocket & Tartar Cá Ngừ,https://concop19.github.io/daily-mate-assets/food_anime/dish_23957565.jpg,True,200,
23957791,Thịt băm viên sốt cà chua,https://concop19.github.io/daily-mate-assets/food_anime/dish_23957791.jpg,True,200,
23958058,Trứng hấp sốt thịt băm,https://concop19.github.io/daily-mate-assets/food_anime/dish_23958058.jpg,True,200,
23958339,Cá nâu kho nhạt,https://concop19.github.io/daily-mate-assets/food_anime/dish_23958339.jpg,True,200,
23958367,SP.0865 - Canh Cà Rốt Chả Cua,https://concop19.github.io/daily-mate-assets/food_anime/dish_23958367.jpg,True,200,
23958372,Canh mướp nấu thịt xay,https://concop19.github.io/daily-mate-assets/food_anime/dish_23958372.jpg,True,200,
23958792,Bánh bò khóm,https://concop19.github.io/daily-mate-assets/food_anime/dish_23958792.jpg,True,200,
23959070,"Gỏi măng, tôm",https://concop19.github.io/daily-mate-assets/food_anime/dish_23959070.jpg,True,200,
23959124,Súp lơ xanh xào thịt bò,https://concop19.github.io/daily-mate-assets/food_anime/dish_23959124.jpg,True,200,
23959395,SP.0881 - Mướp Hương Xào Tôm Khô,https://concop19.github.io/daily-mate-assets/food_anime/dish_23959395.jpg,True,200,
23960233,Mì gạo nấu thịt viên,https://concop19.github.io/daily-mate-assets/food_anime/dish_23960233.jpg,True,200,
23960526,Nui Nấu Tôm & Rau Xanh,https://concop19.github.io/daily-mate-assets/food_anime/dish_23960526.jpg,True,200,
23960543,Mì Tôm Cà Rốt,https://concop19.github.io/daily-mate-assets/food_anime/dish_23960543.jpg,True,200,
23960556,Mì Ý Dẹt Malfadine Sốt Bò Bằm Cà Chua Cà Rốt,https://concop19.github.io/daily-mate-assets/food_anime/dish_23960556.jpg,True,200,
23961862,Bánh canh nấu thịt xay,https://concop19.github.io/daily-mate-assets/food_anime/dish_23961862.jpg,True,200,
23961866,Cá cơm chiên bột đơn giản,https://concop19.github.io/daily-mate-assets/food_anime/dish_23961866.jpg,True,200,
23963207,SP.0868 - Canh Cải Bẹ Xanh Nấu Thịt Bằm,https://concop19.github.io/daily-mate-assets/food_anime/dish_23963207.jpg,True,200,
23963291,Tabouleh Couscous Rau Củ,https://concop19.github.io/daily-mate-assets/food_anime/dish_23963291.jpg,True,200,
23963348,"Mì Udon Khô Xào Tôm, Đậu Que & Cà Rốt",https://concop19.github.io/daily-mate-assets/food_anime/dish_23963348.jpg,True,200,
23963404,Rau Củ Quả Hỗn Hợp Đút Lò,https://concop19.github.io/daily-mate-assets/food_anime/dish_23963404.jpg,True,200,
23963846,Cháo đậu đỏ Tôm,https://concop19.github.io/daily-mate-assets/food_anime/dish_23963846.jpg,True,200,
23964426,Canh Rau Má Nấu Thịt Bằm,https://concop19.github.io/daily-mate-assets/food_anime/dish_23964426.jpg,True,200,
23964441,Canh Cải Thìa Nấu Tôm,https://concop19.github.io/daily-mate-assets/food_anime/dish_23964441.jpg,True,200,
23964453,Canh Cải Bó Xôi Nấu Nấm Rơm,https://concop19.github.io/daily-mate-assets/food_anime/dish_23964453.jpg,True,200,
23964460,Măng Kho Thịt Heo,https://concop19.github.io/daily-mate-assets/food_anime/dish_23964460.jpg,True,200,
23965398,SP.0874 - Thịt Ba Rọi Xào Măng Khô,https://concop19.github.io/daily-mate-assets/food_anime/dish_23965398.jpg,True,200,
23965734,Thịt nhồi chuối xanh,https://concop19.github.io/daily-mate-assets/food_anime/dish_23965734.jpg,True,200,
23966149,Mì Ý Bí Ngòi Tôm Phô Mai,https://concop19.github.io/daily-mate-assets/food_anime/dish_23966149.jpg,True,200,
23966152,Thịt viên kiểu Hàn Tteok-Galbi,https://concop19.github.io/daily-mate-assets/food_anime/dish_23966152.jpg,True,200,
23966169,Chè Thịt Quay,https://concop19.github.io/daily-mate-assets/food_anime/dish_23966169.jpg,True,200,
23966350,Khô Cá Hố Rim Dấm Đường,https://concop19.github.io/daily-mate-assets/food_anime/dish_23966350.jpg,True,200,
23967285,Cá Hồng hấp sen,https://concop19.github.io/daily-mate-assets/food_anime/dish_23967285.jpg,True,200,
23967358,Cháo Cua Vi Cá,https://concop19.github.io/daily-mate-assets/food_anime/dish_23967358.jpg,True,200,
23968045,Bánh Mì Chay Kẹp Rau Củ Đơn Giản,https://concop19.github.io/daily-mate-assets/food_anime/dish_23968045.jpg,True,200,
23968056,Bánh Mì Lát Dưa Chua & Cá Cơm Muối,https://concop19.github.io/daily-mate-assets/food_anime/dish_23968056.jpg,True,200,
23968432,Canh rong biển khô nấu nấm kim châm và thịt bằm,https://concop19.github.io/daily-mate-assets/food_anime/dish_23968432.jpg,True,200,
23968540,Soup Bò hầm rau củ,https://concop19.github.io/daily-mate-assets/food_anime/dish_23968540.jpg,True,200,
23968842,Cháo Hến Rau Đắng,https://concop19.github.io/daily-mate-assets/food_anime/dish_23968842.jpg,True,200,
23969380,Canh giò heo hầm khoai tây cà rốt,https://concop19.github.io/daily-mate-assets/food_anime/dish_23969380.jpg,True,200,
23969769,Thịt ba chỉ kho chả lụa,https://concop19.github.io/daily-mate-assets/food_anime/dish_23969769.jpg,True,200,
23970283,Canh rong biển đậu hũ trứng thịt heo,https://concop19.github.io/daily-mate-assets/food_anime/dish_23970283.jpg,True,200,
23970548,Rau dền cơm nấu xương heo,https://concop19.github.io/daily-mate-assets/food_anime/dish_23970548.jpg,True,200,
23970551,Canh cải thìa thịt xay nấu nhanh,https://concop19.github.io/daily-mate-assets/food_anime/dish_23970551.jpg,True,200,
23970555,Rau cần nước xào tóp mỡ,https://concop19.github.io/daily-mate-assets/food_anime/dish_23970555.jpg,True,200,
23970571,Canh cải thìa nấu móng heo,https://concop19.github.io/daily-mate-assets/food_anime/dish_23970571.jpg,True,200,
23970579,Canh rau má nấu thịt thanh nhiệt,https://concop19.github.io/daily-mate-assets/food_anime/dish_23970579.jpg,True,200,
23970580,Canh rau củ nấu xương gà,https://concop19.github.io/daily-mate-assets/food_anime/dish_23970580.jpg,True,200,
23970596,Bento box 14: cơm nắm gochujang + trứng cuộn + thịt bò xào + rau củ,https://concop19.github.io/daily-mate-assets/food_anime/dish_23970596.jpg,True,200,
23970697,Thịt chả rim nước mắm tỏi ớt,https://concop19.github.io/daily-mate-assets/food_anime/dish_23970697.jpg,True,200,
23970702,Trứng chiên cá cơm,https://concop19.github.io/daily-mate-assets/food_anime/dish_23970702.jpg,True,200,
23971603,Cá Nục Nấu Lá Me,https://concop19.github.io/daily-mate-assets/food_anime/dish_23971603.jpg,True,200,
23972486,Cá Sơn Thóc Nướng Sả,https://concop19.github.io/daily-mate-assets/food_anime/dish_23972486.jpg,True,200,
23972585,Canh rau tần ô nấu xương heo,https://concop19.github.io/daily-mate-assets/food_anime/dish_23972585.jpg,True,200,
23972590,Thịt rim cà chua,https://concop19.github.io/daily-mate-assets/food_anime/dish_23972590.jpg,True,200,
23973037,Lươn đồng xào rau ngổ,https://concop19.github.io/daily-mate-assets/food_anime/dish_23973037.jpg,True,200,
23973140,Bún Đầu Cá Ngừ Cà Chua Rau Thơm,https://concop19.github.io/daily-mate-assets/food_anime/dish_23973140.jpg,True,200,
23973174,Canh Cải Brussels Củ Dền Tôm Khô,https://concop19.github.io/daily-mate-assets/food_anime/dish_23973174.jpg,True,200,
23973977,Cá thu phấn chiên,https://concop19.github.io/daily-mate-assets/food_anime/dish_23973977.jpg,True,200,
23974072,"Mì udon xào nấm tươi, ngó sen, chả cá, xúc xích",https://concop19.github.io/daily-mate-assets/food_anime/dish_23974072.jpg,True,200,
23974115,"Chả nấm,đậu, lá lốt",https://concop19.github.io/daily-mate-assets/food_anime/dish_23974115.jpg,True,200,
23974905,RAU CÂU san hô,https://concop19.github.io/daily-mate-assets/food_anime/dish_23974905.jpg,True,200,
23975675,Chả cá quết rong biển chiên,https://concop19.github.io/daily-mate-assets/food_anime/dish_23975675.jpg,True,200,
23975683,Mực Ống Xào Chua Ngọt,https://concop19.github.io/daily-mate-assets/food_anime/dish_23975683.jpg,True,200,
23975686,Đậu Hũ Chiên Muối Sả,https://concop19.github.io/daily-mate-assets/food_anime/dish_23975686.jpg,True,200,
23975695,Sườn Non Nấu Rau Củ,https://concop19.github.io/daily-mate-assets/food_anime/dish_23975695.jpg,True,200,
23975696,Miến Nấu Cua Tuyết,https://concop19.github.io/daily-mate-assets/food_anime/dish_23975696.jpg,True,200,
23975728,Cá mối kho chay,https://concop19.github.io/daily-mate-assets/food_anime/dish_23975728.jpg,True,200,
23975734,"Cá cơm và lạc đỏ rang mắm tỏi, lá chanh",https://concop19.github.io/daily-mate-assets/food_anime/dish_23975734.jpg,True,200,
23975735,Canh rau mồng tơi nấu tôm bồ hóc,https://concop19.github.io/daily-mate-assets/food_anime/dish_23975735.jpg,True,200,
23975749,"Gỏi rau muống, tép",https://concop19.github.io/daily-mate-assets/food_anime/dish_23975749.jpg,True,200,
23976329,"Canh cua nấu khoai sọ, rau muống, rau ngổ",https://concop19.github.io/daily-mate-assets/food_anime/dish_23976329.jpg,True,200,
23976745,Cháo Gà Vi Cá Thịt Cua,https://concop19.github.io/daily-mate-assets/food_anime/dish_23976745.jpg,True,200,
23976946,Chè xoài bột báng thạch rau câu,https://concop19.github.io/daily-mate-assets/food_anime/dish_23976946.jpg,True,200,
23977208,Canh Rong Biển Nấu Thịt Nấm,https://concop19.github.io/daily-mate-assets/food_anime/dish_23977208.jpg,True,200,
23977614,Rau Câu Dưa Hấu,https://concop19.github.io/daily-mate-assets/food_anime/dish_23977614.jpg,True,200,
23978198,Canh đậu làng Mơ nấu nấm tươi,https://concop19.github.io/daily-mate-assets/food_anime/dish_23978198.jpg,True,200,
23978203,Tôm lột rim mắm,https://concop19.github.io/daily-mate-assets/food_anime/dish_23978203.jpg,True,200,
23978213,"Phù trúc, nấm tươi xào lá lốt",https://concop19.github.io/daily-mate-assets/food_anime/dish_23978213.jpg,True,200,
23978274,"Canh lá khoai lang, rau dền nấu cua",https://concop19.github.io/daily-mate-assets/food_anime/dish_23978274.jpg,True,200,
23978288,"Nấm ngọc châm, cà rốt xào thịt bò và vó bò",https://concop19.github.io/daily-mate-assets/food_anime/dish_23978288.jpg,True,200,
23978290,Chả cá cuộn lá lốt,https://concop19.github.io/daily-mate-assets/food_anime/dish_23978290.jpg,True,200,
23978918,"Khô cá cơm rim nước mắm, tóp mỡ",https://concop19.github.io/daily-mate-assets/food_anime/dish_23978918.jpg,True,200,
23979466,Salad rau xà lách và các loại rau thơm,https://concop19.github.io/daily-mate-assets/food_anime/dish_23979466.jpg,True,200,
23979472,Cá đội đèn chiên,https://concop19.github.io/daily-mate-assets/food_anime/dish_23979472.jpg,True,200,
23979617,Cá hồi rim nước tương,https://concop19.github.io/daily-mate-assets/food_anime/dish_23979617.jpg,True,200,
23979871,Tôm cuốn lá cải xốt xì dầu,https://concop19.github.io/daily-mate-assets/food_anime/dish_23979871.jpg,True,200,
23980074,Rau má đậu xanh sữa tươi,https://concop19.github.io/daily-mate-assets/food_anime/dish_23980074.jpg,True,200,
23980346,Canh CÁ nấu khế & húng chanh,https://concop19.github.io/daily-mate-assets/food_anime/dish_23980346.jpg,True,200,
23981492,Canh Cải Xoăn Kale Nấu Tôm Khô,https://concop19.github.io/daily-mate-assets/food_anime/dish_23981492.jpg,True,200,
23981777,Cá Trích Xông Khói Ngâm Dầu Olive & Hành Tây Đỏ,https://concop19.github.io/daily-mate-assets/food_anime/dish_23981777.jpg,True,200,
23981868,"Canh cà rốt,khoai tây nấu thịt bằm",https://concop19.github.io/daily-mate-assets/food_anime/dish_23981868.jpg,True,200,
23982680,CÁ THU chiên sốt thì là,https://concop19.github.io/daily-mate-assets/food_anime/dish_23982680.jpg,True,200,
23983032,Cá Phèn Chiên Muối Sả,https://concop19.github.io/daily-mate-assets/food_anime/dish_23983032.jpg,True,200,
23983326,Đầu xương cá rô phi om dưa,https://concop19.github.io/daily-mate-assets/food_anime/dish_23983326.jpg,True,200,
23983438,Cá ót nấu chua,https://concop19.github.io/daily-mate-assets/food_anime/dish_23983438.jpg,True,200,
23985681,CANH cà chua-trứng với nấm,https://concop19.github.io/daily-mate-assets/food_anime/dish_23985681.jpg,True,200,
23986104,Thịt Heo Xào Húng Quế,https://concop19.github.io/daily-mate-assets/food_anime/dish_23986104.jpg,True,200,
23987042,SP.0879 - Mì Xào Tôm Bắp Cải Tàu Xì,https://concop19.github.io/daily-mate-assets/food_anime/dish_23987042.jpg,True,200,
23990248,Ớt Chuông Tím Nhồi Thịt Nướng Lá Nguyệt Quế,https://concop19.github.io/daily-mate-assets/food_anime/dish_23990248.jpg,True,200,
23992059,Huyết HEO xào giá hẹ,https://concop19.github.io/daily-mate-assets/food_anime/dish_23992059.jpg,True,200,
23992305,SP.0889 - Sườn Heo Tiềm Chà Là,https://concop19.github.io/daily-mate-assets/food_anime/dish_23992305.jpg,True,200,
23992568,Bò bía ngọt,https://concop19.github.io/daily-mate-assets/food_anime/dish_23992568.jpg,True,200,
23992858,Phở khô trộn nấm đông cô (món chay),https://concop19.github.io/daily-mate-assets/food_anime/dish_23992858.jpg,True,200,
23993480,Đậu hũ tứ xuyên chay,https://concop19.github.io/daily-mate-assets/food_anime/dish_23993480.jpg,True,200,
23994130,Mì tương đen trộn thịt chả,https://concop19.github.io/daily-mate-assets/food_anime/dish_23994130.jpg,True,200,
23995562,Canh rong biển nấu nấm hương (món chay),https://concop19.github.io/daily-mate-assets/food_anime/dish_23995562.jpg,True,200,
23995835,Tôm Đất Xào Ngò Gai,https://concop19.github.io/daily-mate-assets/food_anime/dish_23995835.jpg,True,200,
23999271,"Canh măng giò heo, đùi gà",https://concop19.github.io/daily-mate-assets/food_anime/dish_23999271.jpg,True,200,
24003136,Cháo nấm tràm,https://concop19.github.io/daily-mate-assets/food_anime/dish_24003136.jpg,True,200,
24003888,Măng Le Đỏ Xào Bò Rau Răm,https://concop19.github.io/daily-mate-assets/food_anime/dish_24003888.jpg,True,200,
24003919,Mì Nấm Chay,https://concop19.github.io/daily-mate-assets/food_anime/dish_24003919.jpg,True,200,
24007822,Thịt Bò Xào Đậu Ve,https://concop19.github.io/daily-mate-assets/food_anime/dish_24007822.jpg,True,200,
24009702,Thịt Bò Xào,https://concop19.github.io/daily-mate-assets/food_anime/dish_24009702.jpg,True,200,
24009743,Gỏi Rau Má Tôm Đất,https://concop19.github.io/daily-mate-assets/food_anime/dish_24009743.jpg,True,200,
24010384,Mì Ý nấm rơm thơm phức,https://concop19.github.io/daily-mate-assets/food_anime/dish_24010384.jpg,True,200,
24011960,Cá Bống Giậm Kho Khô,https://concop19.github.io/daily-mate-assets/food_anime/dish_24011960.jpg,True,200,
24011986,Tép Rim Thịt Ba Rọi,https://concop19.github.io/daily-mate-assets/food_anime/dish_24011986.jpg,True,200,
24013109,Canh Rau Ngót Nấu Trứng,https://concop19.github.io/daily-mate-assets/food_anime/dish_24013109.jpg,True,200,
24013187,Thịt heo rang,https://concop19.github.io/daily-mate-assets/food_anime/dish_24013187.jpg,True,200,
24013709,Canh Thịt Bò Rau Răm,https://concop19.github.io/daily-mate-assets/food_anime/dish_24013709.jpg,True,200,
24015805,Bánh tráng cuộn thịt chiên giòn,https://concop19.github.io/daily-mate-assets/food_anime/dish_24015805.jpg,True,200,
24016661,Gỏi gà bắp cải rau răm,https://concop19.github.io/daily-mate-assets/food_anime/dish_24016661.jpg,True,200,
24018114,"Mì Quảng gà, heo",https://concop19.github.io/daily-mate-assets/food_anime/dish_24018114.jpg,True,200,
24018543,Taco Thịt Bò Từ Bánh Tráng,https://concop19.github.io/daily-mate-assets/food_anime/dish_24018543.jpg,True,200,
24018643,Lòng Cá Thu Xào Sả Ớt,https://concop19.github.io/daily-mate-assets/food_anime/dish_24018643.jpg,True,200,
24019742,Canh lườn cá hồi nấu măng chua,https://concop19.github.io/daily-mate-assets/food_anime/dish_24019742.jpg,True,200,
24019752,Poke Bowl Cá Hồi & Xoài Sốt Tương Gochujang,https://concop19.github.io/daily-mate-assets/food_anime/dish_24019752.jpg,True,200,
24019992,Bánh Tráng Cuốn Đậu Hủ Muối Tôm Hành Phi,https://concop19.github.io/daily-mate-assets/food_anime/dish_24019992.jpg,True,200,
24021391,Bánh tráng chiên xúc salad rau củ,https://concop19.github.io/daily-mate-assets/food_anime/dish_24021391.jpg,True,200,
24025809,Cá chim hấp sả gừng,https://concop19.github.io/daily-mate-assets/food_anime/dish_24025809.jpg,True,200,
24025812,Bánh tráng cuốn cá hấp,https://concop19.github.io/daily-mate-assets/food_anime/dish_24025812.jpg,True,200,
24025814,Bánh tráng chiên nhân thịt băm và phô mai chấm sốt mù tạt mật ong,https://concop19.github.io/daily-mate-assets/food_anime/dish_24025814.jpg,True,200,
24025850,Tôm nõn rim mắm,https://concop19.github.io/daily-mate-assets/food_anime/dish_24025850.jpg,True,200,
24025859,"Canh đầu tôm nấu khoai sọ, rau lang",https://concop19.github.io/daily-mate-assets/food_anime/dish_24025859.jpg,True,200,
24026236,"Su su xào thịt bò, vó bò",https://concop19.github.io/daily-mate-assets/food_anime/dish_24026236.jpg,True,200,
24026247,Cá thu vẩy sốt cà chua,https://concop19.github.io/daily-mate-assets/food_anime/dish_24026247.jpg,True,200,
24027443,Cà ra nấu rau muống và khoai sọ,https://concop19.github.io/daily-mate-assets/food_anime/dish_24027443.jpg,True,200,
24028337,SP.0885 - Cuốn Rau Thơm Chấm Thịt Kho,https://concop19.github.io/daily-mate-assets/food_anime/dish_24028337.jpg,True,200,
24028550,Mỳ xào đậu que & mọc bò,https://concop19.github.io/daily-mate-assets/food_anime/dish_24028550.jpg,True,200,
24028940,Củ sen nhồi thịt hấp,https://concop19.github.io/daily-mate-assets/food_anime/dish_24028940.jpg,True,200,
24032207,Bánh tráng trộn bò khô,https://concop19.github.io/daily-mate-assets/food_anime/dish_24032207.jpg,True,200,
24032213,Mì lạnh ăn kèm thịt nướng sốt bulgogi,https://concop19.github.io/daily-mate-assets/food_anime/dish_24032213.jpg,True,200,
24032564,Cơm trộn cá hồi cuộn bánh tráng chiên giòn,https://concop19.github.io/daily-mate-assets/food_anime/dish_24032564.jpg,True,200,
24032651,Cơm trộn cá hồi và canh kim chi,https://concop19.github.io/daily-mate-assets/food_anime/dish_24032651.jpg,True,200,
24033414,Nui rau củ bí đỏ thịt bò băm cho bé ăn sáng,https://concop19.github.io/daily-mate-assets/food_anime/dish_24033414.jpg,True,200,
24034381,Bò Xào Cải Thìa,https://concop19.github.io/daily-mate-assets/food_anime/dish_24034381.jpg,True,200,
24036697,Lá mơ lông cuốn đậu hũ,https://concop19.github.io/daily-mate-assets/food_anime/dish_24036697.jpg,True,200,
24038118,Bò xào đậu hà lan cà rốt,https://concop19.github.io/daily-mate-assets/food_anime/dish_24038118.jpg,True,200,
24039266,Bò Wellington Em Bé,https://concop19.github.io/daily-mate-assets/food_anime/dish_24039266.jpg,True,200,
24040106,Thịt xay chiên trứng,https://concop19.github.io/daily-mate-assets/food_anime/dish_24040106.jpg,True,200,
24041483,SP.0901 - Canh Rong Biển Đậu Hũ Thịt Viên,https://concop19.github.io/daily-mate-assets/food_anime/dish_24041483.jpg,True,200,
24041963,Mực Lá Xào,https://concop19.github.io/daily-mate-assets/food_anime/dish_24041963.jpg,True,200,
24046545,Thịt nướng ướp ngũ vị,https://concop19.github.io/daily-mate-assets/food_anime/dish_24046545.jpg,True,200,
24046651,Nấm Lộc Nhung và Tảo Xoắn Xào Sả Ớt Chay,https://concop19.github.io/daily-mate-assets/food_anime/dish_24046651.jpg,True,200,
24046842,Canh rau tần ô nấu chân gà,https://concop19.github.io/daily-mate-assets/food_anime/dish_24046842.jpg,True,200,
24047201,Mì gói trộn bò trứng,https://concop19.github.io/daily-mate-assets/food_anime/dish_24047201.jpg,True,200,
24047235,Bún bò chả bì,https://concop19.github.io/daily-mate-assets/food_anime/dish_24047235.jpg,True,200,
24047713,"Thịt Heo, Đậu Bắp Nấu Sữa Chua Sốt Cà Ri Và Trứng",https://concop19.github.io/daily-mate-assets/food_anime/dish_24047713.jpg,True,200,
24048143,Giá đỗ xào bò 🐄,https://concop19.github.io/daily-mate-assets/food_anime/dish_24048143.jpg,True,200,
24048569,TRỨNG đúc thịt,https://concop19.github.io/daily-mate-assets/food_anime/dish_24048569.jpg,True,200,
24049414,Canh rau muống tôm nấu me,https://concop19.github.io/daily-mate-assets/food_anime/dish_24049414.jpg,True,200,
24049511,Canh cua nấu lá khoai lang,https://concop19.github.io/daily-mate-assets/food_anime/dish_24049511.jpg,True,200,
24049871,"Bánh đa tôm, mọc, chả cá",https://concop19.github.io/daily-mate-assets/food_anime/dish_24049871.jpg,True,200,
24049881,Thịt ngựa bạch nhúng mẻ,https://concop19.github.io/daily-mate-assets/food_anime/dish_24049881.jpg,True,200,
24049888,Canh rau dền nấu mọc tôm,https://concop19.github.io/daily-mate-assets/food_anime/dish_24049888.jpg,True,200,
24051934,Bánh pateso nhân thịt trứng,https://concop19.github.io/daily-mate-assets/food_anime/dish_24051934.jpg,True,200,
24052159,Gỏi Miến Hải Sản,https://concop19.github.io/daily-mate-assets/food_anime/dish_24052159.jpg,True,200,
24053135,Bún đậu hũ nước tương,https://concop19.github.io/daily-mate-assets/food_anime/dish_24053135.jpg,True,200,
24055836,Bento box 15: cơm bò & bắp,https://concop19.github.io/daily-mate-assets/food_anime/dish_24055836.jpg,True,200,
24055998,"Bento box 16: cơm nắm furikake, mì xào nấm, thịt nướng",https://concop19.github.io/daily-mate-assets/food_anime/dish_24055998.jpg,True,200,
24058127,Canh mướp tôm tươi,https://concop19.github.io/daily-mate-assets/food_anime/dish_24058127.jpg,True,200,
24058142,Canh rong biển nấm rơm thịt bằm,https://concop19.github.io/daily-mate-assets/food_anime/dish_24058142.jpg,True,200,
24058267,Bò Xào Hành Lá Lốt,https://concop19.github.io/daily-mate-assets/food_anime/dish_24058267.jpg,True,200,
24058568,SP.0917 - Canh Mây Đậu Hũ,https://concop19.github.io/daily-mate-assets/food_anime/dish_24058568.jpg,True,200,
24059342,Cá basa hấp xì dầu,https://concop19.github.io/daily-mate-assets/food_anime/dish_24059342.jpg,True,200,
24061863,Canh Xương Heo Nấu Hành Lá,https://concop19.github.io/daily-mate-assets/food_anime/dish_24061863.jpg,True,200,
24065133,Trứng chiên nấm sò nâu,https://concop19.github.io/daily-mate-assets/food_anime/dish_24065133.jpg,True,200,
24066292,Cải thảo xào thịt ba rọi,https://concop19.github.io/daily-mate-assets/food_anime/dish_24066292.jpg,True,200,
24072973,"Canh chua tôm, đầu mực",https://concop19.github.io/daily-mate-assets/food_anime/dish_24072973.jpg,True,200,
24076134,Heo Rừng Nấu Tiêu Xanh,https://concop19.github.io/daily-mate-assets/food_anime/dish_24076134.jpg,True,200,
24077015,Thịt Cốt Lết Ram,https://concop19.github.io/daily-mate-assets/food_anime/dish_24077015.jpg,True,200,
24077581,Rau quả trộn sốt,https://concop19.github.io/daily-mate-assets/food_anime/dish_24077581.jpg,True,200,
24077596,Bánh đa cá rô,https://concop19.github.io/daily-mate-assets/food_anime/dish_24077596.jpg,True,200,
24077601,"Mắm tép rang tôm khô, thịt",https://concop19.github.io/daily-mate-assets/food_anime/dish_24077601.jpg,True,200,
24077604,"Salad xoài, lựu và cá khô",https://concop19.github.io/daily-mate-assets/food_anime/dish_24077604.jpg,True,200,
24077607,Mì udon xào nấm,https://concop19.github.io/daily-mate-assets/food_anime/dish_24077607.jpg,True,200,
24077610,"Cá nục hấp gừng, xả",https://concop19.github.io/daily-mate-assets/food_anime/dish_24077610.jpg,True,200,
24077949,Nấm mối kho tiêu (Ver.2),https://concop19.github.io/daily-mate-assets/food_anime/dish_24077949.jpg,True,200,
24079760,Canh rau muống nấu nghêu chua cay,https://concop19.github.io/daily-mate-assets/food_anime/dish_24079760.jpg,True,200,
24079918,Thịt ba rọi ram sả,https://concop19.github.io/daily-mate-assets/food_anime/dish_24079918.jpg,True,200,
24082095,Phở Sườn Bò,https://concop19.github.io/daily-mate-assets/food_anime/dish_24082095.jpg,True,200,
24082398,SP.0896 - Bò Né Đặc Biệt,https://concop19.github.io/daily-mate-assets/food_anime/dish_24082398.jpg,True,200,
24082862,Mực Ống Nhỏ Nhồi Thịt Sốt Tương Dầu Hành,https://concop19.github.io/daily-mate-assets/food_anime/dish_24082862.jpg,True,200,
24083251,Meat Jun (Thịt bò chiên),https://concop19.github.io/daily-mate-assets/food_anime/dish_24083251.jpg,True,200,
24084551,🌱 Canh Cải Xanh Đuôi Phụng Nấu Đậu Hủ (Vegan),https://concop19.github.io/daily-mate-assets/food_anime/dish_24084551.jpg,True,200,
24087932,Mực Mắm Nhĩ,https://concop19.github.io/daily-mate-assets/food_anime/dish_24087932.jpg,True,200,
24087967,Tôm Mắm Nhĩ,https://concop19.github.io/daily-mate-assets/food_anime/dish_24087967.jpg,True,200,
24091132,Củ sen nhồi thịt hấp sốt tôm ớt,https://concop19.github.io/daily-mate-assets/food_anime/dish_24091132.jpg,True,200,
24091513,Nấm hương xào đậu cove,https://concop19.github.io/daily-mate-assets/food_anime/dish_24091513.jpg,True,200,
24095666,Gỏi Bưởi Hồng Cơm Dừa Tôm Thịt,https://concop19.github.io/daily-mate-assets/food_anime/dish_24095666.jpg,True,200,
24095709,고추참치 순두부찌개- Canh đậu hũ non cá ngừ cay,https://concop19.github.io/daily-mate-assets/food_anime/dish_24095709.jpg,True,200,
24095722,제육볶음 Thịt xào cay kiểu Hàn,https://concop19.github.io/daily-mate-assets/food_anime/dish_24095722.jpg,True,200,
24096095,Sandwich tôm,https://concop19.github.io/daily-mate-assets/food_anime/dish_24096095.jpg,True,200,
24096586,Bún thịt xào,https://concop19.github.io/daily-mate-assets/food_anime/dish_24096586.jpg,True,200,
24096655,우삼겹 된장찌개 - Canh đậu tương thịt bò,https://concop19.github.io/daily-mate-assets/food_anime/dish_24096655.jpg,True,200,
24097562,Thịt Hộp Việt Minh - Món Thịt Muối Huyền Thoại,https://concop19.github.io/daily-mate-assets/food_anime/dish_24097562.jpg,True,200,
24099992,Đậu Đũa Giã Trộn Cá Hộp,https://concop19.github.io/daily-mate-assets/food_anime/dish_24099992.jpg,True,200,
24100020,Thịt Bằm Chay Thailand (Lạp Thái),https://concop19.github.io/daily-mate-assets/food_anime/dish_24100020.jpg,True,200,
24100193,CHÁO tôm khô,https://concop19.github.io/daily-mate-assets/food_anime/dish_24100193.jpg,True,200,
24105594,Bí nụ xào chân nấm,https://concop19.github.io/daily-mate-assets/food_anime/dish_24105594.jpg,True,200,
24105951,Thịt Heo Kho Măng Nước Cốt Dừa,https://concop19.github.io/daily-mate-assets/food_anime/dish_24105951.jpg,True,200,
24106263,Bò aukobe lúc lắc sốt tiêu đen,https://concop19.github.io/daily-mate-assets/food_anime/dish_24106263.jpg,True,200,
24107145,Khoai lang tím nấu thịt bằm,https://concop19.github.io/daily-mate-assets/food_anime/dish_24107145.jpg,True,200,
24107154,"Ruốc (chà bông) gà, heo",https://concop19.github.io/daily-mate-assets/food_anime/dish_24107154.jpg,True,200,
24108692,Thịt Kho Khoai Tây,https://concop19.github.io/daily-mate-assets/food_anime/dish_24108692.jpg,True,200,
24108701,Đậu Hũ Ram Sả Ớt,https://concop19.github.io/daily-mate-assets/food_anime/dish_24108701.jpg,True,200,
24108793,해물전 - Bánh xèo hải sản Hàn Quốc,https://concop19.github.io/daily-mate-assets/food_anime/dish_24108793.jpg,True,200,
24108842,순두부찌개- Canh đậu phụ non Hàn Quốc,https://concop19.github.io/daily-mate-assets/food_anime/dish_24108842.jpg,True,200,
24109323,Bánh mì sừng bò,https://concop19.github.io/daily-mate-assets/food_anime/dish_24109323.jpg,True,200,
24110010,"Còi sò điệp lăn bột, rau củ ngũ sắc sốt xì dầu cho bé",https://concop19.github.io/daily-mate-assets/food_anime/dish_24110010.jpg,True,200,
24110255,Cá dìa hấp mùng tơi,https://concop19.github.io/daily-mate-assets/food_anime/dish_24110255.jpg,True,200,
24110260,"Cá hói nướng riềng, nghệ",https://concop19.github.io/daily-mate-assets/food_anime/dish_24110260.jpg,True,200,
24110290,"Cơm nắm cá ngừ, ruốc thịt, rong biển",https://concop19.github.io/daily-mate-assets/food_anime/dish_24110290.jpg,True,200,
24110982,Chả cốm xanh làm với chả cá thác lác,https://concop19.github.io/daily-mate-assets/food_anime/dish_24110982.jpg,True,200,
24111887,SP.0900 - Thịt Kho Rệu Miền Tây Xưa,https://concop19.github.io/daily-mate-assets/food_anime/dish_24111887.jpg,True,200,
24112181,Cá Đuối Om Dưa Chua,https://concop19.github.io/daily-mate-assets/food_anime/dish_24112181.jpg,True,200,
24113147,Mỳ tôm xào thịt hộp spam,https://concop19.github.io/daily-mate-assets/food_anime/dish_24113147.jpg,True,200,
24113718,Bánh Canh Cá Lóc,https://concop19.github.io/daily-mate-assets/food_anime/dish_24113718.jpg,True,200,
24114150,"Khoai tây, bí ngô xào thịt bò",https://concop19.github.io/daily-mate-assets/food_anime/dish_24114150.jpg,True,200,
24114270,Ngô chiên giòn xúc phồng tôm,https://concop19.github.io/daily-mate-assets/food_anime/dish_24114270.jpg,True,200,
24118001,"Cơm văn phòng: Canh đậu hũ, kim chi",https://concop19.github.io/daily-mate-assets/food_anime/dish_24118001.jpg,True,200,
24119009,Tôm rim tóp mỡ,https://concop19.github.io/daily-mate-assets/food_anime/dish_24119009.jpg,True,200,
24123786,Đậu Đũa Xào Sa Tế Tôm và Mắm Belacan Malaysia,https://concop19.github.io/daily-mate-assets/food_anime/dish_24123786.jpg,True,200,
24125703,Mực hấp sốt Thái,https://concop19.github.io/daily-mate-assets/food_anime/dish_24125703.jpg,True,200,
24126106,Canh tôm khô củ cải,https://concop19.github.io/daily-mate-assets/food_anime/dish_24126106.jpg,True,200,
24126691,Cá Bống Cát Kho Tiêu,https://concop19.github.io/daily-mate-assets/food_anime/dish_24126691.jpg,True,200,
24127544,"Cá cơm, lạc đỏ rang mắm tỏi",https://concop19.github.io/daily-mate-assets/food_anime/dish_24127544.jpg,True,200,
24127866,Hoa thiên lý xào thịt ba chỉ,https://concop19.github.io/daily-mate-assets/food_anime/dish_24127866.jpg,True,200,
24130149,Cá chép kho dưa tóp mỡ,https://concop19.github.io/daily-mate-assets/food_anime/dish_24130149.jpg,True,200,
24131225,Cá diếc chiên giòn,https://concop19.github.io/daily-mate-assets/food_anime/dish_24131225.jpg,True,200,
24131227,Canh rau đay nấu rạm,https://concop19.github.io/daily-mate-assets/food_anime/dish_24131227.jpg,True,200,
24132444,Cá măng chiên,https://concop19.github.io/daily-mate-assets/food_anime/dish_24132444.jpg,True,200,
24132572,Bồn Bồn Xào Tôm,https://concop19.github.io/daily-mate-assets/food_anime/dish_24132572.jpg,True,200,
24132652,Cá linh kho lạt,https://concop19.github.io/daily-mate-assets/food_anime/dish_24132652.jpg,True,200,
24132661,Cá trắm kho chuối xanh,https://concop19.github.io/daily-mate-assets/food_anime/dish_24132661.jpg,True,200,
24132750,Cá linh kho nghệ,https://concop19.github.io/daily-mate-assets/food_anime/dish_24132750.jpg,True,200,
24135263,Sườn Heo Nướng Tảng,https://concop19.github.io/daily-mate-assets/food_anime/dish_24135263.jpg,True,200,
24136169,THỊT om chuối đậu (phiên bản nhà tôi),https://concop19.github.io/daily-mate-assets/food_anime/dish_24136169.jpg,True,200,
24137347,CUA đồng kho mặn,https://concop19.github.io/daily-mate-assets/food_anime/dish_24137347.jpg,True,200,
24139009,Bánh canh chả cá,https://concop19.github.io/daily-mate-assets/food_anime/dish_24139009.jpg,True,200,
24140029,Mì Somen Thịt Heo,https://concop19.github.io/daily-mate-assets/food_anime/dish_24140029.jpg,True,200,
24141751,Cá TRẮM kho dưa cải,https://concop19.github.io/daily-mate-assets/food_anime/dish_24141751.jpg,True,200,
24142583,Đậu hũ xào nghệ lá lốt,https://concop19.github.io/daily-mate-assets/food_anime/dish_24142583.jpg,True,200,
24142937,Thịt kho kim chi,https://concop19.github.io/daily-mate-assets/food_anime/dish_24142937.jpg,True,200,
24145935,Cá Bàn Sa Nướng Sả Nghệ,https://concop19.github.io/daily-mate-assets/food_anime/dish_24145935.jpg,True,200,
24146403,Cơm thịt kho 🥹🥹🥹,https://concop19.github.io/daily-mate-assets/food_anime/dish_24146403.jpg,True,200,
24147150,Gỏi đu đủ tôm khô,https://concop19.github.io/daily-mate-assets/food_anime/dish_24147150.jpg,True,200,
24149850,Bún bò giò heo mắm ruốc,https://concop19.github.io/daily-mate-assets/food_anime/dish_24149850.jpg,True,200,
24149858,Bún thịt nướng đậu hũ,https://concop19.github.io/daily-mate-assets/food_anime/dish_24149858.jpg,True,200,
24149935,Bò xào cà rốt,https://concop19.github.io/daily-mate-assets/food_anime/dish_24149935.jpg,True,200,
24150174,Bò beefsteak khoai tây nghiền,https://concop19.github.io/daily-mate-assets/food_anime/dish_24150174.jpg,True,200,
24150181,Bò xào ớt chuông,https://concop19.github.io/daily-mate-assets/food_anime/dish_24150181.jpg,True,200,
24150194,Mì trứng trộn cá viên xúc xích,https://concop19.github.io/daily-mate-assets/food_anime/dish_24150194.jpg,True,200,
24150198,Trứng chiên rau muống,https://concop19.github.io/daily-mate-assets/food_anime/dish_24150198.jpg,True,200,
24150474,Thịt nướng ngũ vị và nước tương,https://concop19.github.io/daily-mate-assets/food_anime/dish_24150474.jpg,True,200,
24150492,Canh rau xà lách nấu thịt,https://concop19.github.io/daily-mate-assets/food_anime/dish_24150492.jpg,True,200,
24150494,"Cải bắp cuộn tôm, thịt",https://concop19.github.io/daily-mate-assets/food_anime/dish_24150494.jpg,True,200,
24150677,Tôm cháy tỏi Gambas al ajillo,https://concop19.github.io/daily-mate-assets/food_anime/dish_24150677.jpg,True,200,
24150829,Mì xào thịt rang,https://concop19.github.io/daily-mate-assets/food_anime/dish_24150829.jpg,True,200,
24151649,Bí quyết để có GAN heo mềm ngon,https://concop19.github.io/daily-mate-assets/food_anime/dish_24151649.jpg,True,200,
24154065,Tôm hấp miến,https://concop19.github.io/daily-mate-assets/food_anime/dish_24154065.jpg,True,200,
24155121,"Canh Chua Chả Cá Hố, Rau Sam, Bông Giờ",https://concop19.github.io/daily-mate-assets/food_anime/dish_24155121.jpg,True,200,
24156215,Filet Cá Lóc Bông Kho Thơm,https://concop19.github.io/daily-mate-assets/food_anime/dish_24156215.jpg,True,200,
24156686,Canh Hàu Nấu Rau Răm,https://concop19.github.io/daily-mate-assets/food_anime/dish_24156686.jpg,True,200,
24156869,Thịt Ba Rọi Xào Mắm Ruốc,https://concop19.github.io/daily-mate-assets/food_anime/dish_24156869.jpg,True,200,
24156879,Canh Rau Tập Tàng Nấu Thịt Bằm,https://concop19.github.io/daily-mate-assets/food_anime/dish_24156879.jpg,True,200,
24159238,Cơm thịt ram trứng và đậu xào tỏi,https://concop19.github.io/daily-mate-assets/food_anime/dish_24159238.jpg,True,200,
24159494,📣 Rau củ nướng xiên que,https://concop19.github.io/daily-mate-assets/food_anime/dish_24159494.jpg,True,200,
24161058,Gỏi Xoài Cá Cơm,https://concop19.github.io/daily-mate-assets/food_anime/dish_24161058.jpg,True,200,
24161498,Đậu hũ rim Hàn Quốc - Mapo tofu,https://concop19.github.io/daily-mate-assets/food_anime/dish_24161498.jpg,True,200,
24161775,Canh bầu nấu cá nục kho,https://concop19.github.io/daily-mate-assets/food_anime/dish_24161775.jpg,True,200,
24162563,Cơm lứt đậu gà rau củ chay,https://concop19.github.io/daily-mate-assets/food_anime/dish_24162563.jpg,True,200,
24162876,Lẩu cá đuối nấu măng chua,https://concop19.github.io/daily-mate-assets/food_anime/dish_24162876.jpg,True,200,
24162880,Cá đuối chiên nước mắm,https://concop19.github.io/daily-mate-assets/food_anime/dish_24162880.jpg,True,200,
24164725,Đậu gà & nấm đùi gà xào sả ớt,https://concop19.github.io/daily-mate-assets/food_anime/dish_24164725.jpg,True,200,
24165671,Cá hói nấu su hào,https://concop19.github.io/daily-mate-assets/food_anime/dish_24165671.jpg,True,200,
24165939,Bánh canh nấu nấm và mọc tôm,https://concop19.github.io/daily-mate-assets/food_anime/dish_24165939.jpg,True,200,
24166049,Cà ri rau củ chân nấm,https://concop19.github.io/daily-mate-assets/food_anime/dish_24166049.jpg,True,200,
24166051,Phở bò chay,https://concop19.github.io/daily-mate-assets/food_anime/dish_24166051.jpg,True,200,
24167198,Canh rau muống tôm nõn,https://concop19.github.io/daily-mate-assets/food_anime/dish_24167198.jpg,True,200,
24167505,Cá hộp xào thịt và hành tây,https://concop19.github.io/daily-mate-assets/food_anime/dish_24167505.jpg,True,200,
24167802,Tom Kha Thái,https://concop19.github.io/daily-mate-assets/food_anime/dish_24167802.jpg,True,200,
24169312,Canh Bầu Nấu Tôm Khô,https://concop19.github.io/daily-mate-assets/food_anime/dish_24169312.jpg,True,200,
24169322,Thịt ba chỉ nướng tại gia kiểu Hàn Quốc,https://concop19.github.io/daily-mate-assets/food_anime/dish_24169322.jpg,True,200,
24170015,Cháo khoai lang yến mạch nấm,https://concop19.github.io/daily-mate-assets/food_anime/dish_24170015.jpg,True,200,
24170629,Canh súp củ dền nấu xương heo,https://concop19.github.io/daily-mate-assets/food_anime/dish_24170629.jpg,True,200,
24170777,Canh cua lá thiên lý,https://concop19.github.io/daily-mate-assets/food_anime/dish_24170777.jpg,True,200,
24171853,Cá diêu hồng tẩm bột chiên giòn,https://concop19.github.io/daily-mate-assets/food_anime/dish_24171853.jpg,True,200,
24174336,Ức Cá Dứa Kho Tiêu,https://concop19.github.io/daily-mate-assets/food_anime/dish_24174336.jpg,True,200,
24174337,Canh Chua Khô Ức Cá Basa,https://concop19.github.io/daily-mate-assets/food_anime/dish_24174337.jpg,True,200,
24175628,Canh Rau Tập Tàng Nấu Tôm Tươi,https://concop19.github.io/daily-mate-assets/food_anime/dish_24175628.jpg,True,200,
24176150,Bún Gạo Nấu Thịt Băm Củ Cải Hồng,https://concop19.github.io/daily-mate-assets/food_anime/dish_24176150.jpg,True,200,
24176225,Canh khổ qua rừng nhồi thịt,https://concop19.github.io/daily-mate-assets/food_anime/dish_24176225.jpg,True,200,
24176300,Lẩu thịt rau củ,https://concop19.github.io/daily-mate-assets/food_anime/dish_24176300.jpg,True,200,
24176991,Cá cơm chiên nước mắm,https://concop19.github.io/daily-mate-assets/food_anime/dish_24176991.jpg,True,200,
24177142,Canh đậu hũ non nấu nấm bào ngư (món chay),https://concop19.github.io/daily-mate-assets/food_anime/dish_24177142.jpg,True,200,
24177310,Tôm ngâm tương Hàn Quốc,https://concop19.github.io/daily-mate-assets/food_anime/dish_24177310.jpg,True,200,
24178121,Canh súp nấu tôm khô,https://concop19.github.io/daily-mate-assets/food_anime/dish_24178121.jpg,True,200,
24178129,Bắp cải xào thịt xay,https://concop19.github.io/daily-mate-assets/food_anime/dish_24178129.jpg,True,200,
24178436,Tảo Xoắn Xào Rau Răm Chay,https://concop19.github.io/daily-mate-assets/food_anime/dish_24178436.jpg,True,200,
24178460,Nui Nơ Nấu Súp Thịt Băm Củ Dền,https://concop19.github.io/daily-mate-assets/food_anime/dish_24178460.jpg,True,200,
24179746,Bò lá lốt chấm mắm nêm,https://concop19.github.io/daily-mate-assets/food_anime/dish_24179746.jpg,True,200,
24179787,Đậu non rim nấm kim châm healthy,https://concop19.github.io/daily-mate-assets/food_anime/dish_24179787.jpg,True,200,
24180043,Canh Nấm Đùi Gà Nấu Rau Muống,https://concop19.github.io/daily-mate-assets/food_anime/dish_24180043.jpg,True,200,
24184857,Cá Dìa Nướng Muối Ớt,https://concop19.github.io/daily-mate-assets/food_anime/dish_24184857.jpg,True,200,
24184860,Canh Củ Dền Nấu Xương Heo,https://concop19.github.io/daily-mate-assets/food_anime/dish_24184860.jpg,True,200,
24184862,Đậu Hũ Luộc,https://concop19.github.io/daily-mate-assets/food_anime/dish_24184862.jpg,True,200,
24185579,Heo Rừng Xào Sả Ớt,https://concop19.github.io/daily-mate-assets/food_anime/dish_24185579.jpg,True,200,
24186033,Thịt rang nước mắm kèm rau dền luộc,https://concop19.github.io/daily-mate-assets/food_anime/dish_24186033.jpg,True,200,
24186185,Canh Bầu Nấu Thịt Lợn Muối,https://concop19.github.io/daily-mate-assets/food_anime/dish_24186185.jpg,True,200,
24186220,"Canh Bông Cải, Củ Dền, Thịt Băm",https://concop19.github.io/daily-mate-assets/food_anime/dish_24186220.jpg,True,200,
24186481,🌱 Canh Bầu Nấm Mỡ Củ Dền (Vegan),https://concop19.github.io/daily-mate-assets/food_anime/dish_24186481.jpg,True,200,
24188667,Canh Bí Đỏ Nấu Thịt,https://concop19.github.io/daily-mate-assets/food_anime/dish_24188667.jpg,True,200,
24188953,"Salad Rau Diếp Xoăn, Bắp Cải Tím & Ức Gà Áp Chảo",https://concop19.github.io/daily-mate-assets/food_anime/dish_24188953.jpg,True,200,
24189908,Thịt ba chỉ xào bạch tuộc 🐙,https://concop19.github.io/daily-mate-assets/food_anime/dish_24189908.jpg,True,200,
24191747,Giò heo xào sả ớt,https://concop19.github.io/daily-mate-assets/food_anime/dish_24191747.jpg,True,200,
24192019,Cá sốt cà,https://concop19.github.io/daily-mate-assets/food_anime/dish_24192019.jpg,True,200,
24192146,Canh rau dền nấu thịt xay,https://concop19.github.io/daily-mate-assets/food_anime/dish_24192146.jpg,True,200,
24192168,Gà rang rau răm,https://concop19.github.io/daily-mate-assets/food_anime/dish_24192168.jpg,True,200,
24192170,"Bò xào lúc lắc ăn kèm dứa, và nước ép cà rốt + lê",https://concop19.github.io/daily-mate-assets/food_anime/dish_24192170.jpg,True,200,
24192251,Bò xào giá và rau đắng,https://concop19.github.io/daily-mate-assets/food_anime/dish_24192251.jpg,True,200,
24192262,Cá hồi xào hành lá thì là,https://concop19.github.io/daily-mate-assets/food_anime/dish_24192262.jpg,True,200,
24192993,Canh chua đầu cá hồng,https://concop19.github.io/daily-mate-assets/food_anime/dish_24192993.jpg,True,200,
24193595,Bò băm xào lá lốt,https://concop19.github.io/daily-mate-assets/food_anime/dish_24193595.jpg,True,200,
24193731,Cá hồi rim me,https://concop19.github.io/daily-mate-assets/food_anime/dish_24193731.jpg,True,200,
24193739,Giá xào thịt xay,https://concop19.github.io/daily-mate-assets/food_anime/dish_24193739.jpg,True,200,
24193744,Canh bí xanh tôm khô thịt xay,https://concop19.github.io/daily-mate-assets/food_anime/dish_24193744.jpg,True,200,
24195557,Thịt Nướng Ngũ Vị Hương,https://concop19.github.io/daily-mate-assets/food_anime/dish_24195557.jpg,True,200,
24195608,Canh mướp nấu nấm đùi gà và hạt sen,https://concop19.github.io/daily-mate-assets/food_anime/dish_24195608.jpg,True,200,
24195618,Canh khoai lang nấu thịt bằm,https://concop19.github.io/daily-mate-assets/food_anime/dish_24195618.jpg,True,200,
24195649,Tôm nõn rim tóp mỡ,https://concop19.github.io/daily-mate-assets/food_anime/dish_24195649.jpg,True,200,
24195659,Cá cơm (duội) rim mắm tỏi,https://concop19.github.io/daily-mate-assets/food_anime/dish_24195659.jpg,True,200,
24195672,Cá rô phi hấp lá ngải cứu,https://concop19.github.io/daily-mate-assets/food_anime/dish_24195672.jpg,True,200,
24195684,Đậu trắng sốt nấm,https://concop19.github.io/daily-mate-assets/food_anime/dish_24195684.jpg,True,200,
24196217,"Rau dền cơm nấu tôm khô, chả cá",https://concop19.github.io/daily-mate-assets/food_anime/dish_24196217.jpg,True,200,
24196221,Rau cải xào lòng gà,https://concop19.github.io/daily-mate-assets/food_anime/dish_24196221.jpg,True,200,
24196486,Canh khế chua nấu lườn cá hồi,https://concop19.github.io/daily-mate-assets/food_anime/dish_24196486.jpg,True,200,
24196577,Thịt viên sốt bơ tỏi,https://concop19.github.io/daily-mate-assets/food_anime/dish_24196577.jpg,True,200,
24196623,Rau câu ổi hồng,https://concop19.github.io/daily-mate-assets/food_anime/dish_24196623.jpg,True,200,
24196625,Canh rau má chả cá thịt xay,https://concop19.github.io/daily-mate-assets/food_anime/dish_24196625.jpg,True,200,
24196630,Ớt chuông xào thịt,https://concop19.github.io/daily-mate-assets/food_anime/dish_24196630.jpg,True,200,
24197510,Trứng chiên thanh cua tình yêu,https://concop19.github.io/daily-mate-assets/food_anime/dish_24197510.jpg,True,200,
24197697,Canh chua hải sản,https://concop19.github.io/daily-mate-assets/food_anime/dish_24197697.jpg,True,200,
24197827,Nấm Đùi Gà Cuộn Sốt Nước Tương Chay,https://concop19.github.io/daily-mate-assets/food_anime/dish_24197827.jpg,True,200,
24197884,Nấm Đùi Gà Và Đậu Hũ Kho Me (Món Chay) 🌿,https://concop19.github.io/daily-mate-assets/food_anime/dish_24197884.jpg,True,200,
24197933,"Đậu hũ, khoai tây rim cà chua",https://concop19.github.io/daily-mate-assets/food_anime/dish_24197933.jpg,True,200,
24198160,"Bún gạo tôm khô, chả cá",https://concop19.github.io/daily-mate-assets/food_anime/dish_24198160.jpg,True,200,
24198736,Cá nục chuối chiên,https://concop19.github.io/daily-mate-assets/food_anime/dish_24198736.jpg,True,200,
24198770,Rau cải ngọt nấu tép khô,https://concop19.github.io/daily-mate-assets/food_anime/dish_24198770.jpg,True,200,
24198808,"Canh sườn, su su, nấm hương tươi",https://concop19.github.io/daily-mate-assets/food_anime/dish_24198808.jpg,True,200,
24198986,Cá hồng kho cà chua,https://concop19.github.io/daily-mate-assets/food_anime/dish_24198986.jpg,True,200,
24201500,"Salad Cá Hồi Sốt Trứng, Tôm Khô",https://concop19.github.io/daily-mate-assets/food_anime/dish_24201500.jpg,True,200,
24201578,Canh chả cá nấu ngót,https://concop19.github.io/daily-mate-assets/food_anime/dish_24201578.jpg,True,200,
24201808,🌱 Canh Bầu Nấm Bào Ngư & Mầm Củ Dền,https://concop19.github.io/daily-mate-assets/food_anime/dish_24201808.jpg,True,200,
24202059,Mì bò đài loan,https://concop19.github.io/daily-mate-assets/food_anime/dish_24202059.jpg,True,200,
24202608,Cá Bò Da Trắng Nướng Sả Nghệ,https://concop19.github.io/daily-mate-assets/food_anime/dish_24202608.jpg,True,200,
24203667,Cá Hồng Nấu Nấm Và Cải Xà Lách Xoong,https://concop19.github.io/daily-mate-assets/food_anime/dish_24203667.jpg,True,200,
24204174,Gỏi bưởi hồng và thịt vịt,https://concop19.github.io/daily-mate-assets/food_anime/dish_24204174.jpg,True,200,
24204180,Nước gạo lứt đỏ và thạch rau câu dâu tằm,https://concop19.github.io/daily-mate-assets/food_anime/dish_24204180.jpg,True,200,
24204714,Cà tím xào thịt gà,https://concop19.github.io/daily-mate-assets/food_anime/dish_24204714.jpg,True,200,
24205282,Mắm CÁ CƠM,https://concop19.github.io/daily-mate-assets/food_anime/dish_24205282.jpg,True,200,
24206803,Canh Bắp Cải Sú Cuộn Thịt,https://concop19.github.io/daily-mate-assets/food_anime/dish_24206803.jpg,True,200,
24207568,📣 Thịt bò xào húng quế kiểu Thái 🥩🫑🧅🌿,https://concop19.github.io/daily-mate-assets/food_anime/dish_24207568.jpg,True,200,
24209533,Salad cá hồi rong biển,https://concop19.github.io/daily-mate-assets/food_anime/dish_24209533.jpg,True,200,
24209536,Đậu hũ mắm hành và lạp xưởng chiên,https://concop19.github.io/daily-mate-assets/food_anime/dish_24209536.jpg,True,200,
24209537,Canh mồng tơi nấu tôm,https://concop19.github.io/daily-mate-assets/food_anime/dish_24209537.jpg,True,200,
24209665,Thịt băm xào khoai tây,https://concop19.github.io/daily-mate-assets/food_anime/dish_24209665.jpg,True,200,
24210148,Cá duội (cá cơm) nấu riêu su hào,https://concop19.github.io/daily-mate-assets/food_anime/dish_24210148.jpg,True,200,
24210160,Chả cá lăng,https://concop19.github.io/daily-mate-assets/food_anime/dish_24210160.jpg,True,200,
24210164,"Đầu, đuôi cá lăng nấu canh chua",https://concop19.github.io/daily-mate-assets/food_anime/dish_24210164.jpg,True,200,
24210188,Rong biển cuộn thịt chiên,https://concop19.github.io/daily-mate-assets/food_anime/dish_24210188.jpg,True,200,
24212545,"Gỏi nho đen, thịt vịt",https://concop19.github.io/daily-mate-assets/food_anime/dish_24212545.jpg,True,200,
24213047,Cá Chiên Giòn Mắm Ngò,https://concop19.github.io/daily-mate-assets/food_anime/dish_24213047.jpg,True,200,
24214411,Cơm Ý mực đen,https://concop19.github.io/daily-mate-assets/food_anime/dish_24214411.jpg,True,200,
24215870,Nấm mèo xào trứng,https://concop19.github.io/daily-mate-assets/food_anime/dish_24215870.jpg,True,200,
24218090,Canh rau tần ô nấu gà,https://concop19.github.io/daily-mate-assets/food_anime/dish_24218090.jpg,True,200,
24218908,Thịt ba rọi rim sả ớt,https://concop19.github.io/daily-mate-assets/food_anime/dish_24218908.jpg,True,200,
24219149,Nui xào thịt xá xíu kèm canh súp rong biển,https://concop19.github.io/daily-mate-assets/food_anime/dish_24219149.jpg,True,200,
24221238,Nấm Lộc Nhung Xào Cải Thìa,https://concop19.github.io/daily-mate-assets/food_anime/dish_24221238.jpg,True,200,
24221298,Canh bí đỏ rong biển thịt viên đông trùng,https://concop19.github.io/daily-mate-assets/food_anime/dish_24221298.jpg,True,200,
24221305,Rong biển cuộn thịt chiên giòn,https://concop19.github.io/daily-mate-assets/food_anime/dish_24221305.jpg,True,200,
24221313,Cá diêu hồng hấp mộc nhĩ đông trùng,https://concop19.github.io/daily-mate-assets/food_anime/dish_24221313.jpg,True,200,
24221760,Cá dấm trắng chiên giòn sốt chua ngọt,https://concop19.github.io/daily-mate-assets/food_anime/dish_24221760.jpg,True,200,
24222045,Cà tím dưa leo xào thịt băm,https://concop19.github.io/daily-mate-assets/food_anime/dish_24222045.jpg,True,200,
24222826,Canh rau dền nấu cá viên,https://concop19.github.io/daily-mate-assets/food_anime/dish_24222826.jpg,True,200,
24222830,Nấm hương nhồi đậu hũ non hấp,https://concop19.github.io/daily-mate-assets/food_anime/dish_24222830.jpg,True,200,
24222930,Thịt rang tiêu,https://concop19.github.io/daily-mate-assets/food_anime/dish_24222930.jpg,True,200,
24222998,Thịt rang nước tương,https://concop19.github.io/daily-mate-assets/food_anime/dish_24222998.jpg,True,200,
24224346,Cá Chiên Muối Ớt Sả,https://concop19.github.io/daily-mate-assets/food_anime/dish_24224346.jpg,True,200,
24229600,Canh Sườn Hầm Nấm Bổ Dưỡng,https://concop19.github.io/daily-mate-assets/food_anime/dish_24229600.jpg,True,200,
24234057,Đậu bóp rau răm,https://concop19.github.io/daily-mate-assets/food_anime/dish_24234057.jpg,True,200,
24234165,Lẩu bò nhúng mẻ,https://concop19.github.io/daily-mate-assets/food_anime/dish_24234165.jpg,True,200,
24234587,Cá Sủ Nấu Ngót,https://concop19.github.io/daily-mate-assets/food_anime/dish_24234587.jpg,True,200,
24234746,Bò Xào Đậu Hoà Lan,https://concop19.github.io/daily-mate-assets/food_anime/dish_24234746.jpg,True,200,
24235176,Đậu phụ om cà chua,https://concop19.github.io/daily-mate-assets/food_anime/dish_24235176.jpg,True,200,
24235445,Cháo Hàu Nấu Nấm Lộc Nhung,https://concop19.github.io/daily-mate-assets/food_anime/dish_24235445.jpg,True,200,
24236168,Canh rau MỒNG TƠI nấu hến,https://concop19.github.io/daily-mate-assets/food_anime/dish_24236168.jpg,True,200,
24237247,Cá chim đen sốt cà,https://concop19.github.io/daily-mate-assets/food_anime/dish_24237247.jpg,True,200,
24237251,Cà ra (cua lông) hấp bia sả,https://concop19.github.io/daily-mate-assets/food_anime/dish_24237251.jpg,True,200,
24237565,Cải xanh cuộn chả cá,https://concop19.github.io/daily-mate-assets/food_anime/dish_24237565.jpg,True,200,
24238782,Thịt Bò Xào Su Su Cà Rốt,https://concop19.github.io/daily-mate-assets/food_anime/dish_24238782.jpg,True,200,
24238923,"Canh củ nấu cá quả, rau cần",https://concop19.github.io/daily-mate-assets/food_anime/dish_24238923.jpg,True,200,
24238930,"Thịt bắp giò kho măng, nấm hương",https://concop19.github.io/daily-mate-assets/food_anime/dish_24238930.jpg,True,200,
24238958,Thịt heo chiên (nướng),https://concop19.github.io/daily-mate-assets/food_anime/dish_24238958.jpg,True,200,
24239026,Củ cải trắng nấu đuôi heo,https://concop19.github.io/daily-mate-assets/food_anime/dish_24239026.jpg,True,200,
24240790,Thịt lợn xào kim chi chua ngọt,https://concop19.github.io/daily-mate-assets/food_anime/dish_24240790.jpg,True,200,
24243133,"Bánh canh chả cá,chả cua",https://concop19.github.io/daily-mate-assets/food_anime/dish_24243133.jpg,True,200,
24243473,Thịt băm bọc trứng sốt cà chua,https://concop19.github.io/daily-mate-assets/food_anime/dish_24243473.jpg,True,200,
24246756,Bắp cải cuộn thịt sốt cà chua,https://concop19.github.io/daily-mate-assets/food_anime/dish_24246756.jpg,True,200,
24248383,Thịt bò thăn nướng (beef chuck roast),https://concop19.github.io/daily-mate-assets/food_anime/dish_24248383.jpg,True,200,
24248973,Đậu hủ kho tương,https://concop19.github.io/daily-mate-assets/food_anime/dish_24248973.jpg,True,200,
24249198,Ếch chiên cay,https://concop19.github.io/daily-mate-assets/food_anime/dish_24249198.jpg,True,200,
24249289,Húng lủi xào thịt,https://concop19.github.io/daily-mate-assets/food_anime/dish_24249289.jpg,True,200,
24249587,Hoành thánh lá nấu thịt chả,https://concop19.github.io/daily-mate-assets/food_anime/dish_24249587.jpg,True,200,
24249595,Canh rau cải con nấu chân gà,https://concop19.github.io/daily-mate-assets/food_anime/dish_24249595.jpg,True,200,
24254635,Tim heo xào ngũ sắc,https://concop19.github.io/daily-mate-assets/food_anime/dish_24254635.jpg,True,200,
24255986,Mì tobokki phomai xúc xích heo,https://concop19.github.io/daily-mate-assets/food_anime/dish_24255986.jpg,True,200,
24256588,Cá bông lau kho rau răm,https://concop19.github.io/daily-mate-assets/food_anime/dish_24256588.jpg,True,200,
24256633,Ếch chiên nước mắm,https://concop19.github.io/daily-mate-assets/food_anime/dish_24256633.jpg,True,200,
24257240,Da cá chiên chay,https://concop19.github.io/daily-mate-assets/food_anime/dish_24257240.jpg,True,200,
24257440,Phở Cuốn Bò Xào,https://concop19.github.io/daily-mate-assets/food_anime/dish_24257440.jpg,True,200,
24258033,Bánh bò làm từ men cơm rượu và đường mía,https://concop19.github.io/daily-mate-assets/food_anime/dish_24258033.jpg,True,200,
24258307,Nấm đùi gà xào bơ tỏi,https://concop19.github.io/daily-mate-assets/food_anime/dish_24258307.jpg,True,200,
24258363,Đậu hũ rim cay ngọt Hàn Quốc 두부조림,https://concop19.github.io/daily-mate-assets/food_anime/dish_24258363.jpg,True,200,
24258507,"CÁ DIÊU HỒNG KHO CÀ với 4 không (k muối tinh luyện, k đường tinh luyện, k nước màu, k nước mắm)",https://concop19.github.io/daily-mate-assets/food_anime/dish_24258507.jpg,True,200,
24259703,Thịt Dê Xào Lăn,https://concop19.github.io/daily-mate-assets/food_anime/dish_24259703.jpg,True,200,
24260768,Canh rau muống nấu ngao,https://concop19.github.io/daily-mate-assets/food_anime/dish_24260768.jpg,True,200,
24261509,"Tai heo trộn dưa leo, rau răm",https://concop19.github.io/daily-mate-assets/food_anime/dish_24261509.jpg,True,200,
24265752,Tôm bó củi,https://concop19.github.io/daily-mate-assets/food_anime/dish_24265752.jpg,True,200,
24267461,Nấm đùi gà xào tỏi,https://concop19.github.io/daily-mate-assets/food_anime/dish_24267461.jpg,True,200,
24267721,Canh cải thảo nấu xương heo,https://concop19.github.io/daily-mate-assets/food_anime/dish_24267721.jpg,True,200,
24267740,Thịt rim cay,https://concop19.github.io/daily-mate-assets/food_anime/dish_24267740.jpg,True,200,
24267742,Thịt rim mặn ngọt,https://concop19.github.io/daily-mate-assets/food_anime/dish_24267742.jpg,True,200,
24272727,Súp tôm ngô ngọt,https://concop19.github.io/daily-mate-assets/food_anime/dish_24272727.jpg,True,200,
24274550,Bánh canh phồng tôm nấu tôm,https://concop19.github.io/daily-mate-assets/food_anime/dish_24274550.jpg,True,200,
24274611,Chả Cá Thì Là Chay,https://concop19.github.io/daily-mate-assets/food_anime/dish_24274611.jpg,True,200,
24275021,Nấm kim châm sốt cà chua,https://concop19.github.io/daily-mate-assets/food_anime/dish_24275021.jpg,True,200,
24276613,"Salad Nui Mafalda, Jambon Khô & Rau Quả",https://concop19.github.io/daily-mate-assets/food_anime/dish_24276613.jpg,True,200,
24277815,Bún Chả Cá Chay Đơn Giản,https://concop19.github.io/daily-mate-assets/food_anime/dish_24277815.jpg,True,200,
24278079,Gà Xào Nấm Phô Mai Bỏ Lò,https://concop19.github.io/daily-mate-assets/food_anime/dish_24278079.jpg,True,200,
24278164,Chả giò ram thịt bò rau củ,https://concop19.github.io/daily-mate-assets/food_anime/dish_24278164.jpg,True,200,
24278300,Chả cá lóc,https://concop19.github.io/daily-mate-assets/food_anime/dish_24278300.jpg,True,200,
24278615,Đậu phụ tẩm ngò,https://concop19.github.io/daily-mate-assets/food_anime/dish_24278615.jpg,True,200,
24278618,Mỳ ý sốt tôm 🦞🦞🦞,https://concop19.github.io/daily-mate-assets/food_anime/dish_24278618.jpg,True,200,
24280766,Canh ngót rau cần nước,https://concop19.github.io/daily-mate-assets/food_anime/dish_24280766.jpg,True,200,
24280771,Bún chả cá viên,https://concop19.github.io/daily-mate-assets/food_anime/dish_24280771.jpg,True,200,
24282793,Thịt kho với giò,https://concop19.github.io/daily-mate-assets/food_anime/dish_24282793.jpg,True,200,
24282856,Bún Chả Cá Nha Trang,https://concop19.github.io/daily-mate-assets/food_anime/dish_24282856.jpg,True,200,
24283233,Chả tôm thịt,https://concop19.github.io/daily-mate-assets/food_anime/dish_24283233.jpg,True,200,
24283241,Canh bí nấu chả tôm thịt,https://concop19.github.io/daily-mate-assets/food_anime/dish_24283241.jpg,True,200,
24283245,Thịt tép rang me,https://concop19.github.io/daily-mate-assets/food_anime/dish_24283245.jpg,True,200,
24284223,Súp Kem Nấm Khoai Tây Thì Là,https://concop19.github.io/daily-mate-assets/food_anime/dish_24284223.jpg,True,200,
24285290,Đỗ xương rồng xào với thịt bò,https://concop19.github.io/daily-mate-assets/food_anime/dish_24285290.jpg,True,200,
24286499,Bún mắm nêm thịt luộc,https://concop19.github.io/daily-mate-assets/food_anime/dish_24286499.jpg,True,200,
24286744,Chả Trứng Hấp Thịt Băm,https://concop19.github.io/daily-mate-assets/food_anime/dish_24286744.jpg,True,200,
24287365,Bắp bò luộc kiểu Hàn 사태수육,https://concop19.github.io/daily-mate-assets/food_anime/dish_24287365.jpg,True,200,
24287986,Mực ống xào su hào,https://concop19.github.io/daily-mate-assets/food_anime/dish_24287986.jpg,True,200,
24287990,"Thịt sườn non kho trứng, nước dừa",https://concop19.github.io/daily-mate-assets/food_anime/dish_24287990.jpg,True,200,
24288042,Dưa chua rau nhút,https://concop19.github.io/daily-mate-assets/food_anime/dish_24288042.jpg,True,200,
24290578,Chả tôm mực viên chiên xù,https://concop19.github.io/daily-mate-assets/food_anime/dish_24290578.jpg,True,200,
24292564,Cá đuối om,https://concop19.github.io/daily-mate-assets/food_anime/dish_24292564.jpg,True,200,
24293925,Mì phá lấu tai mũi heo và kim chi,https://concop19.github.io/daily-mate-assets/food_anime/dish_24293925.jpg,True,200,
24294145,Mì Gói Nấm Lộc Nhung Chay,https://concop19.github.io/daily-mate-assets/food_anime/dish_24294145.jpg,True,200,
24295616,Nấm Đông Cô Sốt Tàu Xì,https://concop19.github.io/daily-mate-assets/food_anime/dish_24295616.jpg,True,200,
24296781,Cải thảo xào nấm hương,https://concop19.github.io/daily-mate-assets/food_anime/dish_24296781.jpg,True,200,
24297191,Thịt Heo Xào Mắm Tôm Sả Ớt,https://concop19.github.io/daily-mate-assets/food_anime/dish_24297191.jpg,True,200,
24299443,Cá Trắm Om Dưa,https://concop19.github.io/daily-mate-assets/food_anime/dish_24299443.jpg,True,200,
24300892,Cá cơm rang cay,https://concop19.github.io/daily-mate-assets/food_anime/dish_24300892.jpg,True,200,
24302248,Best ham hocks (Giò heo hầm),https://concop19.github.io/daily-mate-assets/food_anime/dish_24302248.jpg,True,200,
24302272,Bánh rau câu cheese coffee,https://concop19.github.io/daily-mate-assets/food_anime/dish_24302272.jpg,True,200,
24302921,Đậu phụ sả ớt|Món chay thường ngày,https://concop19.github.io/daily-mate-assets/food_anime/dish_24302921.jpg,True,200,
24304860,✨ Bò lá lốp bằng nồi chiên không dầu ✨,https://concop19.github.io/daily-mate-assets/food_anime/dish_24304860.jpg,True,200,
24305086,Canh nấm mèo cuộn chả cá,https://concop19.github.io/daily-mate-assets/food_anime/dish_24305086.jpg,True,200,
24305390,Thịt ba chỉ rim mắm tép,https://concop19.github.io/daily-mate-assets/food_anime/dish_24305390.jpg,True,200,
24305692,Thịt xay chả cá rang mắm ruốc,https://concop19.github.io/daily-mate-assets/food_anime/dish_24305692.jpg,True,200,
24305699,Cá khô chiên tỏi,https://concop19.github.io/daily-mate-assets/food_anime/dish_24305699.jpg,True,200,
24305711,Xoài trộn cá khô,https://concop19.github.io/daily-mate-assets/food_anime/dish_24305711.jpg,True,200,
24306213,Nấm đông cô kho gừng,https://concop19.github.io/daily-mate-assets/food_anime/dish_24306213.jpg,True,200,
24306415,Ba Rọi Tôm Khô Rang Sả Ớt Lá Chanh,https://concop19.github.io/daily-mate-assets/food_anime/dish_24306415.jpg,True,200,
24307325,Giá xào thịt,https://concop19.github.io/daily-mate-assets/food_anime/dish_24307325.jpg,True,200,
24307331,Tai heo phá lấu,https://concop19.github.io/daily-mate-assets/food_anime/dish_24307331.jpg,True,200,
24307333,Cá khô nướng chấm mắm me,https://concop19.github.io/daily-mate-assets/food_anime/dish_24307333.jpg,True,200,
24309664,Mì Soba Xào Nấm Chay,https://concop19.github.io/daily-mate-assets/food_anime/dish_24309664.jpg,True,200,
24311751,Cá trứng kho,https://concop19.github.io/daily-mate-assets/food_anime/dish_24311751.jpg,True,200,
24312100,Cá khô trộn dưa leo hành tây ức gà,https://concop19.github.io/daily-mate-assets/food_anime/dish_24312100.jpg,True,200,
24312102,Canh rau tần ô nấu con ruốc,https://concop19.github.io/daily-mate-assets/food_anime/dish_24312102.jpg,True,200,
24313049,Cháo cá chép rau đắng,https://concop19.github.io/daily-mate-assets/food_anime/dish_24313049.jpg,True,200,
24313985,Phở Chiên Giòn Xúc Thịt Bò,https://concop19.github.io/daily-mate-assets/food_anime/dish_24313985.jpg,True,200,
24315282,Heo quay nổ bì đơn giản,https://concop19.github.io/daily-mate-assets/food_anime/dish_24315282.jpg,True,200,
24315337,Phở bò viên gân,https://concop19.github.io/daily-mate-assets/food_anime/dish_24315337.jpg,True,200,
24315381,Phở trộn bò băm,https://concop19.github.io/daily-mate-assets/food_anime/dish_24315381.jpg,True,200,
24315428,Bánh phở cuốn thịt nướng,https://concop19.github.io/daily-mate-assets/food_anime/dish_24315428.jpg,True,200,
24316279,Da heo chay cháy tỏi ớt (chay),https://concop19.github.io/daily-mate-assets/food_anime/dish_24316279.jpg,True,200,
24318718,Mực sữa rim nước mắm,https://concop19.github.io/daily-mate-assets/food_anime/dish_24318718.jpg,True,200,
24322337,Gỏi nấm tuyết,https://concop19.github.io/daily-mate-assets/food_anime/dish_24322337.jpg,True,200,
24325558,"Phở đuôi bò, gà",https://concop19.github.io/daily-mate-assets/food_anime/dish_24325558.jpg,True,200,
24327246,Tôm phốc-Tôm càng biển hấp bia,https://concop19.github.io/daily-mate-assets/food_anime/dish_24327246.jpg,True,200,
24327275,Mì Udon Gà Và Nấm Đông Cô,https://concop19.github.io/daily-mate-assets/food_anime/dish_24327275.jpg,True,200,
24327301,Phở Cuốn Thịt Heo,https://concop19.github.io/daily-mate-assets/food_anime/dish_24327301.jpg,True,200,
24328142,SP.0913 - Phở Thịt Luộc Mắm Nêm,https://concop19.github.io/daily-mate-assets/food_anime/dish_24328142.jpg,True,200,
24329752,Bánh phở chiên giòn kèm thịt xào hành tây,https://concop19.github.io/daily-mate-assets/food_anime/dish_24329752.jpg,True,200,
24331717,Nui Sốt Bò Bằm Bỏ Lò,https://concop19.github.io/daily-mate-assets/food_anime/dish_24331717.jpg,True,200,
24331763,Thịt Vai Heo Luộc Cạn,https://concop19.github.io/daily-mate-assets/food_anime/dish_24331763.jpg,True,200,
24334784,🌱 Chè Đu Đủ Táo Đỏ Nấm Tuyết Kỷ Tử,https://concop19.github.io/daily-mate-assets/food_anime/dish_24334784.jpg,True,200,
24335851,TAI heo cuộn bắp bò,https://concop19.github.io/daily-mate-assets/food_anime/dish_24335851.jpg,True,200,
24336566,Thịt heo sốt chua ngọt,https://concop19.github.io/daily-mate-assets/food_anime/dish_24336566.jpg,True,200,
24337072,Thịt chiên vừng,https://concop19.github.io/daily-mate-assets/food_anime/dish_24337072.jpg,True,200,
24337134,Canh cải bó xôi nấu cá viên,https://concop19.github.io/daily-mate-assets/food_anime/dish_24337134.jpg,True,200,
24337318,Lòng bò xào cà ri,https://concop19.github.io/daily-mate-assets/food_anime/dish_24337318.jpg,True,200,
24338569,Thịt rang sả,https://concop19.github.io/daily-mate-assets/food_anime/dish_24338569.jpg,True,200,
24339447,Thịt xay rim cà chua,https://concop19.github.io/daily-mate-assets/food_anime/dish_24339447.jpg,True,200,
24340829,Óc heo hầm ngải cứu,https://concop19.github.io/daily-mate-assets/food_anime/dish_24340829.jpg,True,200,
24341101,Thịt chiên giòn rắc phô mai,https://concop19.github.io/daily-mate-assets/food_anime/dish_24341101.jpg,True,200,
24341428,Cá Gáy (Cá Chép Biển) Nướng Sả,https://concop19.github.io/daily-mate-assets/food_anime/dish_24341428.jpg,True,200,
24343251,Thịt sốt me,https://concop19.github.io/daily-mate-assets/food_anime/dish_24343251.jpg,True,200,
24343256,Rau củ xào cá viên,https://concop19.github.io/daily-mate-assets/food_anime/dish_24343256.jpg,True,200,
24343266,Canh bắp cải cà chua thịt xay,https://concop19.github.io/daily-mate-assets/food_anime/dish_24343266.jpg,True,200,
24344002,Beef Jerky (thịt bò khô),https://concop19.github.io/daily-mate-assets/food_anime/dish_24344002.jpg,True,200,
24347503,Súp rau củ - Harvard vegetable soup 🍲,https://concop19.github.io/daily-mate-assets/food_anime/dish_24347503.jpg,True,200,
24350013,Cá Ong Căn Kho Keo Bằng Chảo Inox,https://concop19.github.io/daily-mate-assets/food_anime/dish_24350013.jpg,True,200,
24351276,Đậu Hũ Sốt Thịt Cà Chua,https://concop19.github.io/daily-mate-assets/food_anime/dish_24351276.jpg,True,200,
24351480,Khô Bò Miếng Ăn Tết,https://concop19.github.io/daily-mate-assets/food_anime/dish_24351480.jpg,True,200,
24351492,Tai Heo Rau Tiến Vua Ngâm Chua Ngọt,https://concop19.github.io/daily-mate-assets/food_anime/dish_24351492.jpg,True,200,
24351669,Pizza bò ngô,https://concop19.github.io/daily-mate-assets/food_anime/dish_24351669.jpg,True,200,
24351682,Bò cuộn nấm kim châm nướng BBQ,https://concop19.github.io/daily-mate-assets/food_anime/dish_24351682.jpg,True,200,
24352772,Súp Rau Củ Harvard,https://concop19.github.io/daily-mate-assets/food_anime/dish_24352772.jpg,True,200,
24352923,Đuôi Heo Hầm Sâm Ngọc Linh,https://concop19.github.io/daily-mate-assets/food_anime/dish_24352923.jpg,True,200,
24353015,SALAD bông cải xanh- thịt xông khói,https://concop19.github.io/daily-mate-assets/food_anime/dish_24353015.jpg,True,200,
24353941,Chả cá chiên sốt bơ tỏi,https://concop19.github.io/daily-mate-assets/food_anime/dish_24353941.jpg,True,200,
24354021,Neapolitan Pizza với Nấm và Ớt Chuông 🫑🍕🍄‍🟫,https://concop19.github.io/daily-mate-assets/food_anime/dish_24354021.jpg,True,200,
24355947,"Cá rô phi nấu nấm, cải xoong",https://concop19.github.io/daily-mate-assets/food_anime/dish_24355947.jpg,True,200,
24356087,Ram rế tôm thịt,https://concop19.github.io/daily-mate-assets/food_anime/dish_24356087.jpg,True,200,
24359395,RAU CỦ ngâm nước mắm,https://concop19.github.io/daily-mate-assets/food_anime/dish_24359395.jpg,True,200,
24360260,Thịt Bò Xào Nấm Lộc Nhung,https://concop19.github.io/daily-mate-assets/food_anime/dish_24360260.jpg,True,200,
24360328,Nui Nấu Mọc Nấm Lộc Nhung,https://concop19.github.io/daily-mate-assets/food_anime/dish_24360328.jpg,True,200,
24362024,Thịt gà chiên xù,https://concop19.github.io/daily-mate-assets/food_anime/dish_24362024.jpg,True,200,
24362100,Canh bí đỏ thịt viên,https://concop19.github.io/daily-mate-assets/food_anime/dish_24362100.jpg,True,200,
24362462,Salad cải mù tạt và cá hồi muối,https://concop19.github.io/daily-mate-assets/food_anime/dish_24362462.jpg,True,200,
24362967,Thịt nướng đút lò phomai,https://concop19.github.io/daily-mate-assets/food_anime/dish_24362967.jpg,True,200,
24366214,Salad thịt bò,https://concop19.github.io/daily-mate-assets/food_anime/dish_24366214.jpg,True,200,
24368089,Canh sườn bò,https://concop19.github.io/daily-mate-assets/food_anime/dish_24368089.jpg,True,200,
24368203,Miến gà nấm hương,https://concop19.github.io/daily-mate-assets/food_anime/dish_24368203.jpg,True,200,
24368334,Chả ức gà rau củ,https://concop19.github.io/daily-mate-assets/food_anime/dish_24368334.jpg,True,200,
24368849,Canh bầu nấu nấm lộc nhung,https://concop19.github.io/daily-mate-assets/food_anime/dish_24368849.jpg,True,200,
24370437,Nui Xào Rau Củ,https://concop19.github.io/daily-mate-assets/food_anime/dish_24370437.jpg,True,200,
24371102,Tôm rim chua ngọt Hàn Quốc,https://concop19.github.io/daily-mate-assets/food_anime/dish_24371102.jpg,True,200,
24371702,"Cá Hú, Cá basa kho",https://concop19.github.io/daily-mate-assets/food_anime/dish_24371702.jpg,True,200,
24374680,Thuyền Taco Gà & Rau Quả,https://concop19.github.io/daily-mate-assets/food_anime/dish_24374680.jpg,True,200,
24382720,Cá hồng tẩm bột chiên,https://concop19.github.io/daily-mate-assets/food_anime/dish_24382720.jpg,True,200,
24383477,Cá chim biển nướng,https://concop19.github.io/daily-mate-assets/food_anime/dish_24383477.jpg,True,200,
24383667,Canh gà nấu nấm,https://concop19.github.io/daily-mate-assets/food_anime/dish_24383667.jpg,True,200,
24383677,Pizza thịt heo nấm hương tươi,https://concop19.github.io/daily-mate-assets/food_anime/dish_24383677.jpg,True,200,
24383734,"Canh cá rô phi nấu nấm, cải xoong",https://concop19.github.io/daily-mate-assets/food_anime/dish_24383734.jpg,True,200,
24383745,"Canh thịt bò bằm nấu nấm hương tươi, khoai tây, cà rốt",https://concop19.github.io/daily-mate-assets/food_anime/dish_24383745.jpg,True,200,
24389600,Spaghetti Tôm 🍤 🍝,https://concop19.github.io/daily-mate-assets/food_anime/dish_24389600.jpg,True,200,
24390132,Roasted Turkey Bacon and Brussels Sprouts Mix(cải Brussels nướng cùng thịt gà tây),https://concop19.github.io/daily-mate-assets/food_anime/dish_24390132.jpg,True,200,
24393820,Thịt vai xay xào nấm mèo,https://concop19.github.io/daily-mate-assets/food_anime/dish_24393820.jpg,True,200,
24394387,"TAI, MŨI heo ngâm nước mắm",https://concop19.github.io/daily-mate-assets/food_anime/dish_24394387.jpg,True,200,
24394852,Canh bắp cải thanh cua nấu chua,https://concop19.github.io/daily-mate-assets/food_anime/dish_24394852.jpg,True,200,
24394882,Bánh đúc thịt vai xay,https://concop19.github.io/daily-mate-assets/food_anime/dish_24394882.jpg,True,200,
24394885,Bắp bò ngâm mắm chua ngọt,https://concop19.github.io/daily-mate-assets/food_anime/dish_24394885.jpg,True,200,
24395351,Đậu hủ dồn thịt sốt cà chua,https://concop19.github.io/daily-mate-assets/food_anime/dish_24395351.jpg,True,200,
24395644,Bông Cải Trắng Xào Nấm Chay,https://concop19.github.io/daily-mate-assets/food_anime/dish_24395644.jpg,True,200,
24397284,Canh Gà Nấu Tần Ô Nấm Mỡ,https://concop19.github.io/daily-mate-assets/food_anime/dish_24397284.jpg,True,200,
24397409,Gyudon Cơm bò kiểu Nhật,https://concop19.github.io/daily-mate-assets/food_anime/dish_24397409.jpg,True,200,
24398139,Đậu phụ xào rong biển ngải cứu,https://concop19.github.io/daily-mate-assets/food_anime/dish_24398139.jpg,True,200,
24398480,Bò khô,https://concop19.github.io/daily-mate-assets/food_anime/dish_24398480.jpg,True,200,
24402313,Canh rau muống nấu mẻ,https://concop19.github.io/daily-mate-assets/food_anime/dish_24402313.jpg,True,200,
24403914,Mì Gói Trộn Rau Củ Chay,https://concop19.github.io/daily-mate-assets/food_anime/dish_24403914.jpg,True,200,
24404857,Thịt chay kho xì dầu,https://concop19.github.io/daily-mate-assets/food_anime/dish_24404857.jpg,True,200,
24404860,Nấm đùi gà chiên (món chay),https://concop19.github.io/daily-mate-assets/food_anime/dish_24404860.jpg,True,200,
24405083,Mì Ý rau củ xốt cà chua,https://concop19.github.io/daily-mate-assets/food_anime/dish_24405083.jpg,True,200,
24405443,Lẩu cá kèo lá giang,https://concop19.github.io/daily-mate-assets/food_anime/dish_24405443.jpg,True,200,
24408841,Đậu hũ đồng tiền chiên,https://concop19.github.io/daily-mate-assets/food_anime/dish_24408841.jpg,True,200,
24408845,Đậu hũ hấp rau củ,https://concop19.github.io/daily-mate-assets/food_anime/dish_24408845.jpg,True,200,
24408896,Giò thủ tai heo,https://concop19.github.io/daily-mate-assets/food_anime/dish_24408896.jpg,True,200,
24410323,Tai heo trộn rong sụn sốt thái,https://concop19.github.io/daily-mate-assets/food_anime/dish_24410323.jpg,True,200,
24411774,Canh Măng Lưỡi Lợn Hầm Xương,https://concop19.github.io/daily-mate-assets/food_anime/dish_24411774.jpg,True,200,
24412437,Salad Friseline Trộn Cá Cơm Muối,https://concop19.github.io/daily-mate-assets/food_anime/dish_24412437.jpg,True,200,
24413047,Thịt lợn luộc kiểu Hàn,https://concop19.github.io/daily-mate-assets/food_anime/dish_24413047.jpg,True,200,
24413307,Chả cá,https://concop19.github.io/daily-mate-assets/food_anime/dish_24413307.jpg,True,200,
24413819,Soup khoai tây kem nấm,https://concop19.github.io/daily-mate-assets/food_anime/dish_24413819.jpg,True,200,
24415671,Đậu phụ chiên bằng nckd,https://concop19.github.io/daily-mate-assets/food_anime/dish_24415671.jpg,True,200,
24417175,Soup ngô gà heo nấm,https://concop19.github.io/daily-mate-assets/food_anime/dish_24417175.jpg,True,200,
24418882,Đậu hũ non hấp rau củ,https://concop19.github.io/daily-mate-assets/food_anime/dish_24418882.jpg,True,200,
24419611,Bò nhúng chanh dây,https://concop19.github.io/daily-mate-assets/food_anime/dish_24419611.jpg,True,200,
24420044,Nấm đùi gà kho gừng tiêu xanh,https://concop19.github.io/daily-mate-assets/food_anime/dish_24420044.jpg,True,200,
24420048,Miến xào rau cần nấm lộc nhung,https://concop19.github.io/daily-mate-assets/food_anime/dish_24420048.jpg,True,200,
24430307,Thịt tẩm bột chiên giòn,https://concop19.github.io/daily-mate-assets/food_anime/dish_24430307.jpg,True,200,
24431724,Tôm chao dầu,https://concop19.github.io/daily-mate-assets/food_anime/dish_24431724.jpg,True,200,
24433352,Thịt kho trứng cút + củ cải,https://concop19.github.io/daily-mate-assets/food_anime/dish_24433352.jpg,True,200,
24434364,Chả đậu phụ rong biển,https://concop19.github.io/daily-mate-assets/food_anime/dish_24434364.jpg,True,200,
24437352,Nui Trộn Cá Trích Xông Khói,https://concop19.github.io/daily-mate-assets/food_anime/dish_24437352.jpg,True,200,
24439322,Gỏi gà rau cải ngọt,https://concop19.github.io/daily-mate-assets/food_anime/dish_24439322.jpg,True,200,
24439354,Thịt ngâm nước mắm,https://concop19.github.io/daily-mate-assets/food_anime/dish_24439354.jpg,True,200,
24439367,Lưỡi heo ngâm nước mắm,https://concop19.github.io/daily-mate-assets/food_anime/dish_24439367.jpg,True,200,
24448809,Cá sốt cà chua,https://concop19.github.io/daily-mate-assets/food_anime/dish_24448809.jpg,True,200,
24455080,"Cánh Gà Nấu Rượu Vang, Sốt Cà Chua Và Rau Củ",https://concop19.github.io/daily-mate-assets/food_anime/dish_24455080.jpg,True,200,
24455241,Tôm Khô Củ Kiệu Trứng Bắc Thảo,https://concop19.github.io/daily-mate-assets/food_anime/dish_24455241.jpg,True,200,
24456837,Su su cà rốt xào tôm,https://concop19.github.io/daily-mate-assets/food_anime/dish_24456837.jpg,True,200,
24457282,Nấm Đùi Gà Trộn Thính,https://concop19.github.io/daily-mate-assets/food_anime/dish_24457282.jpg,True,200,
24460537,Canh bò viên nấu khoai môn,https://concop19.github.io/daily-mate-assets/food_anime/dish_24460537.jpg,True,200,
24461420,Hủ Tiếu Xào Nõn Tôm Trứng Cút,https://concop19.github.io/daily-mate-assets/food_anime/dish_24461420.jpg,True,200,
24461434,Trứng Hấp Tôm Khô Lạp Xưởng,https://concop19.github.io/daily-mate-assets/food_anime/dish_24461434.jpg,True,200,
24461845,Canh gà nấm ngô,https://concop19.github.io/daily-mate-assets/food_anime/dish_24461845.jpg,True,200,
24465730,Canh bắp cải nấu tôm thịt viên,https://concop19.github.io/daily-mate-assets/food_anime/dish_24465730.jpg,True,200,
24465775,Đậu bắp chua ngọt trộn thịt rang,https://concop19.github.io/daily-mate-assets/food_anime/dish_24465775.jpg,True,200,
24465782,Canh mướp thịt vai xay nấu nhanh,https://concop19.github.io/daily-mate-assets/food_anime/dish_24465782.jpg,True,200,
24466162,Cá Bống Đồng Kho Cay,https://concop19.github.io/daily-mate-assets/food_anime/dish_24466162.jpg,True,200,
24468689,Canh bí đỏ thịt vai xay nấu con ruốc,https://concop19.github.io/daily-mate-assets/food_anime/dish_24468689.jpg,True,200,
24468710,Canh bắp cải nấu thịt mộc nhĩ,https://concop19.github.io/daily-mate-assets/food_anime/dish_24468710.jpg,True,200,
24471165,Bánh gạo cay ăn kèm ba chỉ bò áp chảo,https://concop19.github.io/daily-mate-assets/food_anime/dish_24471165.jpg,True,200,
24472315,Cơm chiên rong biển cá mặn chay,https://concop19.github.io/daily-mate-assets/food_anime/dish_24472315.jpg,True,200,
24473400,Gà Muối Tiêu Rau Răm,https://concop19.github.io/daily-mate-assets/food_anime/dish_24473400.jpg,True,200,
24474149,Chả đậu hũ bắp nấm rong biển dọn tủ,https://concop19.github.io/daily-mate-assets/food_anime/dish_24474149.jpg,True,200,
24474683,Cá hấp bia,https://concop19.github.io/daily-mate-assets/food_anime/dish_24474683.jpg,True,200,
24475086,Bún trộn thịt viên,https://concop19.github.io/daily-mate-assets/food_anime/dish_24475086.jpg,True,200,
24476891,Trứng Chiên Phomai Thịt Bằm,https://concop19.github.io/daily-mate-assets/food_anime/dish_24476891.jpg,True,200,
24477279,Thịt má heo kho nghệ rất ngon mà không ngấy,https://concop19.github.io/daily-mate-assets/food_anime/dish_24477279.jpg,True,200,
24477843,Tôm bỏ lò,https://concop19.github.io/daily-mate-assets/food_anime/dish_24477843.jpg,True,200,
24478231,Tôm cuốn ức gà rau củ,https://concop19.github.io/daily-mate-assets/food_anime/dish_24478231.jpg,True,200,
24480093,Cải Hoa Hồng Xào Tôm,https://concop19.github.io/daily-mate-assets/food_anime/dish_24480093.jpg,True,200,
24480559,Thịt nạc đùi lợn nấu với nấm hương,https://concop19.github.io/daily-mate-assets/food_anime/dish_24480559.jpg,True,200,
24481719,Xoài cuộn đùi heo muối 🇪🇸,https://concop19.github.io/daily-mate-assets/food_anime/dish_24481719.jpg,True,200,
24482306,Su su xào đậu hũ chay,https://concop19.github.io/daily-mate-assets/food_anime/dish_24482306.jpg,True,200,
24485387,Chả đậu hũ chà bông nấm,https://concop19.github.io/daily-mate-assets/food_anime/dish_24485387.jpg,True,200,
24485505,Canh cải đắng nấu xương heo,https://concop19.github.io/daily-mate-assets/food_anime/dish_24485505.jpg,True,200,
24485518,"Bánh đa Quỳnh Côi xào giò, rau cần nước",https://concop19.github.io/daily-mate-assets/food_anime/dish_24485518.jpg,True,200,
24486959,Cơm sốt tôm chua ngọt 칠리새우덮밥,https://concop19.github.io/daily-mate-assets/food_anime/dish_24486959.jpg,True,200,
24488431,Cá chay sốt cà chua,https://concop19.github.io/daily-mate-assets/food_anime/dish_24488431.jpg,True,200,
24488432,Đậu que xào nấm lộc nhung,https://concop19.github.io/daily-mate-assets/food_anime/dish_24488432.jpg,True,200,
24489914,Thịt chiên ăn cùng sốt chua ngọt,https://concop19.github.io/daily-mate-assets/food_anime/dish_24489914.jpg,True,200,
24491180,Miến xào cua 5 sao,https://concop19.github.io/daily-mate-assets/food_anime/dish_24491180.jpg,True,200,
24491447,Cơm Omurice Cá Hồi,https://concop19.github.io/daily-mate-assets/food_anime/dish_24491447.jpg,True,200,
24491622,Cá Basa Fillet Sốt Teriyaki,https://concop19.github.io/daily-mate-assets/food_anime/dish_24491622.jpg,True,200,
24491637,Gà Om Rau Củ,https://concop19.github.io/daily-mate-assets/food_anime/dish_24491637.jpg,True,200,
24491700,Ruốc Cá Nục,https://concop19.github.io/daily-mate-assets/food_anime/dish_24491700.jpg,True,200,
24491710,Cá Thu Sốt Cay (dùng sốt ớt ngọt Thái),https://concop19.github.io/daily-mate-assets/food_anime/dish_24491710.jpg,True,200,
24491760,Thịt Viên Lá Lốt,https://concop19.github.io/daily-mate-assets/food_anime/dish_24491760.jpg,True,200,
24491770,Canh Khổ Qua Dồn Thịt,https://concop19.github.io/daily-mate-assets/food_anime/dish_24491770.jpg,True,200,
24491819,Cá Nục Nhí Kho Cay,https://concop19.github.io/daily-mate-assets/food_anime/dish_24491819.jpg,True,200,
24492617,Cá Hú/Bông Lau/Basa Kho Tộ,https://concop19.github.io/daily-mate-assets/food_anime/dish_24492617.jpg,True,200,
24492624,Thịt Thăn Heo Sốt Bơ,https://concop19.github.io/daily-mate-assets/food_anime/dish_24492624.jpg,True,200,
24492636,Nem Gà Nấm,https://concop19.github.io/daily-mate-assets/food_anime/dish_24492636.jpg,True,200,
24492701,Cá Saba Nướng Sốt Teriyaki,https://concop19.github.io/daily-mate-assets/food_anime/dish_24492701.jpg,True,200,
24493098,Bánh canh bột xắt chả cá,https://concop19.github.io/daily-mate-assets/food_anime/dish_24493098.jpg,True,200,
24493171,Bò Wellington,https://concop19.github.io/daily-mate-assets/food_anime/dish_24493171.jpg,True,200,
24494830,Mắm cá linh chưng thịt trứng,https://concop19.github.io/daily-mate-assets/food_anime/dish_24494830.jpg,True,200,
24497241,Ngưu bàng và nấm đảo bông,https://concop19.github.io/daily-mate-assets/food_anime/dish_24497241.jpg,True,200,
24502875,Chân nấm xào sả ớt,https://concop19.github.io/daily-mate-assets/food_anime/dish_24502875.jpg,True,200,
24504179,Canh Cải Dún Thịt Bằm,https://concop19.github.io/daily-mate-assets/food_anime/dish_24504179.jpg,True,200,
24505786,Canh rau ngót nấu ngưu bàng,https://concop19.github.io/daily-mate-assets/food_anime/dish_24505786.jpg,True,200,
24507288,Lẩu cua đồng,https://concop19.github.io/daily-mate-assets/food_anime/dish_24507288.jpg,True,200,
24513329,Canh Dưa Cải Nấu Dẻ Sườn Bò,https://concop19.github.io/daily-mate-assets/food_anime/dish_24513329.jpg,True,200,
24513674,Mì ý bò sốt tiêu đen,https://concop19.github.io/daily-mate-assets/food_anime/dish_24513674.jpg,True,200,
24515550,Lẩu cá chay,https://concop19.github.io/daily-mate-assets/food_anime/dish_24515550.jpg,True,200,
24515815,Canh dưa chua nấu bò,https://concop19.github.io/daily-mate-assets/food_anime/dish_24515815.jpg,True,200,
24516190,Cơm Chiên Cua Phủ Trứng,https://concop19.github.io/daily-mate-assets/food_anime/dish_24516190.jpg,True,200,
24516363,"Trứng hấp đậu hũ trứng, nấm & trứng bắc thảo",https://concop19.github.io/daily-mate-assets/food_anime/dish_24516363.jpg,True,200,
24517654,Măng lá xào rau răm,https://concop19.github.io/daily-mate-assets/food_anime/dish_24517654.jpg,True,200,
24517937,Trứng cuộn thanh cua 🦀,https://concop19.github.io/daily-mate-assets/food_anime/dish_24517937.jpg,True,200,
24519456,Chả Cua (Bún Bò Huế),https://concop19.github.io/daily-mate-assets/food_anime/dish_24519456.jpg,True,200,
24522201,Rau sắn muối chua xào,https://concop19.github.io/daily-mate-assets/food_anime/dish_24522201.jpg,True,200,
24522291,Cá Hố Chiên,https://concop19.github.io/daily-mate-assets/food_anime/dish_24522291.jpg,True,200,
24522852,Súp Bắp Cua,https://concop19.github.io/daily-mate-assets/food_anime/dish_24522852.jpg,True,200,
24527126,Lá Chùm Ruột Xào Thịt,https://concop19.github.io/daily-mate-assets/food_anime/dish_24527126.jpg,True,200,
24528223,Bánh tráng kẹp chả cá,https://concop19.github.io/daily-mate-assets/food_anime/dish_24528223.jpg,True,200,
24528361,Canh Nấm Rơm Rong Biển Chay,https://concop19.github.io/daily-mate-assets/food_anime/dish_24528361.jpg,True,200,
24528547,Cá chẽm sốt cam,https://concop19.github.io/daily-mate-assets/food_anime/dish_24528547.jpg,True,200,
24529783,Cháo thịt gà 🐔 cải thảo,https://concop19.github.io/daily-mate-assets/food_anime/dish_24529783.jpg,True,200,
24529784,Mì somen tôm rau ngót 🌿,https://concop19.github.io/daily-mate-assets/food_anime/dish_24529784.jpg,True,200,
24529787,Cháo thịt heo 🥓 khoai sọ cần tây,https://concop19.github.io/daily-mate-assets/food_anime/dish_24529787.jpg,True,200,
24529790,Cháo sườn heo 🍖 khoai tây,https://concop19.github.io/daily-mate-assets/food_anime/dish_24529790.jpg,True,200,
24529795,Cháo thịt gà 🍗 rau ngót,https://concop19.github.io/daily-mate-assets/food_anime/dish_24529795.jpg,True,200,
24529797,Súp tôm cà rốt 🥕,https://concop19.github.io/daily-mate-assets/food_anime/dish_24529797.jpg,True,200,
24529806,Mì somen thịt heo rau cải 🥬,https://concop19.github.io/daily-mate-assets/food_anime/dish_24529806.jpg,True,200,
24529809,Cháo thịt gà khoai lang 🍠,https://concop19.github.io/daily-mate-assets/food_anime/dish_24529809.jpg,True,200,
24529847,Cháo sườn heo 🍖 rau cải thảo,https://concop19.github.io/daily-mate-assets/food_anime/dish_24529847.jpg,True,200,
24529849,Súp thịt chim 🐦 bí đỏ,https://concop19.github.io/daily-mate-assets/food_anime/dish_24529849.jpg,True,200,
24529858,Cháo thịt heo khoai tây dưa leo 🥒,https://concop19.github.io/daily-mate-assets/food_anime/dish_24529858.jpg,True,200,
24529864,Cháo thịt chim su hào nấm hương 🍄‍🟫,https://concop19.github.io/daily-mate-assets/food_anime/dish_24529864.jpg,True,200,
24529868,Cháo thịt chim rau ngót 🌿,https://concop19.github.io/daily-mate-assets/food_anime/dish_24529868.jpg,True,200,
24529869,Cháo thịt gà 🐓 khoai môn,https://concop19.github.io/daily-mate-assets/food_anime/dish_24529869.jpg,True,200,
24529875,Mì somen tôm rau cải 🥬,https://concop19.github.io/daily-mate-assets/food_anime/dish_24529875.jpg,True,200,
24529888,Súp thịt gà 🍗 rong biển khoai tây,https://concop19.github.io/daily-mate-assets/food_anime/dish_24529888.jpg,True,200,
24529897,Mì somen thịt heo cà rốt 🥕,https://concop19.github.io/daily-mate-assets/food_anime/dish_24529897.jpg,True,200,
24529907,Súp thịt gà nấm rau cải 🥬,https://concop19.github.io/daily-mate-assets/food_anime/dish_24529907.jpg,True,200,
24529911,Mì somen 🍜 thịt heo bí đỏ,https://concop19.github.io/daily-mate-assets/food_anime/dish_24529911.jpg,True,200,
24529920,Cháo thịt gà 🍗 bí xanh,https://concop19.github.io/daily-mate-assets/food_anime/dish_24529920.jpg,True,200,
24529922,Cháo thịt heo 🥓 rau lang,https://concop19.github.io/daily-mate-assets/food_anime/dish_24529922.jpg,True,200,
24529923,Cháo thịt gà bí đỏ 🎃,https://concop19.github.io/daily-mate-assets/food_anime/dish_24529923.jpg,True,200,
24529925,Mì somen thịt heo cà chua 🍅 rong biển,https://concop19.github.io/daily-mate-assets/food_anime/dish_24529925.jpg,True,200,
24529928,Cháo cá rô 🐟 rau ngót,https://concop19.github.io/daily-mate-assets/food_anime/dish_24529928.jpg,True,200,
24529930,Cháo cá rô rau lang 🌿,https://concop19.github.io/daily-mate-assets/food_anime/dish_24529930.jpg,True,200,
24529931,Cháo thịt gà 🐓 su su,https://concop19.github.io/daily-mate-assets/food_anime/dish_24529931.jpg,True,200,
24529937,Cháo thịt bò 🐂 hành tây,https://concop19.github.io/daily-mate-assets/food_anime/dish_24529937.jpg,True,200,
24529938,Súp thịt heo 🥓 khoai sọ rong biển,https://concop19.github.io/daily-mate-assets/food_anime/dish_24529938.jpg,True,200,
24529940,Cháo thịt gà 🍗 nấm kim châm,https://concop19.github.io/daily-mate-assets/food_anime/dish_24529940.jpg,True,200,
24529944,🍜 Mì somen thịt heo dưa chuột nấm kim châm,https://concop19.github.io/daily-mate-assets/food_anime/dish_24529944.jpg,True,200,
24529949,Cháo thịt heo rau cải 🥬,https://concop19.github.io/daily-mate-assets/food_anime/dish_24529949.jpg,True,200,
24529950,Súp kem thịt bò bí đỏ + bánh sandwich 🍞,https://concop19.github.io/daily-mate-assets/food_anime/dish_24529950.jpg,True,200,
24529955,Cháo thịt heo 🥓 củ cải,https://concop19.github.io/daily-mate-assets/food_anime/dish_24529955.jpg,True,200,
24529959,Cháo thịt bò 🐂 bắp cải,https://concop19.github.io/daily-mate-assets/food_anime/dish_24529959.jpg,True,200,
24529961,Súp kem thịt gà khoai sọ + sandwich 🍞,https://concop19.github.io/daily-mate-assets/food_anime/dish_24529961.jpg,True,200,
24529965,Cháo thịt heo 🐷 rau muống,https://concop19.github.io/daily-mate-assets/food_anime/dish_24529965.jpg,True,200,
24529968,Cháo cá rô khoai lang 🍠,https://concop19.github.io/daily-mate-assets/food_anime/dish_24529968.jpg,True,200,
24529981,Súp kem khoai tây 🥔 thịt gà rong biển,https://concop19.github.io/daily-mate-assets/food_anime/dish_24529981.jpg,True,200,
24529985,Cháo cá rô 🐟 su su,https://concop19.github.io/daily-mate-assets/food_anime/dish_24529985.jpg,True,200,
24529995,Cháo yến mạch cá rô 🐠 bí đỏ,https://concop19.github.io/daily-mate-assets/food_anime/dish_24529995.jpg,True,200,
24529996,Cháo thịt heo cà chua 🍅 rong biển,https://concop19.github.io/daily-mate-assets/food_anime/dish_24529996.jpg,True,200,
24529999,Cháo thịt gà 🍗 củ cải,https://concop19.github.io/daily-mate-assets/food_anime/dish_24529999.jpg,True,200,
24530003,Cháo thịt bò rau cải 🥬,https://concop19.github.io/daily-mate-assets/food_anime/dish_24530003.jpg,True,200,
24530006,Súp kem khoai sọ thịt heo 🥓mộc nhĩ,https://concop19.github.io/daily-mate-assets/food_anime/dish_24530006.jpg,True,200,
24530300,Mực xào dưa leo + bắp cải,https://concop19.github.io/daily-mate-assets/food_anime/dish_24530300.jpg,True,200,
24530989,Chả trứng hấp thịt và chao,https://concop19.github.io/daily-mate-assets/food_anime/dish_24530989.jpg,True,200,
24531037,Rau muống nấu thịt và chao,https://concop19.github.io/daily-mate-assets/food_anime/dish_24531037.jpg,True,200,
24532831,Salad cá phết bánh mì,https://concop19.github.io/daily-mate-assets/food_anime/dish_24532831.jpg,True,200,
24532974,Trứng Chiên Cốm Tôm,https://concop19.github.io/daily-mate-assets/food_anime/dish_24532974.jpg,True,200,
24533184,"Thịt bắp giò và móng giò kho quế, hoa hồi, thảo quả",https://concop19.github.io/daily-mate-assets/food_anime/dish_24533184.jpg,True,200,
24534085,Canh cá cơm nhật + đậu phụ trắng+ rong biển,https://concop19.github.io/daily-mate-assets/food_anime/dish_24534085.jpg,True,200,
24535293,Đuôi Heo Hầm Táo Đỏ Bắp Mỹ Kỷ Tử,https://concop19.github.io/daily-mate-assets/food_anime/dish_24535293.jpg,True,200,
24535530,Giò Sống Cuộn Rong Biển Tôm Thịt,https://concop19.github.io/daily-mate-assets/food_anime/dish_24535530.jpg,True,200,
24536194,Gà tiềm 8 loại nấm 🍄‍🟫🍄,https://concop19.github.io/daily-mate-assets/food_anime/dish_24536194.jpg,True,200,
24536427,Thịt băm xào bắp,https://concop19.github.io/daily-mate-assets/food_anime/dish_24536427.jpg,True,200,
24539643,Cà Chua Thân Gỗ Rắc Muối Tôm,https://concop19.github.io/daily-mate-assets/food_anime/dish_24539643.jpg,True,200,
24540418,Đậu phụ làng Kênh chiên cay,https://concop19.github.io/daily-mate-assets/food_anime/dish_24540418.jpg,True,200,
24541184,Canh dưa chua bắp bò,https://concop19.github.io/daily-mate-assets/food_anime/dish_24541184.jpg,True,200,
24541654,Nấm tràm khô kho tiêu,https://concop19.github.io/daily-mate-assets/food_anime/dish_24541654.jpg,True,200,
24541921,Cá nục nhí kho thịt vai heo,https://concop19.github.io/daily-mate-assets/food_anime/dish_24541921.jpg,True,200,
24545559,Canh trứng nấm,https://concop19.github.io/daily-mate-assets/food_anime/dish_24545559.jpg,True,200,
24546184,Cá chỉ vàng chiên giòn,https://concop19.github.io/daily-mate-assets/food_anime/dish_24546184.jpg,True,200,
24546189,Rau tầm bóp xào tóp mỡ,https://concop19.github.io/daily-mate-assets/food_anime/dish_24546189.jpg,True,200,
24546200,Thịt bò xào dưa,https://concop19.github.io/daily-mate-assets/food_anime/dish_24546200.jpg,True,200,
24546204,Tôm nõn rim tiêu,https://concop19.github.io/daily-mate-assets/food_anime/dish_24546204.jpg,True,200,
24546226,Rau tầm bóp nấu tôm trứng,https://concop19.github.io/daily-mate-assets/food_anime/dish_24546226.jpg,True,200,
24546236,Thịt heo sốt sả tắc,https://concop19.github.io/daily-mate-assets/food_anime/dish_24546236.jpg,True,200,
24547580,Canh bí xanh nhồi tôm thịt,https://concop19.github.io/daily-mate-assets/food_anime/dish_24547580.jpg,True,200,
24549002,Nấm Hấp Lá Chanh Chay,https://concop19.github.io/daily-mate-assets/food_anime/dish_24549002.jpg,True,200,
24549636,Ruốc nấm ngưu bàng,https://concop19.github.io/daily-mate-assets/food_anime/dish_24549636.jpg,True,200,
24552308,Nấm Đùi Gà Kho Tiêu Xanh Chay,https://concop19.github.io/daily-mate-assets/food_anime/dish_24552308.jpg,True,200,
24552926,Khô cá cơm rim mặn ngọt siêu bắt cơm 😊,https://concop19.github.io/daily-mate-assets/food_anime/dish_24552926.jpg,True,200,
24554169,Cá trứng kho tiêu,https://concop19.github.io/daily-mate-assets/food_anime/dish_24554169.jpg,True,200,
24554541,Đuôi heo luộc,https://concop19.github.io/daily-mate-assets/food_anime/dish_24554541.jpg,True,200,
24554544,Canh nước hầm xương nấu bí xanh và nấm đùi gà,https://concop19.github.io/daily-mate-assets/food_anime/dish_24554544.jpg,True,200,
24554549,Rau thù lù (hoặc tầm bóp) nấu gà,https://concop19.github.io/daily-mate-assets/food_anime/dish_24554549.jpg,True,200,
24556430,Gân bò kho gừng,https://concop19.github.io/daily-mate-assets/food_anime/dish_24556430.jpg,True,200,
24557372,Bánh đúc thịt kiểu Bắc,https://concop19.github.io/daily-mate-assets/food_anime/dish_24557372.jpg,True,200,
24560292,Bún nấm trộn tempeh,https://concop19.github.io/daily-mate-assets/food_anime/dish_24560292.jpg,True,200,
24562533,Dạ dày cá ba sa nướng,https://concop19.github.io/daily-mate-assets/food_anime/dish_24562533.jpg,True,200,
24563508,Cá Chim Nướng Lá Chuối,https://concop19.github.io/daily-mate-assets/food_anime/dish_24563508.jpg,True,200,
24564086,Củ cải xào thịt ba chỉ,https://concop19.github.io/daily-mate-assets/food_anime/dish_24564086.jpg,True,200,
24564520,Ếch Kho Rau Răm,https://concop19.github.io/daily-mate-assets/food_anime/dish_24564520.jpg,True,200,
24564529,Cháo Thịt Bò Cà Rốt Khoai Tây,https://concop19.github.io/daily-mate-assets/food_anime/dish_24564529.jpg,True,200,
24567508,Canh Thịt Bò Nấu Cải Chua,https://concop19.github.io/daily-mate-assets/food_anime/dish_24567508.jpg,True,200,
24569714,Cá he kho rục,https://concop19.github.io/daily-mate-assets/food_anime/dish_24569714.jpg,True,200,
24570000,Canh rong biển nấu nấm thanh đạm,https://concop19.github.io/daily-mate-assets/food_anime/dish_24570000.jpg,True,200,
24570064,Khổ qua nhồi cá thác lát,https://concop19.github.io/daily-mate-assets/food_anime/dish_24570064.jpg,True,200,
24570630,Bún thịt viên cà chua,https://concop19.github.io/daily-mate-assets/food_anime/dish_24570630.jpg,True,200,
24570914,Canh Bầu Nấu Nấm Rơm,https://concop19.github.io/daily-mate-assets/food_anime/dish_24570914.jpg,True,200,
24570923,Nấm Xào Ớt Chuông Đậu Hà Lan,https://concop19.github.io/daily-mate-assets/food_anime/dish_24570923.jpg,True,200,
24572028,Thịt Luộc Cà Pháo Mắm Nêm,https://concop19.github.io/daily-mate-assets/food_anime/dish_24572028.jpg,True,200,
24572970,Rau Tiến Vua Ngâm Nước Tương,https://concop19.github.io/daily-mate-assets/food_anime/dish_24572970.jpg,True,200,
24574193,Thịt nạc dăm heo chiên xù kiểu Nhật,https://concop19.github.io/daily-mate-assets/food_anime/dish_24574193.jpg,True,200,
24574198,Canh chua tôm bông điên điển,https://concop19.github.io/daily-mate-assets/food_anime/dish_24574198.jpg,True,200,
24574206,Mì udon hầm rau củ Eatclean,https://concop19.github.io/daily-mate-assets/food_anime/dish_24574206.jpg,True,200,
24574973,Rau cần nước nấu cá,https://concop19.github.io/daily-mate-assets/food_anime/dish_24574973.jpg,True,200,
24574986,Phi lê cá rô phi cuộn thịt chiên giòn,https://concop19.github.io/daily-mate-assets/food_anime/dish_24574986.jpg,True,200,
24574992,Phi lê cá rô phi chiên giòn,https://concop19.github.io/daily-mate-assets/food_anime/dish_24574992.jpg,True,200,
24575500,Cá phèn um muối ớt,https://concop19.github.io/daily-mate-assets/food_anime/dish_24575500.jpg,True,200,
24577459,Cháo Thịt Bằm Trứng Cút,https://concop19.github.io/daily-mate-assets/food_anime/dish_24577459.jpg,True,200,
24578335,Pizza Sandwich Bò Bằm,https://concop19.github.io/daily-mate-assets/food_anime/dish_24578335.jpg,True,200,
24580252,Cháo yến mạch thịt bò nấm đông cô,https://concop19.github.io/daily-mate-assets/food_anime/dish_24580252.jpg,True,200,
24580276,Kimbap cuốn rau Eatclean,https://concop19.github.io/daily-mate-assets/food_anime/dish_24580276.jpg,True,200,
24580478,Canh Bầu Nấu Rau Đay,https://concop19.github.io/daily-mate-assets/food_anime/dish_24580478.jpg,True,200,
24580793,Cơm cuộn thịt vai nướng,https://concop19.github.io/daily-mate-assets/food_anime/dish_24580793.jpg,True,200,
24582740,Bún chả cá Đà Nẵng chay,https://concop19.github.io/daily-mate-assets/food_anime/dish_24582740.jpg,True,200,
24583035,Bò Xào Xì Dầu,https://concop19.github.io/daily-mate-assets/food_anime/dish_24583035.jpg,True,200,
24584245,Sandwich thịt cà chua phô mai,https://concop19.github.io/daily-mate-assets/food_anime/dish_24584245.jpg,True,200,
24584254,Salad thịt luộc vét tủ lạnh,https://concop19.github.io/daily-mate-assets/food_anime/dish_24584254.jpg,True,200,
24584882,Sườn heo hầm súp rau củ,https://concop19.github.io/daily-mate-assets/food_anime/dish_24584882.jpg,True,200,
24585072,Cá mòi sốt cà chua nước mắm,https://concop19.github.io/daily-mate-assets/food_anime/dish_24585072.jpg,True,200,
24586099,Canh rau cải cúc (tần ô) nấu óc đậu,https://concop19.github.io/daily-mate-assets/food_anime/dish_24586099.jpg,True,200,
24586200,Thịt gà nấu gừng nghệ,https://concop19.github.io/daily-mate-assets/food_anime/dish_24586200.jpg,True,200,
24586378,Cá khoai nấu mẻ,https://concop19.github.io/daily-mate-assets/food_anime/dish_24586378.jpg,True,200,
24586530,"Gỏi mực nang, su hào",https://concop19.github.io/daily-mate-assets/food_anime/dish_24586530.jpg,True,200,
24587850,Nui xào ngô sốt thịt nướng sả,https://concop19.github.io/daily-mate-assets/food_anime/dish_24587850.jpg,True,200,
24587951,Cá quả chan dấm bỗng,https://concop19.github.io/daily-mate-assets/food_anime/dish_24587951.jpg,True,200,
24588789,Canh dưa cải nấu thịt bò,https://concop19.github.io/daily-mate-assets/food_anime/dish_24588789.jpg,True,200,
24588825,Cá hồi muối,https://concop19.github.io/daily-mate-assets/food_anime/dish_24588825.jpg,True,200,
24588894,Chà Bông Heo (Ruốc) Bằng Máy Làm Mochi,https://concop19.github.io/daily-mate-assets/food_anime/dish_24588894.jpg,True,200,
24589041,Thịt heo rừng xào rau càng cua,https://concop19.github.io/daily-mate-assets/food_anime/dish_24589041.jpg,True,200,
24589281,Hạt mít kho tiêu rau răm,https://concop19.github.io/daily-mate-assets/food_anime/dish_24589281.jpg,True,200,
24589988,Gỏi Xoài Tôm Khô Trứng Muối,https://concop19.github.io/daily-mate-assets/food_anime/dish_24589988.jpg,True,200,
24590031,Tôm Nõn Xào Cải Thảo,https://concop19.github.io/daily-mate-assets/food_anime/dish_24590031.jpg,True,200,
24590817,Canh bắp cải bông điên điển nấu thịt vai xay,https://concop19.github.io/daily-mate-assets/food_anime/dish_24590817.jpg,True,200,
24590835,Cơm thịt nướng,https://concop19.github.io/daily-mate-assets/food_anime/dish_24590835.jpg,True,200,
24591245,Bông thiên lý xào nấm mộc nhĩ,https://concop19.github.io/daily-mate-assets/food_anime/dish_24591245.jpg,True,200,
24592290,Cá hú kho thịt vai heo,https://concop19.github.io/daily-mate-assets/food_anime/dish_24592290.jpg,True,200,
24592495,Nui Xào Bò Cải Thảo,https://concop19.github.io/daily-mate-assets/food_anime/dish_24592495.jpg,True,200,
24596473,SP.0920 - Thịt Trâu Lúc Lắc Củ Kiệu,https://concop19.github.io/daily-mate-assets/food_anime/dish_24596473.jpg,True,200,
24596597,Thịt ba chỉ cuộn khoai tây,https://concop19.github.io/daily-mate-assets/food_anime/dish_24596597.jpg,True,200,
24597509,Mực xào cần tây rau củ 🥗,https://concop19.github.io/daily-mate-assets/food_anime/dish_24597509.jpg,True,200,
24597673,Bún cá cuốn chấm mắm dì Cẩn 🤤,https://concop19.github.io/daily-mate-assets/food_anime/dish_24597673.jpg,True,200,
24597741,"Giò Thủ Tai Heo, Chân Giò, Bì 🥓",https://concop19.github.io/daily-mate-assets/food_anime/dish_24597741.jpg,True,200,
24597838,Cá Hồng hấp,https://concop19.github.io/daily-mate-assets/food_anime/dish_24597838.jpg,True,200,
24598330,Canh khoai sọ rau rút (nhút),https://concop19.github.io/daily-mate-assets/food_anime/dish_24598330.jpg,True,200,
24599890,Cá mú (rockfish) chưng mắm,https://concop19.github.io/daily-mate-assets/food_anime/dish_24599890.jpg,True,200,
24600274,Cá hồi sốt xì dầu,https://concop19.github.io/daily-mate-assets/food_anime/dish_24600274.jpg,True,200,
24601046,Salad Sốt Mè Rang Bò Trứng,https://concop19.github.io/daily-mate-assets/food_anime/dish_24601046.jpg,True,200,
24601208,SP.0922 - Cari Bò Hầm Khoai Tây,https://concop19.github.io/daily-mate-assets/food_anime/dish_24601208.jpg,True,200,
24601398,Chân Gà Hầm Rau Củ,https://concop19.github.io/daily-mate-assets/food_anime/dish_24601398.jpg,True,200,
24606729,Cá Bạc Má Kho Măng,https://concop19.github.io/daily-mate-assets/food_anime/dish_24606729.jpg,True,200,
24607049,Lưỡi heo và khoai tây nướng,https://concop19.github.io/daily-mate-assets/food_anime/dish_24607049.jpg,True,200,
24607054,Canh khoai tây cà rốt nấu tôm khô,https://concop19.github.io/daily-mate-assets/food_anime/dish_24607054.jpg,True,200,
24607162,SP.0950 - Thăn Heo Rim Sốt Teriyaki,https://concop19.github.io/daily-mate-assets/food_anime/dish_24607162.jpg,True,200,
24607234,Đuôi heo nấu pate,https://concop19.github.io/daily-mate-assets/food_anime/dish_24607234.jpg,True,200,
24609909,Bông cải xào nấm(stir-fried Baby Broccoli with mushrooms),https://concop19.github.io/daily-mate-assets/food_anime/dish_24609909.jpg,True,200,
24612499,Nấm chiên chay,https://concop19.github.io/daily-mate-assets/food_anime/dish_24612499.jpg,True,200,
24614295,Canh khoai tây tôm thịt nấu nấm,https://concop19.github.io/daily-mate-assets/food_anime/dish_24614295.jpg,True,200,
24614318,Bông cải xào thịt xay,https://concop19.github.io/daily-mate-assets/food_anime/dish_24614318.jpg,True,200,
24614419,Thịt lợn nướng nồi chiên không dầu,https://concop19.github.io/daily-mate-assets/food_anime/dish_24614419.jpg,True,200,
24614521,Da Heo Quay Kho Dưa Cải,https://concop19.github.io/daily-mate-assets/food_anime/dish_24614521.jpg,True,200,
24614550,Mắm Cá Trèn Trộn Thịt Luộc,https://concop19.github.io/daily-mate-assets/food_anime/dish_24614550.jpg,True,200,
24614649,Súp lơ trắng xào tôm nấm,https://concop19.github.io/daily-mate-assets/food_anime/dish_24614649.jpg,True,200,
24614714,Thịt nướng khoai tây nghiền,https://concop19.github.io/daily-mate-assets/food_anime/dish_24614714.jpg,True,200,
24614776,Canh khoai tây cà rốt nấu xương heo,https://concop19.github.io/daily-mate-assets/food_anime/dish_24614776.jpg,True,200,
24615420,Cà tím kẹp chả cá,https://concop19.github.io/daily-mate-assets/food_anime/dish_24615420.jpg,True,200,
24615831,Gỏi Sứa Rau Muống,https://concop19.github.io/daily-mate-assets/food_anime/dish_24615831.jpg,True,200,
24616726,Đậu hũ non hấp trứng sốt thịt băm,https://concop19.github.io/daily-mate-assets/food_anime/dish_24616726.jpg,True,200,
24618007,Chả Cá Trộn Rau Muống,https://concop19.github.io/daily-mate-assets/food_anime/dish_24618007.jpg,True,200,
24618089,Phở xào thịt bò chuẩn vị nhà hàng,https://concop19.github.io/daily-mate-assets/food_anime/dish_24618089.jpg,True,200,
24618194,Canh chả cá Hàn Quốc - món nhậu quốc dân,https://concop19.github.io/daily-mate-assets/food_anime/dish_24618194.jpg,True,200,
24618346,Nấm xào khế rau răm,https://concop19.github.io/daily-mate-assets/food_anime/dish_24618346.jpg,True,200,
24618884,SP.0924 - Thịt Vai Heo Xào Cải Thìa,https://concop19.github.io/daily-mate-assets/food_anime/dish_24618884.jpg,True,200,
24619063,Măng sặt nấu canh xương heo,https://concop19.github.io/daily-mate-assets/food_anime/dish_24619063.jpg,True,200,
24621044,Thịt vai heo kho chả chiên,https://concop19.github.io/daily-mate-assets/food_anime/dish_24621044.jpg,True,200,
24621051,Canh rau má nấu thịt vai xay,https://concop19.github.io/daily-mate-assets/food_anime/dish_24621051.jpg,True,200,
24621056,Salad rau sống sốt mè rang thịt băm,https://concop19.github.io/daily-mate-assets/food_anime/dish_24621056.jpg,True,200,
24621266,Bông cải xanh xào thịt bò,https://concop19.github.io/daily-mate-assets/food_anime/dish_24621266.jpg,True,200,
24621378,SP.0925 - Thịt Bò Xào Xoài,https://concop19.github.io/daily-mate-assets/food_anime/dish_24621378.jpg,True,200,
24621457,Chả cá và trứng cút sốt cà,https://concop19.github.io/daily-mate-assets/food_anime/dish_24621457.jpg,True,200,
24621523,Canh súp nấu nấm thịt xay,https://concop19.github.io/daily-mate-assets/food_anime/dish_24621523.jpg,True,200,
24621526,Cá Chim Hấp Nước Tương Kiểu Hongkong,https://concop19.github.io/daily-mate-assets/food_anime/dish_24621526.jpg,True,200,
24621531,Trứng chiên thịt và rau củ,https://concop19.github.io/daily-mate-assets/food_anime/dish_24621531.jpg,True,200,
24622026,Bún mọc chả cá,https://concop19.github.io/daily-mate-assets/food_anime/dish_24622026.jpg,True,200,
24622106,Cơm Chiên Lạp Xưởng Tôm Trứng,https://concop19.github.io/daily-mate-assets/food_anime/dish_24622106.jpg,True,200,
24622655,Khoai Tím Nấu Chả Mọc Tôm,https://concop19.github.io/daily-mate-assets/food_anime/dish_24622655.jpg,True,200,
24622725,SP.0941 - Thịt Bò Xào Ớt Chuông Tàu Xì,https://concop19.github.io/daily-mate-assets/food_anime/dish_24622725.jpg,True,200,
24622920,Cà rốt xào thịt,https://concop19.github.io/daily-mate-assets/food_anime/dish_24622920.jpg,True,200,
24622953,Chả cá chiên mỡ hành,https://concop19.github.io/daily-mate-assets/food_anime/dish_24622953.jpg,True,200,
24622962,Canh cải thảo cà rốt chả cá,https://concop19.github.io/daily-mate-assets/food_anime/dish_24622962.jpg,True,200,
24624086,Rau mầm đá xào tỏi (món chay),https://concop19.github.io/daily-mate-assets/food_anime/dish_24624086.jpg,True,200,
24624092,"Mỳ ý sốt tôm bơ cho bé ăn sáng, ăn trưa",https://concop19.github.io/daily-mate-assets/food_anime/dish_24624092.jpg,True,200,
24625129,Nấm đậu xào khế xanh,https://concop19.github.io/daily-mate-assets/food_anime/dish_24625129.jpg,True,200,
24625156,Đậu hũ chiên nước mắm,https://concop19.github.io/daily-mate-assets/food_anime/dish_24625156.jpg,True,200,
24625578,Thạch rau câu (xu xoa),https://concop19.github.io/daily-mate-assets/food_anime/dish_24625578.jpg,True,200,
24625825,Gân bò nấu dưa,https://concop19.github.io/daily-mate-assets/food_anime/dish_24625825.jpg,True,200,
24625860,"Cá mối kho măng, chuối xanh",https://concop19.github.io/daily-mate-assets/food_anime/dish_24625860.jpg,True,200,
24625886,Canh hến rau dền cơm,https://concop19.github.io/daily-mate-assets/food_anime/dish_24625886.jpg,True,200,
24625913,Bún bò gầu tái gân nhừ,https://concop19.github.io/daily-mate-assets/food_anime/dish_24625913.jpg,True,200,
24625923,Măng sặt xào thịt bò,https://concop19.github.io/daily-mate-assets/food_anime/dish_24625923.jpg,True,200,
24626160,Thịt Vai Bò Xào Thơm,https://concop19.github.io/daily-mate-assets/food_anime/dish_24626160.jpg,True,200,
24626235,Đầu Cá Trê Nấu Canh Khoai Mỡ,https://concop19.github.io/daily-mate-assets/food_anime/dish_24626235.jpg,True,200,
24626246,Đậu hũ trân châu nước đường,https://concop19.github.io/daily-mate-assets/food_anime/dish_24626246.jpg,True,200,
24626342,Tôm sú bóc nõn rim mắm,https://concop19.github.io/daily-mate-assets/food_anime/dish_24626342.jpg,True,200,
24626346,"Canh bầu, rau mồng tơi nấu hến",https://concop19.github.io/daily-mate-assets/food_anime/dish_24626346.jpg,True,200,
24626422,Canh củ nấu cá và rau cần,https://concop19.github.io/daily-mate-assets/food_anime/dish_24626422.jpg,True,200,
24626427,Rau má nấu thịt,https://concop19.github.io/daily-mate-assets/food_anime/dish_24626427.jpg,True,200,
24626433,"Thịt vịt xào măng, ớt chuông, hành tây",https://concop19.github.io/daily-mate-assets/food_anime/dish_24626433.jpg,True,200,
24626497,"Tempeh đậu gà, nấm đùi gà sốt bơ tỏi",https://concop19.github.io/daily-mate-assets/food_anime/dish_24626497.jpg,True,200,
24626510,Cá hồi chay (đậu sốt tương ớt Gochujang),https://concop19.github.io/daily-mate-assets/food_anime/dish_24626510.jpg,True,200,
24626879,Chả cá thác lác nhồi khổ qua,https://concop19.github.io/daily-mate-assets/food_anime/dish_24626879.jpg,True,200,
24626924,"Chả cá thìa là, sốt cà",https://concop19.github.io/daily-mate-assets/food_anime/dish_24626924.jpg,True,200,
24628207,Canh Cá Cơm Trỏng Nấu Ngót,https://concop19.github.io/daily-mate-assets/food_anime/dish_24628207.jpg,True,200,
24628251,Canh Cải Kale Nấu Thịt Bằm,https://concop19.github.io/daily-mate-assets/food_anime/dish_24628251.jpg,True,200,
24628616,Măng tươi (hoặc măng sặt) xào nấm rơm,https://concop19.github.io/daily-mate-assets/food_anime/dish_24628616.jpg,True,200,
24628622,"Tempeh, sa kê, nấm đùi gà sốt bơ tỏi",https://concop19.github.io/daily-mate-assets/food_anime/dish_24628622.jpg,True,200,
24629820,SP.0923 - Chả Cá Tóc Tiên,https://concop19.github.io/daily-mate-assets/food_anime/dish_24629820.jpg,True,200,
24629984,Smoothie sữa hạt cải bó xôi (rau chân vịt),https://concop19.github.io/daily-mate-assets/food_anime/dish_24629984.jpg,True,200,
24630364,Bánh tráng phơi sương quết chả cá chiên giòn,https://concop19.github.io/daily-mate-assets/food_anime/dish_24630364.jpg,True,200,
24630429,Canh cải bó xôi nấu tôm thịt,https://concop19.github.io/daily-mate-assets/food_anime/dish_24630429.jpg,True,200,
24630806,Rau câu sữa hạt,https://concop19.github.io/daily-mate-assets/food_anime/dish_24630806.jpg,True,200,
24631283,Canh cải bó xôi nấu thịt và chả cá,https://concop19.github.io/daily-mate-assets/food_anime/dish_24631283.jpg,True,200,
24631301,Cải thảo cà rốt xào chả cá,https://concop19.github.io/daily-mate-assets/food_anime/dish_24631301.jpg,True,200,
24631464,Cá bớp kho tiêu,https://concop19.github.io/daily-mate-assets/food_anime/dish_24631464.jpg,True,200,
24635197,Đậu hũ xào nấm mèo,https://concop19.github.io/daily-mate-assets/food_anime/dish_24635197.jpg,True,200,
24635201,Thịt vai bò xào cải xoăn,https://concop19.github.io/daily-mate-assets/food_anime/dish_24635201.jpg,True,200,
24635440,Cật heo cháy tỏi,https://concop19.github.io/daily-mate-assets/food_anime/dish_24635440.jpg,True,200,
24636109,Canh Cải Kale Nấu Tôm Đất,https://concop19.github.io/daily-mate-assets/food_anime/dish_24636109.jpg,True,200,
24636369,"Cá hồi sốt nấm bắp, dễ ăn cho bé ăn cơm",https://concop19.github.io/daily-mate-assets/food_anime/dish_24636369.jpg,True,200,
24636482,Đậu hũ và thịt vai xay sốt cà chua,https://concop19.github.io/daily-mate-assets/food_anime/dish_24636482.jpg,True,200,
24637598,Nấm Lộc Nhung Xào Cải Rổ Chay,https://concop19.github.io/daily-mate-assets/food_anime/dish_24637598.jpg,True,200,
24637599,Thịt Ba Rọi Kho Củ Cải Khô,https://concop19.github.io/daily-mate-assets/food_anime/dish_24637599.jpg,True,200,
24637600,Cá Dìa Hấp Rau Mồng Tơi,https://concop19.github.io/daily-mate-assets/food_anime/dish_24637600.jpg,True,200,
24637939,Cá Ngừ Kho Keo,https://concop19.github.io/daily-mate-assets/food_anime/dish_24637939.jpg,True,200,
24637951,Canh Cải Kale Nấu Chả Cá,https://concop19.github.io/daily-mate-assets/food_anime/dish_24637951.jpg,True,200,
24638666,Thịt vai heo luộc,https://concop19.github.io/daily-mate-assets/food_anime/dish_24638666.jpg,True,200,
24638771,Canh Miso Nấm Đậu Hũ Non Chay,https://concop19.github.io/daily-mate-assets/food_anime/dish_24638771.jpg,True,200,
24638836,Su su xào thịt vai heo,https://concop19.github.io/daily-mate-assets/food_anime/dish_24638836.jpg,True,200,
24640338,Nấm hầu thủ nướng ngũ vị,https://concop19.github.io/daily-mate-assets/food_anime/dish_24640338.jpg,True,200,
24640828,Cá diêu hồng sốt cam sành,https://concop19.github.io/daily-mate-assets/food_anime/dish_24640828.jpg,True,200,
24641175,SP.0930 - Thịt Vai Heo Xào Táo Xanh,https://concop19.github.io/daily-mate-assets/food_anime/dish_24641175.jpg,True,200,
24641830,Món canh bí đỏ nấu tôm eatclean,https://concop19.github.io/daily-mate-assets/food_anime/dish_24641830.jpg,True,200,
24641859,"MÌ SOBA XÀO VỚI ỨC GÀ, RAU CỦ KHOẺ ĐẸP",https://concop19.github.io/daily-mate-assets/food_anime/dish_24641859.jpg,True,200,
24642580,Cá hồi sauce cam sành,https://concop19.github.io/daily-mate-assets/food_anime/dish_24642580.jpg,True,200,
24643056,Thịt vai xào cà chua dưa leo,https://concop19.github.io/daily-mate-assets/food_anime/dish_24643056.jpg,True,200,
24643884,Cơm chiên cà ri nấm hầu thủ,https://concop19.github.io/daily-mate-assets/food_anime/dish_24643884.jpg,True,200,
24644022,Nấm rơm kho tiêu xanh chay,https://concop19.github.io/daily-mate-assets/food_anime/dish_24644022.jpg,True,200,
24644915,Thịt vai heo hấp cải thìa,https://concop19.github.io/daily-mate-assets/food_anime/dish_24644915.jpg,True,200,
24645884,Cháo nấm hầu thủ,https://concop19.github.io/daily-mate-assets/food_anime/dish_24645884.jpg,True,200,
24646229,Nấm rơm kho nước tương,https://concop19.github.io/daily-mate-assets/food_anime/dish_24646229.jpg,True,200,
24646549,"Thịt nạc vai heo rim mắm, hành",https://concop19.github.io/daily-mate-assets/food_anime/dish_24646549.jpg,True,200,
24646574,"Bánh canh xào nấm đùi gà, cà chua, phô mai",https://concop19.github.io/daily-mate-assets/food_anime/dish_24646574.jpg,True,200,
24646584,Gân bò sốt vang,https://concop19.github.io/daily-mate-assets/food_anime/dish_24646584.jpg,True,200,
24646681,Nấm đùi gà kho,https://concop19.github.io/daily-mate-assets/food_anime/dish_24646681.jpg,True,200,
24646689,Canh bầu nấu thịt vai xay,https://concop19.github.io/daily-mate-assets/food_anime/dish_24646689.jpg,True,200,
24646691,Rau câu cam sành hạt chia,https://concop19.github.io/daily-mate-assets/food_anime/dish_24646691.jpg,True,200,
24646789,Đậu Hũ Lắc Sa Tế Chay,https://concop19.github.io/daily-mate-assets/food_anime/dish_24646789.jpg,True,200,
24646824,Cá ngừ kho dứa (thơm),https://concop19.github.io/daily-mate-assets/food_anime/dish_24646824.jpg,True,200,
24647300,Canh Kale nấu nấm đậu non,https://concop19.github.io/daily-mate-assets/food_anime/dish_24647300.jpg,True,200,
24647623,Thịt vai heo kho củ cải,https://concop19.github.io/daily-mate-assets/food_anime/dish_24647623.jpg,True,200,
24648292,Canh bầu nấu cua,https://concop19.github.io/daily-mate-assets/food_anime/dish_24648292.jpg,True,200,
24648330,Đậu hũ chiên cay,https://concop19.github.io/daily-mate-assets/food_anime/dish_24648330.jpg,True,200,
24648347,Thịt vai heo kho cá phèn hồng,https://concop19.github.io/daily-mate-assets/food_anime/dish_24648347.jpg,True,200,
24650210,Rau má nấu tôm,https://concop19.github.io/daily-mate-assets/food_anime/dish_24650210.jpg,True,200,
24650214,Thịt heo xay trộn giò sống bọc trứng cút sốt nước tương,https://concop19.github.io/daily-mate-assets/food_anime/dish_24650214.jpg,True,200,
24651147,Mì cua,https://concop19.github.io/daily-mate-assets/food_anime/dish_24651147.jpg,True,200,
24651247,Thịt bò bằm xào củ hành,https://concop19.github.io/daily-mate-assets/food_anime/dish_24651247.jpg,True,200,
24651256,Cháo thịt bò băm xào,https://concop19.github.io/daily-mate-assets/food_anime/dish_24651256.jpg,True,200,
24651267,Canh rau ngót nấu chay,https://concop19.github.io/daily-mate-assets/food_anime/dish_24651267.jpg,True,200,
24652754,Thịt bò xào đỗ cove,https://concop19.github.io/daily-mate-assets/food_anime/dish_24652754.jpg,True,200,
24653682,Cá Khoai Nấu Ngót,https://concop19.github.io/daily-mate-assets/food_anime/dish_24653682.jpg,True,200,
24653863,Nấm hầu thủ kho tiêu xanh,https://concop19.github.io/daily-mate-assets/food_anime/dish_24653863.jpg,True,200,
24654395,Thịt ba rọi rang tiêu,https://concop19.github.io/daily-mate-assets/food_anime/dish_24654395.jpg,True,200,
24655167,Lẩu cháo nấm rơm,https://concop19.github.io/daily-mate-assets/food_anime/dish_24655167.jpg,True,200,
24655374,Củ cải khô xào thịt ba chỉ,https://concop19.github.io/daily-mate-assets/food_anime/dish_24655374.jpg,True,200,
24655523,Rau tầm bóp nấu tép khô,https://concop19.github.io/daily-mate-assets/food_anime/dish_24655523.jpg,True,200,
24656321,Đậu Hũ Tẩm Hành,https://concop19.github.io/daily-mate-assets/food_anime/dish_24656321.jpg,True,200,
24656327,Thịt Heo Xào Củ Cải Muối,https://concop19.github.io/daily-mate-assets/food_anime/dish_24656327.jpg,True,200,
24656586,Canh Củ Cải Khô Nấu Xương Heo,https://concop19.github.io/daily-mate-assets/food_anime/dish_24656586.jpg,True,200,
24656620,Cá Ngừ Kho Tiêu,https://concop19.github.io/daily-mate-assets/food_anime/dish_24656620.jpg,True,200,
24656814,"Bún cá ngừ, chả cá",https://concop19.github.io/daily-mate-assets/food_anime/dish_24656814.jpg,True,200,
24656875,Bầu chần tôm kho đánh ruốc Huế,https://concop19.github.io/daily-mate-assets/food_anime/dish_24656875.jpg,True,200,
24657859,Cháo Hàu Nấm Rơm,https://concop19.github.io/daily-mate-assets/food_anime/dish_24657859.jpg,True,200,
24658714,Thịt bò xào tỏi,https://concop19.github.io/daily-mate-assets/food_anime/dish_24658714.jpg,True,200,
24658717,Bò xào trộn xoài cóc non,https://concop19.github.io/daily-mate-assets/food_anime/dish_24658717.jpg,True,200,
24659171,Rau Tiến Vua Xào Lạp Xưởng,https://concop19.github.io/daily-mate-assets/food_anime/dish_24659171.jpg,True,200,
24659344,Thịt Bò Xào Thơm Giá,https://concop19.github.io/daily-mate-assets/food_anime/dish_24659344.jpg,True,200,
24659506,Bò xào lót rau càng cua,https://concop19.github.io/daily-mate-assets/food_anime/dish_24659506.jpg,True,200,
24660611,Bò xào rau muống,https://concop19.github.io/daily-mate-assets/food_anime/dish_24660611.jpg,True,200,
24661995,Gỏi Cuốn Thịt Xá Xíu & Hoa Sen Cạn,https://concop19.github.io/daily-mate-assets/food_anime/dish_24661995.jpg,True,200,
24663427,Canh bầu nhồi thịt,https://concop19.github.io/daily-mate-assets/food_anime/dish_24663427.jpg,True,200,
24663430,Cá ngừ chiên giòn và mẹo xử lý mùi tanh của cá ngừ,https://concop19.github.io/daily-mate-assets/food_anime/dish_24663430.jpg,True,200,
24664469,Mì trộn bò xào,https://concop19.github.io/daily-mate-assets/food_anime/dish_24664469.jpg,True,200,
24664590,Cua xào tỏi,https://concop19.github.io/daily-mate-assets/food_anime/dish_24664590.jpg,True,200,
24664603,Các món lai rai với cua,https://concop19.github.io/daily-mate-assets/food_anime/dish_24664603.jpg,True,200,
24665045,Canh xương bò nấu rau muống bắp chuối,https://concop19.github.io/daily-mate-assets/food_anime/dish_24665045.jpg,True,200,
24667125,Nấm rim sa tế,https://concop19.github.io/daily-mate-assets/food_anime/dish_24667125.jpg,True,200,
24667181,SP.0943 - Bò Xào Hoa Hành,https://concop19.github.io/daily-mate-assets/food_anime/dish_24667181.jpg,True,200,
24668158,SP.0971 - Canh Táo Đỏ Thịt Viên,https://concop19.github.io/daily-mate-assets/food_anime/dish_24668158.jpg,True,200,
24669043,Thịt bò xào cà pháo,https://concop19.github.io/daily-mate-assets/food_anime/dish_24669043.jpg,True,200,
24669850,Bún Riêu Cua Bắp Bò,https://concop19.github.io/daily-mate-assets/food_anime/dish_24669850.jpg,True,200,
24670241,Cá trắm trắng kho trám,https://concop19.github.io/daily-mate-assets/food_anime/dish_24670241.jpg,True,200,
24672842,Bông Cải Xanh Xào Thịt,https://concop19.github.io/daily-mate-assets/food_anime/dish_24672842.jpg,True,200,
24672867,Cá Nheo Kho Tiêu,https://concop19.github.io/daily-mate-assets/food_anime/dish_24672867.jpg,True,200,
24672965,Rau Tiến Vua Xào Thịt Bò Bằm,https://concop19.github.io/daily-mate-assets/food_anime/dish_24672965.jpg,True,200,
24672989,Canh Cá Dìa Nấu Lá É,https://concop19.github.io/daily-mate-assets/food_anime/dish_24672989.jpg,True,200,
24673241,TRỨNG GÀ NON xào nấm,https://concop19.github.io/daily-mate-assets/food_anime/dish_24673241.jpg,True,200,
24674426,Canh Gân Bò,https://concop19.github.io/daily-mate-assets/food_anime/dish_24674426.jpg,True,200,
24674437,Bò Hấp Tía Tô,https://concop19.github.io/daily-mate-assets/food_anime/dish_24674437.jpg,True,200,
24674785,Cá Muối Chiên Giòn (phiên bản ngâm nước mắm),https://concop19.github.io/daily-mate-assets/food_anime/dish_24674785.jpg,True,200,
24675297,Canh Cà Tím Đậu Phụ,https://concop19.github.io/daily-mate-assets/food_anime/dish_24675297.jpg,True,200,
24675390,Tôm nõn cùng nấm xào dứa và cà chua,https://concop19.github.io/daily-mate-assets/food_anime/dish_24675390.jpg,True,200,
24675945,"Bún chả cá, thịt bằm",https://concop19.github.io/daily-mate-assets/food_anime/dish_24675945.jpg,True,200,
24676113,Bò Xào Lúc Lắc,https://concop19.github.io/daily-mate-assets/food_anime/dish_24676113.jpg,True,200,
24676185,Khoai Tây Xào Thịt Ngẫu Hứng,https://concop19.github.io/daily-mate-assets/food_anime/dish_24676185.jpg,True,200,
24676286,Canh Rau Bồ Ngót Nấu Giò Sống,https://concop19.github.io/daily-mate-assets/food_anime/dish_24676286.jpg,True,200,
24676348,Cá Mắm Sốt Cà Chua (chua ngọt),https://concop19.github.io/daily-mate-assets/food_anime/dish_24676348.jpg,True,200,
24677908,Rau Tiến Vua Muối Chua Ngọt,https://concop19.github.io/daily-mate-assets/food_anime/dish_24677908.jpg,True,200,
24678442,Bò Xào Nấm Dưa Leo,https://concop19.github.io/daily-mate-assets/food_anime/dish_24678442.jpg,True,200,
24678449,Bò Xào Sa Tế,https://concop19.github.io/daily-mate-assets/food_anime/dish_24678449.jpg,True,200,
24678464,Thịt Bò Xào Bầu,https://concop19.github.io/daily-mate-assets/food_anime/dish_24678464.jpg,True,200,
24678512,"Gỏi măng tây, thịt bò",https://concop19.github.io/daily-mate-assets/food_anime/dish_24678512.jpg,True,200,
24678518,Rau tầm bóp xào thịt băm,https://concop19.github.io/daily-mate-assets/food_anime/dish_24678518.jpg,True,200,
24678551,Thịt băm rim mắm,https://concop19.github.io/daily-mate-assets/food_anime/dish_24678551.jpg,True,200,
24679069,Bún Đậu Mắm Tôm Nhà Làm Siêu Dễ,https://concop19.github.io/daily-mate-assets/food_anime/dish_24679069.jpg,True,200,
24679344,Canh rau dền nấu mực và giò sống,https://concop19.github.io/daily-mate-assets/food_anime/dish_24679344.jpg,True,200,
24679349,Mực sốt Thái với ổi hồng,https://concop19.github.io/daily-mate-assets/food_anime/dish_24679349.jpg,True,200,
24679371,"Salad ổi, tôm khô sốt dâu tằm",https://concop19.github.io/daily-mate-assets/food_anime/dish_24679371.jpg,True,200,
24680004,Cá vụn xào bắp chuối,https://concop19.github.io/daily-mate-assets/food_anime/dish_24680004.jpg,True,200,
24680636,Canh Rau Ngót Nấu Mọc,https://concop19.github.io/daily-mate-assets/food_anime/dish_24680636.jpg,True,200,
24681417,Bánh Bao Nhân Thịt Bò Phô Mai Kéo Sợi (Bột Pha Sẵn),https://concop19.github.io/daily-mate-assets/food_anime/dish_24681417.jpg,True,200,
24681424,Canh Chua Cá Ngừ 🍅,https://concop19.github.io/daily-mate-assets/food_anime/dish_24681424.jpg,True,200,
24681696,"Cổ vịt nhồi tiết lợn, cơm nếp",https://concop19.github.io/daily-mate-assets/food_anime/dish_24681696.jpg,True,200,
24682676,SP.0932 - Cá Hồi Áp Chảo Sốt Dâu Tằm & Salad Giấm Mè,https://concop19.github.io/daily-mate-assets/food_anime/dish_24682676.jpg,True,200,
24683116,Thạch rau câu milo sữa công thức,https://concop19.github.io/daily-mate-assets/food_anime/dish_24683116.jpg,True,200,
24684869,Thạch rau câu 3 màu mix Bí đỏ + sữa + milo (Nắng sữa Milo),https://concop19.github.io/daily-mate-assets/food_anime/dish_24684869.jpg,True,200,
24686182,Gỏi bắp chuối trộn tôm khô,https://concop19.github.io/daily-mate-assets/food_anime/dish_24686182.jpg,True,200,
24687405,Tôm rang thịt vai xay,https://concop19.github.io/daily-mate-assets/food_anime/dish_24687405.jpg,True,200,
24689587,Rau câu dưa hấu cờ đỏ sao vàng,https://concop19.github.io/daily-mate-assets/food_anime/dish_24689587.jpg,True,200,
24689649,Canh rau dền nấu mọc,https://concop19.github.io/daily-mate-assets/food_anime/dish_24689649.jpg,True,200,
24689652,Đậu que xào thịt vai heo,https://concop19.github.io/daily-mate-assets/food_anime/dish_24689652.jpg,True,200,
24693552,Chả Cá Xốt Cà Chua,https://concop19.github.io/daily-mate-assets/food_anime/dish_24693552.jpg,True,200,
24694594,"Mì udon nấu cà chua, ớt chuông, nấm kim châm",https://concop19.github.io/daily-mate-assets/food_anime/dish_24694594.jpg,True,200,
24694604,Đầu cá lăng nấu thịt chuối đậu,https://concop19.github.io/daily-mate-assets/food_anime/dish_24694604.jpg,True,200,
24695126,Mì Trứng Trộn Sốt Nấm Hương,https://concop19.github.io/daily-mate-assets/food_anime/dish_24695126.jpg,True,200,
24695324,Mì gói xào thịt bò,https://concop19.github.io/daily-mate-assets/food_anime/dish_24695324.jpg,True,200,
24697016,Gỏi Sứa Trộn Dưa Rau Muống,https://concop19.github.io/daily-mate-assets/food_anime/dish_24697016.jpg,True,200,
24697106,Dưa Rau Muống Chua Ngọt,https://concop19.github.io/daily-mate-assets/food_anime/dish_24697106.jpg,True,200,
24698399,Canh Khổ Qua Mini Nhồi Thịt,https://concop19.github.io/daily-mate-assets/food_anime/dish_24698399.jpg,True,200,
24698457,Thịt Heo Rừng Xào Cải Chua Ớt Chuông,https://concop19.github.io/daily-mate-assets/food_anime/dish_24698457.jpg,True,200,
24698980,Bầu hấp tôm thịt,https://concop19.github.io/daily-mate-assets/food_anime/dish_24698980.jpg,True,200,
24699437,Lẩu cá diêu hồng chua cay dịp 30.4,https://concop19.github.io/daily-mate-assets/food_anime/dish_24699437.jpg,True,200,
24699666,Canh cá diêu hồng nấu thì là,https://concop19.github.io/daily-mate-assets/food_anime/dish_24699666.jpg,True,200,
24700187,Cá Rô Kho Trám,https://concop19.github.io/daily-mate-assets/food_anime/dish_24700187.jpg,True,200,
24700500,Tôm xào hoa thiên lý,https://concop19.github.io/daily-mate-assets/food_anime/dish_24700500.jpg,True,200,
24700523,Sách bò xào dứa,https://concop19.github.io/daily-mate-assets/food_anime/dish_24700523.jpg,True,200,
24700628,Thịt xào ớt chuông dưa leo,https://concop19.github.io/daily-mate-assets/food_anime/dish_24700628.jpg,True,200,
24700778,Cua farci tạo hình lá cờ,https://concop19.github.io/daily-mate-assets/food_anime/dish_24700778.jpg,True,200,
24700789,Mực Hấp Cuốn Bánh Tráng,https://concop19.github.io/daily-mate-assets/food_anime/dish_24700789.jpg,True,200,
24700870,Canh rau củ nấu thịt vai xay,https://concop19.github.io/daily-mate-assets/food_anime/dish_24700870.jpg,True,200,
24700884,Thịt rang hành đơn giản,https://concop19.github.io/daily-mate-assets/food_anime/dish_24700884.jpg,True,200,
24701651,Canh rau dền + mùng tơi,https://concop19.github.io/daily-mate-assets/food_anime/dish_24701651.jpg,True,200,
24701660,Rau Tiến Vua Xào Heo Rừng,https://concop19.github.io/daily-mate-assets/food_anime/dish_24701660.jpg,True,200,
24701677,Cơm trộn theo sở thích kèm canh đậu phụ cải thảo,https://concop19.github.io/daily-mate-assets/food_anime/dish_24701677.jpg,True,200,
24701792,Rau Tiến Vua Trộn Tré,https://concop19.github.io/daily-mate-assets/food_anime/dish_24701792.jpg,True,200,
24704478,Ức gà xào nấm,https://concop19.github.io/daily-mate-assets/food_anime/dish_24704478.jpg,True,200,
24704614,Mì gói xào thịt nạc,https://concop19.github.io/daily-mate-assets/food_anime/dish_24704614.jpg,True,200,
24704688,Cá Cờ Kho Tộ,https://concop19.github.io/daily-mate-assets/food_anime/dish_24704688.jpg,True,200,
24704718,Thịt Bò Xào Cải Cúc,https://concop19.github.io/daily-mate-assets/food_anime/dish_24704718.jpg,True,200,
24704728,Thịt Bò Xào Cà Chua Dưa Leo,https://concop19.github.io/daily-mate-assets/food_anime/dish_24704728.jpg,True,200,
24704763,Bún tôm Hải Phòng,https://concop19.github.io/daily-mate-assets/food_anime/dish_24704763.jpg,True,200,
24705225,Canh Ngải Cứu Tiềm Nấm Hầu Thủ Chay,https://concop19.github.io/daily-mate-assets/food_anime/dish_24705225.jpg,True,200,
24705226,Nấm Hầu Thủ Tiềm Táo Đỏ,https://concop19.github.io/daily-mate-assets/food_anime/dish_24705226.jpg,True,200,
24705563,Phở sắn cuộn tôm thịt,https://concop19.github.io/daily-mate-assets/food_anime/dish_24705563.jpg,True,200,
24705630,Heo Rừng Rang Lá Lốt,https://concop19.github.io/daily-mate-assets/food_anime/dish_24705630.jpg,True,200,
24706680,Lẩu cá dìa mùng tơi,https://concop19.github.io/daily-mate-assets/food_anime/dish_24706680.jpg,True,200,
24707092,Nem thính chay từ nấm đùi gà,https://concop19.github.io/daily-mate-assets/food_anime/dish_24707092.jpg,True,200,
24707297,"Canh gà đậu, nấm kim châm",https://concop19.github.io/daily-mate-assets/food_anime/dish_24707297.jpg,True,200,
24708768,Cá (Biển/Sông) Kho Dưa Cải/Kho Măng,https://concop19.github.io/daily-mate-assets/food_anime/dish_24708768.jpg,True,200,
24709070,Gỏi hoa chuối rau muống bào,https://concop19.github.io/daily-mate-assets/food_anime/dish_24709070.jpg,True,200,
24709464,Cháo Gà Nấm Lộc Nhung,https://concop19.github.io/daily-mate-assets/food_anime/dish_24709464.jpg,True,200,
24709687,Thịt heo xào húng Thái “Pad Krapow Moo” 🌿,https://concop19.github.io/daily-mate-assets/food_anime/dish_24709687.jpg,True,200,
24710116,Cá nục tròn kho chuối xanh và củ cải khô,https://concop19.github.io/daily-mate-assets/food_anime/dish_24710116.jpg,True,200,
24710327,Thịt bò luộc #healthy,https://concop19.github.io/daily-mate-assets/food_anime/dish_24710327.jpg,True,200,
24710453,Thịt bò xào giá,https://concop19.github.io/daily-mate-assets/food_anime/dish_24710453.jpg,True,200,
24711307,Cá kho nước dừa,https://concop19.github.io/daily-mate-assets/food_anime/dish_24711307.jpg,True,200,
24711655,Rau càng cua trộn cá hộp,https://concop19.github.io/daily-mate-assets/food_anime/dish_24711655.jpg,True,200,
24711853,Bún mắm thịt heo chiên giòn,https://concop19.github.io/daily-mate-assets/food_anime/dish_24711853.jpg,True,200,
24712732,Miến Gà Nấm Lộc Nhung,https://concop19.github.io/daily-mate-assets/food_anime/dish_24712732.jpg,True,200,
24712741,Thịt Xíu Mè,https://concop19.github.io/daily-mate-assets/food_anime/dish_24712741.jpg,True,200,
24712760,Katsu Curry - Cơm Cà Ri Thịt Chiên Xù Nhật Bản,https://concop19.github.io/daily-mate-assets/food_anime/dish_24712760.jpg,True,200,
24713735,Gỏi Thịt Bò Hoa Chuối,https://concop19.github.io/daily-mate-assets/food_anime/dish_24713735.jpg,True,200,
24714551,Canh bí đỏ nấu thịt xay thì là,https://concop19.github.io/daily-mate-assets/food_anime/dish_24714551.jpg,True,200,
24714555,Thịt vai heo kho trứng với gói sốt kho thịt,https://concop19.github.io/daily-mate-assets/food_anime/dish_24714555.jpg,True,200,
24714561,Ớt chuông xào đậu que và heo quay,https://concop19.github.io/daily-mate-assets/food_anime/dish_24714561.jpg,True,200,
24715292,"Tảo xoắn, nấm rơm, nấm hương kho nước tương",https://concop19.github.io/daily-mate-assets/food_anime/dish_24715292.jpg,True,200,
24717348,Canh cà chua nấu thịt xay thì là,https://concop19.github.io/daily-mate-assets/food_anime/dish_24717348.jpg,True,200,
24717355,Trứng chưng thịt vai xay,https://concop19.github.io/daily-mate-assets/food_anime/dish_24717355.jpg,True,200,
24718655,Thịt quay kho nước tương,https://concop19.github.io/daily-mate-assets/food_anime/dish_24718655.jpg,True,200,
24718850,Viên hải sản chiên kèm ớt chuông xào hành tây,https://concop19.github.io/daily-mate-assets/food_anime/dish_24718850.jpg,True,200,
24720517,Gỏi Gà Bồn Bồn Rau Tiến Vua,https://concop19.github.io/daily-mate-assets/food_anime/dish_24720517.jpg,True,200,
24720553,Nấm hầu thủ sốt sa tế,https://concop19.github.io/daily-mate-assets/food_anime/dish_24720553.jpg,True,200,
24720557,"Canh thịt băm nấu cà chua, dứa",https://concop19.github.io/daily-mate-assets/food_anime/dish_24720557.jpg,True,200,
24721642,Nấm hầu thủ tiềm thuốc bắc,https://concop19.github.io/daily-mate-assets/food_anime/dish_24721642.jpg,True,200,
24721645,Canh nấm hầu thủ tiềm ngải cứu thuốc bắc,https://concop19.github.io/daily-mate-assets/food_anime/dish_24721645.jpg,True,200,
24722024,Canh cải rổ cá điêu hồng,https://concop19.github.io/daily-mate-assets/food_anime/dish_24722024.jpg,True,200,
24723568,Cá điêu hồng rang lá lốt,https://concop19.github.io/daily-mate-assets/food_anime/dish_24723568.jpg,True,200,
24723668,Canh cá thì là,https://concop19.github.io/daily-mate-assets/food_anime/dish_24723668.jpg,True,200,
24724033,Salad ớt chuông rau mầm,https://concop19.github.io/daily-mate-assets/food_anime/dish_24724033.jpg,True,200,
24724610,Nấm Kim Châm Xào Ngũ Sắc,https://concop19.github.io/daily-mate-assets/food_anime/dish_24724610.jpg,True,200,
24724816,Đậu phụ xào ngải cứu,https://concop19.github.io/daily-mate-assets/food_anime/dish_24724816.jpg,True,200,
24724967,Thịt vịt quay kho hành tây,https://concop19.github.io/daily-mate-assets/food_anime/dish_24724967.jpg,True,200,
24724968,Gỏi hoa chuối bào trộn bò,https://concop19.github.io/daily-mate-assets/food_anime/dish_24724968.jpg,True,200,
24725227,Canh Chua Giá Đỗ Nấm Kim Châm,https://concop19.github.io/daily-mate-assets/food_anime/dish_24725227.jpg,True,200,
24725341,SP.0954 - Cháo Dinh Dưỡng Thịt Heo Rau Củ,https://concop19.github.io/daily-mate-assets/food_anime/dish_24725341.jpg,True,200,
24725485,SP.0955 - Sườn Heo Tiềm Hạt Sen,https://concop19.github.io/daily-mate-assets/food_anime/dish_24725485.jpg,True,200,
24727460,Canh bông thiên lý nấm trùng thảo,https://concop19.github.io/daily-mate-assets/food_anime/dish_24727460.jpg,True,200,
24727531,Thịt Bò Xào Nui Nơ,https://concop19.github.io/daily-mate-assets/food_anime/dish_24727531.jpg,True,200,
24727710,Tôm rang thịt ba chỉ + dứa,https://concop19.github.io/daily-mate-assets/food_anime/dish_24727710.jpg,True,200,
24728796,"Filet Cá Lóc Xào Ớt Chuông, Nấm Mèo",https://concop19.github.io/daily-mate-assets/food_anime/dish_24728796.jpg,True,200,
24730405,SP.0946 - Bò Xào Đậu Đũa Teriyaki,https://concop19.github.io/daily-mate-assets/food_anime/dish_24730405.jpg,True,200,
24730559,Mực Hấp Cuốn Bánh Tráng Rau Muống,https://concop19.github.io/daily-mate-assets/food_anime/dish_24730559.jpg,True,200,
24730723,Ram CÁ cuốn lá lốt,https://concop19.github.io/daily-mate-assets/food_anime/dish_24730723.jpg,True,200,
24730855,Trứng rang thịt xay cà chua,https://concop19.github.io/daily-mate-assets/food_anime/dish_24730855.jpg,True,200,
24731220,Canh Sườn Heo Hoa Lơ Trắng,https://concop19.github.io/daily-mate-assets/food_anime/dish_24731220.jpg,True,200,
24732572,Đậu khuôn cuộn lá lốt,https://concop19.github.io/daily-mate-assets/food_anime/dish_24732572.jpg,True,200,
24732735,Canh nấm kim châm rau thì là,https://concop19.github.io/daily-mate-assets/food_anime/dish_24732735.jpg,True,200,
24733113,Thịt Băm Sốt Đậu Hủ Non Cà Chua,https://concop19.github.io/daily-mate-assets/food_anime/dish_24733113.jpg,True,200,
24736030,Canh rau tập tàng giải nhiệt mùa hè,https://concop19.github.io/daily-mate-assets/food_anime/dish_24736030.jpg,True,200,
24736981,Trứng rán thịt băm,https://concop19.github.io/daily-mate-assets/food_anime/dish_24736981.jpg,True,200,
24737184,"Canh Cá Trê Nấu Lá Lốt, Lá Cách",https://concop19.github.io/daily-mate-assets/food_anime/dish_24737184.jpg,True,200,
24738745,Canh Mực Nấu Thơm Cà,https://concop19.github.io/daily-mate-assets/food_anime/dish_24738745.jpg,True,200,
24739325,Thịt Heo Quay Kho Sa Tế Nước Dừa,https://concop19.github.io/daily-mate-assets/food_anime/dish_24739325.jpg,True,200,
24739732,Cá Trích Kho Tiêu,https://concop19.github.io/daily-mate-assets/food_anime/dish_24739732.jpg,True,200,
24739978,Bò Kho Xốt Vang,https://concop19.github.io/daily-mate-assets/food_anime/dish_24739978.jpg,True,200,
24742386,Chả kho thịt vai xay,https://concop19.github.io/daily-mate-assets/food_anime/dish_24742386.jpg,True,200,
24742722,SP.0953 - Cơm Chiên Nấm Hương Trứng Gà,https://concop19.github.io/daily-mate-assets/food_anime/dish_24742722.jpg,True,200,
24743385,Thịt Heo Rừng Xào Cải Chua,https://concop19.github.io/daily-mate-assets/food_anime/dish_24743385.jpg,True,200,
24743399,Salad tôm bóc nõn - #healthy,https://concop19.github.io/daily-mate-assets/food_anime/dish_24743399.jpg,True,200,
24743419,Ức gà xào nấm đông cô tươi - healthy cùng Chin,https://concop19.github.io/daily-mate-assets/food_anime/dish_24743419.jpg,True,200,
24744838,Bánh đa cá ngần + chả cá ngần,https://concop19.github.io/daily-mate-assets/food_anime/dish_24744838.jpg,True,200,
24746374,Cà Tím Xào Thịt Ba Chỉ,https://concop19.github.io/daily-mate-assets/food_anime/dish_24746374.jpg,True,200,
24747126,Nấm Lộc Nhung Xào Cần Tây Chay,https://concop19.github.io/daily-mate-assets/food_anime/dish_24747126.jpg,True,200,
24750686,Canh rau ngót nấu cà rốt,https://concop19.github.io/daily-mate-assets/food_anime/dish_24750686.jpg,True,200,
24750696,Canh Mồng Tơi Rau Dền Tôm Khô,https://concop19.github.io/daily-mate-assets/food_anime/dish_24750696.jpg,True,200,
24750735,Cá Thu Chiên Nước Mắm,https://concop19.github.io/daily-mate-assets/food_anime/dish_24750735.jpg,True,200,
24752685,Nấm tràm kho tiêu xanh rau răm,https://concop19.github.io/daily-mate-assets/food_anime/dish_24752685.jpg,True,200,
24752686,Canh bí xanh nấm lộc nhung,https://concop19.github.io/daily-mate-assets/food_anime/dish_24752686.jpg,True,200,
24754176,Khoai tây xào thịt băm,https://concop19.github.io/daily-mate-assets/food_anime/dish_24754176.jpg,True,200,
24755591,"Cháo nấm, tempeh",https://concop19.github.io/daily-mate-assets/food_anime/dish_24755591.jpg,True,200,
24755610,"Gỏi rau sam, tôm",https://concop19.github.io/daily-mate-assets/food_anime/dish_24755610.jpg,True,200,
24755886,Canh dưa chua nấm kim châm,https://concop19.github.io/daily-mate-assets/food_anime/dish_24755886.jpg,True,200,
24756269,Cải thảo xào tôm,https://concop19.github.io/daily-mate-assets/food_anime/dish_24756269.jpg,True,200,
24756992,Canh nấm kim châm nấu thịt viên,https://concop19.github.io/daily-mate-assets/food_anime/dish_24756992.jpg,True,200,
24759415,SP.0956 - Tôm Nõn Xào Cải Thìa,https://concop19.github.io/daily-mate-assets/food_anime/dish_24759415.jpg,True,200,
24760474,Dưa gang trộn tôm bóc nõn,https://concop19.github.io/daily-mate-assets/food_anime/dish_24760474.jpg,True,200,
24762100,Canh Mận Nhồi Thịt,https://concop19.github.io/daily-mate-assets/food_anime/dish_24762100.jpg,True,200,
24762155,Canh khổ qua dồn chả cá thác lác,https://concop19.github.io/daily-mate-assets/food_anime/dish_24762155.jpg,True,200,
24766319,💚 Cơm Taco Okinawa Chay Với Đậu Hủ (Vegan),https://concop19.github.io/daily-mate-assets/food_anime/dish_24766319.jpg,True,200,
24767012,Nấm xào mặn với rong biển,https://concop19.github.io/daily-mate-assets/food_anime/dish_24767012.jpg,True,200,
24768485,Cháo cá hồi 🍣 rong biển,https://concop19.github.io/daily-mate-assets/food_anime/dish_24768485.jpg,True,200,
24769422,Mít non kho rau răm,https://concop19.github.io/daily-mate-assets/food_anime/dish_24769422.jpg,True,200,
24769779,Canh Cá Dưa Chua Tứ Xuyên nhái Hảo La Má La,https://concop19.github.io/daily-mate-assets/food_anime/dish_24769779.jpg,True,200,
24770846,SP.0960 - Canh Phù Trúc Thịt Viên,https://concop19.github.io/daily-mate-assets/food_anime/dish_24770846.jpg,True,200,
24771221,Tôm xốt cà chua 🦐,https://concop19.github.io/daily-mate-assets/food_anime/dish_24771221.jpg,True,200,
24772719,Bánh đa rau ngót chả rong biển,https://concop19.github.io/daily-mate-assets/food_anime/dish_24772719.jpg,True,200,
24774281,Bánh bao thịt trứng cút truyền thống,https://concop19.github.io/daily-mate-assets/food_anime/dish_24774281.jpg,True,200,
24775015,"Rau Câu 3 Màu (Lá Dứa, Cà Phê, Sữa Dừa)",https://concop19.github.io/daily-mate-assets/food_anime/dish_24775015.jpg,True,200,
24776233,SP.0959 - Thịt Bò Xào Cải Thìa,https://concop19.github.io/daily-mate-assets/food_anime/dish_24776233.jpg,True,200,
24778230,Canh khoai môn sáp nấm mèo,https://concop19.github.io/daily-mate-assets/food_anime/dish_24778230.jpg,True,200,
24778378,Cà tím bung với cá bông lau,https://concop19.github.io/daily-mate-assets/food_anime/dish_24778378.jpg,True,200,
24778444,Cà tím nhồi thịt lăn bột,https://concop19.github.io/daily-mate-assets/food_anime/dish_24778444.jpg,True,200,
24778530,Bánh sandwich tôm kiểu Hàn menbosa,https://concop19.github.io/daily-mate-assets/food_anime/dish_24778530.jpg,True,200,
24778664,Bún giò heo thập cẩm,https://concop19.github.io/daily-mate-assets/food_anime/dish_24778664.jpg,True,200,
24779843,Nấm xào tổ ong (dạ dày bò),https://concop19.github.io/daily-mate-assets/food_anime/dish_24779843.jpg,True,200,
24779902,"Đậu non, tempeh chiên sốt nấm kim châm",https://concop19.github.io/daily-mate-assets/food_anime/dish_24779902.jpg,True,200,
24780509,Cá mòi hộp kho trứng,https://concop19.github.io/daily-mate-assets/food_anime/dish_24780509.jpg,True,200,
24780546,Cá tầm kho tộ,https://concop19.github.io/daily-mate-assets/food_anime/dish_24780546.jpg,True,200,
24780591,Canh chua cá ngần,https://concop19.github.io/daily-mate-assets/food_anime/dish_24780591.jpg,True,200,
24780873,Cà pháo xào thịt lợn lá lốt,https://concop19.github.io/daily-mate-assets/food_anime/dish_24780873.jpg,True,200,
24781847,Mận và trái vải lắc muối tôm,https://concop19.github.io/daily-mate-assets/food_anime/dish_24781847.jpg,True,200,
24781944,Rau củ xào ức gà,https://concop19.github.io/daily-mate-assets/food_anime/dish_24781944.jpg,True,200,
24782815,"Vịt nấu sấu, rau muống",https://concop19.github.io/daily-mate-assets/food_anime/dish_24782815.jpg,True,200,
24784275,Heo Quay Kho Trứng Cút,https://concop19.github.io/daily-mate-assets/food_anime/dish_24784275.jpg,True,200,
24784281,Tôm catfish nướng,https://concop19.github.io/daily-mate-assets/food_anime/dish_24784281.jpg,True,200,
24787061,Mì Quảng gà cá tôm,https://concop19.github.io/daily-mate-assets/food_anime/dish_24787061.jpg,True,200,
24787308,"Chả cá thác lác, basa",https://concop19.github.io/daily-mate-assets/food_anime/dish_24787308.jpg,True,200,
24792943,Bầu sao xào nấm,https://concop19.github.io/daily-mate-assets/food_anime/dish_24792943.jpg,True,200,
24793775,SP.0965 - Canh Cải Cúc Chả Cá,https://concop19.github.io/daily-mate-assets/food_anime/dish_24793775.jpg,True,200,
24795324,SP.0964 - Trứng Cút Xốt Thịt Heo Xay,https://concop19.github.io/daily-mate-assets/food_anime/dish_24795324.jpg,True,200,
24795360,Bánh bò chuối,https://concop19.github.io/daily-mate-assets/food_anime/dish_24795360.jpg,True,200,
24795856,Su su xào nấm,https://concop19.github.io/daily-mate-assets/food_anime/dish_24795856.jpg,True,200,
24797607,Canh Khổ Qua Rừng Thịt Viên,https://concop19.github.io/daily-mate-assets/food_anime/dish_24797607.jpg,True,200,
24797612,Cá Hường Chiên Muối Ớt,https://concop19.github.io/daily-mate-assets/food_anime/dish_24797612.jpg,True,200,
24797681,🌱 Rau Câu Rong Sụn Đường Nâu,https://concop19.github.io/daily-mate-assets/food_anime/dish_24797681.jpg,True,200,
24798482,Măng Xào Thịt Vai Heo Rừng,https://concop19.github.io/daily-mate-assets/food_anime/dish_24798482.jpg,True,200,
24798716,SP.0962 - Canh Cải Thảo Thịt Viên Mộc Nhĩ,https://concop19.github.io/daily-mate-assets/food_anime/dish_24798716.jpg,True,200,
24798905,Chả cá hấp chấm mắm gừng,https://concop19.github.io/daily-mate-assets/food_anime/dish_24798905.jpg,True,200,
24799980,Chả nấm rong biển,https://concop19.github.io/daily-mate-assets/food_anime/dish_24799980.jpg,True,200,
24800974,Canh rau ngót nấu nấm,https://concop19.github.io/daily-mate-assets/food_anime/dish_24800974.jpg,True,200,
24802259,Canh Đùi Gà Nấu Nấm Và Cải Bẹ Xanh,https://concop19.github.io/daily-mate-assets/food_anime/dish_24802259.jpg,True,200,
24802439,Bạch tuộc xào nấm,https://concop19.github.io/daily-mate-assets/food_anime/dish_24802439.jpg,True,200,
24803830,Đậu phụ chiên mắm tỏi,https://concop19.github.io/daily-mate-assets/food_anime/dish_24803830.jpg,True,200,
24804803,"Canh tôm nấu rau muống, nấm đùi gà",https://concop19.github.io/daily-mate-assets/food_anime/dish_24804803.jpg,True,200,
24805434,Cá rìa công nướng sả,https://concop19.github.io/daily-mate-assets/food_anime/dish_24805434.jpg,True,200,
24805681,Bún cá trắm nấu măng,https://concop19.github.io/daily-mate-assets/food_anime/dish_24805681.jpg,True,200,
24807475,Cá đồng kho nồi cơm điện,https://concop19.github.io/daily-mate-assets/food_anime/dish_24807475.jpg,True,200,
24807478,Miến Xào Nấm Lộc Nhung Chay,https://concop19.github.io/daily-mate-assets/food_anime/dish_24807478.jpg,True,200,
24807913,Canh chua đầu cá nheo nấu măng,https://concop19.github.io/daily-mate-assets/food_anime/dish_24807913.jpg,True,200,
24808437,"Canh Hẹ, Đậu Hũ Trứng Nấu Nấm Rơm",https://concop19.github.io/daily-mate-assets/food_anime/dish_24808437.jpg,True,200,
24809466,SP.0972 - Lagu Sườn Heo Nấu Đậu,https://concop19.github.io/daily-mate-assets/food_anime/dish_24809466.jpg,True,200,
24809759,Cá Hú Kho Tiêu (Siêu Hao Cơm),https://concop19.github.io/daily-mate-assets/food_anime/dish_24809759.jpg,True,200,
24809989,"Gỏi CHÂN GÀ, CÀ PHÁO với TÔM chua",https://concop19.github.io/daily-mate-assets/food_anime/dish_24809989.jpg,True,200,
24810022,Canh cải thìa con nấu thịt vai xay,https://concop19.github.io/daily-mate-assets/food_anime/dish_24810022.jpg,True,200,
24810095,Bánh pateso nhân thịt,https://concop19.github.io/daily-mate-assets/food_anime/dish_24810095.jpg,True,200,
24810142,Canh bắp cải nấu thịt vai heo xay,https://concop19.github.io/daily-mate-assets/food_anime/dish_24810142.jpg,True,200,
24810625,Xôi nấm phiên bản siêu lười nấu nồi cơm điện,https://concop19.github.io/daily-mate-assets/food_anime/dish_24810625.jpg,True,200,
24810790,Ức gà xào nấm đông cô ớt chuông,https://concop19.github.io/daily-mate-assets/food_anime/dish_24810790.jpg,True,200,
24810820,Canh cá lăng nấu chua,https://concop19.github.io/daily-mate-assets/food_anime/dish_24810820.jpg,True,200,
24811064,Bắp Xào Tôm Bơ,https://concop19.github.io/daily-mate-assets/food_anime/dish_24811064.jpg,True,200,
24811071,Canh Nấm Đùi Gà Mồng Tơi,https://concop19.github.io/daily-mate-assets/food_anime/dish_24811071.jpg,True,200,
24811352,💚 Mì Gói Nấu Giá & Đậu Hủ Trứng,https://concop19.github.io/daily-mate-assets/food_anime/dish_24811352.jpg,True,200,
24811847,Salad rau mầm đậu đỏ,https://concop19.github.io/daily-mate-assets/food_anime/dish_24811847.jpg,True,200,
24812629,Thịt heo Đông Pha,https://concop19.github.io/daily-mate-assets/food_anime/dish_24812629.jpg,True,200,
24812715,Đậu HŨ trứng hấp,https://concop19.github.io/daily-mate-assets/food_anime/dish_24812715.jpg,True,200,
24812728,Đậu hũ trứng rim thịt,https://concop19.github.io/daily-mate-assets/food_anime/dish_24812728.jpg,True,200,
24812851,Cá hố kho dưa cải,https://concop19.github.io/daily-mate-assets/food_anime/dish_24812851.jpg,True,200,
24812975,Canh chua mẻ rau cần,https://concop19.github.io/daily-mate-assets/food_anime/dish_24812975.jpg,True,200,
24813610,"Cà Pháo, Cà Đắng Giã Cá Khô",https://concop19.github.io/daily-mate-assets/food_anime/dish_24813610.jpg,True,200,
24813771,Canh Cua Bí Xanh,https://concop19.github.io/daily-mate-assets/food_anime/dish_24813771.jpg,True,200,
24813777,Ếch Nướng Chao,https://concop19.github.io/daily-mate-assets/food_anime/dish_24813777.jpg,True,200,
24814500,Canh rau mùng tơi mướp,https://concop19.github.io/daily-mate-assets/food_anime/dish_24814500.jpg,True,200,
24814533,Đậu phụ sốt chua ngọt,https://concop19.github.io/daily-mate-assets/food_anime/dish_24814533.jpg,True,200,
24815009,Đậu Hũ Trứng Sốt Cà Chua Thịt Băm,https://concop19.github.io/daily-mate-assets/food_anime/dish_24815009.jpg,True,200,
24815808,Thịt heo luộc 🐷,https://concop19.github.io/daily-mate-assets/food_anime/dish_24815808.jpg,True,200,
24816049,Mì Udon trộn Kim chi thịt băm🍜,https://concop19.github.io/daily-mate-assets/food_anime/dish_24816049.jpg,True,200,
24816375,Bạch tuộc và thịt xay xào giá,https://concop19.github.io/daily-mate-assets/food_anime/dish_24816375.jpg,True,200,
24818981,"Canh bầu, mồng tơi nấu tôm",https://concop19.github.io/daily-mate-assets/food_anime/dish_24818981.jpg,True,200,
24818985,Cá ngần khô rang mắm tỏi,https://concop19.github.io/daily-mate-assets/food_anime/dish_24818985.jpg,True,200,
24818992,Canh chua thịt bằm nấu mùng,https://concop19.github.io/daily-mate-assets/food_anime/dish_24818992.jpg,True,200,
24819015,Thịt bắp giò (đùi heo) nấu giả cầy,https://concop19.github.io/daily-mate-assets/food_anime/dish_24819015.jpg,True,200,
24819547,Sủi cảo xíu mại cua,https://concop19.github.io/daily-mate-assets/food_anime/dish_24819547.jpg,True,200,
24821112,Đuôi HEO hầm đậu phộng,https://concop19.github.io/daily-mate-assets/food_anime/dish_24821112.jpg,True,200,
24821232,🌱 Canh Mồng Tơi Nấu Mướp Hương & Nấm Kim Châm,https://concop19.github.io/daily-mate-assets/food_anime/dish_24821232.jpg,True,200,
24821373,Cá rô rán áp chảo 🐟,https://concop19.github.io/daily-mate-assets/food_anime/dish_24821373.jpg,True,200,
24825649,Canh mùng tơi nấu bạch tuộc và thịt xay,https://concop19.github.io/daily-mate-assets/food_anime/dish_24825649.jpg,True,200,
24827090,SP.0985 - Cơm Xốt Cà Chua Thịt Băm,https://concop19.github.io/daily-mate-assets/food_anime/dish_24827090.jpg,True,200,
24827256,Bánh KHOAI LANG chiên tôm,https://concop19.github.io/daily-mate-assets/food_anime/dish_24827256.jpg,True,200,
24828416,Cơm chiên thịt bò xào,https://concop19.github.io/daily-mate-assets/food_anime/dish_24828416.jpg,True,200,
24828609,SP.0969 - Hột Gà Chiên Thịt Heo Bằm,https://concop19.github.io/daily-mate-assets/food_anime/dish_24828609.jpg,True,200,
24830852,Cháo ruốc heo rong biển 🥓,https://concop19.github.io/daily-mate-assets/food_anime/dish_24830852.jpg,True,200,
24831151,Thịt Nướng Muối Ớt,https://concop19.github.io/daily-mate-assets/food_anime/dish_24831151.jpg,True,200,
24831168,Thịt Nạc Heo Xào Cải Chua,https://concop19.github.io/daily-mate-assets/food_anime/dish_24831168.jpg,True,200,
24831195,Cá Ồ Kho Chuối Cau,https://concop19.github.io/daily-mate-assets/food_anime/dish_24831195.jpg,True,200,
24831296,Thịt Heo Rừng Xào Nấm Đùi Gà,https://concop19.github.io/daily-mate-assets/food_anime/dish_24831296.jpg,True,200,
24831307,Thịt Heo Rừng Luộc,https://concop19.github.io/daily-mate-assets/food_anime/dish_24831307.jpg,True,200,
24831314,Canh Cà Rốt Khoai Tây Nấu Thịt Viên,https://concop19.github.io/daily-mate-assets/food_anime/dish_24831314.jpg,True,200,
24831843,Hủ Tíu Xào Tôm,https://concop19.github.io/daily-mate-assets/food_anime/dish_24831843.jpg,True,200,
24834575,Canh chua cá hồng,https://concop19.github.io/daily-mate-assets/food_anime/dish_24834575.jpg,True,200,
24834615,Cá hồng kho tiêu,https://concop19.github.io/daily-mate-assets/food_anime/dish_24834615.jpg,True,200,
24834780,Bún Đuôi Heo,https://concop19.github.io/daily-mate-assets/food_anime/dish_24834780.jpg,True,200,
24835471,Canh cải thảo nấu nấm,https://concop19.github.io/daily-mate-assets/food_anime/dish_24835471.jpg,True,200,
24835490,Thịt heo nướng mắm ruốc,https://concop19.github.io/daily-mate-assets/food_anime/dish_24835490.jpg,True,200,
24837262,Cá Bạc Má Kho Hành Tăm,https://concop19.github.io/daily-mate-assets/food_anime/dish_24837262.jpg,True,200,
24838459,Sốt tôm Mayonnaise,https://concop19.github.io/daily-mate-assets/food_anime/dish_24838459.jpg,True,200,
24839602,Ếch xào bơ tỏi hành tây,https://concop19.github.io/daily-mate-assets/food_anime/dish_24839602.jpg,True,200,
24840388,Canh dưa hường nấu nấm kim châm,https://concop19.github.io/daily-mate-assets/food_anime/dish_24840388.jpg,True,200,
24840490,Phile cá diêu hồng chiên giòn sốt chanh dây,https://concop19.github.io/daily-mate-assets/food_anime/dish_24840490.jpg,True,200,
24840505,"Gỏi gân bò, nấm đùi gà",https://concop19.github.io/daily-mate-assets/food_anime/dish_24840505.jpg,True,200,
24842671,Canh Chua Gà Rau Củ Malaysia,https://concop19.github.io/daily-mate-assets/food_anime/dish_24842671.jpg,True,200,
24843467,"Wonton, seafood noodles, crispy chicken (hoành thánh, mì hải sản, gà giòn)",https://concop19.github.io/daily-mate-assets/food_anime/dish_24843467.jpg,True,200,
24844099,Bánh Mì Bò Phô Mai,https://concop19.github.io/daily-mate-assets/food_anime/dish_24844099.jpg,True,200,
24844972,🌱 Canh Rau Dền Nấu Nấm Lộc Nhung Khô,https://concop19.github.io/daily-mate-assets/food_anime/dish_24844972.jpg,True,200,
24845460,Cá Tầm Nướng Xốt Sa Tế,https://concop19.github.io/daily-mate-assets/food_anime/dish_24845460.jpg,True,200,
24845583,SP.0973 - Thịt Heo Xào Cải Thảo,https://concop19.github.io/daily-mate-assets/food_anime/dish_24845583.jpg,True,200,
24846037,Canh rong biển nấu nấm,https://concop19.github.io/daily-mate-assets/food_anime/dish_24846037.jpg,True,200,
24847385,Cháo bí đỏ tôm nõn,https://concop19.github.io/daily-mate-assets/food_anime/dish_24847385.jpg,True,200,
24847397,Canh bí đỏ nấu tôm nõn,https://concop19.github.io/daily-mate-assets/food_anime/dish_24847397.jpg,True,200,
24847402,Thịt vai heo rang mặn ngọt,https://concop19.github.io/daily-mate-assets/food_anime/dish_24847402.jpg,True,200,
24847536,Mỳ trộn thịt xào kim chi Hàn Quốc,https://concop19.github.io/daily-mate-assets/food_anime/dish_24847536.jpg,True,200,
24847981,"Salad rau rocket, salami, táo, lê và Burrata",https://concop19.github.io/daily-mate-assets/food_anime/dish_24847981.jpg,True,200,
24848367,Cơm thịt nướng chả trứng,https://concop19.github.io/daily-mate-assets/food_anime/dish_24848367.jpg,True,200,
24849718,Mít non trộn rau răm (món chay),https://concop19.github.io/daily-mate-assets/food_anime/dish_24849718.jpg,True,200,
24849934,Rau dền xào tỏi,https://concop19.github.io/daily-mate-assets/food_anime/dish_24849934.jpg,True,200,
24849973,Bánh bò ổ,https://concop19.github.io/daily-mate-assets/food_anime/dish_24849973.jpg,True,200,
24850168,Nạm bò luộc,https://concop19.github.io/daily-mate-assets/food_anime/dish_24850168.jpg,True,200,
24854099,Cơm Trộn Rong Biển Cá Hồi Áp Chảo Cho Bé,https://concop19.github.io/daily-mate-assets/food_anime/dish_24854099.jpg,True,200,
24854917,Mực tươi luộc lá lốt,https://concop19.github.io/daily-mate-assets/food_anime/dish_24854917.jpg,True,200,
24855857,Hải sản ngâm cay,https://concop19.github.io/daily-mate-assets/food_anime/dish_24855857.jpg,True,200,
24855913,Cháo Sườn Nấm Mối Bí Đỏ,https://concop19.github.io/daily-mate-assets/food_anime/dish_24855913.jpg,True,200,
24855937,Mực trứng luộc lá lốt (canh mực lá lốt),https://concop19.github.io/daily-mate-assets/food_anime/dish_24855937.jpg,True,200,
24857985,Miến om hải sản,https://concop19.github.io/daily-mate-assets/food_anime/dish_24857985.jpg,True,200,
24858479,🌱 Canh Chua Rau Chút Chít Đậu Hủ,https://concop19.github.io/daily-mate-assets/food_anime/dish_24858479.jpg,True,200,
24858778,Pancake rau bina,https://concop19.github.io/daily-mate-assets/food_anime/dish_24858778.jpg,True,200,
24858883,"Củ sen kho nấm hương, mật mía",https://concop19.github.io/daily-mate-assets/food_anime/dish_24858883.jpg,True,200,
24858914,"Đậu trứng sốt thịt bằm, cà chua",https://concop19.github.io/daily-mate-assets/food_anime/dish_24858914.jpg,True,200,
24860150,Chà bông nấm rong biển,https://concop19.github.io/daily-mate-assets/food_anime/dish_24860150.jpg,True,200,
24860273,Canh chua lườn cá hồi,https://concop19.github.io/daily-mate-assets/food_anime/dish_24860273.jpg,True,200,
24862735,Thịt Heo Xào Củ Nén Tía Tô,https://concop19.github.io/daily-mate-assets/food_anime/dish_24862735.jpg,True,200,
24863224,Óc heo hấp bí đỏ,https://concop19.github.io/daily-mate-assets/food_anime/dish_24863224.jpg,True,200,
24863745,Thịt Heo xào nấm 🐷🍄,https://concop19.github.io/daily-mate-assets/food_anime/dish_24863745.jpg,True,200,
24863978,Đậu phụ chưng cà chua,https://concop19.github.io/daily-mate-assets/food_anime/dish_24863978.jpg,True,200,
24864147,Mì xào giòn hải sản,https://concop19.github.io/daily-mate-assets/food_anime/dish_24864147.jpg,True,200,
24866738,Cà tím Đà Lạt om nấm đậu,https://concop19.github.io/daily-mate-assets/food_anime/dish_24866738.jpg,True,200,
24868062,Cá rô đồng hấp đọt bầu,https://concop19.github.io/daily-mate-assets/food_anime/dish_24868062.jpg,True,200,
24868106,Bao tử CÁ BASA khìa nước dừa,https://concop19.github.io/daily-mate-assets/food_anime/dish_24868106.jpg,True,200,
24868343,SP.1002 - Canh Khổ Qua Nấu Chả Cá,https://concop19.github.io/daily-mate-assets/food_anime/dish_24868343.jpg,True,200,
24870418,Măng tây cuốn thịt,https://concop19.github.io/daily-mate-assets/food_anime/dish_24870418.jpg,True,200,
24871419,Rau câu nhãn,https://concop19.github.io/daily-mate-assets/food_anime/dish_24871419.jpg,True,200,
24872260,🌱 Gỏi Cà Rốt Dưa Leo Đậu Hủ Chay (Vegan),https://concop19.github.io/daily-mate-assets/food_anime/dish_24872260.jpg,True,200,
24872593,Cá chim biển hấp,https://concop19.github.io/daily-mate-assets/food_anime/dish_24872593.jpg,True,200,
24873767,Nộm bò,https://concop19.github.io/daily-mate-assets/food_anime/dish_24873767.jpg,True,200,
24873903,Ức gà áp chảo rau củ,https://concop19.github.io/daily-mate-assets/food_anime/dish_24873903.jpg,True,200,
24874868,Phở Bò Sài Gòn,https://concop19.github.io/daily-mate-assets/food_anime/dish_24874868.jpg,True,200,
24875517,Cơm chiên cá hộp,https://concop19.github.io/daily-mate-assets/food_anime/dish_24875517.jpg,True,200,
24875685,Chả Cốm Cá Thác Lác,https://concop19.github.io/daily-mate-assets/food_anime/dish_24875685.jpg,True,200,
24876703,"Bánh Ướt Trứng Nhân Tôm Thịt (Bột pha sẵn, bột tự pha và tráng bằng chảo)",https://concop19.github.io/daily-mate-assets/food_anime/dish_24876703.jpg,True,200,
24877764,Bí non xào tôm nõn,https://concop19.github.io/daily-mate-assets/food_anime/dish_24877764.jpg,True,200,
24877876,Mực cơm luộc chua cay,https://concop19.github.io/daily-mate-assets/food_anime/dish_24877876.jpg,True,200,
24881132,Nấm trộn thính cuốn lá sung,https://concop19.github.io/daily-mate-assets/food_anime/dish_24881132.jpg,True,200,
24881369,Mực Xào Lá Húng Quế,https://concop19.github.io/daily-mate-assets/food_anime/dish_24881369.jpg,True,200,
24881490,Măng Xào Chả Cá,https://concop19.github.io/daily-mate-assets/food_anime/dish_24881490.jpg,True,200,
24883850,"Cà na xào bơ sả, muối tôm",https://concop19.github.io/daily-mate-assets/food_anime/dish_24883850.jpg,True,200,
24884097,Đậu chiên nấm rơm kho sả,https://concop19.github.io/daily-mate-assets/food_anime/dish_24884097.jpg,True,200,
24884789,Há Cảo Nhân Tôm Thịt,https://concop19.github.io/daily-mate-assets/food_anime/dish_24884789.jpg,True,200,
24886247,Nấm hầu thủ xào ngải cứu,https://concop19.github.io/daily-mate-assets/food_anime/dish_24886247.jpg,True,200,
24886304,Canh mùng tơi nấm hầu thủ,https://concop19.github.io/daily-mate-assets/food_anime/dish_24886304.jpg,True,200,
24886811,Cá Chim Hấp Cải Rổ,https://concop19.github.io/daily-mate-assets/food_anime/dish_24886811.jpg,True,200,
24886838,Óc Heo Chiên Trứng,https://concop19.github.io/daily-mate-assets/food_anime/dish_24886838.jpg,True,200,
24887207,Mì xào thịt thăn súp lơ,https://concop19.github.io/daily-mate-assets/food_anime/dish_24887207.jpg,True,200,
24887981,🌱 Canh Bí Ngòi Nấm Đậu Hủ,https://concop19.github.io/daily-mate-assets/food_anime/dish_24887981.jpg,True,200,
24888624,Canh chua rau cần bạc hà,https://concop19.github.io/daily-mate-assets/food_anime/dish_24888624.jpg,True,200,
24888628,Tôm hấp trứng,https://concop19.github.io/daily-mate-assets/food_anime/dish_24888628.jpg,True,200,
24888845,Nấm đùi gà xào bông cải,https://concop19.github.io/daily-mate-assets/food_anime/dish_24888845.jpg,True,200,
24888847,Thịt chả rang nước mắm,https://concop19.github.io/daily-mate-assets/food_anime/dish_24888847.jpg,True,200,
24888876,Canh cải thảo nấu chả bò viên,https://concop19.github.io/daily-mate-assets/food_anime/dish_24888876.jpg,True,200,
24888878,Canh nấm đùi gà và bông cải nấu thịt xay,https://concop19.github.io/daily-mate-assets/food_anime/dish_24888878.jpg,True,200,
24888961,Cá Hồi Xông Khói Áp Chảo Bơ Tỏi Tiêu Đen Xốt Chocolate,https://concop19.github.io/daily-mate-assets/food_anime/dish_24888961.jpg,True,200,
24889567,Thịt lợn rang dứa (trái thơm),https://concop19.github.io/daily-mate-assets/food_anime/dish_24889567.jpg,True,200,
24890593,Thịt heo nướng lá lốt cuốn kèm lá mơ lông,https://concop19.github.io/daily-mate-assets/food_anime/dish_24890593.jpg,True,200,
24891201,Sandwich nhân tôm,https://concop19.github.io/daily-mate-assets/food_anime/dish_24891201.jpg,True,200,
24893569,ÓC heo chưng đậu hủ trứng,https://concop19.github.io/daily-mate-assets/food_anime/dish_24893569.jpg,True,200,
24893786,Lườn cá ngừ áp chảo,https://concop19.github.io/daily-mate-assets/food_anime/dish_24893786.jpg,True,200,
24894272,Cà Ri Đùi Ếch Chôm Chôm,https://concop19.github.io/daily-mate-assets/food_anime/dish_24894272.jpg,True,200,
24894411,Óc heo hấp,https://concop19.github.io/daily-mate-assets/food_anime/dish_24894411.jpg,True,200,
24897137,Canh gà phi lê nấu cải bẹ và nấm mỡ,https://concop19.github.io/daily-mate-assets/food_anime/dish_24897137.jpg,True,200,
24897999,Ức gà xào nấm đùi gà,https://concop19.github.io/daily-mate-assets/food_anime/dish_24897999.jpg,True,200,
24898674,Cà tím sốt thịt bằm,https://concop19.github.io/daily-mate-assets/food_anime/dish_24898674.jpg,True,200,
24898913,Da HEO quay xào dưa cải chua,https://concop19.github.io/daily-mate-assets/food_anime/dish_24898913.jpg,True,200,
24899225,Tôm chiên xù kiểu Nhật (Ebi Furai),https://concop19.github.io/daily-mate-assets/food_anime/dish_24899225.jpg,True,200,
24900253,Nấm tràm khô kho lá sả,https://concop19.github.io/daily-mate-assets/food_anime/dish_24900253.jpg,True,200,
24901006,Cóc lắc khô bò,https://concop19.github.io/daily-mate-assets/food_anime/dish_24901006.jpg,True,200,
24902098,Lẩu ghẹ hải sản chua ngọt,https://concop19.github.io/daily-mate-assets/food_anime/dish_24902098.jpg,True,200,
24902554,Canh chua rau cần rong biển,https://concop19.github.io/daily-mate-assets/food_anime/dish_24902554.jpg,True,200,
24904901,Canh rau cải xanh nấu chay,https://concop19.github.io/daily-mate-assets/food_anime/dish_24904901.jpg,True,200,
24905208,Canh gà cải thìa nấm,https://concop19.github.io/daily-mate-assets/food_anime/dish_24905208.jpg,True,200,
24905353,Súp gà ngô nấm cà rốt,https://concop19.github.io/daily-mate-assets/food_anime/dish_24905353.jpg,True,200,
24908683,Chả chay kho rau răm,https://concop19.github.io/daily-mate-assets/food_anime/dish_24908683.jpg,True,200,
24908897,Nấm đông cô chiên giòn,https://concop19.github.io/daily-mate-assets/food_anime/dish_24908897.jpg,True,200,
24912807,Mì chùm ngây nấu rau củ,https://concop19.github.io/daily-mate-assets/food_anime/dish_24912807.jpg,True,200,
24913163,Thịt Ba Chỉ Nướng Lá Mắc Mật,https://concop19.github.io/daily-mate-assets/food_anime/dish_24913163.jpg,True,200,
24915901,Rau sống sốt chanh dây,https://concop19.github.io/daily-mate-assets/food_anime/dish_24915901.jpg,True,200,
24916146,Canh Cá Chỉ Vàng Nấu Ngót,https://concop19.github.io/daily-mate-assets/food_anime/dish_24916146.jpg,True,200,
24916224,Cá rô kho trứng với tóp mỡ,https://concop19.github.io/daily-mate-assets/food_anime/dish_24916224.jpg,True,200,
24916584,Heo Quay Da Giòn Lá Mắc Mật,https://concop19.github.io/daily-mate-assets/food_anime/dish_24916584.jpg,True,200,
24917615,Thịt nướng kiểu Bắc,https://concop19.github.io/daily-mate-assets/food_anime/dish_24917615.jpg,True,200,
24917943,Mít kho thịt heo (Jackfruit braised with pork),https://concop19.github.io/daily-mate-assets/food_anime/dish_24917943.jpg,True,200,
24918309,Tôm sốt kem 🍤,https://concop19.github.io/daily-mate-assets/food_anime/dish_24918309.jpg,True,200,
24921768,Cơm rong biển thịt nướng,https://concop19.github.io/daily-mate-assets/food_anime/dish_24921768.jpg,True,200,
24921796,Đậu cuốn nấm kim châm chay,https://concop19.github.io/daily-mate-assets/food_anime/dish_24921796.jpg,True,200,
24922120,Xôi nấm và hạt,https://concop19.github.io/daily-mate-assets/food_anime/dish_24922120.jpg,True,200,
24923000,Canh bí đao nấu cùng thịt xay,https://concop19.github.io/daily-mate-assets/food_anime/dish_24923000.jpg,True,200,
24923223,Cá chiên popcorn,https://concop19.github.io/daily-mate-assets/food_anime/dish_24923223.jpg,True,200,
24924447,🌱 Canh Củ Dền Nấm Hương Tươi (Vegan),https://concop19.github.io/daily-mate-assets/food_anime/dish_24924447.jpg,True,200,
24924658,Nấm đông cô xào rau củ,https://concop19.github.io/daily-mate-assets/food_anime/dish_24924658.jpg,True,200,
24924768,Bánh đúc thịt làm từ cơm nguội,https://concop19.github.io/daily-mate-assets/food_anime/dish_24924768.jpg,True,200,
24924930,Mì ống xào bò cà chua,https://concop19.github.io/daily-mate-assets/food_anime/dish_24924930.jpg,True,200,
24924989,SP.0975 - Cải Thìa Xào Bò Xốt Dầu Hào,https://concop19.github.io/daily-mate-assets/food_anime/dish_24924989.jpg,True,200,
24926616,Đậu nhồi thịt tẩm hành lá,https://concop19.github.io/daily-mate-assets/food_anime/dish_24926616.jpg,True,200,
24926869,Cá Diêu Hồng Chiên Mè Cuốn Bánh Tráng Sắn,https://concop19.github.io/daily-mate-assets/food_anime/dish_24926869.jpg,True,200,
24928303,Rau câu đổ ly,https://concop19.github.io/daily-mate-assets/food_anime/dish_24928303.jpg,True,200,
24928433,Mì Udon Xào Thịt Bò Cải Ngồng,https://concop19.github.io/daily-mate-assets/food_anime/dish_24928433.jpg,True,200,
24928920,Thịt chiên xù chấm sốt chua ngọt,https://concop19.github.io/daily-mate-assets/food_anime/dish_24928920.jpg,True,200,
24929238,Rau câu 3 vị,https://concop19.github.io/daily-mate-assets/food_anime/dish_24929238.jpg,True,200,
24929240,Mực xào khế,https://concop19.github.io/daily-mate-assets/food_anime/dish_24929240.jpg,True,200,
24930208,CÀ tím xào thịt,https://concop19.github.io/daily-mate-assets/food_anime/dish_24930208.jpg,True,200,
24931398,Xíu Mại Trứng Cút Da Heo,https://concop19.github.io/daily-mate-assets/food_anime/dish_24931398.jpg,True,200,
24932071,Cá trác kho dưa môn,https://concop19.github.io/daily-mate-assets/food_anime/dish_24932071.jpg,True,200,
24932812,Canh khoai môn sáp nấu nấm,https://concop19.github.io/daily-mate-assets/food_anime/dish_24932812.jpg,True,200,
24933158,Cơm trứng thịt bò,https://concop19.github.io/daily-mate-assets/food_anime/dish_24933158.jpg,True,200,
24934730,Canh tim gà hầm nấm củ sen,https://concop19.github.io/daily-mate-assets/food_anime/dish_24934730.jpg,True,200,
24934833,Cá chim trắng nấu ngót thìa là,https://concop19.github.io/daily-mate-assets/food_anime/dish_24934833.jpg,True,200,
24935834,Măng le kho nước tương rau răm,https://concop19.github.io/daily-mate-assets/food_anime/dish_24935834.jpg,True,200,
24935892,Canh rau dền cơm nấu nạc vai xay,https://concop19.github.io/daily-mate-assets/food_anime/dish_24935892.jpg,True,200,
24935927,Thịt xào hành tây,https://concop19.github.io/daily-mate-assets/food_anime/dish_24935927.jpg,True,200,
24936473,Canh cua rau rút khoai sọ,https://concop19.github.io/daily-mate-assets/food_anime/dish_24936473.jpg,True,200,
24937532,Canh chua thịt bò đậu hũ,https://concop19.github.io/daily-mate-assets/food_anime/dish_24937532.jpg,True,200,
24937549,Rau giá xào mướp,https://concop19.github.io/daily-mate-assets/food_anime/dish_24937549.jpg,True,200,
24938874,🌱 Canh Nấm Đông Cô Tươi Nấu Rong Biển,https://concop19.github.io/daily-mate-assets/food_anime/dish_24938874.jpg,True,200,
24939176,Mì Gói Mực Chua Cay,https://concop19.github.io/daily-mate-assets/food_anime/dish_24939176.jpg,True,200,
24940466,Chuối Cau Xanh Kho Thịt Cá Nục,https://concop19.github.io/daily-mate-assets/food_anime/dish_24940466.jpg,True,200,
24941658,Canh gà nấu nấm kim châm và lá ngải,https://concop19.github.io/daily-mate-assets/food_anime/dish_24941658.jpg,True,200,
24941786,Đậu Bắp Hấp Thịt Băm Xốt Dầu Hào,https://concop19.github.io/daily-mate-assets/food_anime/dish_24941786.jpg,True,200,
24942346,Bún Gạo Lứt Nước Lèo Cà Chua Nấm Hương Chay,https://concop19.github.io/daily-mate-assets/food_anime/dish_24942346.jpg,True,200,
24942683,Nộm giò rau củ,https://concop19.github.io/daily-mate-assets/food_anime/dish_24942683.jpg,True,200,
24943430,Tôm hấp tàu hũ trắng sauce nước tương,https://concop19.github.io/daily-mate-assets/food_anime/dish_24943430.jpg,True,200,
24943994,Cơm Chiên Từ Tôm Rang Thịt còn thừa,https://concop19.github.io/daily-mate-assets/food_anime/dish_24943994.jpg,True,200,
24944527,Bò Xào Bông Cải Xanh,https://concop19.github.io/daily-mate-assets/food_anime/dish_24944527.jpg,True,200,
24944693,Canh bí đao (bí xanh) nấu thịt bằm đơn giản,https://concop19.github.io/daily-mate-assets/food_anime/dish_24944693.jpg,True,200,
24945181,Gỏi Cuốn/Bún Tôm Thịt sốt tương đen,https://concop19.github.io/daily-mate-assets/food_anime/dish_24945181.jpg,True,200,
24945456,Nấm bào ngư xiên hấp chanh sả,https://concop19.github.io/daily-mate-assets/food_anime/dish_24945456.jpg,True,200,
24945621,Cá Tắc Kè nướng mọi,https://concop19.github.io/daily-mate-assets/food_anime/dish_24945621.jpg,True,200,
24945714,SP.0986 - Đậu Hũ Dồn Thịt Xốt Cà,https://concop19.github.io/daily-mate-assets/food_anime/dish_24945714.jpg,True,200,
24948052,Măng nứa tép nhồi thịt,https://concop19.github.io/daily-mate-assets/food_anime/dish_24948052.jpg,True,200,
24948087,Đậu phụ trắng kho cà chua,https://concop19.github.io/daily-mate-assets/food_anime/dish_24948087.jpg,True,200,
24948554,Tàu hũ (làm từ sữa đậu nành và rau câu dẻo),https://concop19.github.io/daily-mate-assets/food_anime/dish_24948554.jpg,True,200,
24948825,Cá bông lau kho sốt tiêu,https://concop19.github.io/daily-mate-assets/food_anime/dish_24948825.jpg,True,200,
24948827,Canh cải con nấu thịt vai xay,https://concop19.github.io/daily-mate-assets/food_anime/dish_24948827.jpg,True,200,
24951055,Cơm cá hồi nấu gọn trong nồi cơm điện,https://concop19.github.io/daily-mate-assets/food_anime/dish_24951055.jpg,True,200,
24951138,Bánh canh xương sụn chả cá,https://concop19.github.io/daily-mate-assets/food_anime/dish_24951138.jpg,True,200,
24952050,SP.0989 - Sườn Heo Hầm Khoai Tây,https://concop19.github.io/daily-mate-assets/food_anime/dish_24952050.jpg,True,200,
24952991,Cháo lá dứa thịt băm phi thơm,https://concop19.github.io/daily-mate-assets/food_anime/dish_24952991.jpg,True,200,
24953823,Dụm heo hầm,https://concop19.github.io/daily-mate-assets/food_anime/dish_24953823.jpg,True,200,
24953901,Cá hồng biển muối sả,https://concop19.github.io/daily-mate-assets/food_anime/dish_24953901.jpg,True,200,
24954183,"Mực hấp rau muống cuốn bánh tráng sắn – đơn giản mà ngon ""hết sẩy""",https://concop19.github.io/daily-mate-assets/food_anime/dish_24954183.jpg,True,200,
24954294,Canh rong biển nấu thịt xay và tép khô,https://concop19.github.io/daily-mate-assets/food_anime/dish_24954294.jpg,True,200,
24954715,SP.0987 - Bún Xào Giá Đỗ Thịt Khìa,https://concop19.github.io/daily-mate-assets/food_anime/dish_24954715.jpg,True,200,
24954723,SP.0983 - Sườn Cốt Lết Heo Rim Xoài Cát,https://concop19.github.io/daily-mate-assets/food_anime/dish_24954723.jpg,True,200,
24954931,Nấm hầu thủ kho chuối xanh (món chay),https://concop19.github.io/daily-mate-assets/food_anime/dish_24954931.jpg,True,200,
24954993,"Chả cá, thịt và tóp mỡ sốt cà",https://concop19.github.io/daily-mate-assets/food_anime/dish_24954993.jpg,True,200,
24955187,🌱 Canh Lá Lốt Đậu Hủ,https://concop19.github.io/daily-mate-assets/food_anime/dish_24955187.jpg,True,200,
24956361,Cá Bánh Đường Nướng Sả,https://concop19.github.io/daily-mate-assets/food_anime/dish_24956361.jpg,True,200,
24956874,"Khoai Tây Xào Nấm, Thì Là (Món Chay)",https://concop19.github.io/daily-mate-assets/food_anime/dish_24956874.jpg,True,200,
24957110,Canh cải thìa cá viên,https://concop19.github.io/daily-mate-assets/food_anime/dish_24957110.jpg,True,200,
24957700,Thịt ngan canh nấm hương,https://concop19.github.io/daily-mate-assets/food_anime/dish_24957700.jpg,True,200,
24958140,Cá Giò Kho Cải Chua,https://concop19.github.io/daily-mate-assets/food_anime/dish_24958140.jpg,True,200,
24958147,Canh Chua Lườn Cá Cờ,https://concop19.github.io/daily-mate-assets/food_anime/dish_24958147.jpg,True,200,
24958156,Lườn Cá Cờ Kho Tiêu,https://concop19.github.io/daily-mate-assets/food_anime/dish_24958156.jpg,True,200,
24958162,Súp Bong Bóng Cá Măng Tây,https://concop19.github.io/daily-mate-assets/food_anime/dish_24958162.jpg,True,200,
24958615,Cá Kèo Kho Rau Răm,https://concop19.github.io/daily-mate-assets/food_anime/dish_24958615.jpg,True,200,
24960038,Nước sốt chấm thịt bò nướng than,https://concop19.github.io/daily-mate-assets/food_anime/dish_24960038.jpg,True,200,
24960298,"Đậu Hủ Kho Thịt Băm, Nấm Hương Sốt Nước Tương",https://concop19.github.io/daily-mate-assets/food_anime/dish_24960298.jpg,True,200,
24960535,Súp Chua Cá Hồng Biển Hương Vị Địa Trung Hải,https://concop19.github.io/daily-mate-assets/food_anime/dish_24960535.jpg,True,200,
24960860,Bún Đậu Mắm Tôm Lòng Heo Luộc,https://concop19.github.io/daily-mate-assets/food_anime/dish_24960860.jpg,True,200,
24961406,Trứng vịt cồ chiên thịt vai xay,https://concop19.github.io/daily-mate-assets/food_anime/dish_24961406.jpg,True,200,
24961822,Cá chiên hoa cúc ngũ vị hương,https://concop19.github.io/daily-mate-assets/food_anime/dish_24961822.jpg,True,200,
24962022,Thịt Nọng Heo Nướng,https://concop19.github.io/daily-mate-assets/food_anime/dish_24962022.jpg,True,200,
24962347,Cá Tuyết Haddock Tẩm Bột Khô Áp Chảo,https://concop19.github.io/daily-mate-assets/food_anime/dish_24962347.jpg,True,200,
24962613,Mực Ống Xào Bông Cải Xanh Sốt Cà Ri Masala,https://concop19.github.io/daily-mate-assets/food_anime/dish_24962613.jpg,True,200,
24963161,Cá hồi áp chảo xốt Teriyaki (Seared Salmon with Teriyaki Sauce),https://concop19.github.io/daily-mate-assets/food_anime/dish_24963161.jpg,True,200,
24963575,Thịt nhồi đậu bắp,https://concop19.github.io/daily-mate-assets/food_anime/dish_24963575.jpg,True,200,
24964549,Đậu bắp xào chả cá,https://concop19.github.io/daily-mate-assets/food_anime/dish_24964549.jpg,True,200,
24964555,Sụn Heo Kho Sả Ớt,https://concop19.github.io/daily-mate-assets/food_anime/dish_24964555.jpg,True,200,
24965209,"Rau muống, giá đỗ, mướp xào tóp mỡ",https://concop19.github.io/daily-mate-assets/food_anime/dish_24965209.jpg,True,200,
24965224,"Đuôi heo nấu hạt sen, củ sen",https://concop19.github.io/daily-mate-assets/food_anime/dish_24965224.jpg,True,200,
24965560,Mì Gói Xào Da Heo,https://concop19.github.io/daily-mate-assets/food_anime/dish_24965560.jpg,True,200,
24965592,Da heo luộc ngâm sả,https://concop19.github.io/daily-mate-assets/food_anime/dish_24965592.jpg,True,200,
24966059,Cháo nấm nghệ,https://concop19.github.io/daily-mate-assets/food_anime/dish_24966059.jpg,True,200,
24966682,Bánh qui nấm,https://concop19.github.io/daily-mate-assets/food_anime/dish_24966682.jpg,True,200,
24967372,Da heo luộc trộn thính,https://concop19.github.io/daily-mate-assets/food_anime/dish_24967372.jpg,True,200,
24967895,Cá nục hấp cuốn rau muống bánh tráng sắn siêu hấp dẫn,https://concop19.github.io/daily-mate-assets/food_anime/dish_24967895.jpg,True,200,
24968916,Canh Hoa Thiên Lý Nấu Nấm,https://concop19.github.io/daily-mate-assets/food_anime/dish_24968916.jpg,True,200,
24970075,Cá hồi tartare,https://concop19.github.io/daily-mate-assets/food_anime/dish_24970075.jpg,True,200,
24970239,Sườn sụn heo hầm cà chua,https://concop19.github.io/daily-mate-assets/food_anime/dish_24970239.jpg,True,200,
24970341,Tôm khô sốt cà chua 🦐🍅,https://concop19.github.io/daily-mate-assets/food_anime/dish_24970341.jpg,True,200,
24971938,Canh Rau Đay Mướp Nấm Chay,https://concop19.github.io/daily-mate-assets/food_anime/dish_24971938.jpg,True,200,
24972929,Cá hồng mắt to chiên,https://concop19.github.io/daily-mate-assets/food_anime/dish_24972929.jpg,True,200,
24973812,Canh Rau Đay Tôm Khô,https://concop19.github.io/daily-mate-assets/food_anime/dish_24973812.jpg,True,200,
24973862,Măng Xào Hành Tây Rau Răm Chay,https://concop19.github.io/daily-mate-assets/food_anime/dish_24973862.jpg,True,200,
24973886,Súp Măng Tây Trắng Nấm Tuyết Chay,https://concop19.github.io/daily-mate-assets/food_anime/dish_24973886.jpg,True,200,
24974163,Nấm Hầu Thủ Áp Chảo Sốt Sa Tế Chay,https://concop19.github.io/daily-mate-assets/food_anime/dish_24974163.jpg,True,200,
24974166,Nấm Tuyết Trộn Chà Bông Nấm Chay,https://concop19.github.io/daily-mate-assets/food_anime/dish_24974166.jpg,True,200,
24974198,Chè Lê Nấm Tuyết,https://concop19.github.io/daily-mate-assets/food_anime/dish_24974198.jpg,True,200,
24974701,Rau má đậu xanh,https://concop19.github.io/daily-mate-assets/food_anime/dish_24974701.jpg,True,200,
24975228,Đậu cô ve xào nấm đông cô khô,https://concop19.github.io/daily-mate-assets/food_anime/dish_24975228.jpg,True,200,
24975476,Nấm Kho Thơm,https://concop19.github.io/daily-mate-assets/food_anime/dish_24975476.jpg,True,200,
24975763,RAU CÂU nhãn tươi,https://concop19.github.io/daily-mate-assets/food_anime/dish_24975763.jpg,True,200,
24975891,Đậu Hủ Nhồi Thịt Sốt Chua Ngọt,https://concop19.github.io/daily-mate-assets/food_anime/dish_24975891.jpg,True,200,
24976359,Phở Sắn Trộn Nấm Hầu Thủ Chay,https://concop19.github.io/daily-mate-assets/food_anime/dish_24976359.jpg,True,200,
24977305,Sườn sụn heo nướng,https://concop19.github.io/daily-mate-assets/food_anime/dish_24977305.jpg,True,200,
24978293,Thịt heo khìa nước dừa,https://concop19.github.io/daily-mate-assets/food_anime/dish_24978293.jpg,True,200,
24978501,Thịt Ba Chỉ Rang Hành Boaro,https://concop19.github.io/daily-mate-assets/food_anime/dish_24978501.jpg,True,200,
24979954,Thịt thăn thuôn sấu (canh chua sấu thịt thăn),https://concop19.github.io/daily-mate-assets/food_anime/dish_24979954.jpg,True,200,
24980449,Thịt GÀ đóng hộp (Homemade Chicken Luncheon),https://concop19.github.io/daily-mate-assets/food_anime/dish_24980449.jpg,True,200,
24980613,Nộm rau muống và ngó sen,https://concop19.github.io/daily-mate-assets/food_anime/dish_24980613.jpg,True,200,
24980948,Canh chua măng cá,https://concop19.github.io/daily-mate-assets/food_anime/dish_24980948.jpg,True,200,
24981485,Thịt ba chỉ kho hột vịt,https://concop19.github.io/daily-mate-assets/food_anime/dish_24981485.jpg,True,200,
24982392,Cá Bạc Má Kho Dưa Cải,https://concop19.github.io/daily-mate-assets/food_anime/dish_24982392.jpg,True,200,
24982403,Cá Bạc Má Nấu Ngót,https://concop19.github.io/daily-mate-assets/food_anime/dish_24982403.jpg,True,200,
24982881,Đậu hũ ma bà healthy (ức gà),https://concop19.github.io/daily-mate-assets/food_anime/dish_24982881.jpg,True,200,
24984367,CHÁO huyết-da heo cuộn,https://concop19.github.io/daily-mate-assets/food_anime/dish_24984367.jpg,True,200,
24984466,Bún Sườn Bò Tơ,https://concop19.github.io/daily-mate-assets/food_anime/dish_24984466.jpg,True,200,
24984831,🌱 Bún Đậu Hủ Nước Tương Trộn Rau Củ,https://concop19.github.io/daily-mate-assets/food_anime/dish_24984831.jpg,True,200,
24984962,Quiche Boa Rô & Thịt Cua Nhện,https://concop19.github.io/daily-mate-assets/food_anime/dish_24984962.jpg,True,200,
24986392,Cá Trích Chiên Giòn Sốt Mắm Chua Ngọt,https://concop19.github.io/daily-mate-assets/food_anime/dish_24986392.jpg,True,200,
24986543,Bì cuộn thịt hấp,https://concop19.github.io/daily-mate-assets/food_anime/dish_24986543.jpg,True,200,
24986672,Cá ngừ kho củ cải khô,https://concop19.github.io/daily-mate-assets/food_anime/dish_24986672.jpg,True,200,
24987433,Cá bạc má kho mía,https://concop19.github.io/daily-mate-assets/food_anime/dish_24987433.jpg,True,200,
24987885,Patê Hạt và Nấm,https://concop19.github.io/daily-mate-assets/food_anime/dish_24987885.jpg,True,200,
24988167,Cá Hú Kho Tương Hột Nấm Hương,https://concop19.github.io/daily-mate-assets/food_anime/dish_24988167.jpg,True,200,
24991996,Tempeh ngũ đậu sốt nấm,https://concop19.github.io/daily-mate-assets/food_anime/dish_24991996.jpg,True,200,
24994014,Xôi Trắng Ăn Kèm Xá Xíu Nấm,https://concop19.github.io/daily-mate-assets/food_anime/dish_24994014.jpg,True,200,
24994229,Nấm mũ kho,https://concop19.github.io/daily-mate-assets/food_anime/dish_24994229.jpg,True,200,
24994330,SALAD rau mầm với trứng,https://concop19.github.io/daily-mate-assets/food_anime/dish_24994330.jpg,True,200,
24995203,SP.0990 - Ba Rọi Heo Hấp Cải Mục Muối,https://concop19.github.io/daily-mate-assets/food_anime/dish_24995203.jpg,True,200,
24998925,Canh chua kim chi đậu hũ,https://concop19.github.io/daily-mate-assets/food_anime/dish_24998925.jpg,True,200,
25000908,Miến om nấm (món chay),https://concop19.github.io/daily-mate-assets/food_anime/dish_25000908.jpg,True,200,
25001341,SP.0993 - Thịt Heo Luộc Chấm Muối Hồng,https://concop19.github.io/daily-mate-assets/food_anime/dish_25001341.jpg,True,200,
25001659,Canh khoai tím nấu tôm bằm cho bạn nhỏ,https://concop19.github.io/daily-mate-assets/food_anime/dish_25001659.jpg,True,200,
25002006,NẤM lộc nhung xào bí nụ,https://concop19.github.io/daily-mate-assets/food_anime/dish_25002006.jpg,True,200,
25002476,Chả Thịt Băm Trứng Muối Cá Hộp,https://concop19.github.io/daily-mate-assets/food_anime/dish_25002476.jpg,True,200,
25002922,Thịt Má Đùi Gà Nấu Táo Đỏ Pate,https://concop19.github.io/daily-mate-assets/food_anime/dish_25002922.jpg,True,200,
25003005,Gỏi Ức Gà Rau Tiến Vua,https://concop19.github.io/daily-mate-assets/food_anime/dish_25003005.jpg,True,200,
25003010,"Bánh xèo Nhật Bản Okonomiyaki (Tôm, cá ngừ)",https://concop19.github.io/daily-mate-assets/food_anime/dish_25003010.jpg,True,200,
25003224,Canh khoai muống nấu nấm,https://concop19.github.io/daily-mate-assets/food_anime/dish_25003224.jpg,True,200,
25003227,Canh bí xanh và bí đỏ nấu nấm,https://concop19.github.io/daily-mate-assets/food_anime/dish_25003227.jpg,True,200,
25004525,Bún BÒ xào Nam bộ,https://concop19.github.io/daily-mate-assets/food_anime/dish_25004525.jpg,True,200,
25007629,Cá Mó Chiên Giòn - 25 phút,https://concop19.github.io/daily-mate-assets/food_anime/dish_25007629.jpg,True,200,
25007804,Cá LÓC xào rau cần nước,https://concop19.github.io/daily-mate-assets/food_anime/dish_25007804.jpg,True,200,
25007958,Bì heo chiên mắm tỏi,https://concop19.github.io/daily-mate-assets/food_anime/dish_25007958.jpg,True,200,
25008218,Nấm Bào Ngư Kho Nước Tương Chay,https://concop19.github.io/daily-mate-assets/food_anime/dish_25008218.jpg,True,200,
25008232,Cải Rổ Xào Nấm Mèo Chay,https://concop19.github.io/daily-mate-assets/food_anime/dish_25008232.jpg,True,200,
25008244,Canh Nấm Bào Ngư Chay,https://concop19.github.io/daily-mate-assets/food_anime/dish_25008244.jpg,True,200,
25009459,Tôm đồng rang tóp mỡ,https://concop19.github.io/daily-mate-assets/food_anime/dish_25009459.jpg,True,200,
25010187,Cá Chỉ Nộm,https://concop19.github.io/daily-mate-assets/food_anime/dish_25010187.jpg,True,200,
25010790,Nấm Đùi Gà Nhồi Chay,https://concop19.github.io/daily-mate-assets/food_anime/dish_25010790.jpg,True,200,
25010862,Cải Thìa Xào Nấm Đông Cô,https://concop19.github.io/daily-mate-assets/food_anime/dish_25010862.jpg,True,200,
25010954,Đậu hũ và tàu hũ ky cuộn rim sả ớt (món chay),https://concop19.github.io/daily-mate-assets/food_anime/dish_25010954.jpg,True,200,
25011552,Tàu Hũ Ky Cuộn Kho Thơm Nấm (Món chay),https://concop19.github.io/daily-mate-assets/food_anime/dish_25011552.jpg,True,200,
25011961,Canh chua bông điên điển ngó sen nấu cùng tôm mực,https://concop19.github.io/daily-mate-assets/food_anime/dish_25011961.jpg,True,200,
25012888,Mỳ trứng xào thịt thăn chiên giòn,https://concop19.github.io/daily-mate-assets/food_anime/dish_25012888.jpg,True,200,
25012896,Phở sắn thịt băm sấu,https://concop19.github.io/daily-mate-assets/food_anime/dish_25012896.jpg,True,200,
25012900,Lẩu tôm bầu,https://concop19.github.io/daily-mate-assets/food_anime/dish_25012900.jpg,True,200,
25012936,Lẩu Cá Kèo Miền Tây,https://concop19.github.io/daily-mate-assets/food_anime/dish_25012936.jpg,True,200,
25016427,Bóng cá chay rim mè rang,https://concop19.github.io/daily-mate-assets/food_anime/dish_25016427.jpg,True,200,
25016852,Củ Cải Trắng kho Thịt Băm,https://concop19.github.io/daily-mate-assets/food_anime/dish_25016852.jpg,True,200,
25022313,SP.0998 - Bò Áp Chảo Cải Son,https://concop19.github.io/daily-mate-assets/food_anime/dish_25022313.jpg,True,200,
25023239,Súp Sò Điệp Bong Bóng Cá,https://concop19.github.io/daily-mate-assets/food_anime/dish_25023239.jpg,True,200,
25024826,SP.0995 - Bò Bía Mặn,https://concop19.github.io/daily-mate-assets/food_anime/dish_25024826.jpg,True,200,
25025919,Củ sen kho nấm lộc nhung (món chay),https://concop19.github.io/daily-mate-assets/food_anime/dish_25025919.jpg,True,200,
25027188,Canh Chua Cá Nấu Lá Me,https://concop19.github.io/daily-mate-assets/food_anime/dish_25027188.jpg,True,200,
25027221,"Đậu Bắp, Nấm Đông Cô Áp Chảo",https://concop19.github.io/daily-mate-assets/food_anime/dish_25027221.jpg,True,200,
25028375,Nui xào bò,https://concop19.github.io/daily-mate-assets/food_anime/dish_25028375.jpg,True,200,
25030303,Chả cá chiên cuốn rau sống chấm nước mắm tỏi ớt,https://concop19.github.io/daily-mate-assets/food_anime/dish_25030303.jpg,True,200,
25030877,Thịt ba chỉ rang mặn ngọt,https://concop19.github.io/daily-mate-assets/food_anime/dish_25030877.jpg,True,200,
25033315,SP.1003 - Canh Nấm Đùi Gà Thịt Viên,https://concop19.github.io/daily-mate-assets/food_anime/dish_25033315.jpg,True,200,
25034276,Cá linh nấu chua với bông súng cơm mẻ,https://concop19.github.io/daily-mate-assets/food_anime/dish_25034276.jpg,True,200,
25035496,Bánh xèo nhân tôm củ sắn,https://concop19.github.io/daily-mate-assets/food_anime/dish_25035496.jpg,True,200,
25037149,Gỏi bóng cá chay trộn gỏi dưa leo siêu dễ làm,https://concop19.github.io/daily-mate-assets/food_anime/dish_25037149.jpg,True,200,
25039210,Cá Bống Kho Nghệ,https://concop19.github.io/daily-mate-assets/food_anime/dish_25039210.jpg,True,200,
25039314,Cá Sòng hấp cuốn bánh tráng rau sống,https://concop19.github.io/daily-mate-assets/food_anime/dish_25039314.jpg,True,200,
25041721,Nấm Hấp Lá Gừng Chay,https://concop19.github.io/daily-mate-assets/food_anime/dish_25041721.jpg,True,200,
25042277,NẤM nhồi thịt gà hấp,https://concop19.github.io/daily-mate-assets/food_anime/dish_25042277.jpg,True,200,
25043623,Súp kem nấm miso,https://concop19.github.io/daily-mate-assets/food_anime/dish_25043623.jpg,True,200,
25045201,Cơm chiên chay rau củ,https://concop19.github.io/daily-mate-assets/food_anime/dish_25045201.jpg,True,200,
25046867,Bánh xèo nhân tôm,https://concop19.github.io/daily-mate-assets/food_anime/dish_25046867.jpg,True,200,
25047342,"Nấm đùi gà, mì căn kho lá quế",https://concop19.github.io/daily-mate-assets/food_anime/dish_25047342.jpg,True,200,
25047353,Canh Rau Đay Mùng Tơi và Mướp,https://concop19.github.io/daily-mate-assets/food_anime/dish_25047353.jpg,True,200,
25047598,Há Cảo Nhân Thịt,https://concop19.github.io/daily-mate-assets/food_anime/dish_25047598.jpg,True,200,
25047829,Mì tôm bí đỏ siêu ngon cho bé,https://concop19.github.io/daily-mate-assets/food_anime/dish_25047829.jpg,True,200,
25048290,Đậu hũ trứng non chiên giòn,https://concop19.github.io/daily-mate-assets/food_anime/dish_25048290.jpg,True,200,
25048354,Nấm rơm kho xì dầu,https://concop19.github.io/daily-mate-assets/food_anime/dish_25048354.jpg,True,200,
25048765,Bún Nấm Rơm Nấu Chao Chay,https://concop19.github.io/daily-mate-assets/food_anime/dish_25048765.jpg,True,200,
25049984,Cá diêu hồng chay sốt cà chua,https://concop19.github.io/daily-mate-assets/food_anime/dish_25049984.jpg,True,200,
25050240,Chả cá xào nấm và rau củ,https://concop19.github.io/daily-mate-assets/food_anime/dish_25050240.jpg,True,200,
25050857,Bún thịt nướng và nem lụi,https://concop19.github.io/daily-mate-assets/food_anime/dish_25050857.jpg,True,200,
25050914,Cá chim nướng riềng sả,https://concop19.github.io/daily-mate-assets/food_anime/dish_25050914.jpg,True,200,
25050983,Súp lơ xào nấm lộc nhung (món chay),https://concop19.github.io/daily-mate-assets/food_anime/dish_25050983.jpg,True,200,
25051066,Cá khoai nấu rau ngót,https://concop19.github.io/daily-mate-assets/food_anime/dish_25051066.jpg,True,200,
25051368,Canh RAU ĐAY,https://concop19.github.io/daily-mate-assets/food_anime/dish_25051368.jpg,True,200,
25052871,Cá chim muối sả ớt,https://concop19.github.io/daily-mate-assets/food_anime/dish_25052871.jpg,True,200,
25054734,Nấm đùi gà kho ớt xiêm xanh,https://concop19.github.io/daily-mate-assets/food_anime/dish_25054734.jpg,True,200,
25056411,Bông cải baby xào bắp non & nấm hầu thủ,https://concop19.github.io/daily-mate-assets/food_anime/dish_25056411.jpg,True,200,
25056426,Rau càng cua sốt dầu giấm,https://concop19.github.io/daily-mate-assets/food_anime/dish_25056426.jpg,True,200,
25057506,Canh mồng tơi nấu da heo thịt xay,https://concop19.github.io/daily-mate-assets/food_anime/dish_25057506.jpg,True,200,
25057520,Canh rau đay mướp nấu thịt xay,https://concop19.github.io/daily-mate-assets/food_anime/dish_25057520.jpg,True,200,
25057934,Canh đuôi heo nấu bí xanh,https://concop19.github.io/daily-mate-assets/food_anime/dish_25057934.jpg,True,200,
25057948,Thịt vai heo sốt cà chua,https://concop19.github.io/daily-mate-assets/food_anime/dish_25057948.jpg,True,200,
25057955,Canh cải ngọt nấu lưỡi heo,https://concop19.github.io/daily-mate-assets/food_anime/dish_25057955.jpg,True,200,
25057960,Thịt quay kho đơn giản,https://concop19.github.io/daily-mate-assets/food_anime/dish_25057960.jpg,True,200,
25060235,Cà Ri Cá Chim,https://concop19.github.io/daily-mate-assets/food_anime/dish_25060235.jpg,True,200,
25061601,Nấm đùi gà sauce tương,https://concop19.github.io/daily-mate-assets/food_anime/dish_25061601.jpg,True,200,
25062114,Rau câu dưa hấu,https://concop19.github.io/daily-mate-assets/food_anime/dish_25062114.jpg,True,200,
25062472,Lẩu Ếch Măng Cay ,https://concop19.github.io/daily-mate-assets/food_anime/dish_25062472.jpg,True,200,
25063726,Thịt nướng bơ mật ong,https://concop19.github.io/daily-mate-assets/food_anime/dish_25063726.jpg,True,200,
25065278,Canh rau ngót nấu cá rô,https://concop19.github.io/daily-mate-assets/food_anime/dish_25065278.jpg,True,200,
25065979,Nấm đùi gà xào cà chua thịt xay,https://concop19.github.io/daily-mate-assets/food_anime/dish_25065979.jpg,True,200,
25066008,Trứng chiên thịt xay và nấm đùi gà,https://concop19.github.io/daily-mate-assets/food_anime/dish_25066008.jpg,True,200,
25066010,Thịt vai heo rim cà chua,https://concop19.github.io/daily-mate-assets/food_anime/dish_25066010.jpg,True,200,
25066233,Nấm Đùi Gà Xào Sả Ớt,https://concop19.github.io/daily-mate-assets/food_anime/dish_25066233.jpg,True,200,
25066951,Canh bí xanh nấu nấm khô,https://concop19.github.io/daily-mate-assets/food_anime/dish_25066951.jpg,True,200,
25069924,Khoai tây xào thịt ba rọi,https://concop19.github.io/daily-mate-assets/food_anime/dish_25069924.jpg,True,200,
25070275,Canh Nấm Hải Sản,https://concop19.github.io/daily-mate-assets/food_anime/dish_25070275.jpg,True,200,
25071663,Heo kho tiêu,https://concop19.github.io/daily-mate-assets/food_anime/dish_25071663.jpg,True,200,
25072326,Mướp hương xào nấm trùng thảo,https://concop19.github.io/daily-mate-assets/food_anime/dish_25072326.jpg,True,200,
25073445,Bún Nấm Cá Thác Lác Khổ Qua,https://concop19.github.io/daily-mate-assets/food_anime/dish_25073445.jpg,True,200,
25075252,"Cá om dưa, cách cơ bản và nhanh gọn",https://concop19.github.io/daily-mate-assets/food_anime/dish_25075252.jpg,True,200,
25076150,Canh măng mực,https://concop19.github.io/daily-mate-assets/food_anime/dish_25076150.jpg,True,200,
25076155,Mực khô rang tỏi,https://concop19.github.io/daily-mate-assets/food_anime/dish_25076155.jpg,True,200,
25076373,Chả Đậu Hũ Lòng Trắng Trứng,https://concop19.github.io/daily-mate-assets/food_anime/dish_25076373.jpg,True,200,
25080051,Sườn xào rau củ,https://concop19.github.io/daily-mate-assets/food_anime/dish_25080051.jpg,True,200,
25080053,Canh cải thìa tôm thịt,https://concop19.github.io/daily-mate-assets/food_anime/dish_25080053.jpg,True,200,
25080064,Trứng chiên tép khô hải sản,https://concop19.github.io/daily-mate-assets/food_anime/dish_25080064.jpg,True,200,
25080066,Canh gân bò nấu chua,https://concop19.github.io/daily-mate-assets/food_anime/dish_25080066.jpg,True,200,
25084618,Khoai Tây Xào Thịt Nạc,https://concop19.github.io/daily-mate-assets/food_anime/dish_25084618.jpg,True,200,
25085829,Canh Khoai Môn Nấu Nấm Rơm,https://concop19.github.io/daily-mate-assets/food_anime/dish_25085829.jpg,True,200,
25087411,"Bánh canh chả cá, cá dằm Nha Trang",https://concop19.github.io/daily-mate-assets/food_anime/dish_25087411.jpg,True,200,
25087530,Tôm chiên,https://concop19.github.io/daily-mate-assets/food_anime/dish_25087530.jpg,True,200,
25090059,Ớt chuông Nhật nhồi tôm thịt,https://concop19.github.io/daily-mate-assets/food_anime/dish_25090059.jpg,True,200,
25090259,Lòng Heo Xào Nghệ Miền Trung,https://concop19.github.io/daily-mate-assets/food_anime/dish_25090259.jpg,True,200,
25091719,Mỳ trứng tươi bò sốt vang,https://concop19.github.io/daily-mate-assets/food_anime/dish_25091719.jpg,True,200,
25095603,Canh cá diêu hồng nấu cà chua tép khô,https://concop19.github.io/daily-mate-assets/food_anime/dish_25095603.jpg,True,200,
25095604,Canh khoai môn nấu đuôi heo,https://concop19.github.io/daily-mate-assets/food_anime/dish_25095604.jpg,True,200,
25099853,Thăn Heo Xào Ớt Chuông Đỏ,https://concop19.github.io/daily-mate-assets/food_anime/dish_25099853.jpg,True,200,
25100075,Bắp cải xào tôm nõn,https://concop19.github.io/daily-mate-assets/food_anime/dish_25100075.jpg,True,200,
25100245,Thịt Heo Ngũ Vị & Salad Bắp Cải Mentaiko,https://concop19.github.io/daily-mate-assets/food_anime/dish_25100245.jpg,True,200,
25101605,Sụn Heo Nướng Sả Lá Chanh,https://concop19.github.io/daily-mate-assets/food_anime/dish_25101605.jpg,True,200,
25101620,Dưa cà xào thịt ba rọi,https://concop19.github.io/daily-mate-assets/food_anime/dish_25101620.jpg,True,200,
25101622,Cá bớp kho nước dừa,https://concop19.github.io/daily-mate-assets/food_anime/dish_25101622.jpg,True,200,
25101630,Thịt rim sate mặn ngọt,https://concop19.github.io/daily-mate-assets/food_anime/dish_25101630.jpg,True,200,
25104232,Khoai môn bọc thịt chiên giòn,https://concop19.github.io/daily-mate-assets/food_anime/dish_25104232.jpg,True,200,
25104297,Đậu hũ kho chao/cà chua,https://concop19.github.io/daily-mate-assets/food_anime/dish_25104297.jpg,True,200,
25104958,Cá bớp kho cà chua,https://concop19.github.io/daily-mate-assets/food_anime/dish_25104958.jpg,True,200,
25105111,Cá sát bụng kho tiêu,https://concop19.github.io/daily-mate-assets/food_anime/dish_25105111.jpg,True,200,
25105384,Mắm chưng - Trứng thịt,https://concop19.github.io/daily-mate-assets/food_anime/dish_25105384.jpg,True,200,
25105762,"Gỏi cuốn cá chim, thịt ba chỉ, tôm",https://concop19.github.io/daily-mate-assets/food_anime/dish_25105762.jpg,True,200,
25106921,Heo quay kho cà chua,https://concop19.github.io/daily-mate-assets/food_anime/dish_25106921.jpg,True,200,
25106926,Canh tần ô thịt xay tép khô,https://concop19.github.io/daily-mate-assets/food_anime/dish_25106926.jpg,True,200,
25107750,Cá Mó Chiên Sả,https://concop19.github.io/daily-mate-assets/food_anime/dish_25107750.jpg,True,200,
25109680,Tôm thịt cuốn bánh tráng,https://concop19.github.io/daily-mate-assets/food_anime/dish_25109680.jpg,True,200,
25109687,Thịt xay viên chiên,https://concop19.github.io/daily-mate-assets/food_anime/dish_25109687.jpg,True,200,
25110041,Canh cà chua cá thác lác tôm nõn,https://concop19.github.io/daily-mate-assets/food_anime/dish_25110041.jpg,True,200,
25110648,Tôm nõn rang thịt,https://concop19.github.io/daily-mate-assets/food_anime/dish_25110648.jpg,True,200,
25113430,Bí Ngòi Cuộn Tôm Bỏ Lò,https://concop19.github.io/daily-mate-assets/food_anime/dish_25113430.jpg,True,200,
25113469,Hamburg Steak (Thịt bít tết bò băm kiểu Nhật),https://concop19.github.io/daily-mate-assets/food_anime/dish_25113469.jpg,True,200,
25114547,Đậu hũ kho chay,https://concop19.github.io/daily-mate-assets/food_anime/dish_25114547.jpg,True,200,
25114935,Tôm chiên bột,https://concop19.github.io/daily-mate-assets/food_anime/dish_25114935.jpg,True,200,
25115313,Canh Khoai Tây Bông Cải Xanh và Nấm Hạ Thảo,https://concop19.github.io/daily-mate-assets/food_anime/dish_25115313.jpg,True,200,
25117256,Cá Linh Kho Nước Dừa,https://concop19.github.io/daily-mate-assets/food_anime/dish_25117256.jpg,True,200,
25117714,Thịt ba chỉ sốt cay kiểu Hàn,https://concop19.github.io/daily-mate-assets/food_anime/dish_25117714.jpg,True,200,
25117740,Pizza tôm và xúc xích phô mai,https://concop19.github.io/daily-mate-assets/food_anime/dish_25117740.jpg,True,200,
25117987,Thịt heo luộc- mắm đu đủ,https://concop19.github.io/daily-mate-assets/food_anime/dish_25117987.jpg,True,200,
25118628,Cá cơm,https://concop19.github.io/daily-mate-assets/food_anime/dish_25118628.jpg,True,200,
25123693,Há cảo con cá,https://concop19.github.io/daily-mate-assets/food_anime/dish_25123693.jpg,True,200,
25123744,Canh cà chua thịt xay tép khô,https://concop19.github.io/daily-mate-assets/food_anime/dish_25123744.jpg,True,200,
25123764,Cá bông lau kho thịt ba rọi,https://concop19.github.io/daily-mate-assets/food_anime/dish_25123764.jpg,True,200,
25124750,Canh rau ngót nấu nấm hầu thủ,https://concop19.github.io/daily-mate-assets/food_anime/dish_25124750.jpg,True,200,
25125810,Tacos bò băm,https://concop19.github.io/daily-mate-assets/food_anime/dish_25125810.jpg,True,200,
25126910,CÁ chốt sông kho tiêu,https://concop19.github.io/daily-mate-assets/food_anime/dish_25126910.jpg,True,200,
25129645,Thịt rang hành và cách trữ hành lá được lâu,https://concop19.github.io/daily-mate-assets/food_anime/dish_25129645.jpg,True,200,
25129709,Mì Ý sốt kem với thịt xông khói và bò xào,https://concop19.github.io/daily-mate-assets/food_anime/dish_25129709.jpg,True,200,
25129862,Cá chim kho cà chua,https://concop19.github.io/daily-mate-assets/food_anime/dish_25129862.jpg,True,200,
25130238,Nấm đùi gà rang muối (món chay),https://concop19.github.io/daily-mate-assets/food_anime/dish_25130238.jpg,True,200,
25131862,Nui Chữ Nấu Thịt Băm (Món ăn sáng cho bé),https://concop19.github.io/daily-mate-assets/food_anime/dish_25131862.jpg,True,200,
25133392,Chả cá hàn quốc (nước dùng),https://concop19.github.io/daily-mate-assets/food_anime/dish_25133392.jpg,True,200,
25135069,Chổi Phù Thủy Halloween (Nấm Kim Châm Chiên Giòn),https://concop19.github.io/daily-mate-assets/food_anime/dish_25135069.jpg,True,200,
25135156,Lẩu nấm lá é,https://concop19.github.io/daily-mate-assets/food_anime/dish_25135156.jpg,True,200,
25135612,Mì trứng xào tôm nõn,https://concop19.github.io/daily-mate-assets/food_anime/dish_25135612.jpg,True,200,
25135630,Cá chim nướng muối ớt,https://concop19.github.io/daily-mate-assets/food_anime/dish_25135630.jpg,True,200,
25135633,Súp lơ xanh xào thịt băm,https://concop19.github.io/daily-mate-assets/food_anime/dish_25135633.jpg,True,200,
25136094,Canh bắp cải thịt xay tép khô,https://concop19.github.io/daily-mate-assets/food_anime/dish_25136094.jpg,True,200,
25136098,Dưa leo xào thịt bò,https://concop19.github.io/daily-mate-assets/food_anime/dish_25136098.jpg,True,200,
25136543,Rau muống ngâm chua,https://concop19.github.io/daily-mate-assets/food_anime/dish_25136543.jpg,True,200,
25139343,Canh súp nấm thịt xay tép khô,https://concop19.github.io/daily-mate-assets/food_anime/dish_25139343.jpg,True,200,
25139344,Dưa leo cà rốt xào thịt ba rọi,https://concop19.github.io/daily-mate-assets/food_anime/dish_25139344.jpg,True,200,
25140505,Bánh mandu tôm thịt áp chảo (sủi cảo Hàn Quốc),https://concop19.github.io/daily-mate-assets/food_anime/dish_25140505.jpg,True,200,
25142926,Mướp xào nấm kim châm và nấm hạ thảo,https://concop19.github.io/daily-mate-assets/food_anime/dish_25142926.jpg,True,200,
25142944,Cá bống Sông Trà kho,https://concop19.github.io/daily-mate-assets/food_anime/dish_25142944.jpg,True,200,
25145283,Thịt bò băm xào,https://concop19.github.io/daily-mate-assets/food_anime/dish_25145283.jpg,True,200,
25145292,Mực xào nước mắm,https://concop19.github.io/daily-mate-assets/food_anime/dish_25145292.jpg,True,200,
25145294,Canh bí xanh nấu nấm rơm khô,https://concop19.github.io/daily-mate-assets/food_anime/dish_25145294.jpg,True,200,
25145562,Bánh khọt nhân tôm thịt,https://concop19.github.io/daily-mate-assets/food_anime/dish_25145562.jpg,True,200,
25145570,Mực xào cà chua thơm,https://concop19.github.io/daily-mate-assets/food_anime/dish_25145570.jpg,True,200,
25147207,Canh bồ ngót Nhật và tôm mực,https://concop19.github.io/daily-mate-assets/food_anime/dish_25147207.jpg,True,200,
25148607,Đậu phụ cuộn rong biển (món chay),https://concop19.github.io/daily-mate-assets/food_anime/dish_25148607.jpg,True,200,
25148639,Mít non kho rau răm và chao,https://concop19.github.io/daily-mate-assets/food_anime/dish_25148639.jpg,True,200,
25148810,Thịt bê xào lá lốt,https://concop19.github.io/daily-mate-assets/food_anime/dish_25148810.jpg,True,200,
25149808,Đậu Phụ Chiên Ngũ Vị,https://concop19.github.io/daily-mate-assets/food_anime/dish_25149808.jpg,True,200,
25151221,Nui sao nấu hẹ thịt băm,https://concop19.github.io/daily-mate-assets/food_anime/dish_25151221.jpg,True,200,
25151240,Bánh canh hẹ nấu cá,https://concop19.github.io/daily-mate-assets/food_anime/dish_25151240.jpg,True,200,
25153752,Miến dong Eatclean hầm xương nấm tuyết,https://concop19.github.io/daily-mate-assets/food_anime/dish_25153752.jpg,True,200,
25155785,Bún lứt hầm sườn sụn rau củ,https://concop19.github.io/daily-mate-assets/food_anime/dish_25155785.jpg,True,200,
25156557,Canh cải con tôm thịt,https://concop19.github.io/daily-mate-assets/food_anime/dish_25156557.jpg,True,200,
25156588,Tôm thịt rang hẹ,https://concop19.github.io/daily-mate-assets/food_anime/dish_25156588.jpg,True,200,
25157770,Nấm đông cô tươi xào tôm nõn,https://concop19.github.io/daily-mate-assets/food_anime/dish_25157770.jpg,True,200,
25157820,Măng nhồi thịt,https://concop19.github.io/daily-mate-assets/food_anime/dish_25157820.jpg,True,200,
25157901,Salad tôm - đậu gà,https://concop19.github.io/daily-mate-assets/food_anime/dish_25157901.jpg,True,200,
25158144,Thịt gà xào măng,https://concop19.github.io/daily-mate-assets/food_anime/dish_25158144.jpg,True,200,
25159672,Canh rau má nấu giò heo,https://concop19.github.io/daily-mate-assets/food_anime/dish_25159672.jpg,True,200,
25160256,Cá Nục Kho Nước Dừa,https://concop19.github.io/daily-mate-assets/food_anime/dish_25160256.jpg,True,200,
25160406,Canh khoai mỡ nấu cùng tôm tươi,https://concop19.github.io/daily-mate-assets/food_anime/dish_25160406.jpg,True,200,
25160660,Đậu hũ trứng tôm,https://concop19.github.io/daily-mate-assets/food_anime/dish_25160660.jpg,True,200,
25160685,Canh Măng Củ Tươi Nấu Nấm Rơm và Ngưu Bàng,https://concop19.github.io/daily-mate-assets/food_anime/dish_25160685.jpg,True,200,
25160935,Thịt Ba Chỉ Xào Mắm Tép,https://concop19.github.io/daily-mate-assets/food_anime/dish_25160935.jpg,True,200,
25160941,Đậu Hũ sốt Trứng Muối,https://concop19.github.io/daily-mate-assets/food_anime/dish_25160941.jpg,True,200,
25160970,Cá Ba Sa Nấu Cải Chua,https://concop19.github.io/daily-mate-assets/food_anime/dish_25160970.jpg,True,200,
25160999,Cá Chim Hấp,https://concop19.github.io/daily-mate-assets/food_anime/dish_25160999.jpg,True,200,
25163279,Mắm cá hộp chưng,https://concop19.github.io/daily-mate-assets/food_anime/dish_25163279.jpg,True,200,
25164109,Phở khô xào hải sản,https://concop19.github.io/daily-mate-assets/food_anime/dish_25164109.jpg,True,200,
25164196,Canh Bí Đỏ Cải Bẹ Dún Nấu Tôm,https://concop19.github.io/daily-mate-assets/food_anime/dish_25164196.jpg,True,200,
25167281,Sinh Tố Dưa Leo Táo Xanh & Rau Chân Vịt Detox,https://concop19.github.io/daily-mate-assets/food_anime/dish_25167281.jpg,True,200,
25167830,Cá nục hấp chiên giòn,https://concop19.github.io/daily-mate-assets/food_anime/dish_25167830.jpg,True,200,
25167985,Giò heo kho thơm,https://concop19.github.io/daily-mate-assets/food_anime/dish_25167985.jpg,True,200,
25169359,Cá NỤC chiên giòn với mắm xoài,https://concop19.github.io/daily-mate-assets/food_anime/dish_25169359.jpg,True,200,
25173120,Ếch kho Singapore,https://concop19.github.io/daily-mate-assets/food_anime/dish_25173120.jpg,True,200,
25173602,Canh Mực Nấu Mướp Húng Quế,https://concop19.github.io/daily-mate-assets/food_anime/dish_25173602.jpg,True,200,
25173633,Cá Nục Hấp Cuốn Rau Muống và Phở Sắn,https://concop19.github.io/daily-mate-assets/food_anime/dish_25173633.jpg,True,200,
25173933,Chả Nấm Kim Châm Chiên Giòn,https://concop19.github.io/daily-mate-assets/food_anime/dish_25173933.jpg,True,200,
25174893,Dưa leo cà rốt xào thịt,https://concop19.github.io/daily-mate-assets/food_anime/dish_25174893.jpg,True,200,
25175057,Soup BÍ ĐỎ cá hồi,https://concop19.github.io/daily-mate-assets/food_anime/dish_25175057.jpg,True,200,
25176055,Khô Mực Chiên Nước Mắm,https://concop19.github.io/daily-mate-assets/food_anime/dish_25176055.jpg,True,200,
25176077,Canh Chua Đậu Rồng Nấm Chay,https://concop19.github.io/daily-mate-assets/food_anime/dish_25176077.jpg,True,200,
25176084,Nui Nơ Sốt Bò Cà Chua Bỏ Lò,https://concop19.github.io/daily-mate-assets/food_anime/dish_25176084.jpg,True,200,
25177369,Canh Mọc Nấm Hương,https://concop19.github.io/daily-mate-assets/food_anime/dish_25177369.jpg,True,200,
25178258,Cá đối kho tiêu,https://concop19.github.io/daily-mate-assets/food_anime/dish_25178258.jpg,True,200,
25179776,Chả nấm kim châm chiên cay,https://concop19.github.io/daily-mate-assets/food_anime/dish_25179776.jpg,True,200,
25179902,Bún GẠO LỨT nấu tôm,https://concop19.github.io/daily-mate-assets/food_anime/dish_25179902.jpg,True,200,
25181252,Canh Bí Xanh Nấu Tôm,https://concop19.github.io/daily-mate-assets/food_anime/dish_25181252.jpg,True,200,
25181257,Canh Bí Đao & Rau Chân Vịt Nấu Chay,https://concop19.github.io/daily-mate-assets/food_anime/dish_25181257.jpg,True,200,
25182278,Đậu cô ve xào thịt bò cà chua,https://concop19.github.io/daily-mate-assets/food_anime/dish_25182278.jpg,True,200,
25184108,"Củ sen, ớt chuông và cà chua nhồi chả cá sốt cà",https://concop19.github.io/daily-mate-assets/food_anime/dish_25184108.jpg,True,200,
25184259,Phở xào bò,https://concop19.github.io/daily-mate-assets/food_anime/dish_25184259.jpg,True,200,
25185439,Cá Nâu Kho Trái Giác Miền Tây,https://concop19.github.io/daily-mate-assets/food_anime/dish_25185439.jpg,True,200,
25186026,Canh cà chua nấu tai heo,https://concop19.github.io/daily-mate-assets/food_anime/dish_25186026.jpg,True,200,
25186051,Canh rong biển tép khô nấm kim châm,https://concop19.github.io/daily-mate-assets/food_anime/dish_25186051.jpg,True,200,
25187380,Sụn lợn xào thập cẩm,https://concop19.github.io/daily-mate-assets/food_anime/dish_25187380.jpg,True,200,
25187398,Mì (bún) gạo lứt hải sản chua cay,https://concop19.github.io/daily-mate-assets/food_anime/dish_25187398.jpg,True,200,
25188024,Bò Lá Lốt - Ẩm thực Việt,https://concop19.github.io/daily-mate-assets/food_anime/dish_25188024.jpg,True,200,
25189068,Bí đỏ hấp đuôi heo,https://concop19.github.io/daily-mate-assets/food_anime/dish_25189068.jpg,True,200,
25190148,Mực chiên giòn sốt chua ngọt,https://concop19.github.io/daily-mate-assets/food_anime/dish_25190148.jpg,True,200,
25191582,Bí đỏ và nấm kim châm chiên giòn,https://concop19.github.io/daily-mate-assets/food_anime/dish_25191582.jpg,True,200,
25191593,Canh khoai mỡ nấu tép khô thịt xay,https://concop19.github.io/daily-mate-assets/food_anime/dish_25191593.jpg,True,200,
25192982,Canh Xương Heo Hầm Rau Củ,https://concop19.github.io/daily-mate-assets/food_anime/dish_25192982.jpg,True,200,
25193507,Bún gạo xào thịt nạc vai,https://concop19.github.io/daily-mate-assets/food_anime/dish_25193507.jpg,True,200,
25193978,Xíu Mại Nấm Hương Nước Cà,https://concop19.github.io/daily-mate-assets/food_anime/dish_25193978.jpg,True,200,
25194051,Canh đầu đuôi cá rô phi nấu cải chua,https://concop19.github.io/daily-mate-assets/food_anime/dish_25194051.jpg,True,200,
25194565,Thịt Băm Viên Sốt Nước Tương,https://concop19.github.io/daily-mate-assets/food_anime/dish_25194565.jpg,True,200,
25194599,Cá hấp nước tương,https://concop19.github.io/daily-mate-assets/food_anime/dish_25194599.jpg,True,200,
25194645,Rau câu lá dứa cốt sữa dừa,https://concop19.github.io/daily-mate-assets/food_anime/dish_25194645.jpg,True,200,
25196006,Cá Hồi Nướng Sốt Miso Bơ - Ẩm thực Nhật,https://concop19.github.io/daily-mate-assets/food_anime/dish_25196006.jpg,True,200,
25196154,Sườn Heo Tiềm Củ Sen Táo Đỏ,https://concop19.github.io/daily-mate-assets/food_anime/dish_25196154.jpg,True,200,
25199145,Cá Hồi Nướng,https://concop19.github.io/daily-mate-assets/food_anime/dish_25199145.jpg,True,200,
25199162,Tôm Hùm Nướng,https://concop19.github.io/daily-mate-assets/food_anime/dish_25199162.jpg,True,200,
25199518,Canh cà chua nấu mực,https://concop19.github.io/daily-mate-assets/food_anime/dish_25199518.jpg,True,200,
25201021,Ba chỉ kho đậu hũ,https://concop19.github.io/daily-mate-assets/food_anime/dish_25201021.jpg,True,200,
25202209,Chả tôm cuộn rong biển bánh tráng,https://concop19.github.io/daily-mate-assets/food_anime/dish_25202209.jpg,True,200,
25203867,Chả cá biển thì là,https://concop19.github.io/daily-mate-assets/food_anime/dish_25203867.jpg,True,200,
25204084,Cá cơm lăn bột chiên giòn,https://concop19.github.io/daily-mate-assets/food_anime/dish_25204084.jpg,True,200,
25204944,Thịt Luộc Bossam (보쌈) - Ẩm thực Hàn Quốc,https://concop19.github.io/daily-mate-assets/food_anime/dish_25204944.jpg,True,200,
25206312,Chân Nấm Đông Cô Kho Gừng,https://concop19.github.io/daily-mate-assets/food_anime/dish_25206312.jpg,True,200,
25206597,Bún Sườn Nấu Thanh Cua,https://concop19.github.io/daily-mate-assets/food_anime/dish_25206597.jpg,True,200,
25207181,Cá cơm chiên giòn kho thịt,https://concop19.github.io/daily-mate-assets/food_anime/dish_25207181.jpg,True,200,
25207190,Cá cơm tươi chiên nước mắm,https://concop19.github.io/daily-mate-assets/food_anime/dish_25207190.jpg,True,200,
25207574,Cơm cuộn cá hồi phiên bản em bé,https://concop19.github.io/daily-mate-assets/food_anime/dish_25207574.jpg,True,200,
25209027,Cơm chiên cá cơm,https://concop19.github.io/daily-mate-assets/food_anime/dish_25209027.jpg,True,200,
25209279,Đuôi heo rim nước mắm,https://concop19.github.io/daily-mate-assets/food_anime/dish_25209279.jpg,True,200,
25209334,Súp rau củ bò viên,https://concop19.github.io/daily-mate-assets/food_anime/dish_25209334.jpg,True,200,
25210146,Canh chua nấm bào ngư,https://concop19.github.io/daily-mate-assets/food_anime/dish_25210146.jpg,True,200,
25210380,Cá Rô Phi Chiên Giòn Sốt Mắm Tỏi,https://concop19.github.io/daily-mate-assets/food_anime/dish_25210380.jpg,True,200,
25210387,Canh Cải Chua Hầm Xương Heo,https://concop19.github.io/daily-mate-assets/food_anime/dish_25210387.jpg,True,200,
25211754,Salad BÒ-ĐẬU RỒNG,https://concop19.github.io/daily-mate-assets/food_anime/dish_25211754.jpg,True,200,
25212177,Thịt xào củ hành trộn dưa leo cà chua,https://concop19.github.io/daily-mate-assets/food_anime/dish_25212177.jpg,True,200,
25213176,Canh rau dền nấu cá cơm,https://concop19.github.io/daily-mate-assets/food_anime/dish_25213176.jpg,True,200,
25213180,Đậu rồng xào nấm,https://concop19.github.io/daily-mate-assets/food_anime/dish_25213180.jpg,True,200,
25213182,Cá cơm rim thịt và thơm,https://concop19.github.io/daily-mate-assets/food_anime/dish_25213182.jpg,True,200,
25213199,Bò xào củ hành đậu phộng,https://concop19.github.io/daily-mate-assets/food_anime/dish_25213199.jpg,True,200,
25216876,Dưa Rau Muống Củ Hũ Dừa Chua Ngọt,https://concop19.github.io/daily-mate-assets/food_anime/dish_25216876.jpg,True,200,
25218699,Cá thu chiên chay,https://concop19.github.io/daily-mate-assets/food_anime/dish_25218699.jpg,True,200,
25219795,Gà hấp rau cải,https://concop19.github.io/daily-mate-assets/food_anime/dish_25219795.jpg,True,200,
25220774,"Dạ dày, tai heo bóp chua",https://concop19.github.io/daily-mate-assets/food_anime/dish_25220774.jpg,True,200,
25221898,Tôm Sú Nướng Bơ Tỏi Phô Mai,https://concop19.github.io/daily-mate-assets/food_anime/dish_25221898.jpg,True,200,
25222620,Canh xương heo hầm củ,https://concop19.github.io/daily-mate-assets/food_anime/dish_25222620.jpg,True,200,
25226758,Gỏi bắp cải rau má,https://concop19.github.io/daily-mate-assets/food_anime/dish_25226758.jpg,True,200,
25226761,Canh rau má nấu tép đồng,https://concop19.github.io/daily-mate-assets/food_anime/dish_25226761.jpg,True,200,
25226771,Tép đồng rang thịt,https://concop19.github.io/daily-mate-assets/food_anime/dish_25226771.jpg,True,200,
25227257,Trứng Hấp Đậu Bắp và Cá Ngừ Bào,https://concop19.github.io/daily-mate-assets/food_anime/dish_25227257.jpg,True,200,
25228193,Nấm Rơm khô rim mặn với tiêu xanh,https://concop19.github.io/daily-mate-assets/food_anime/dish_25228193.jpg,True,200,
25228694,Lòng heo xào dưa (lòng già xào dưa),https://concop19.github.io/daily-mate-assets/food_anime/dish_25228694.jpg,True,200,
25228702,Đỗ khế xào thịt bò (đậu rồng xào thịt bò),https://concop19.github.io/daily-mate-assets/food_anime/dish_25228702.jpg,True,200,
25228716,Tôm sú hấp sả,https://concop19.github.io/daily-mate-assets/food_anime/dish_25228716.jpg,True,200,
25230892,Cơm thịt chiên xù Tonkatsu,https://concop19.github.io/daily-mate-assets/food_anime/dish_25230892.jpg,True,200,
25232568,"Canh khoai tím nấu xương heo, tôm nõn",https://concop19.github.io/daily-mate-assets/food_anime/dish_25232568.jpg,True,200,
25233003,Heo viên xốt gochujang,https://concop19.github.io/daily-mate-assets/food_anime/dish_25233003.jpg,True,200,
25233429,Món tráng miệng ngon dễ làm: chuối áp chảo với quế bơ đường,https://concop19.github.io/daily-mate-assets/food_anime/dish_25233429.jpg,True,200,
25234370,Bún nghệ xào LÒNG HEO,https://concop19.github.io/daily-mate-assets/food_anime/dish_25234370.jpg,True,200,
25234858,Gyudon - Cơm thịt Bò kiểu Nhật,https://concop19.github.io/daily-mate-assets/food_anime/dish_25234858.jpg,True,200,
25235273,Cá kho mắm ớt,https://concop19.github.io/daily-mate-assets/food_anime/dish_25235273.jpg,True,200,
25235291,Trứng cá rim mắm ớt,https://concop19.github.io/daily-mate-assets/food_anime/dish_25235291.jpg,True,200,
25235292,Củ niễng xào tôm nõn,https://concop19.github.io/daily-mate-assets/food_anime/dish_25235292.jpg,True,200,
25236402,Cá hồi sốt bơ tỏi,https://concop19.github.io/daily-mate-assets/food_anime/dish_25236402.jpg,True,200,
25236869,"Canh Nấm Rơm, Nấm Đông Cô Gừng Non Chay",https://concop19.github.io/daily-mate-assets/food_anime/dish_25236869.jpg,True,200,
25237135,Salad cá ngừ trái bơ,https://concop19.github.io/daily-mate-assets/food_anime/dish_25237135.jpg,True,200,
25237166,Bún xương heo,https://concop19.github.io/daily-mate-assets/food_anime/dish_25237166.jpg,True,200,
25238209,Tôm sú sốt bơ tỏi,https://concop19.github.io/daily-mate-assets/food_anime/dish_25238209.jpg,True,200,
25238217,Cơm chiên tôm sú,https://concop19.github.io/daily-mate-assets/food_anime/dish_25238217.jpg,True,200,
25238338,Xương heo rim nước mắm,https://concop19.github.io/daily-mate-assets/food_anime/dish_25238338.jpg,True,200,
25240633,Chả cá ram mặn ngọt,https://concop19.github.io/daily-mate-assets/food_anime/dish_25240633.jpg,True,200,
25241253,Canh Mướp Hương Nấu Tôm Rim Táo Đỏ,https://concop19.github.io/daily-mate-assets/food_anime/dish_25241253.jpg,True,200,
25241728,Cháo Thịt Băm Trứng Bắc Thảo,https://concop19.github.io/daily-mate-assets/food_anime/dish_25241728.jpg,True,200,
25243280,Canh bí xanh nấu rong biển tôm khô,https://concop19.github.io/daily-mate-assets/food_anime/dish_25243280.jpg,True,200,
25245174,Cá Kèo Kho Tiêu Với Thịt Ba Rọi,https://concop19.github.io/daily-mate-assets/food_anime/dish_25245174.jpg,True,200,
25247387,Bún giò heo cà chua,https://concop19.github.io/daily-mate-assets/food_anime/dish_25247387.jpg,True,200,
25247392,Sườn Heo Hầm Bắp Non,https://concop19.github.io/daily-mate-assets/food_anime/dish_25247392.jpg,True,200,
25247443,Canh cải nấu riêu tôm thịt,https://concop19.github.io/daily-mate-assets/food_anime/dish_25247443.jpg,True,200,
25249207,Mì trứng xào rau,https://concop19.github.io/daily-mate-assets/food_anime/dish_25249207.jpg,True,200,
25249348,Chạo nấm chay,https://concop19.github.io/daily-mate-assets/food_anime/dish_25249348.jpg,True,200,
25249695,Su hào xào nấm đùi gà và bắp,https://concop19.github.io/daily-mate-assets/food_anime/dish_25249695.jpg,True,200,
25251658,Cá CƠM trổng kho cay,https://concop19.github.io/daily-mate-assets/food_anime/dish_25251658.jpg,True,200,
25254820,Miến xào rau nấm thanh nhẹ,https://concop19.github.io/daily-mate-assets/food_anime/dish_25254820.jpg,True,200,
25255725,Thịt ba rọi kho mắm ruốc,https://concop19.github.io/daily-mate-assets/food_anime/dish_25255725.jpg,True,200,
25255740,Gỏi rau má trộn bò,https://concop19.github.io/daily-mate-assets/food_anime/dish_25255740.jpg,True,200,
25255765,Heo quay giòn bì kiểu 2: ngâm bì trong giấm,https://concop19.github.io/daily-mate-assets/food_anime/dish_25255765.jpg,True,200,
25256852,Mì Udon Xào Thịt Bò,https://concop19.github.io/daily-mate-assets/food_anime/dish_25256852.jpg,True,200,
25257903,Thịt ba chỉ nướng NCKD,https://concop19.github.io/daily-mate-assets/food_anime/dish_25257903.jpg,True,200,
25259200,Rau muống cọng xào bò,https://concop19.github.io/daily-mate-assets/food_anime/dish_25259200.jpg,True,200,
25259210,Heo quay và chả kho kim chi,https://concop19.github.io/daily-mate-assets/food_anime/dish_25259210.jpg,True,200,
25259216,Canh khoai tây cà rốt nấu tôm càng xanh,https://concop19.github.io/daily-mate-assets/food_anime/dish_25259216.jpg,True,200,
25262678,Xôi thỏi vàng cá koi,https://concop19.github.io/daily-mate-assets/food_anime/dish_25262678.jpg,True,200,
25265640,Cá thác lác sốt cà,https://concop19.github.io/daily-mate-assets/food_anime/dish_25265640.jpg,True,200,
25265656,Cà chua nhồi cá thác lác,https://concop19.github.io/daily-mate-assets/food_anime/dish_25265656.jpg,True,200,
25265658,Cá thác lác rim chua ngọt,https://concop19.github.io/daily-mate-assets/food_anime/dish_25265658.jpg,True,200,
25265660,Cá bông lau sốt chua ngọt,https://concop19.github.io/daily-mate-assets/food_anime/dish_25265660.jpg,True,200,
25265665,Canh măng cá bông lau,https://concop19.github.io/daily-mate-assets/food_anime/dish_25265665.jpg,True,200,
25266801,Cá Chim Hấp Bún Tàu,https://concop19.github.io/daily-mate-assets/food_anime/dish_25266801.jpg,True,200,
25267058,Cá thác lác nấu khoai tây cà rốt,https://concop19.github.io/daily-mate-assets/food_anime/dish_25267058.jpg,True,200,
25267576,"Canh Khoai Tây Nấu Rau Cần, Cà Chua, Thì Là",https://concop19.github.io/daily-mate-assets/food_anime/dish_25267576.jpg,True,200,
25269890,Súp lơ xào thịt bò,https://concop19.github.io/daily-mate-assets/food_anime/dish_25269890.jpg,True,200,
25270508,"Cháo Cá Nấu Bầu, Nấm Rơm, Trứng Vịt Lộn",https://concop19.github.io/daily-mate-assets/food_anime/dish_25270508.jpg,True,200,
25271556,Canh Chả Cá Cà Chua,https://concop19.github.io/daily-mate-assets/food_anime/dish_25271556.jpg,True,200,
25273327,Cá chim kho thơm,https://concop19.github.io/daily-mate-assets/food_anime/dish_25273327.jpg,True,200,
25273554,Mỳ xào thịt xay,https://concop19.github.io/daily-mate-assets/food_anime/dish_25273554.jpg,True,200,
25274458,Ba Rọi Heo Xào Dứa,https://concop19.github.io/daily-mate-assets/food_anime/dish_25274458.jpg,True,200,
25275015,Lưỡi heo nấu ngũ vị,https://concop19.github.io/daily-mate-assets/food_anime/dish_25275015.jpg,True,200,
25275195,Suờn Heo Nấu Khoai Tây Đậu,https://concop19.github.io/daily-mate-assets/food_anime/dish_25275195.jpg,True,200,
25275302,Bún hải sản nấm rơm,https://concop19.github.io/daily-mate-assets/food_anime/dish_25275302.jpg,True,200,
25275939,Mì mực nấu nấm,https://concop19.github.io/daily-mate-assets/food_anime/dish_25275939.jpg,True,200,
25276134,KHOAI TÂY xào thịt bò,https://concop19.github.io/daily-mate-assets/food_anime/dish_25276134.jpg,True,200,
25276147,Chả cá thác lác hấp bầu,https://concop19.github.io/daily-mate-assets/food_anime/dish_25276147.jpg,True,200,
25276474,Cá trứng kho sả ớt,https://concop19.github.io/daily-mate-assets/food_anime/dish_25276474.jpg,True,200,
25276733,Cá thu chiên không tanh,https://concop19.github.io/daily-mate-assets/food_anime/dish_25276733.jpg,True,200,
25277771,Bánh trôi nước nhân thịt gà nấm và đậu xanh,https://concop19.github.io/daily-mate-assets/food_anime/dish_25277771.jpg,True,200,
25278597,Canh gà nấu rau nấm,https://concop19.github.io/daily-mate-assets/food_anime/dish_25278597.jpg,True,200,
25278611,Heo quay giòn bì kiểu 3: không xăm bì hoặc ngâm giấm,https://concop19.github.io/daily-mate-assets/food_anime/dish_25278611.jpg,True,200,
25278777,Thịt Bò Xào Su Hào,https://concop19.github.io/daily-mate-assets/food_anime/dish_25278777.jpg,True,200,
25279670,Thịt xay rang hành lá,https://concop19.github.io/daily-mate-assets/food_anime/dish_25279670.jpg,True,200,
25280482,Canh mồng tơi mướp nấu tôm thịt,https://concop19.github.io/daily-mate-assets/food_anime/dish_25280482.jpg,True,200,
25280942,Canh khoai tây rau cần,https://concop19.github.io/daily-mate-assets/food_anime/dish_25280942.jpg,True,200,
25281104,Cá thu chiên xốt cà chua,https://concop19.github.io/daily-mate-assets/food_anime/dish_25281104.jpg,True,200,
25281162,Chả trứng tôm,https://concop19.github.io/daily-mate-assets/food_anime/dish_25281162.jpg,True,200,
25281177,Đậu hũ sốt thịt xay tóp mỡ,https://concop19.github.io/daily-mate-assets/food_anime/dish_25281177.jpg,True,200,
25281186,Thịt nướng sả mắm ruốc,https://concop19.github.io/daily-mate-assets/food_anime/dish_25281186.jpg,True,200,
25282419,Thịt chiên giòn cay,https://concop19.github.io/daily-mate-assets/food_anime/dish_25282419.jpg,True,200,
25284640,Mỳ sốt cua lông (cà ra) trứng muối,https://concop19.github.io/daily-mate-assets/food_anime/dish_25284640.jpg,True,200,
25285162,Mì gói ăn với mực và rau muống siu ngonnnn,https://concop19.github.io/daily-mate-assets/food_anime/dish_25285162.jpg,True,200,
25285228,Cơm gạo lứt rang rau củ (Stir-fried brown rice with veggies),https://concop19.github.io/daily-mate-assets/food_anime/dish_25285228.jpg,True,200,
25285975,Canh Chua Cá Tầm,https://concop19.github.io/daily-mate-assets/food_anime/dish_25285975.jpg,True,200,
25289690,Ba Rọi Heo Kho Thơm,https://concop19.github.io/daily-mate-assets/food_anime/dish_25289690.jpg,True,200,
25290237,Canh Bầu Chua Nấu Tôm Thịt,https://concop19.github.io/daily-mate-assets/food_anime/dish_25290237.jpg,True,200,
25290252,Su Su Xào Thịt Băm,https://concop19.github.io/daily-mate-assets/food_anime/dish_25290252.jpg,True,200,
25291683,Canh Miến Dong Đậu Hũ Non,https://concop19.github.io/daily-mate-assets/food_anime/dish_25291683.jpg,True,200,
25294180,Cá Chim hấp Nấm Mèo,https://concop19.github.io/daily-mate-assets/food_anime/dish_25294180.jpg,True,200,
25299365,Tôm Rang Muối Hột,https://concop19.github.io/daily-mate-assets/food_anime/dish_25299365.jpg,True,200,
25303867,"Thịt bò xào su su, ngò rí",https://concop19.github.io/daily-mate-assets/food_anime/dish_25303867.jpg,True,200,
25305756,Canh Rau Cải Cúc Nấu Đơn Giản,https://concop19.github.io/daily-mate-assets/food_anime/dish_25305756.jpg,True,200,
25306484,Vòng nguyệt quế (salad xà lách xoong trộn bò),https://concop19.github.io/daily-mate-assets/food_anime/dish_25306484.jpg,True,200,
25306486,Thịt ba rọi nấu lagu,https://concop19.github.io/daily-mate-assets/food_anime/dish_25306486.jpg,True,200,
25307235,Cà ri BÒ kiểu Nhật,https://concop19.github.io/daily-mate-assets/food_anime/dish_25307235.jpg,True,200,
25307773,Đậu Phụ Đảo Bông Với Rong Biển,https://concop19.github.io/daily-mate-assets/food_anime/dish_25307773.jpg,True,200,
25308017,Đuôi Heo Hầm Kiểu Bò Kho,https://concop19.github.io/daily-mate-assets/food_anime/dish_25308017.jpg,True,200,
25310371,Chả CÁ basa ,https://concop19.github.io/daily-mate-assets/food_anime/dish_25310371.jpg,True,200,
25312060,Cá bớp chiên muối sả ớt,https://concop19.github.io/daily-mate-assets/food_anime/dish_25312060.jpg,True,200,
25312339,Thịt Bò Xay Hầm Rau Củ,https://concop19.github.io/daily-mate-assets/food_anime/dish_25312339.jpg,True,200,
25313405,"Mì Ý Xốt Kem Cheese với Bacon, Nấm Mối và Bông Cải Xanh",https://concop19.github.io/daily-mate-assets/food_anime/dish_25313405.jpg,True,200,
25314231,Thịt đùi heo xào khóm,https://concop19.github.io/daily-mate-assets/food_anime/dish_25314231.jpg,True,200,
25314300,Cánh Gà Nấu Nấm Đông Cô Dầu Mè,https://concop19.github.io/daily-mate-assets/food_anime/dish_25314300.jpg,True,200,
25314790,Salad rau mầm Noel,https://concop19.github.io/daily-mate-assets/food_anime/dish_25314790.jpg,True,200,
25316498,Rau Mồng Tơi Xào,https://concop19.github.io/daily-mate-assets/food_anime/dish_25316498.jpg,True,200,
25317404,Canh rau dền tôm thịt,https://concop19.github.io/daily-mate-assets/food_anime/dish_25317404.jpg,True,200,
25318033,Bún cá Nha Trang đơn giản,https://concop19.github.io/daily-mate-assets/food_anime/dish_25318033.jpg,True,200,
25318833,Thịt đùi heo lăn bột chiên giòn,https://concop19.github.io/daily-mate-assets/food_anime/dish_25318833.jpg,True,200,
25320600,Cá khoai nấu rong biển,https://concop19.github.io/daily-mate-assets/food_anime/dish_25320600.jpg,True,200,
25320989,Bánh hỏi thịt heo,https://concop19.github.io/daily-mate-assets/food_anime/dish_25320989.jpg,True,200,
25323729,Thịt heo rang húng quế,https://concop19.github.io/daily-mate-assets/food_anime/dish_25323729.jpg,True,200,
25323737,Canh đầu cá diêu hồng nấu ngót,https://concop19.github.io/daily-mate-assets/food_anime/dish_25323737.jpg,True,200,
25326283,Tôm Phô Mai Nướng Nồi Chiên Không Dầu,https://concop19.github.io/daily-mate-assets/food_anime/dish_25326283.jpg,True,200,
25327520,Mì Ý xốt Pesto với Bacon và Nấm Mỡ,https://concop19.github.io/daily-mate-assets/food_anime/dish_25327520.jpg,True,200,
25328197,Mì Ý sốt kem nấm,https://concop19.github.io/daily-mate-assets/food_anime/dish_25328197.jpg,True,200,
25329081,Cơm Chiên Dưa Cải Chua và Heo Quay Chay,https://concop19.github.io/daily-mate-assets/food_anime/dish_25329081.jpg,True,200,
25329537,"Salad Táo, Rau Diếp Cừu & Hạt Óc Chó Sốt Dầu Dấm",https://concop19.github.io/daily-mate-assets/food_anime/dish_25329537.jpg,True,200,
25329980,Bún cá ngừ - bún cá dầm,https://concop19.github.io/daily-mate-assets/food_anime/dish_25329980.jpg,True,200,
25333112,Thịt Hầm Ngon Như Thịt Hộp,https://concop19.github.io/daily-mate-assets/food_anime/dish_25333112.jpg,True,200,
25334704,Mì xào tôm kiểu Thái,https://concop19.github.io/daily-mate-assets/food_anime/dish_25334704.jpg,True,200,
25335948,Đậu Phụ Cuốn Rong Biển Chiên,https://concop19.github.io/daily-mate-assets/food_anime/dish_25335948.jpg,True,200,
25337027,Canh cua đồng nâú mướp rau ngót,https://concop19.github.io/daily-mate-assets/food_anime/dish_25337027.jpg,True,200,
25337564,Canh cá sơn thóc nấu ngọt,https://concop19.github.io/daily-mate-assets/food_anime/dish_25337564.jpg,True,200,
25338378,Bánh tôm chiên khoai lang,https://concop19.github.io/daily-mate-assets/food_anime/dish_25338378.jpg,True,200,
25338535,Sủi cảo tôm thịt,https://concop19.github.io/daily-mate-assets/food_anime/dish_25338535.jpg,True,200,
25340565,Nấm rơm hạt điều kho tiêu,https://concop19.github.io/daily-mate-assets/food_anime/dish_25340565.jpg,True,200,
25342540,Rau Củ Xào Ngũ Sắc,https://concop19.github.io/daily-mate-assets/food_anime/dish_25342540.jpg,True,200,
25342554,Rau Cải Ngồng Xào Thì Là,https://concop19.github.io/daily-mate-assets/food_anime/dish_25342554.jpg,True,200,
25342600,Gỏi Xòai Xanh trộn khô cá lóc,https://concop19.github.io/daily-mate-assets/food_anime/dish_25342600.jpg,True,200,
25348520,TÔM sốt dứa-mayonnaise,https://concop19.github.io/daily-mate-assets/food_anime/dish_25348520.jpg,True,200,
25350533,Canh cải bắp nấu nấm hạ thảo,https://concop19.github.io/daily-mate-assets/food_anime/dish_25350533.jpg,True,200,
25351490,Su hào xào cà rốt nấm mèo,https://concop19.github.io/daily-mate-assets/food_anime/dish_25351490.jpg,True,200,
25352728,Thịt ngựa xào lá tỏi,https://concop19.github.io/daily-mate-assets/food_anime/dish_25352728.jpg,True,200,
25353642,HỦ TIẾU đuôi heo,https://concop19.github.io/daily-mate-assets/food_anime/dish_25353642.jpg,True,200,
25354350,Gà xào nấm cải thìa,https://concop19.github.io/daily-mate-assets/food_anime/dish_25354350.jpg,True,200,
25355287,Cơm Rang Kim Chi Thịt Bò Phô Mai Mozzarella,https://concop19.github.io/daily-mate-assets/food_anime/dish_25355287.jpg,True,200,
25355567,GIÒ HEO hầm măng tươi,https://concop19.github.io/daily-mate-assets/food_anime/dish_25355567.jpg,True,200,
25357546,Nem cua bể,https://concop19.github.io/daily-mate-assets/food_anime/dish_25357546.jpg,True,200,
25358233,Tôm Càng Nướng Phô Mai,https://concop19.github.io/daily-mate-assets/food_anime/dish_25358233.jpg,True,200,
25359107,"Canh cá liệt nấu ngọt với hành, ngò rí",https://concop19.github.io/daily-mate-assets/food_anime/dish_25359107.jpg,True,200,
25361915,Scotch Eggs - Trứng Gà Bọc Thịt Chiên Xù,https://concop19.github.io/daily-mate-assets/food_anime/dish_25361915.jpg,True,200,
25362062,Măng Kho Thịt Ba Chỉ,https://concop19.github.io/daily-mate-assets/food_anime/dish_25362062.jpg,True,200,
25363375,Nọng Heo Nướng,https://concop19.github.io/daily-mate-assets/food_anime/dish_25363375.jpg,True,200,
25363625,Bò Nấu Đậu Thập Cẩm,https://concop19.github.io/daily-mate-assets/food_anime/dish_25363625.jpg,True,200,
25365563,BÁNH CANH chả cá thì là,https://concop19.github.io/daily-mate-assets/food_anime/dish_25365563.jpg,True,200,
25367143,Ragu Sườn Heo Vintage,https://concop19.github.io/daily-mate-assets/food_anime/dish_25367143.jpg,True,200,
25368751,Cá ông căn kho khô,https://concop19.github.io/daily-mate-assets/food_anime/dish_25368751.jpg,True,200,
25368892,Lẩu Tôm Càng Xanh Chua Cay,https://concop19.github.io/daily-mate-assets/food_anime/dish_25368892.jpg,True,200,
25369655,Cá Chẽm Hấp Song Nhĩ,https://concop19.github.io/daily-mate-assets/food_anime/dish_25369655.jpg,True,200,
25370099,Canh bầu nấu với tôm nõn,https://concop19.github.io/daily-mate-assets/food_anime/dish_25370099.jpg,True,200,
25370212,Cơm cuộn cá hồi mayo,https://concop19.github.io/daily-mate-assets/food_anime/dish_25370212.jpg,True,200,
25372586,Sườn Heo Hầm Đậu Đen,https://concop19.github.io/daily-mate-assets/food_anime/dish_25372586.jpg,True,200,
25372589,Khô bò ướt mềm ngon,https://concop19.github.io/daily-mate-assets/food_anime/dish_25372589.jpg,True,200,
25373356,RAU CÂU lười (Lazy Jelly),https://concop19.github.io/daily-mate-assets/food_anime/dish_25373356.jpg,True,200,
25373396,Thịt bò xào bông cải,https://concop19.github.io/daily-mate-assets/food_anime/dish_25373396.jpg,True,200,
25375528,Cá Khế Chiên Sốt Chua Ngọt,https://concop19.github.io/daily-mate-assets/food_anime/dish_25375528.jpg,True,200,
25376895,Cá dò nấu ngọt,https://concop19.github.io/daily-mate-assets/food_anime/dish_25376895.jpg,True,200,
25378959,Măng xào nấm,https://concop19.github.io/daily-mate-assets/food_anime/dish_25378959.jpg,True,200,
25381410,Canh Rau Chân Vịt Nấm Mỡ Kỷ Tử,https://concop19.github.io/daily-mate-assets/food_anime/dish_25381410.jpg,True,200,
25390037,Mì Ý Bò Băm,https://concop19.github.io/daily-mate-assets/food_anime/dish_25390037.jpg,True,200,
25390119,Nấm bào ngư xào mật ong sả ớt,https://concop19.github.io/daily-mate-assets/food_anime/dish_25390119.jpg,True,200,
25390691,Tôm sú ram,https://concop19.github.io/daily-mate-assets/food_anime/dish_25390691.jpg,True,200,
25392656,Burger bò,https://concop19.github.io/daily-mate-assets/food_anime/dish_25392656.jpg,True,200,
25392679,"Ếch xào lá giang, bạc hà chua chua cay cay thơm ngon",https://concop19.github.io/daily-mate-assets/food_anime/dish_25392679.jpg,True,200,
25399359,JAMBON thịt nguội,https://concop19.github.io/daily-mate-assets/food_anime/dish_25399359.jpg,True,200,
25404813,"Hạt sen, Hạt điều và Bắp xào nấm",https://concop19.github.io/daily-mate-assets/food_anime/dish_25404813.jpg,True,200,
25405529,Soup Hạt Sen Bắp Nấm,https://concop19.github.io/daily-mate-assets/food_anime/dish_25405529.jpg,True,200,
25406513,Mực xào rau củ xốt chua cay,https://concop19.github.io/daily-mate-assets/food_anime/dish_25406513.jpg,True,200,
25406607,Bún hải sản đơn giản,https://concop19.github.io/daily-mate-assets/food_anime/dish_25406607.jpg,True,200,
25411544,Cơm chiên lạp xưởng rau củ,https://concop19.github.io/daily-mate-assets/food_anime/dish_25411544.jpg,True,200,
25413787,Bông Cải Xanh Xào Bắp và Nấm Mèo,https://concop19.github.io/daily-mate-assets/food_anime/dish_25413787.jpg,True,200,
25415287,Chả giò hải sản sốt mayo,https://concop19.github.io/daily-mate-assets/food_anime/dish_25415287.jpg,True,200,
25415687,Canh Cải Mèo Thịt Băm,https://concop19.github.io/daily-mate-assets/food_anime/dish_25415687.jpg,True,200,
25427279,Mộc nhĩ kho đậu phụ,https://concop19.github.io/daily-mate-assets/food_anime/dish_25427279.jpg,True,200,
5745131,Nấm Chân Dài Nướng,https://concop19.github.io/daily-mate-assets/food_anime/dish_5745131.jpg,True,200,
6400567,Phở Cuốn Cá Hồi Rau Muống,https://concop19.github.io/daily-mate-assets/food_anime/dish_6400567.jpg,True,200,
6714310,Gỏi Lưỡi Heo,https://concop19.github.io/daily-mate-assets/food_anime/dish_6714310.jpg,True,200,
6768345,Tôm Sốt Trái Thơm Mayonaise,https://concop19.github.io/daily-mate-assets/food_anime/dish_6768345.jpg,True,200,
6785202,Ốc Bươu Nhồi Thịt Hấp,https://concop19.github.io/daily-mate-assets/food_anime/dish_6785202.jpg,True,200,
7014231,Chả Cá Thác Lác Ép Xôi Chiên,https://concop19.github.io/daily-mate-assets/food_anime/dish_7014231.jpg,True,200,
7243558,Canh Khế Bò Mắm Ruốc,https://concop19.github.io/daily-mate-assets/food_anime/dish_7243558.jpg,True,200,
7411299,Canh đậu hũ non cà chua,https://concop19.github.io/daily-mate-assets/food_anime/dish_7411299.jpg,True,200,
7465647,Canh Chả Cá Thác Lác,https://concop19.github.io/daily-mate-assets/food_anime/dish_7465647.jpg,True,200,
8224442,Chả Lụa Cuộn Rau Củ,https://concop19.github.io/daily-mate-assets/food_anime/dish_8224442.jpg,True,200,
8843723,Cơm Viên Cá Ngừ Phô Mai,https://concop19.github.io/daily-mate-assets/food_anime/dish_8843723.jpg,True,200,
8882269,Gan Heo Chấy Tỏi,https://concop19.github.io/daily-mate-assets/food_anime/dish_8882269.jpg,True,200,
9221270,Bún Bò Nam Bộ Keto (bún trộn),https://concop19.github.io/daily-mate-assets/food_anime/dish_9221270.jpg,True,200,
9316311,Đậu Phụ Tứ Xuyên Mapo Tofu 麻婆豆腐,https://concop19.github.io/daily-mate-assets/food_anime/dish_9316311.jpg,True,200,
9481230,Canh Khổ Qua Dồn Chả Cá,https://concop19.github.io/daily-mate-assets/food_anime/dish_9481230.jpg,True,200,
9917143,Gỏi Rau Càng Cua Nấm Mối Chay,https://concop19.github.io/daily-mate-assets/food_anime/dish_9917143.jpg,True,200,
