pattern_id,raw_name,wrong_name,wrong_en,correct_name,confidence,note,row_count,dish_examples,status,source_file,row_ids
1,nước tương,nước,water,Nước tương,high,,203,Tôm rim bơ tỏi | Cơm Chiên Gà Rau Củ | Filet Cá Ba Sa Kho Xoài Sấy Dẻo,HAS_FIX,1 copy 41.json,"20933,20946,20979,21145,21436,21481,21523,21563,21594,21633,21660,21889,22557,22830,22946,22969,23058,23109,23340,23767,23946,23974,24441,24457,25075,25378,26849,27123,27344,27819,27934,28296,28342,28535,28639,28721,29072,29165,29254,29492,29798,29823,29864,30098,30153,30167,30256,30345,30486,30504,31057,31077,31125,31155,31204,31307,31394,31455,31474,31548,31595,31645,31660,31716,31751,32091,32244,32322,32779,32850,32884,33065,33073,33154,33195,33255,33273,33431,33493,33689,33734,33930,33967,34029,34808,35270,35387,35480,35501,35512,35595,35695,35871,36815,36938,37019,37318,37381,37389,37512,37602,37634,37650,37813,38014,38086,38094,38315,38461,38618,38867,39037,39210,39238,39365,39385,39528,39551,40264,40634,40798,40804,41348,41388,42077,42149,42186,42263,42314,42436,42526,42665,42807,44709,46158,46466,46490,46549,46979,47339,47430,47501,47574,47821,47909,47917,48032,50083,51067,51112,51196,51242,51511,52871,52901,53196,53232,53550,53567,53625,53726,53815,53831,53843,54126,54302,54576,58495,60229,60892,60907,60913,60932,60998,61008,61077,61621,61652,61768,62028,62177,62185,62275,62319,62418,62441,62590,62876,62900,62925,63040,63274,63379,63486,63517,63664,63721,63765,63843,63915,63951,64100,64130"
2,nước,nước dừa,coconut water,Nước,high,Nước dùng để hấp hải sản,150,"Hải sản Phú Quý hấp: mực ống, cua gạo, cua mặt trăng và nhum tươi | Mỳ trộn tôm thịt sốt cà | Canh khổ qua nhồi cá thác lác",HAS_FIX,1 copy 41.json,"20864,21031,21399,21462,21583,21615,21623,21904,22086,24361,25143,25247,25265,25454,25828,26414,26438,26995,27269,27379,27531,27685,27886,28019,28038,28280,28496,29059,29169,29250,29537,29554,30002,30039,30725,30773,31137,31168,31295,31696,31923,32260,32366,32547,32555,32565,32898,33037,33823,33858,33873,34084,34300,34363,34741,34774,34811,34943,35007,35018,35130,35191,35416,35573,35744,36079,36194,36242,36823,36877,37462,37654,38524,38753,38841,38909,39322,39353,39371,39772,39844,39931,40595,40604,40992,41084,41269,41273,41833,42097,42123,42439,42466,42499,42669,42974,43164,43459,44275,44583,44600,44672,45047,45366,45472,45486,45535,45639,45784,46256,46302,46433,46808,47364,47715,47830,48184,49307,49964,50917,51610,52921,52972,53313,53360,53792,53959,54032,54104,54351,61097,61102,61411,61476,61669,61881,62019,62486,62550,62605,62947,63124,63296,63447,63748,63780,63862,63886,64152,64418"
3,Nước tương,nước,water,Nước tương,high,,91,Miến xào tôm thịt | Bí Nụ Xào Nấm Hoàng Kim Chay | Bún Gạo Xào Tim Heo,HAS_FIX,1 copy 41.json,"23047,24514,24617,24965,25243,25316,25438,25916,26024,26239,26318,26352,26642,27423,27450,27466,27471,27480,27863,27929,28089,28250,28287,28805,29089,29962,30329,30639,31528,31601,31702,31746,31823,31833,32022,32253,32558,32660,33054,33548,33712,33856,34095,34164,34373,34437,34451,34495,34856,35102,35690,36043,36313,36564,36631,36705,36727,36840,36953,37179,37416,37489,37578,37595,38145,38354,39641,39981,41776,42403,42534,43124,43268,44235,45291,45651,46835,47063,47260,50953,51444,51487,53846,60956,61352,61846,62399,63901,64006,64588,64646"
4,dầu mè,Mè (Vừng),sesame seeds,Dầu mè,high,,80,Mì Đuôi Heo Hầm Ngũ Trân | Mì Nấu Rau Muống Tóp Mỡ | Rau giá trộn lá kim,HAS_FIX,1 copy 41.json,"21104,21222,21249,21524,21659,21708,21905,22475,22919,23043,23145,23296,23976,24098,24188,24496,24502,25836,26856,29100,29328,30258,31741,32185,32540,33068,33100,33840,33965,34047,34056,34255,35672,35747,35797,37021,37167,37210,37685,38205,38308,39545,39560,40495,40806,41520,41737,41778,42012,42151,42316,42919,43673,44865,46492,46981,47740,47998,48169,49919,49945,50170,54057,54372,54531,54554,54568,58496,59463,61278,61405,62179,62356,62803,62901,63047,63458,63796,64417,64492"
5,hành,hành lá,green onion,Hành tím,high,"Giả cầy dùng hành tím, không dùng hành lá",79,Thịt bắp giò (đùi heo) nấu giả cầy | Cá chim kho cà chua | Cơm thịt nướng chả trứng,HAS_FIX,1 copy 41.json,"6627,8288,8636,8653,8863,9844,10335,10359,10729,10933,10991,11225,12828,12920,13056,13720,13941,14095,14415,15035,15756,16187,16770,17435,17437,17513,19176,19303,19454,21991,22361,22567,26700,27213,28783,29007,30193,31146,31232,32175,32799,33218,33331,33452,33512,33799,33804,34446,34650,34656,35225,35317,35789,36012,36202,36405,36836,36941,37297,37433,38118,38381,38468,38687,39060,39248,39488,40098,41334,42191,42376,43095,45343,45826,46073,46157,46173,46394,48053"
6,thơm,rau thơm,herbs,Dứa (Thơm),high,,54,"Canh Chua Chả Cá Hố, Rau Sam, Bông Giờ | Salad ớt chuông thịt bò | Tôm sốt trái thơm (dứa)",HAS_FIX,1 copy 41.json,"15987,19818,20894,20971,21355,21953,22328,22351,22390,23349,23564,23904,24688,24781,25226,25416,25799,25812,25990,26101,27198,27432,27951,28788,28823,28863,28959,29994,30043,30466,30782,31118,32864,34328,35950,36558,37323,37987,38110,40859,41000,41750,42292,46973,60970,60989,61123,61525,61544,62130,62329,62828,62962,64204"
7,ớt chuông,ớt,chili pepper,Ớt chuông,high,,50,Ớt chuông nhồi thịt sốt dầu hào | Mực mai xào ớt chuông | Thịt công xào sả ớt,HAS_FIX,1 copy 41.json,"22132,23069,23897,24383,25068,25414,25953,27009,27175,27986,28059,28176,28245,28512,29030,29404,30243,31282,31725,32584,33199,34773,35896,37350,38092,41812,41837,43198,43239,43608,43843,43919,44100,44155,44366,44393,44452,45494,50699,50907,50922,52940,53088,53899,60411,61153,61238,61322,61532,62978"
8,tôm,tôm thẻ loại to,shrimp,Tôm,high,,42,Bánh xèo nhân tôm | Canh chua bông điên điển ngó sen nấu cùng tôm mực | Tôm hấp tàu hũ trắng sauce nước tương,HAS_FIX,1 copy 41.json,"8933,9111,9973,10251,13111,13619,14178,16442,17270,17607,17942,18570,18836,20534,20670,23244,25036,25051,25133,25261,25383,25860,26955,27086,27267,31851,32382,33221,34079,34579,35784,35910,38519,38686,39691,40099,42005,43522,44179,45637,46022,47655"
9,bột nghệ,Bột (chung),flour,Bột nghệ,high,,41,Bí ngòi nhồi thịt bò bỏ lò | SP.0823 - Cá Basa Nướng Muối Sả Nghệ | Thịt chiên nghệ vàng giòn,HAS_FIX,1 copy 41.json,"21980,22316,22647,24630,25002,27764,28218,29862,30210,31546,32031,32460,32537,32860,33232,33817,35117,35189,35567,36588,37002,38172,38597,40920,41039,41336,41938,43356,46539,47743,49331,49981,50892,51514,53710,58498,61653,61679,62801,62994,64109"
10,củ cà rốt,bã củ cà rốt,carrot pulp,Cà rốt,high,,38,Chả giò hải sản sốt mayo | Mực xào rau củ xốt chua cay | Dưa Rau Muống Củ Hũ Dừa Chua Ngọt,HAS_FIX,1 copy 41.json,"6019,6079,6354,6506,6604,7407,8182,8937,9045,12036,13230,13237,13371,13426,13454,14582,14710,16704,17206,18049,18052,18143,18406,19630,19636,19672,19703,19865,19966,19989,19993,20132,20500,20555,20567,20637,20756,20798"
11,tương ớt,ớt,chili pepper,Tương ớt,high,,37,Tôm rim bơ tỏi | Đậu bắp hấp sốt thịt bằm | SP.0819 - Mực Xào Dưa Leo,HAS_FIX,1 copy 41.json,"20934,22162,22999,24143,24786,26674,28307,29013,29025,29650,30060,30522,30570,30825,31661,32230,32385,32778,32933,33056,35006,35369,35438,35727,35783,38619,45360,45864,50095,53557,54498,54525,61731,61780,61807,62420,63009"
12,sữa đặc,sữa,milk,Sữa đặc,high,,33,Chả giò hải sản sốt mayo | TÔM sốt dứa-mayonnaise | Thịt ba chỉ nướng NCKD,HAS_FIX,1 copy 41.json,"6031,6438,7166,7474,7687,9692,9840,10087,10218,11027,11186,14764,17079,18926,19978,20898,22087,23989,28282,30571,31877,32570,33669,35375,36153,38049,39424,40582,41901,42196,42805,42977,43456"
13,bột canh,Bột (chung),flour,Bột canh,high,,33,Mực Trứng Hấp Gừng | Cá nục một nắng | Thịt heo áp chảo ngũ vị,HAS_FIX,1 copy 41.json,"21204,21986,22434,26287,26309,27167,27666,28707,29237,29396,30010,30441,30568,31620,32178,33156,33352,33371,33685,33698,33772,34136,34318,34507,37823,39082,45356,45499,46332,46624,46967,62305,63924"
14,cải trắng,cải thảo,napa cabbage,Củ cải trắng,high,,31,Bún rau củ chay | Gỏi Cuốn Thịt Xá Xíu & Hoa Sen Cạn | Nui giò heo,HAS_FIX,1 copy 41.json,"8293,10126,22955,23935,27735,28021,28301,30157,31840,32209,33484,34132,34635,37610,38673,38946,39103,39111,39118,39709,39855,41749,41798,43137,43206,44286,45092,45397,46860,47263,48165"
15,Nước,nước dừa,coconut water,Nước,high,,31,"Bánh Xèo Bò Trứng | Canh Cá nấu dưa | Canh rau, củ, nấm",HAS_FIX,1 copy 41.json,"25503,27030,28365,29294,29855,29970,30497,36121,37063,38360,38887,42685,43083,43804,44013,49891,53123,53257,54236,54293,63890,64249,64297,64356,64368,64386,64427,64474,64501,64551,64635"
16,thịt bò,thịt bê,veal,Thịt bò,high,,30,Thịt Bò Xào Cà Chua Dưa Leo | Trứng Chiên Thịt Bò | SP.0975 - Cải Thìa Xào Bò Xốt Dầu Hào,HAS_FIX,1 copy 41.json,"6299,7133,10129,11168,11171,11591,11778,12008,12323,12332,12361,12554,12562,12692,13041,13192,13335,14351,15069,17163,17373,17376,17797,18111,18378,18728,18775,19220,20313,20411"
17,mắm,nước mắm,fish sauce,Nước mắm,high,,28,Mực Lá Xào | Canh Khổ Qua Rừng Nhồi Chả Cá Măng | Cá chim kho thơm,HAS_FIX,1 copy 41.json,"6259,6334,6932,8277,10375,11935,12091,12183,12498,15272,17977,18613,18798,19214,22238,26940,28602,35175,35555,40146,40269,41656,41733,42504,43524,61612,61880,62018"
18,Hành phi,hành tím,shallot,Hành phi,high,,27,Gỏi Ức Gà Rau Tiến Vua | Súp Sò Điệp Bong Bóng Cá | Bánh đúc thịt làm từ cơm nguội,HAS_FIX,1 copy 41.json,"6201,9043,10156,11885,12179,17268,20247,20344,51894,52645,54621,57142,57143,57148,57698,57881,57975,58069,58138,58362,59485,59486,59645,59711,60424,60428,60573"
19,ớt chuông đỏ,ớt,chili pepper,Ớt chuông đỏ,high,,27,"Bánh tráng cuốn thịt vịt hun khói | CÀ RY rau củ quả | Cải dún, đậu cove, ớt chuông xào thịt heo nạc",HAS_FIX,1 copy 41.json,"21468,21530,22104,23337,26051,29068,30228,31051,33162,33551,36049,36349,36722,37585,37639,38813,39269,40365,40792,43265,45220,45566,47642,53110,59949,61737,64159"
20,nước cốt dừa,nước dừa,coconut water,Nước cốt dừa,high,,27,CÀ RY rau củ quả | Cà ri TÔM với chuối sáp | Rau Câu Sơn Thuỷ,HAS_FIX,1 copy 41.json,"21537,23980,26916,29803,30245,30410,30965,32294,33659,37327,37374,37772,39421,39568,39579,40063,40425,40467,41145,41153,41318,43576,44053,44781,45563,47948,49881"
21,bột bắp,Bột (chung),flour,Bột bắp,high,,27,"SP.0829 - Súp Cua Ngô Vàng Tuyết Nhĩ | Chả Băm Đậu Hũ | Cà Tím, Đậu Hũ, Cà Rốt Áp Chảo Sốt Dầu Hào",HAS_FIX,1 copy 41.json,"21903,23294,23339,23973,24699,28138,28642,29477,30260,31721,31742,32074,32914,33051,35474,40172,41556,43473,44867,50171,51299,54373,54532,61235,62276,62963,64419"
22,Dầu mè,Mè (Vừng),sesame seeds,Dầu mè,high,,27,Cà tím cuộn đậu hũ hấp (món chay) | Củ Sen Kẹp Tôm Chiên Giòn | SP.0796 - Súp Tóc Tiên Thịt Viên,HAS_FIX,1 copy 41.json,"23274,25187,25462,25613,26221,31367,31591,32251,32493,34323,34859,34901,34934,35810,36047,36956,37233,37582,37928,41297,41801,42634,42909,43148,51043,51446,51453"
23,hành phi,hành tím,shallot,Hành phi,high,,26,Gỏi bắp cải rau má | Canh khoai mỡ nấu tép khô thịt xay | Gỏi Gà Bồn Bồn Rau Tiến Vua,HAS_FIX,1 copy 41.json,"7344,7714,9304,11101,11889,12281,13141,13671,14217,14979,15413,16455,16714,16717,17861,20617,53506,56960,57495,58443,58832,60431,60508,60509,60839,60841"
24,me,lá me,tamarind leaves,Me,high,,26,Canh chua chả cá chiên | Canh chua cá bông lau | Canh chua tôm càng xanh,HAS_FIX,1 copy 41.json,"21357,22312,23159,23406,23902,24318,25802,26235,26960,29075,29483,30044,32906,33556,34154,37357,38490,39598,46174,47461,50802,53967,60649,60982,61861,63786"
25,măng tây,măng,bamboo shoots,Măng tây,high,,25,Nui Tóc Tiên Nấu Chả Tôm Quết & Măng Tây | Steak bò sốt phomai | Ức gà nướng rau củ,HAS_FIX,1 copy 41.json,"21256,22018,23084,23284,23326,23556,23569,23937,24471,26828,29630,31468,34736,35322,35824,36513,36980,39810,42079,42879,43175,45228,46659,53898,62893"
26,rau cần,cần tây,celery,Rau cần nước,high,,24,"Bánh đa Quỳnh Côi xào giò, rau cần nước | Canh Cải Thảo Nấu Thịt Bằm | Lẩu cua đồng",HAS_FIX,1 copy 41.json,"9268,11331,12201,12590,13213,17038,19685,25174,26195,27999,29265,30013,30192,30769,33261,37312,37324,38715,39309,39518,41894,42743,42771,43535"
27,dưa chuột,dưa,pickles,Dưa chuột,high,,23,"Nộm tai heo, dưa chuột | Bánh tráng cuốn thịt vịt hun khói | Mì xào thịt xông khói",HAS_FIX,1 copy 41.json,"21344,21470,23667,23674,24488,29574,30911,33653,34520,35123,35826,39170,39463,40985,43599,43852,44980,46595,50072,51964,52766,53789,53995"
28,Tương ớt,ớt,chili pepper,Tương ớt,high,,22,Gỏi chả+heo quay | BÒ KHO ĐƠN GIẢN - AI Cũng LÀM ĐƯỢC | Thịt xào trứng,HAS_FIX,1 copy 41.json,"23645,25219,26971,28016,28173,29582,32161,32603,33150,34928,35210,35938,37665,37722,41961,45121,47258,47295,47436,47598,47702,47945"
29,nấm đông cô tươi,nấm hương,shiitake mushroom,Nấm đông cô tươi,high,,21,Rau Củ Xào Ngũ Sắc | Lẩu tôm bầu | Mì Gói Xào Da Heo,HAS_FIX,1 copy 41.json,"6464,8743,9395,10264,11659,12458,17569,17889,20147,24696,28745,33684,41368,43560,43610,44362,44429,45613,50866,60857,61452"
30,Hành,hành lá,green onion,Hành tím,medium,Rang thịt thường dùng hành tím băm,21,Thịt xay rang hành và cà rốt | Hoa chuối trộn tôm thịt | Canh nấm kim châm nấu mọc,HAS_FIX,1 copy 41.json,"23205,29195,29271,29514,30132,30533,32257,32745,32935,33503,33794,33815,34670,35450,37806,38000,38078,42801,43284,45370,45942"
31,nấm đông cô,nấm hương,shiitake mushroom,Nấm đông cô,high,,20,Bún rau củ chay | Tôm hùm (Lobster) tẩm bột chiên sốt nấm | Cà tím bung với cá bông lau,HAS_FIX,1 copy 41.json,"8295,8512,11470,14506,14884,21899,25117,26436,28790,32146,34496,36651,40821,43255,45422,45866,45936,54530,54566,64415"
32,dầu olive,ô liu,olive,Dầu ô liu,high,,20,Bí Đỏ Um Bò Bằm | Salad Thanh Cua Dâu Tây Sốt Sữa Chua Thì Là | Mý Ý Thịt Viên Sốt Cà Chuẩn Từ Đầu Bếp Trưởng Vùng Sicily Ý,HAS_FIX,1 copy 41.json,"22198,29590,31967,35276,36577,37012,38521,41363,41401,45189,45838,45899,45947,47798,49065,49951,50897,51312,53156,62561"
33,Bột bắp,Bột (chung),flour,Bột bắp,high,,20,Súp Tôm Tóc Tiên | Mỳ ý tôm sốt kem | Thịt xào trứng,HAS_FIX,1 copy 41.json,"25614,25983,26973,27630,31749,33316,33766,34777,37017,37275,38082,39592,39724,39790,40313,41305,43160,46711,47999,53085"
34,tôm tươi,tôm thẻ loại to,shrimp,Tôm tươi,high,,19,Canh Rau Tập Tàng Nấu Tôm Tươi | Hoa Chuối Hột Trộn Tôm | Mì Ý tôm sốt cải bó xôi,HAS_FIX,1 copy 41.json,"7151,22738,22855,23073,24894,25280,25744,25796,29133,29175,29366,30476,30774,34534,37619,38876,40151,40837,64026"
35,giò sống,giò,pork sausage,Giò sống,high,,19,Canh cải nấu riêu tôm thịt | Xíu Mại Nấm Hương Nước Cà | Giò Sống Cuộn Rong Biển Tôm Thịt,HAS_FIX,1 copy 41.json,"7269,7468,11905,12059,12132,12175,13023,15170,15755,18867,21949,24335,25968,31521,33048,33407,37658,42904,46641"
36,ường,đường,sugar,Đường,high,Lỗi chính tả,17,Cá Chim Hấp | Gà xào nấm cải thìa | Cá Rô Phi Chiên Giòn Sốt Mắm Tỏi,HAS_FIX,1 copy 41.json,"6039,6399,7417,7961,7966,8226,8232,8818,9619,25766,25959,29699,32604,35879,37218,37485,41922"
37,tôm biển,tôm viên,shrimp balls,Tôm biển,high,,17,Tôm nõn rim mắm | Dưa gang trộn tôm bóc nõn | Bánh đa hải sản,HAS_FIX,1 copy 41.json,"11370,11581,17352,17613,19057,21053,21304,22689,27649,29192,30182,35174,35817,40828,41734,41897,46856"
38,đậu,đậu que,green beans,Đậu hũ,high,,17,"Canh rong xà lách thịt bằm đậu hũ (rong lục ulva) | Đậu hấp trứng, thịt băm | Bún ốc bò",HAS_FIX,1 copy 41.json,"19122,22064,29040,30957,31541,33256,33744,34486,36526,41509,42344,43118,45115,53962,61378,62379,63136"
39,bột ngũ vị hương,Bột (chung),flour,Bột ngũ vị hương,high,,17,Thịt heo một nắng | Thịt ba rọi 1 nắng áp chảo | Thịt khìa nước dừa,HAS_FIX,1 copy 41.json,"21713,21811,23140,27181,30722,31038,32092,34805,35230,39212,41054,41536,45775,51078,51266,53594,61961"
40,củ cải trắng,cải thảo,napa cabbage,Củ cải trắng,high,,16,HỦ TIẾU đuôi heo | Canh Xương Heo Hầm Rau Củ | Chả cá hàn quốc (nước dùng),HAS_FIX,1 copy 41.json,"6279,6963,8266,11447,13312,13455,14194,14525,14568,15087,15559,16937,19469,19635,19648,20755"
41,bắp non,bắp ngọt,sweet corn,Bắp non,high,,16,Sườn Heo Hầm Bắp Non | Cá dấm trắng chiên giòn sốt chua ngọt | Cơm bento: Tôm xào rau củ,HAS_FIX,1 copy 41.json,"7272,15697,17915,51766,52006,56132,57612,57613,57697,57793,57878,57977,58266,59282,59775,59781"
42,giấm,dầu giấm,vinaigrette,Giấm,high,,16,Cơm sốt tôm chua ngọt 칠리새우덮밥 | Salad thanh cua dưa leo lạnh | Thịt Luộc Mắm Tôm,HAS_FIX,1 copy 41.json,"13972,21392,26376,27655,31745,31953,32391,34430,36879,38024,39758,40878,45939,46620,46869,53145"
43,cá ngừ,hộp cá ngừ,canned tuna,Cá ngừ,high,,16,Mì Lá cuốn cá ngừ | Cháo cá ngừ 🐟 đậu bắp | Cháo hạt cá ngừ 🐟 rau ngót,HAS_FIX,1 copy 41.json,"24788,25907,26586,27297,30779,31484,32081,32873,36807,37060,37356,38772,47214,54751,61066,63956"
44,bột gạo,Bột (chung),flour,Bột gạo,high,,16,Bánh canh bột gạo nấu cá lóc | Bánh BÒ xốp vị chuối | Làm thịt ba chỉ chay,HAS_FIX,1 copy 41.json,"26494,26933,28037,32789,34240,34382,35020,39580,41315,43677,47056,47946,61099,61503,62523,62793"
45,thịt vai heo,thịt nạc dăm,pork shoulder,Thịt vai heo,high,,15,Thịt vai heo sốt cà chua | Thịt Luộc Cà Pháo Mắm Nêm | Thịt chả rang nước mắm,HAS_FIX,1 copy 41.json,"7611,7870,9895,9902,11890,11937,12488,12741,12742,12761,12763,12786,12835,12895,12949"
46,thịt nạc vai,thịt nạc dăm,pork shoulder,Thịt nạc vai,high,,15,Thịt chiên xù chấm sốt chua ngọt | Gỏi Cuốn Thịt Xá Xíu & Hoa Sen Cạn | Thịt nạc vai heo kho tiêu,HAS_FIX,1 copy 41.json,"10099,10117,13038,13531,19828,34546,36359,36883,38685,41233,41535,41546,44622,53848,65143"
47,khoai sọ,khoai môn,taro,Khoai sọ,high,,15,Súp kem khoai sọ thịt heo 🥓mộc nhĩ | Súp kem thịt gà khoai sọ + sandwich 🍞 | Súp thịt heo 🥓 khoai sọ rong biển,HAS_FIX,1 copy 41.json,"11564,12823,13183,13526,16502,19254,19309,19338,23821,26510,27372,29174,44312,47037,61253"
48,bột cà ri,Bột (chung),flour,Bột cà ri,high,,15,Cà ri TÔM với chuối sáp | Chân nấm đông cô xào lăn | Phá Lấu Lòng Bò,HAS_FIX,1 copy 41.json,"23979,32429,34026,36192,37775,38363,40068,40468,40512,40657,41025,42475,44345,53433,63012"
49,Nấm đông cô tươi,nấm hương,shiitake mushroom,Nấm đông cô tươi,high,,14,"Soup Hạt Sen Bắp Nấm | Hạt sen, Hạt điều và Bắp xào nấm | Canh Nấm Rơm, Nấm Đông Cô Gừng Non Chay",HAS_FIX,1 copy 41.json,"6070,6095,7171,8046,9158,9587,15791,39612,40565,43663,44097,50111,54489,64305"
50,thịt vai xay,thịt nạc dăm,pork shoulder,Thịt vai xay,high,,14,Trứng vịt cồ chiên thịt vai xay | Thịt xào hành tây | Canh súp nấm thịt xay tép khô,HAS_FIX,1 copy 41.json,"7614,7836,8206,9893,11077,11678,11882,11911,12736,12738,12740,12759,12788,12894"
51,thịt nạc xay,thịt nạc dăm,pork shoulder,Thịt nạc xay,high,,14,"Phi lê cá rô phi cuộn thịt chiên giòn | Bì cuộn thịt hấp | Cải bắp cuộn tôm, thịt",HAS_FIX,1 copy 41.json,"7963,9410,9605,11559,13620,13963,14670,16139,16335,17179,17213,17893,19156,19311"
52,thịt nạc vai xay,thịt nạc dăm,pork shoulder,Thịt nạc vai xay,high,,14,"Thịt băm rim mắm | Rau tầm bóp xào thịt băm | Thịt nạc vai heo rim mắm, hành",HAS_FIX,1 copy 41.json,"9261,11216,12783,12879,15740,16677,18472,22067,25082,26496,32072,36598,36925,53174"
53,Bột nghệ,Bột (chung),flour,Bột nghệ,high,,14,Cơm bento: Gà con ham học (Dưa chua xào thịt quay) | Cơm bento: Thịt nạc rang cháy cạnh | Bánh khọt mì tôm,HAS_FIX,1 copy 41.json,"21292,23199,24060,24330,24726,24914,28053,30370,32895,35461,36094,39684,44941,46912"
54,mắm nêm,nước mắm,fish sauce,Mắm nêm,high,,14,Tim Heo Luộc Chấm Mắm Nêm | Cá chìa vôi nướng muối ớt | Thịt Luộc Mắm Nêm,HAS_FIX,1 copy 41.json,"27658,29227,29734,36910,37399,38954,43862,52880,52920,53782,61079,61821,62103,63255"
55,nước hầm xương,nước,water,Nước hầm xương,high,,13,Canh nước hầm xương nấu bí xanh và nấm đùi gà | SP.0988 - Bánh Canh Tôm Thịt Miền Tây | SP.0954 - Cháo Dinh Dưỡng Thịt Heo Rau Củ,HAS_FIX,1 copy 41.json,"6552,9442,11633,13967,16462,18025,18144,19016,22747,24698,25101,25296,42559"
56,Tôm,tôm thẻ loại to,shrimp,Tôm,high,,13,Phở khô xào hải sản | Tôm bỏ lò | Bánh Canh Cá Lóc,HAS_FIX,1 copy 41.json,"7980,14007,16841,20966,24926,25536,29097,29958,30648,32743,42287,42896,47489"
57,hành khô,hành tím,shallot,Hành tím,high,Hành khô là hành tím khô,13,Canh bí đao nấu cùng thịt xay | Củ cải trắng nấu đuôi heo | Gân bò sốt vang,HAS_FIX,1 copy 41.json,"10195,10992,11369,14026,14762,15051,16129,50474,52728,53508,56285,60359,60360"
58,giò heo,thịt heo,pork,Giò heo,high,,13,Canh bí đao nấu giò heo | Bún Riêu Cua Đồng Giò Heo | Miến giò heo,HAS_FIX,1 copy 41.json,"21021,21159,23033,23253,23453,24042,24710,28313,31256,31429,33569,44527,60823"
59,bột gà,Bột (chung),flour,Bột nêm gà,high,,13,Mì Đuôi Heo Hầm Ngũ Trân | Bún Riêu Cua Đồng Giò Heo | Trứng Chiên Dưa Leo Tôm Áp Chảo,HAS_FIX,1 copy 41.json,"21105,21168,21479,21836,22215,22222,22262,22418,22465,22687,32182,42362,60975"
60,Nước chấm,nước,water,Nước chấm,high,,13,"Mực Trứng Hấp Gừng | Cá Chim Trắng Biển Hấp Gừng Kèm Rau Củ | Tôm Càng Luộc,  Canh Mồng Tơi Nấu Bằng Nước Luộc Tôm",HAS_FIX,1 copy 41.json,"21203,28798,28810,29680,30453,34522,36593,37115,40074,40505,40622,44370,44682"
61,dầu hào chay,chay,vegetarian,Dầu hào chay,high,,13,Nộm rong sụn nấm đùi gà (món chay) | Đậu hũ non sốt nấm kim châm (món chay) | SP.0814 - Khổ Qua Xào Bò Chay,HAS_FIX,1 copy 41.json,"21684,23947,23961,25074,25379,31549,33494,35388,35940,37651,46465,63983,64113"
62,Hành tỏi băm,tỏi,garlic,Hành tỏi băm,high,,13,Cá hú kho thịt ba rọi và thơm | Mực Xào Nấm Rau Củ | Bò kho dùng với mì lá tươi,HAS_FIX,1 copy 41.json,"22329,24576,24825,24915,25037,25188,26718,26725,26799,28459,29986,47098,53555"
63,bột chiên xù,Bột (chung),flour,Bột chiên xù,high,,13,Nem bơ hải sản | Đậu hũ non chiên xù | Cá Basa chiên xù giòn rụm,HAS_FIX,1 copy 41.json,"22796,23907,24006,25080,30909,32065,36058,37644,38407,40576,46077,53591,64095"
64,xương heo,thịt heo,pork,Xương heo,high,,13,Xương heo hầm rau củ | Canh Laghim Nấu Xương Heo | Bún riêu tôm thịt,HAS_FIX,1 copy 41.json,"23446,27697,30631,36585,37724,38496,39117,39535,40174,41272,42452,44037,46404"
65,thịt xay,thịt vịt,duck,Thịt heo xay,high,,12,Nui sao nấu hẹ thịt băm | Canh cà chua thịt xay tép khô | Canh bắp cải thịt xay tép khô,HAS_FIX,1 copy 41.json,"8072,8136,8176,15601,15808,15812,18283,19878,20420,21118,60698,61444"
66,thịt gà,ức gà,chicken breast,Thịt gà,high,,12,Súp kem khoai tây 🥔 thịt gà rong biển | Súp kem thịt gà khoai sọ + sandwich 🍞 | Cháo thịt gà 🍗 nấm kim châm,HAS_FIX,1 copy 41.json,"12608,12822,13146,13296,13309,13332,13606,13612,14405,14851,19038,20832"
67,tóp mỡ,mỡ,lard,Tóp mỡ,high,,12,Mì gói xào rau muống tóp mỡ | Bún Riêu Cua Đồng Giò Heo | Mì Nấu Rau Muống Tóp Mỡ,HAS_FIX,1 copy 41.json,"20877,21164,21219,22145,22483,22605,22869,24408,24594,24888,29171,60710"
68,hành tỏi băm,tỏi,garlic,Hành tỏi băm,high,,12,Mướp Khía Xào Nấm Bào Ngư Chay | Canh Rau Má Tép Đất | Miến Xào Tôm Cua,HAS_FIX,1 copy 41.json,"21646,22950,23103,24428,27060,40432,48378,50805,50867,51159,54451,61209"
69,su hào,su su,chayote,Su hào,high,,12,Thịt HEO kho sệt | Món canh với các loại củ và thịt xay | Cá đối nhòng nấu canh chua su hào,HAS_FIX,1 copy 41.json,"21969,22152,23410,26576,27545,30787,32039,40883,46616,50668,53424,63253"
70,rau càng cua,cua,crab,Rau càng cua,high,,12,Rau càng cua trộn bò trứng | Gỏi rau càng cua thịt bò | Gỏi gà rau càng cua,HAS_FIX,1 copy 41.json,"22821,22888,22898,22931,22958,28589,36548,37258,37914,39754,46865,61180"
71,ớt chuông xanh,ớt,chili pepper,Ớt chuông xanh,high,,12,Tôm xào ớt chuông | Phi lê cá điêu hồng sốt chua ngọt | Sườn xào chua ngọt rau củ,HAS_FIX,1 copy 41.json,"23562,24296,24301,31227,33466,39278,40486,42729,45334,53881,58565,62937"
72,bột hành,Bột (chung),flour,Bột hành,high,,12,Thịt lợn nướng ướp kiểu Hàn Quốc | Bắp GIÒ heo khìa nước dừa | Thịt bò xào kimchi,HAS_FIX,1 copy 41.json,"24500,29975,32887,34169,34906,35333,44858,47406,47505,54216,54422,62030"
73,nguội,thịt nguội,ham,Cơm nguội,high,Thành phần chính của cơm chiên,11,Cơm chiên lạp xưởng rau củ | Bánh đúc thịt làm từ cơm nguội | Bắp cải cuộn thịt sốt cà chua,HAS_FIX,1 copy 41.json,"6035,10153,15584,27639,28708,30402,32487,43194,46647,50944,61032"
74,thịt đùi,thịt đùi,chicken thigh,Thịt đùi heo,high,,11,Thịt heo rang húng quế | Thịt đùi heo lăn bột chiên giòn | Thịt đùi heo xào khóm,HAS_FIX,1 copy 41.json,"6500,6502,6629,12997,13005,15920,16021,20286,26234,27232,45926"
75,bột bắp,bột ngô,cornstarch,Bột bắp,high,,11,Gỏi rau má trộn bò | Há Cảo Nhân Thịt | Cá Tuyết Haddock Tẩm Bột Khô Áp Chảo,HAS_FIX,1 copy 41.json,"6808,8767,9778,10077,10562,12658,13173,15702,15794,19490,20430"
76,thịt bò thăn,nạc thăn,pork tenderloin,Thịt thăn bò,high,,11,KHOAI TÂY xào thịt bò | Bò Hấp Tía Tô | Salad BÒ-ĐẬU RỒNG,HAS_FIX,1 copy 41.json,"6912,7292,7505,10015,12582,12641,14226,14925,15402,17458,19807"
77,mì trứng,Trứng gà,Chicken Egg,Mì trứng,high,,11,Mì trứng xào rau | Mì trứng xào tôm nõn | Mì Trứng Trộn Sốt Nấm Hương,HAS_FIX,1 copy 41.json,"7248,8253,9987,10014,10022,10983,12504,12555,16465,16492,18587"
78,Rau ăn kèm,lá lốt,betel leaves,Rau ăn kèm,high,,11,Mực Trứng Hấp Gừng | Bún cá nấu thơm (dứa)| Lẩu cá chay | Mì Quảng tôm trứng,HAS_FIX,1 copy 41.json,"21200,24523,24898,24911,25010,25022,28565,28717,43986,45809,47261"
79,mắm ruốc,nước mắm,fish sauce,Mắm ruốc,high,,11,Bún Bò Quảng Nam | Bún bò tái giò heo | Măng hầm giò heo,HAS_FIX,1 copy 41.json,"24084,31263,32271,36365,36903,38298,39077,39502,45528,60180,64620"
80,Hành tỏi,tỏi,garlic,Hành tỏi,high,,11,Cá tầm kho tộ với quả cọ | Tôm (sắt) rang thịt | Thịt ba chỉ rang tôm,HAS_FIX,1 copy 41.json,"24586,25408,25869,27647,28444,42424,42950,43867,44108,47216,61835"
81,mực lá,lá,leaves,Mực lá,high,,11,Phở sắn chiên giòn sốt mực xào rau củ chua ngọt | Mực Sốt Thái | Mực Xào Măng,HAS_FIX,1 copy 41.json,"25410,27069,32985,37222,42490,45058,48066,54848,61511,61529,63644"
82,Thơm,rau thơm,herbs,Dứa (Thơm),high,,11,"Cá Đổng Nấu Ngót | Cá trạch kho xả | Mực, tôm xào chua ngọt",HAS_FIX,1 copy 41.json,"26082,29983,31852,33350,34572,34770,35009,44221,44501,47293,50801"
83,Sữa đặc,sữa,milk,Sữa đặc,high,,10,Thịt Hầm Ngon Như Thịt Hộp | Tôm bỏ lò | Đậu hũ đồng tiền chiên,HAS_FIX,1 copy 41.json,"6487,14021,14248,22760,26917,32106,33322,34438,34850,41977"
84,cần tàu,cần tây,celery,Cần tàu,high,,10,Canh Cá Cơm Trỏng Nấu Ngót | Canh Cá Chỉ Vàng Nấu Ngót | Cá Sủ Nấu Ngót,HAS_FIX,1 copy 41.json,"7533,10220,15627,17742,22214,24601,27194,31737,34790,41439"
85,dưa chuột,dưa chua,pickled mustard,Dưa chuột,high,,10,Nộm giò rau củ | Salad tôm bóc nõn - #healthy | Salad ớt chuông rau mầm,HAS_FIX,1 copy 41.json,"9981,11650,11828,13036,13495,16408,17575,20072,20499,23816"
86,mì,bánh mì,bread,Mì gói,high,,10,"Mì gói xào rau muống tóp mỡ | Mì Ý sốt kem, thịt băm, củ dền | Mì Ý tôm sốt cải bó xôi",HAS_FIX,1 copy 41.json,"20879,21647,22854,23608,23909,26026,35725,38281,44959,64266"
87,củ hành khô,Hành,Scallion,Hành tím,high,Củ hành khô thường là hành tím,10,Mỳ gạo lứt trộn sốt cà tóp mỡ thịt băm | Bánh Đa Xào Lòng Gà Với Măng Và Nấm Hương | Bánh canh phồng tôm kim chi,HAS_FIX,1 copy 41.json,"21062,21194,21424,21570,21670,37447,52948,53194,61111,61518"
88,Sốt teriyaki,sốt,sauce,Sốt teriyaki,high,,10,Cá hồi sốt teriyaki và măng tây | Cà Tím Cà Rốt Đậu Hũ Sốt Teriyaki | Phi lê cá sốt teriyaki,HAS_FIX,1 copy 41.json,"22971,23125,27636,32824,34042,35265,37352,39445,39852,44494"
89,ớt sừng,ớt,chili pepper,Ớt sừng,high,,10,Cá Bè Đen Hấp Xì Dầu | Cá Thu Chiên Sốt Mắm Tỏi Ớt | Chả Cá Sốt Cà Và Chân Nấm,HAS_FIX,1 copy 41.json,"26507,26943,27872,30478,32739,35016,40026,43972,44116,61485"
90,gan heo,thịt heo,pork,Gan heo,high,,10,Gan heo xào hành tây | Gan heo xào thơm (dứa) | SP.0767 - Gan Heo Xào Củ Hành,HAS_FIX,1 copy 41.json,"27118,27197,27214,27221,27228,27241,27273,27307,33267,45627"
91,lá dứa,dứa,pineapple,Lá dứa,high,Lá thơm dùng thổi xôi,10,Xôi cua | Tàu hủ nước đường làm bằng rau câu dẻo | Rau câu nước dừa thanh long,HAS_FIX,1 copy 41.json,"33090,35021,37832,43449,43458,44277,45037,47535,53208,63826"
92,tôm càng xanh,tôm thẻ loại to,shrimp,Tôm càng xanh,high,,9,Canh khoai tây cà rốt nấu tôm càng xanh | Lẩu ghẹ hải sản chua ngọt | Tôm càng xanh luộc nước dừa,HAS_FIX,1 copy 41.json,"7005,10266,18531,22724,23128,23156,24191,24310,28808"
93,bơ,bơ,butter,Quả bơ,high,,9,"Salad cá ngừ trái bơ | Cá hồi tartare | Gỏi rau, củ, quả và rong biển",HAS_FIX,1 copy 41.json,"7320,9676,17385,17578,19147,26140,29619,37838,38657"
94,lòng đỏ trứng,Trứng gà,Chicken Egg,Lòng đỏ trứng,high,,9,"Tôm chiên | Salad ổi, tôm khô sốt dâu tằm | Chả Giò Tôm Đậu Hũ",HAS_FIX,1 copy 41.json,"8608,12005,21143,39750,40459,47695,49971,63691,64155"
95,ớt cay,ớt xanh,green chili,Ớt,high,,9,Cá nục tròn kho chuối xanh và củ cải khô | Cá mím nấu chua | Mực tươi luộc lá lốt,HAS_FIX,1 copy 41.json,"9593,10730,10782,11195,15053,16188,17356,17520,17543"
96,bạc hà,bạc hà,mint,Dọc mùng (Bạc hà),high,,9,Cá bớp nấu canh chua | Canh chua chả cá chiên | Canh chua cá bông lau,HAS_FIX,1 copy 41.json,"18451,21359,22310,23901,25787,26261,26957,32310,46756"
97,giấm gạo,gạo,rice,Giấm gạo,high,,9,Bún Riêu Cua Đồng Giò Heo | Cá Nục Nấu Ngót | Cá Điêu Hồng Nấu Dưa Cải,HAS_FIX,1 copy 41.json,"21169,22216,22419,22596,22968,32464,41257,53538,62527"
98,mắm tôm,Tôm muối,Salted shrimp,Mắm tôm,high,,9,Bún Riêu Cua Đồng Giò Heo | Thịt Luộc Mắm Tôm | Thịt rang mắm tôm,HAS_FIX,1 copy 41.json,"21171,26371,26922,26947,27002,27080,30111,30681,33615"
99,nấm,nấm mèo,wood ear mushroom,Nấm,high,,9,Salad khế rau củ | Súp cua biển 🦀 bí ngòi nấm | Cháo hạt mix thịt gà 🍗 nấm 🍄táo đỏ,HAS_FIX,1 copy 41.json,"23628,25807,26662,28794,31523,34159,44367,44599,62894"
100,bột tỏi,tỏi,garlic,Bột tỏi,high,,9,Phi Lê Cá Lóc Áo Bột Chiên Giòn | BÒ viên | Tôm hoa viên sốt chua ngọt,HAS_FIX,1 copy 41.json,"26604,30030,30250,32886,34168,38131,41015,41037,41887"
101,Sốt mayonaise,sốt,sauce,Sốt mayonnaise,high,,9,Tuỷ Bò Chiên Giòn | Rau củ chiên xù và salad rau củ | Tempura rau củ,HAS_FIX,1 copy 33.json,"28029,36059,36357,37666,37800,42930,52139,61786,62637"
102,húng quế,quế,Cinnamon,Rau húng quế,high,Phân biệt với gia vị quế,9,Gỏi Xoài Khô Cá Sặc | Gỏi Củ Cải Tôm Càng Nướng | Phở Bắp Bò,HAS_FIX,1 copy 33.json,"29894,32215,33290,37452,37865,50067,62416,63492,64439"
103,Bột canh,Bột (chung),flour,Bột canh,high,,9,Thịt rang dừa | Cá chim nướng mỡ hành | Canh ngô ngọt thịt băm,HAS_FIX,1 copy 33.json,"30054,31063,33437,33788,35607,35815,39032,40164,42338"
104,tôm nõn,tôm thẻ loại to,shrimp,Tôm nõn,high,,8,Củ niễng xào tôm nõn | Canh cải thìa tôm thịt | Cải Hoa Hồng Xào Tôm,HAS_FIX,1 copy 33.json,"6768,8658,13713,17010,18071,21177,21704,53191"
105,dầu mè,dầu vừng,sesame oil,Dầu mè,high,,8,Há Cảo Nhân Thịt | Chả Thịt Băm Trứng Muối Cá Hộp | Nấm Kho Thơm,HAS_FIX,1 copy 33.json,"8766,9266,9613,11133,13914,15133,15237,17743"
106,cá chỉ vàng,Cá chỉ vàng khô,Dried Yellowstripe Scad,Cá chỉ vàng,high,Raw name không chỉ định khô hay tươi,8,"Cá Chỉ Nộm | Canh Cá Chỉ Vàng Nấu Ngót | Canh cá chỉ vàng nấu thơm, cà chua",HAS_FIX,1 copy 33.json,"9163,10219,22507,27733,39850,39869,40385,40387"
107,lòng trắng trứng,Trứng gà,Chicken Egg,Lòng trắng trứng,high,,8,Bánh qui nấm | Mực viên chiên | Tôm chiên sốt hồng,HAS_FIX,1 copy 33.json,"9562,18858,19164,23634,29478,34904,43181,53160"
108,thịt xay,Thịt băm,Minced pork,Thịt xay,high,,8,Canh nấm đùi gà và bông cải nấu thịt xay | Thịt xay chả cá rang mắm ruốc | Chả cá lóc,HAS_FIX,1 copy 33.json,"9951,14988,15302,18266,19435,21920,36364,65129"
109,nước màu,nước,water,Nước màu,high,Chất tạo màu cho món kho,8,Cá lăng kho lạt | Cá Kèo Kho Thịt Ba Rọi | Thịt lợn xào ớt xanh,HAS_FIX,1 copy 33.json,"22632,22677,31228,33508,35172,35553,36675,39491"
110,Mắm nêm,nước mắm,fish sauce,Mắm nêm,high,,8,Bún mắm nêm tai heo | Mì lá cuốn cá cam nướng | Cá Trạch Chiên Giòn Cuốn Bánh Tráng Chấm Mắm Nêm,HAS_FIX,1 copy 33.json,"23403,25060,28932,30604,31515,38108,39435,62345"
111,đùi gà,nấm đùi gà,king oyster mushroom,Đùi gà,high,Bộ phận con gà,8,Nấm ngọc tẩm xào thịt gà | Đu đủ kho thịt | Cơm gà nghệ nấu nấm hương,HAS_FIX,1 copy 33.json,"23715,25702,40969,51245,60706,61695,62069,63451"
112,Dầu olive,ô liu,olive,Dầu ô liu,high,,8,Phi lê cá lóc sốt teriyaki | Ratatouille Món Rau Củ Hầm Trứ Danh Nước Pháp | Sườn Bò Nướng Tái Trên Than Hoa,HAS_FIX,1 copy 33.json,"26346,33200,36453,37232,40019,40138,45384,46732"
113,ớt bột,ớt,chili pepper,Ớt bột,high,,8,Cá Hố Kho Ớt Bột | Cá lăng kho nghệ | Thịt nạc kho dưa gang muối,HAS_FIX,1 copy 33.json,"26465,28257,29597,29762,31418,32662,34086,37672"
114,Nước màu,nước,water,Nước màu,high,,8,Cá bống biển kho mặn | Cá đối kho hành ớt | Cá lóc kho tộ,HAS_FIX,1 copy 33.json,"27208,30131,36112,37221,43393,44225,52257,53398"
115,tim heo,thịt heo,pork,Tim heo,high,,8,Tim Heo Luộc Chấm Mắm Nêm | Tim Heo Xào Đậu Que Cà Rốt | Tim heo xào hành tây,HAS_FIX,1 copy 33.json,"27652,31623,34415,36439,40873,41005,41008,41041"
116,bánh canh,bánh,cake,Sợi bánh canh,high,Nguyên liệu làm món bánh canh,8,Bánh canh cua thịt gà | Bánh canh cua giò heo | Bánh canh cá nục chiên,HAS_FIX,1 copy 33.json,"30387,33340,36898,39110,45614,45929,49931,63016"
117,củ hành,hành tím,shallot,Hành tím,high,Củ hành nhỏ dùng phi thơm,7,Măng xào nấm | Cà pháo xào thịt lợn lá lốt | Rau tiến vua ngâm mắm,HAS_FIX,1 copy 33.json,"6172,11435,14448,20089,20106,20145,39154"
118,thơm,dứa,pineapple,Quả dứa,high,Miền Nam gọi dứa là thơm,7,Canh cá sơn thóc nấu ngọt | Cá cơm rim thịt và thơm | Nấm Kho Thơm,HAS_FIX,1 copy 33.json,"6174,7497,9611,11487,13139,15513,18923"
119,Nấm đông cô,nấm hương,shiitake mushroom,Nấm đông cô,high,,7,Cá Chẽm Hấp Song Nhĩ | Miến dong Eatclean hầm xương nấm tuyết | Nui Xào Rau Củ,HAS_FIX,1 copy 33.json,"6207,8061,14492,24570,35937,38143,42402"
120,thịt đùi heo,thịt đùi,chicken thigh,Thịt đùi heo,high,,7,"Thịt bắp giò và móng giò kho quế, hoa hồi, thảo quả | Chà Bông Heo (Ruốc) Bằng Máy Làm Mochi | Thịt xào hành tây",HAS_FIX,1 copy 33.json,"6574,6741,7837,8462,15512,17987,19423"
121,Rau cần,cần tây,celery,Rau cần nước,high,Phân biệt với cần tây,7,"Canh Khoai Tây Nấu Rau Cần, Cà Chua, Thì Là | Canh chua rau cần rong biển | Canh chua rau cần bạc hà",HAS_FIX,1 copy 33.json,"7044,10305,10422,10700,19817,39572,44919"
122,nước cốt dừa,nước cốt,extract,Nước cốt dừa,high,,7,Cà Ri Cá Chim | SP.0988 - Bánh Canh Tôm Thịt Miền Tây | Lòng bò xào cà ri,HAS_FIX,1 copy 33.json,"8803,9459,14768,15842,16313,17807,19917"
123,nấm lộc nhung khô,nấm kim châm,enoki mushroom,Nấm lộc nhung khô,high,,7,Miến Xào Nấm Lộc Nhung Chay | NẤM lộc nhung xào bí nụ | Thịt Bò Xào Nấm Lộc Nhung,HAS_FIX,1 copy 33.json,"9228,9252,12067,12831,14370,15257,15724"
124,súp lơ,bông cải,broccoli,Súp lơ,high,,7,Mì xào thịt thăn súp lơ | Cháo thịt gà nấm súp lơ 🥦 | Cháo ớt chuông súp lơ 🥦 thịt gà,HAS_FIX,1 copy 33.json,"10440,13634,13678,26013,31054,32167,40107"
125,nguội,cơm,cooked rice,Cơm nguội,high,Dùng cho món cơm chiên,7,"Cơm chiên thịt bò xào | Cơm Cá Hồi, Súp Lơ Đút Lò | Cơm chiên khô cá dứa một nắng tóp mỡ",HAS_FIX,1 copy 33.json,"10926,20186,21760,32655,41002,42529,61565"
126,bia,lon bia,beer,Bia,high,,7,"Tôm phốc-Tôm càng biển hấp bia | Bánh xèo tôm thịt,nấm bào ngư ăn kèm rau cải xanh và rau sống | Mực Trứng Hấp Gừng",HAS_FIX,1 copy 33.json,"14805,17951,21199,22728,23067,24752,29507"
127,Hành khô,hành tím,shallot,Hành tím,high,Hành củ khô,7,Bò xào đậu hà lan cà rốt | Bún hải sản mẹ Nga! | Cá kho chuối xanh,HAS_FIX,1 copy 33.json,"17189,50324,52649,55863,56188,56288,56829"
128,bắp ngô,râu bắp ngô,corn silk,Ngô,high,,7,Cơm Chiên Gà Rau Củ | Nem thịt dọn tủ | Cháo thịt gà 🐔 bắp ngô 🌽,HAS_FIX,1 copy 33.json,"20941,21849,24958,25680,32367,33043,62843"
129,bột mì,Bột (chung),flour,Bột mì,high,,7,Chả nấm chay | Măng Tây nướng cùng Chả cá Tuna | Chả giò thịt tôm và rau củ,HAS_FIX,1 copy 33.json,"22428,26829,29421,30017,31140,39327,48129"
130,Hành khô gia vị,gia vị,seasoning,Hành tím,high,,7,"Rau muống xào mướp, giá đỗ | Canh rau ngót nấu cá | Hoa thiên lý xào thịt nạc xay",HAS_FIX,1 copy 33.json,"22754,22867,23442,27306,60518,60793,62952"
131,cải,bông cải,broccoli,Rau cải,high,,7,Xương heo hầm rau củ | Lẩu nấm rau củ quả chay | Hủ Tíu Mực,HAS_FIX,1 copy 33.json,"23448,30941,32622,34575,36984,41906,42971"
132,Dầu hào chay,chay,vegetarian,Dầu hào chay,high,,7,Bí Nụ Xào Nấm Hoàng Kim Chay | Bông Kim Châm Kho Rau Củ Chay | Đậu non sốt nấm hành (món chay),HAS_FIX,1 copy 33.json,"24513,25244,28187,30496,35400,46399,64022"
133,Giấm,dầu giấm,vinaigrette,Giấm,high,,7,Lẩu đầu cá hồi nấu măng chua | Gỏi thốt nốt tôm thịt | Tôm banh xác,HAS_FIX,1 copy 33.json,"26810,27239,31366,32241,32284,33764,43875"
134,Hành hoa,nước,water,Hành lá,high,Tên gọi khác của hành lá,7,Bún tôm Quảng Ninh | Cá chim nướng mỡ hành | Mỳ chân giò / mỳ bò thảo mộc,HAS_FIX,1 copy 33.json,"29767,31061,32435,33559,34502,34991,36425"
135,nước màu dừa,nước dừa,coconut water,Nước màu dừa,high,,7,Thịt Heo Kho Cùi Dừa 🥥 | Cá Bạc Má Kho Măng | Cá Trê Kho Gừng,HAS_FIX,1 copy 33.json,"29776,51278,53136,54501,62054,63088,64578"
136,dấm táo,táo,apple,Giấm táo,high,,7,Thịt Chiên Giòn Sốt Chua Ngọt Hàn Quốc (Tangsuyuk) | Salad Tôm Xào Tỏi Rau Quả Sốt Mù Tạt | Salad Cá Mặn (Cá Basa Một Nắng),HAS_FIX,1 copy 33.json,"34779,36579,43603,45837,50876,53157,61178"
137,hành khô,hành tây,onion,Hành tím,high,,7,Canh măng mực | Mực xào su hào | Cá Ngừ Rim Cà Nấm,HAS_FIX,1 copy 33.json,"51495,55353,55601,60008,63235,63734,64725"
138,dấm táo,dấm,vinegar,Giấm táo,high,,6,"Salad Táo, Rau Diếp Cừu & Hạt Óc Chó Sốt Dầu Dấm | Salad Rau Diếp Xoăn, Bắp Cải Tím & Ức Gà Áp Chảo | Salad Cải Rocket & Tartar Cá Ngừ",HAS_FIX,1 copy 33.json,"6110,16105,18337,18896,19680,20743"
139,thịt heo rừng,thịt heo,pork,Thịt heo rừng,high,,6,Thịt Heo Rừng Xào Cải Chua | Heo Rừng Nấu Tiêu Xanh | Thịt Heo Rừng Xào Nấm Đùi Gà,HAS_FIX,1 copy 33.json,"6296,6323,6331,12119,14729,41994"
140,đậu hủ trắng,đậu trắng,white beans,Đậu phụ,high,,6,"Bún Gạo Lứt Nước Lèo Cà Chua Nấm Hương Chay | Đậu Hủ Kho Thịt Băm, Nấm Hương Sốt Nước Tương | 🌱 Canh Lá Lốt Đậu Hủ",HAS_FIX,1 copy 33.json,"7748,9792,9823,11527,12316,18480"
141,rau cần nước,cần tây,celery,Rau cần nước,high,,6,Rau cần nước nấu cá | Cá LÓC xào rau cần nước | Rau cần nước xào tóp mỡ,HAS_FIX,1 copy 33.json,"7970,9167,17854,18185,23573,27414"
142,hành khô,hành lá,green onion,Hành tím,high,,6,Canh măng mực | Lẩu tôm bầu | Cá chim đen sốt cà,HAS_FIX,1 copy 33.json,"8677,8746,8861,17572,52225,54437"
143,đậu hũ trắng,đậu hũ trứng,egg tofu,Đậu phụ,high,,6,Đậu hũ chiên nước mắm | Chả đậu hũ bắp nấm rong biển dọn tủ | Đậu hũ đồng tiền chiên,HAS_FIX,1 copy 33.json,"13087,14031,14237,14249,17480,18256"
144,rau ngổ,rau om,rice paddy herb,Rau ngổ,high,,6,"Canh Chua Chả Cá Hố, Rau Sam, Bông Giờ | Canh lườn cá hồi nấu măng chua | Gỏi rau muống, tép",HAS_FIX,1 copy 33.json,"15973,17302,17632,29756,43794,64875"
145,đuôi heo,thịt heo,pork,Đuôi heo,high,,6,Bún đuôi heo nấm rơm | Mì Đuôi Heo Hầm Ngũ Trân | Đuôi heo kho sả ớt,HAS_FIX,1 copy 33.json,"20948,21091,34614,53656,54079,63878"
146,tôm bóc nõn,tôm thẻ loại to,shrimp,Tôm nõn,high,,6,"Mì Gói Nấu Tôm Nõn & Đậu Que Vàng | Bánh Canh Nấm Hải Sản | Cháo tôm, nấm tươi",HAS_FIX,1 copy 33.json,"21183,48067,52989,53311,61185,63571"
147,Bò,bò viên,beef balls,Thịt bò,high,,6,"Bò Xào Cải Xoăn Kale | Xà Lách Trộn Thịt Bò | Mì xào bò,cần nước",HAS_FIX,1 copy 33.json,"21813,31277,34245,43494,46133,48094"
148,bạc hà dọc mùng,bạc hà,mint,Dọc mùng,high,Miền Nam gọi dọc mùng là bạc hà,6,Canh Chua Cá Thu Lá Me | Lẩu cá diêu hồng | Eatclean - Canh Chua Cá Hú + Khô Cá Dứa Chiên,HAS_FIX,1 copy 33.json,"22230,24315,43305,47709,50194,53456"
149,lá chanh,chanh,lime,Lá chanh,high,,6,Chà bông cá thu | Bún riêu hải sản | Khô nấm,HAS_FIX,1 copy 33.json,"22421,30186,34250,42318,42949,64701"
150,cá điêu hồng,cá hồng,snapper,Cá điêu hồng,high,,6,Cá điêu hồng kho bầu | Lẩu gà và cá điêu hồng chua ngọt...🍅🌶🌽 | Lẩu khổ qua cá thác lác,HAS_FIX,1 copy 33.json,"22634,33120,34529,41099,42898,45553"
151,thịt,thịt nạc dăm,pork shoulder,Thịt heo,medium,Thường dùng thịt heo cho món canh,6,"Canh củ rau cải cúc (tần ô) | Thịt nướng giềng mẻ | Canh bồng khoai nấu tôm, thịt",HAS_FIX,1 copy 33.json,"22881,39287,52814,53367,60482,63101"
152,gân bò,thịt bò,beef,Gân bò,high,,6,Bún bò gân chả bì đơn giản | Gân bò nấu mì Chũ | Canh vón vén nấu gân bò,HAS_FIX,1 copy 33.json,"23356,28115,30777,31089,36876,45556"
153,Nước trộn gỏi,nước,water,Nước trộn gỏi,high,,6,Gỏi hoa chuối tôm thịt | Gỏi tôm rau muống | Món chay dễ làm| Gỏi rau má,HAS_FIX,1 copy 33.json,"23371,24294,29952,30394,34484,41865"
154,bò,bò viên,beef balls,Thịt bò,high,,6,Lẩu cá diêu hồng | Canh chua bò | Beef & Reef Salad,HAS_FIX,1 copy 33.json,"24312,27745,30235,38183,45136,58564"
155,Rau càng cua,cua,crab,Rau càng cua,high,,6,Nộm rau càng cua | Canh rau càng cua | Canh rau càng cua thịt bò,HAS_FIX,1 copy 33.json,"24484,31678,35035,35773,41862,62851"
156,mì lá tươi,mì,noodles,Mì lá,high,,6,Mì lá tươi nấu giò heo | Chả giò mì lá tươi cuộn thịt | Gà nấu nấm và mì lá tươi,HAS_FIX,1 copy 33.json,"24711,24716,24793,24879,24882,24929"
157,sốt teriyaki,sốt,sauce,Sốt teriyaki,high,,6,Phi lê cá lóc sốt teriyaki | Lườn Cá Hồi Teriyaki Nướng Cuốn Tỏi & Tía Tô | Cá róc và cá chuồn trứng sốt teriyaki,HAS_FIX,1 copy 33.json,"26342,35989,39660,41685,46014,51222"
158,nước lá dứa,dứa,pineapple,Nước lá dứa,high,,6,Rau câu giòn lá dứa | Rau câu trứng | Bánh da lợn cốm xanh,HAS_FIX,1 copy 33.json,"26413,28283,30412,33661,43578,44119"
159,dừa,nước dừa,coconut water,Nước cốt dừa,medium,Bánh canh phồng tôm thường dùng nước cốt dừa,6,"Bánh canh phồng tôm | Cá ngân kho chuối xanh, cà chua | Thạch rau câu trái cây:",HAS_FIX,1 copy 33.json,"26658,27111,37406,45767,49333,54202"
160,nước cốt dừa,sữa dừa,coconut milk,Nước cốt dừa,high,,6,Bánh Canh Cua | Bánh bò nướng làm bằng trứng vịt | Bánh bò đường thốt nốt,HAS_FIX,1 copy 33.json,"26738,32792,33807,38549,40711,47110"
161,Me,lá me,tamarind leaves,Quả me,high,,6,"Lẩu đầu cá hồi nấu măng chua | Canh chua bò | Canh chua nấm, đậu non (chay)",HAS_FIX,1 copy 33.json,"26808,27752,36672,36749,41307,46285"
162,gạo nếp,gạo,rice,Gạo nếp,high,,6,"Cháo nấm chay thơm ngon, mát bổ (ngày 1) | MÓN LÀO: LARB MOO - SALAD THỊT BĂM LÀO 🇱🇦 | 🌱 Xôi Nấm Nấu Chay (Vegan)",HAS_FIX,1 copy 33.json,"27888,37869,41970,42112,44777,52990"
163,hành củ,Hành,Scallion,Hành tím,high,,6,Thịt má heo rim củ cải muối | Canh cá bã trầu | Canh chua chả cá rựa,HAS_FIX,1 copy 33.json,"28730,29640,29759,31373,36447,36933"
164,Lá chanh,chanh,lime,Lá chanh,high,,6,"Tôm rang chao lá chanh | Thịt nướng lá chanh | Gà ta chiên giòn nguyên con, thịt ngọt, mềm không khô",HAS_FIX,1 copy 33.json,"30813,32056,40918,46998,64167,64566"
165,lá ngò,lá,leaves,Rau mùi,high,Tên gọi khác là ngò rí,6,Cá Ngừ Nấu Mẵng | Nấm Rơm Kho Đậu Hủ | Cá Trứng Tẩm Mè Chiên Giòn,HAS_FIX,1 copy 33.json,"32086,32113,36615,38792,40059,47964"
166,trai thơm,rau thơm,herbs,Quả dứa,high,Lỗi gõ từ Trái thơm,6,Canh cá dìa nấu thơm cà chua | Bún cá- chả cá - sứa Nha Trang | Canh cá kình nấu thơm,HAS_FIX,1 copy 33.json,"33394,34101,35217,36907,42848,46719"
167,Dầu mè thơm,Mè (Vừng),sesame seeds,Dầu mè,high,,6,🌱 Canh Súp Mandu Rong Biển Đậu Hủ Chay | Miến Nấu Tôm Nấm và Rong Biển Wakame | Súp Tôm Gà Vỏ Bưởi,HAS_FIX,1 copy 33.json,"33836,42207,44361,45096,50722,61848"
168,bôt ngot,bột ngô,cornstarch,Bột ngọt,high,Lỗi chính tả,6,Chả giò hải sản | Tôm rim thịt | Canh chua chay nấm rơm,HAS_FIX,1 copy 33.json,"48729,48831,48855,48872,52324,61501"
169,mắm tôm,nước mắm,fish sauce,Mắm tôm,high,,5,Thịt bắp giò (đùi heo) nấu giả cầy | Lẩu Riêu Cua Đồng Bắp Bò Ngày Quốc Khánh 2/9 | Thịt Heo Xào Mắm Tôm Sả Ớt,HAS_FIX,1 copy 33.json,"6626,9440,15107,18982,29784"
170,cải chua,dưa cải,pickled mustard greens,Dưa cải chua,high,,5,Cá Ồ Kho Chuối Cau | Thịt Nạc Heo Xào Cải Chua | Thịt Heo Rừng Xào Cải Chua Ớt Chuông,HAS_FIX,1 copy 33.json,"7128,10372,11924,22232,44316"
171,ba chỉ,ba chỉ bò,beef belly,Thịt ba chỉ heo,high,,5,Thịt ba chỉ nướng NCKD | Bento box 13: Bánh bao thịt kho Đài Loan | Cá basa kho thịt,HAS_FIX,1 copy 33.json,"7164,19201,34669,41241,62333"
172,tôm nhỏ,tôm thẻ loại to,shrimp,Tôm nhỏ,high,,5,Canh cải con tôm thịt | Tôm thịt rang hẹ | Rau dền xào tỏi,HAS_FIX,1 copy 33.json,"8000,8001,10813,13109,48148"
173,nấm lộc nhung,nấm kim châm,enoki mushroom,Nấm lộc nhung,high,,5,Củ sen kho nấm lộc nhung (món chay) | Súp lơ xào nấm lộc nhung (món chay) | Cháo Hàu Nấu Nấm Lộc Nhung,HAS_FIX,1 copy 33.json,"8049,8630,11791,12079,15134"
174,Lòng trắng trứng,Trứng gà,Chicken Egg,Lòng trắng trứng,high,,5,Chả Đậu Hũ Lòng Trắng Trứng | Sandwich nhân tôm | Lòng trắng trộn thịt bằm,HAS_FIX,1 copy 33.json,"8071,10404,38299,41602,51381"
175,bánh canh,bánh chả,meat pastry,Sợi bánh canh,high,,5,"Bánh canh hẹ nấu cá | Bánh canh xào nấm đùi gà, cà chua, phô mai | Bánh canh xương sụn chả cá",HAS_FIX,1 copy 33.json,"8087,8785,9719,16338,16485"
176,dấm bỗng,dấm,vinegar,Giấm bỗng,high,,5,Lẩu Riêu Cua Đồng Bắp Bò Ngày Quốc Khánh 2/9 | Bún ốc bò | Bún chả cá chay,HAS_FIX,1 copy 33.json,"9439,29038,33263,36993,47168"
177,Rau ôm,rau má,pennywort,Rau ngổ,high,,5,Canh chua thịt bò đậu hũ | Mì lá tươi nấu bò | Canh chua tôm càng xanh hoa chuối,HAS_FIX,1 copy 33.json,"9957,24883,35353,37358,37502"
178,nấm hải sản,mỳ hải sản,instant noodles,Nấm hải sản,high,,5,Miến om hải sản | Bạch tuộc xào nấm | Lẩu cá diêu hồng chua cay dịp 30.4,HAS_FIX,1 copy 33.json,"10616,11243,12139,13449,16340"
179,sấu,bắp cải,cabbage,Quả sấu,high,,5,Cá mím nấu chua | Canh chua đầu cá hồng | Cá sủ nấu canh chua với chả cá,HAS_FIX,1 copy 33.json,"10728,16109,18874,58838,63969"
180,Nước sốt,nước cốt,extract,Nước sốt,high,,5,Cá dìa hấp mùng tơi | Nấm chiên chay | Tai heo trộn rong sụn sốt thái,HAS_FIX,1 copy 33.json,"12211,13073,14283,14657,18371"
181,thịt bò băm,Thịt băm,Minced pork,Thịt bò băm,high,,5,Cháo thịt bò băm xào | Bò băm xào lá lốt | Bắp cải cuộn thịt sốt cà chua,HAS_FIX,1 copy 33.json,"12544,15390,15583,17289,18528"
182,ớt hiểm,ớt,chili pepper,Ớt hiểm,high,,5,Nấm rơm kho tiêu xanh chay | Cháo CÁ DÒ | Cháo CÁ KHOAI,HAS_FIX,1 copy 33.json,"12810,22535,22656,27740,29687"
183,Gừng hành tỏi,hành tỏi,garlic and onion,"Gừng, hành, tỏi",high,,5,"Canh cá rô phi nấu nấm, cải xoong | Phi lê cá diêu hồng sốt cà chua | Canh riêu cá hồng",HAS_FIX,1 copy 33.json,"13975,16164,16167,16566,19483"
184,rau húng quế,quế,Cinnamon,Rau húng quế,high,,5,Cơm thịt rang mắm ruốc và rau húng quế | Gỏi rau muống thịt luộc | Vào bếp cùng con: Taco tôm với tortilla từ bột mì và sốt salsa xoài,HAS_FIX,1 copy 33.json,"14974,29323,40676,42022,47605"
185,dâu ăn,dầu ăn,Vegetable Oil,Dầu ăn,high,Lỗi chính tả,5,Canh tôm và mộc nấu khổ qua | Canh chay rong biển đậu hủ nấm kim châm | Cà tím cuộn thịt heo xay và giò sống chiên xù,HAS_FIX,1 copy 33.json,"18678,29837,30839,31019,40840"
186,húng lủi,húng láng,spearmint,Rau húng lủi,high,,5,Salad Cá Trích Xông Khói | Rau Diếp Cuốn Phi Lê Bò Áp Chảo & Kim Chi Chấm Sốt Ssamjang Hàn Quốc | Cá Điêu Hồng Nấu Khế,HAS_FIX,1 copy 33.json,"19677,19789,20511,59640,59863"
187,ậu phộng,đậu phộng,peanut,Đậu phộng,high,Lỗi chính tả,5,Gỏi khế trộn bò | Rau sam nộm | Thịt bò cuốn lá lốt,HAS_FIX,1 copy 33.json,"20329,21316,29697,31695,42816"
188,hanh lá,lá,leaves,Hành lá,high,Lỗi chính tả,5,"Nấm rơm kho nước tương | Bún Bò Huế (Nạm bò, chân giò, xương bò, giò sống) | Lườn cá hồi kho hành ớt",HAS_FIX,1 copy 33.json,"21504,33951,36636,37712,52287"
189,Bột cà ri,Bột (chung),flour,Bột cà ri,high,,5,Thịt xào hành tây cà ri | Chân nấm xào cà ri sả ớt | Cà ri rau củ nấm và hạt,HAS_FIX,1 copy 33.json,"21792,32510,43591,45545,46609"
190,xương ống heo,thịt heo,pork,Xương ống heo,high,,5,SP.0829 - Súp Cua Ngô Vàng Tuyết Nhĩ | SP.0802 - Canh Xương Ống Heo Tiềm Tam Bảo | Cháo tim cật heo,HAS_FIX,1 copy 33.json,"21893,24351,27559,28300,34574"
191,đậu trắng,hộp đậu trắng,canned white beans,Hạt đậu trắng,high,,5,"Gỏi chay : bắp cải tím, nấm đùi gà, đậu hũ | Chả đậu tôm thịt | Đậu phụ tẩm mắm hành",HAS_FIX,1 copy 33.json,"22167,28701,33593,46571,53600"
192,Bột chiên xù,Bột (chung),flour,Bột chiên xù,high,,5,Chả cá bọc trứng muối chiên xù | Cá chiên xù | Trứng bọc thịt rán,HAS_FIX,1 copy 33.json,"22502,34394,39242,47010,62508"
193,nghệ,bột nghệ,turmeric powder,Củ nghệ,high,,5,Cá chuồn chiên củ nén | Bún cá lóc nấu dễ - nhanh - ngon | Cơm bento: Gia đình vịt con,HAS_FIX,1 copy 33.json,"22551,29279,29599,33448,41663"
194,bún tàu,bún,rice vermicelli,Miến,high,Miền Nam gọi miến là bún tàu,5,Cá Chẽm Hấp Kim Châm Xì Dầu | SP.0818 - Chả Cua Đút Lò | Cá mè hấp,HAS_FIX,1 copy 33.json,"22555,23040,25852,29415,34761"
195,cá,cá hú,pangasius fish,Thịt cá,high,,5,Canh rau ngót nấu cá | Cá hấp nấm | Cá basa kho thịt,HAS_FIX,1 copy 33.json,"22865,34490,34668,37617,41098"
196,gà,xương gà,chicken bones,Thịt gà,high,,5,Lẩu gà nấu nấm | Mì Quảng tôm gà trứng | Hủ Tiếu Măng Gà Nấm,HAS_FIX,1 copy 33.json,"24013,24800,39706,39834,61707"
197,Bánh đa,bánh tráng,rice paper,Bánh đa,high,,5,Mì Quảng tôm gà trứng | Mì Quảng tôm cua hấp dẫn | Mì Quảng tôm,HAS_FIX,1 copy 33.json,"24804,24845,25023,30378,43992"
198,Mắm tôm,Tôm muối,Salted shrimp,Mắm tôm,high,,5,Đọt Su Su Luộc Chấm Mắm Tôm | Đậu hũ chiên chấm mắm tôm | Cà bát luộc chấm mắm tôm,HAS_FIX,1 copy 33.json,"26979,27055,29046,32912,33025"
199,Gia vị nước hàng,gia vị,seasoning,Nước màu,high,,5,"Cá ngân kho chuối xanh, cà chua | Cá mối kho măng, chuối xanh | Cá mối kho chay",HAS_FIX,1 copy 33.json,"27114,50042,51008,54886,63961"
200,xương ống,xương gà,chicken bones,Xương ống heo,high,,5,Mì Chũ cá chiên giòn | Bún ốc bò | Lẩu chả cá thác lác khổ qua,HAS_FIX,1 copy 33.json,"28048,29037,29447,35340,45816"
201,cá mó,cá sòng,horse mackerel,Cá mó,high,,5,Cá Mó Chiên Xả Tỏi Ớt | Cá mó chiên muối tôm (NCKD) | Cá mó chiên giòn chấm mắm tỏi ớt,HAS_FIX,1 copy 25.json,"28416,28443,28485,28610,44478"
202,thìa cafe bột canh,Bột (chung),flour,Bột canh,high,,5,Tự làm ruốc tôm ngon hơn hàng! | Canh thịt viên (món canh chung cho các loại rau củ) | Tai heo sốt thái,HAS_FIX,1 copy 25.json,"30127,31556,40616,41174,41392"
203,Hành tím tỏi,tỏi,garlic,Hành tím và tỏi,high,,5,[Món Chay] Rau câu sợi xào sò điệp chay | Mực xào cà ri satế | Canh chua cá bớp,HAS_FIX,1 copy 25.json,"33152,39157,40943,54470,63361"
204,cơm mẻ,cơm,cooked rice,Cơm mẻ,high,,5,Khế chua nấu dấm cá trắm | Giò heo giả cầy | Lẩu cá,HAS_FIX,1 copy 25.json,"35085,43628,45715,60974,64053"
205,hành hoa,nước,water,Hành lá,high,,5,Đậu đũa cuộn thịt | Cháo cá song (mú) | Miến xào cua 5 sao,HAS_FIX,1 copy 25.json,"36005,37892,62654,62667,62682"
206,t tươi,thịt heo,pork,,low,"Tên viết tắt quá ngắn, không rõ ràng",5,Ganjang Gejang- Cua ngâm tương | Lẩu cá thác lác | Mì Ăn Liền Lẩu Thái Chả Cá,UNCERTAIN,1 copy 25.json,"50480,50545,58208,58521,64093"
207,ngò rí,rau ngò rí,coriander leaves,Ngò rí,high,,4,Sườn Heo Hầm Đậu Đen | Canh Củ Dền Nấu Xương Heo | Bún Đầu Cá Ngừ Cà Chua Rau Thơm,HAS_FIX,1 copy 25.json,"6053,16060,17741,42908"
208,cần nước,cần tây,celery,Rau cần nước,high,,4,Canh khoai tây rau cần | Canh ngót rau cần nước | Canh cá diếc chua ngọt,HAS_FIX,1 copy 25.json,"6884,15322,27484,34343"
209,bắp cải trắng,cải thảo,napa cabbage,Bắp cải trắng,high,,4,Thịt Heo Ngũ Vị & Salad Bắp Cải Mentaiko | SP.0950 - Thăn Heo Rim Sốt Teriyaki | SP.0879 - Mì Xào Tôm Bắp Cải Tàu Xì,HAS_FIX,1 copy 25.json,"7473,11736,17515,19241"
210,thịt vai heo xay,thịt nạc dăm,pork shoulder,Thịt vai heo xay,high,,4,Thịt vai heo rim cà chua | Canh bắp cải nấu thịt vai heo xay | Bánh pateso nhân thịt,HAS_FIX,1 copy 25.json,"7815,11025,11071,11134"
211,thịt má heo,hành lá,green onion,Thịt má heo,high,,4,Cá ngừ kho củ cải khô | Cá nục tròn kho chuối xanh và củ cải khô | Cá nục tròn kho chuối xanh,HAS_FIX,1 copy 25.json,"8166,9592,9636,18641"
212,hành khô,hành tỏi,garlic and onion,Hành tím,high,Hành khô thường là củ hành tím,4,Canh củ nấu cá và rau cần | Phở sắn thịt băm sấu | Thịt thăn thuôn sấu (canh chua sấu thịt thăn),HAS_FIX,1 copy 25.json,"8408,9085,9568,17015"
213,nấm sò nâu,nấm bào ngư,oyster mushroom,Nấm sò nâu,high,,4,"Cháo nấm, tempeh | Đậu non, tempeh chiên sốt nấm kim châm | Canh gà nấu nấm",HAS_FIX,1 copy 25.json,"8555,11157,14417,17071"
214,tôm,Tôm khô,Dried shrimp,Tôm,high,,4,Trứng chiên tép khô hải sản | Tôm Khô Sấy Nồi Chiên Không Dầu | Tôm khô sấy bằng nồi chiên không dầu,HAS_FIX,1 copy 25.json,"8560,18515,24205,40523"
215,giá sống,rau sống,fresh herbs,Giá đỗ,high,,4,Canh gân bò nấu chua | Phở Bò Sài Gòn | Bạch tuộc và thịt xay xào giá,HAS_FIX,1 copy 25.json,"8572,10513,11075,15007"
216,thịt lợn,ức gà,chicken breast,Thịt lợn,high,,4,Heo kho tiêu | Thịt lợn rang dứa (trái thơm) | Cà pháo xào thịt lợn lá lốt,HAS_FIX,1 copy 25.json,"8691,10407,11420,13225"
217,Bạc hà,bạc hà,mint,Dọc mùng,high,Bạc hà trong canh chua là dọc mùng,4,Canh Chua Cá Nấu Lá Me | Canh chua lườn cá hồi | Lẩu Đầu Cá Bớp Măng Chua,HAS_FIX,1 copy 25.json,"9022,10685,18288,42290"
218,bánh đa Quỳnh Côi,bánh phở,pho noodles,Bánh đa Quỳnh Côi,high,,4,"Bánh đa Quỳnh Côi xào giò, rau cần nước | Bánh đa cá rô | Bánh đa xào nước trộn rau thơm",HAS_FIX,1 copy 25.json,"9269,16532,18824,18844"
219,tương hột,tương ớt,chili sauce,Tương hột,high,,4,Cá Hú Kho Tương Hột Nấm Hương | Phi lê cá điêu hồng chưng tương | 🌱 Nấm Đông Cô Kho Tương Hột (Vegan),HAS_FIX,1 copy 25.json,"9409,26192,31454,41023"
220,rễ mùi,rau mùi,coriander leaves,Rễ ngò rí,high,,4,Lưỡi heo luộc | Thịt nách heo luộc | Thịt mũi heo luộc,HAS_FIX,1 copy 25.json,"9639,16822,16851,19169"
221,nấm đông cô khô,nấm hương,shiitake mushroom,Nấm đông cô khô,high,,4,Canh Đùi Gà Nấu Nấm Và Cải Bẹ Xanh | Ramen thịt heo đơn giản | Ức Gà Kho Hạt Điều Nấm Đông Cô,HAS_FIX,1 copy 25.json,"11259,19351,19544,62194"
222,hành băm,hành tăm (củ nén),shallot,Hành băm,high,,4,Cá dìa hấp mùng tơi | Thịt kho cơm dừa cho bé | Nui Xào Cà Chua & Cá Ngừ Hộp Gia Vị Ý,HAS_FIX,1 copy 25.json,"12214,33755,44261,45774"
223,ngổ,rau om,rice paddy herb,Rau ngổ,high,,4,Bò Xào Nấm Dưa Leo | Lẩu bò nhúng mẻ | Canh chua cá diêu hồng,HAS_FIX,1 copy 25.json,"12392,15633,40864,43115"
224,ngò,bột ngò,coriander powder,Ngò rí,high,,4,Món canh bí đỏ nấu tôm eatclean | Chả cá thác lác nhồi khổ qua | Canh Bí Đỏ Nấu Thịt,HAS_FIX,1 copy 25.json,"12866,13067,13552,14575"
225,tôm đất,tôm thẻ loại to,shrimp,Tôm đất,high,,4,Canh Cải Kale Nấu Tôm Đất | 🌿Lá bồ công anh xào tôm đất 🦐 | Thịt ba chỉ rang tôm,HAS_FIX,1 copy 25.json,"12900,20526,25867,33589"
226,Khoai sọ,khoai môn,taro,Khoai sọ,high,,4,Canh khoai sọ rau rút (nhút) | Canh hầm thịt gà với rau củ | Canh khoai sọ nấu bắp và nấm,HAS_FIX,1 copy 25.json,"13361,35980,44934,53809"
227,nâm đông cô,nấm hương,shiitake mushroom,Nấm đông cô,high,,4,Mì Udon Gà Và Nấm Đông Cô | Cải thìa sốt nấm đông cô và sườn gà chay | Burger cơm rong biển thịt gà rau củ,HAS_FIX,1 copy 25.json,"14849,36318,37703,38124"
228,súp rau củ,viên súp rau củ,vegetable bouillon cube,Nước dùng rau củ,medium,,4,Canh Cải Brussels Củ Dền Tôm Khô | 🌱 Canh Chua Nấm & Củ Hủ Kim Chi Chay | Canh Sườn Heo Cải Thảo,HAS_FIX,1 copy 25.json,"16101,36794,43859,47177"
229,Mắm,nước mắm,fish sauce,Nước mắm,high,Gia vị mặn chính cho món ram me,4,Sườn Heo Ram Me | Đầu Cá Thu Nấu Lá É | Nem thính nấm đùi gà (món chay),HAS_FIX,1 copy 25.json,"16277,27831,35518,61486"
230,bôt ngot,mỳ chính,MSG,Bột ngọt,high,,4,Nụ hoa mướp xào thịt heo và nấm bào ngư | Thịt kho tiêu và đậu hủ | Canh cá kình nấu thơm,HAS_FIX,1 copy 25.json,"16310,48959,49419,50689"
231,tỏi phi,tỏi,garlic,Tỏi phi,high,,4,Mì gói trộn bò trứng | Giá hẹ xào tôm khô | Bún riêu tôm khô,HAS_FIX,1 copy 25.json,"17144,21311,30657,47790"
232,đậu cô ve,đậu que,green beans,Đậu cô ve,high,,4,Đậu hũ non sốt nấm đông cô | Đậu Cô Ve Xào Thịt Heo | Rau Củ Luộc,HAS_FIX,1 copy 25.json,"20148,26472,41628,64207"
233,Tỏi ớt,ớt,chili pepper,Tỏi và ớt,high,,4,Gỏi rau muống | Phi lê cá lóc chiên mắm tỏi ớt | Cá Mackerel Chiên Nước Mắm Tỏi Ớt,HAS_FIX,1 copy 25.json,"21116,23956,38336,38418"
234,Hành lá hành tím,hành lá,green onion,Hành lá và hành tím,high,,4,Chả lụa kho nấm đùi gà | Mì chũ lứt với nạm bò hầm | Đậu hủ thịt băm chiên,HAS_FIX,1 copy 25.json,"21132,28008,30670,47016"
235,củ su hào,su su,chayote,Su hào,high,,4,Canh Củ Dền Su Hào Nấu Thịt Heo | RAU CỦ ngâm nước mắm | Sườn heo hầm súp rau củ,HAS_FIX,1 copy 25.json,"21698,53679,53797,62837"
236,táo đỏ,táo,apple,Táo đỏ,high,,4,Chè bắp nấm tuyết | Cháo hạt mix thịt gà 🍗 nấm 🍄táo đỏ | Lẩu gà tiềm nấu nấm,HAS_FIX,1 copy 25.json,"21804,26663,45867,60856"
237,bột ngô,Bột (chung),flour,Bột ngô,high,,4,Ớt chuông nhồi thịt sốt dầu hào | Viên đậu hũ xúc xích | Đậu phụ sốt cà chua và nấm,HAS_FIX,1 copy 25.json,"22134,33750,35320,61197"
238,súp gà,súp,soup,Nước dùng gà,medium,,4,Canh Rau Tầm Ma Gà Xé | Thịt Heo Hầm Đậu Trắng | Canh Cải Non Nấu Tôm,HAS_FIX,1 copy 25.json,"22516,34070,38692,45094"
239,ớt chuông vàng,ớt,chili pepper,Ớt chuông vàng,high,,4,Mực Xào Thập Cẩm | Mực mai xào tam sắc | Salad Bò Xào,HAS_FIX,1 copy 25.json,"22695,22806,33060,38602"
240,tôm càng,tôm thẻ loại to,shrimp,Tôm càng,high,,4,Hủ tiếu trộn khô với tôm càng | Gỏi khoai môn TÔM càng | Tôm càng um sữa đặc,HAS_FIX,1 copy 25.json,"22733,23074,32105,34432"
241,móng giò,giò,pork sausage,Móng giò,high,,4,"Canh rau tầm bóp nấu móng giò | Canh sườn, móng giò nấu khoai tây, nấm mỡ | Canh móng giò, bắp bò nấu khoai tây, cà rốt",HAS_FIX,1 copy 25.json,"22831,25283,25398,51239"
242,bắp chuối bào,chuối,banana,Bắp chuối,high,,4,Bún bò gân chả bì đơn giản | Gỏi hoa chuối tôm thịt | Canh rau muống bắp chuối nấu tôm,HAS_FIX,1 copy 25.json,"23359,23366,23377,30047"
243,tép tỏi,tỏi,garlic,Tỏi,high,Tép tỏi là đơn vị của tỏi,4,SP.0809 - Chén Thịt Hấp Trứng Gà | Bún Tàu Xào Tôm Khô & Rau Củ | Cá bông lau kho tộ với nước trà,HAS_FIX,1 copy 25.json,"24181,29529,34817,35551"
244,dầu mè đen,Mè (Vừng),sesame seeds,Dầu mè đen,high,,4,SP.0809 - Chén Thịt Hấp Trứng Gà | Cải thìa xào nấm hương | Cải bó xôi xào thịt bò,HAS_FIX,1 copy 25.json,"24182,33368,33697,38973"
245,lá hoành thánh,lá,leaves,Vỏ hoành thánh,high,,4,Hoành thánh gói thịt hấp chấm nước tương | Lá hoành thánh chiên kèm rau củ xào | Hoành thánh hoa hồng nhân tôm thịt,HAS_FIX,1 copy 25.json,"24706,24736,24835,44975"
246,cá điêu hồng kg,cá hồng,snapper,Cá điêu hồng,high,,4,Phi Lê Cá Điêu Hồng Chiên Giòn Chấm Mắm Ngò | Phi lê cá điêu hồng chưng tương | Cá điêu hồng om dưa,HAS_FIX,1 copy 25.json,"25341,26189,44323,61672"
247,Xương heo,thịt heo,pork,Xương heo,high,,4,"Món rau cải nấu với xương heo | Canh bóng bì rau củ | Nui xương, nui thịt bằm ăn sáng",HAS_FIX,1 copy 25.json,"26069,26122,31188,40773"
248,trắng,hộp đậu trắng,canned white beans,Cơm trắng,medium,Dựa trên ngữ cảnh món cơm chiên,4,Cơm chiên thịt quay cá mặn | SP.0776 - Cơm Trộn Tôm Cay | Cơm Cá Hồi Áp Chảo Muối Vừng,HAS_FIX,1 copy 25.json,"26183,26907,40071,40697"
249,nước màu hàng,nước,water,Nước màu,high,Nước màu dùng để kho cá,4,Cá Bò Ngừ Kho Heo Quay | Cá Liệt Lợ Kho Tiêu | Thịt Ram Tôm Đậu Hũ,HAS_FIX,1 copy 25.json,"26256,26368,26553,46863"
250,mắm tỏi ớt,ớt,chili pepper,Nước mắm tỏi ớt,high,,4,Cá Hố Chiên Xoài Bằm | Gỏi Bao Tử Heo | Cá Thu Chiên,HAS_FIX,1 copy 25.json,"26483,26578,38734,63151"
251,quất,quả việt quất,blueberry,Quả quất,high,,4,"Salad Thịt Bằm Trứng | Nộm thịt heo, giá đỗ, rau răm | Cá Nướng Cuốn Bánh Tráng",HAS_FIX,1 copy 25.json,"26530,29235,35128,61779"
252,ường cát,cá hường,snapper,Đường cát,high,Lỗi đánh máy 'ường' thành 'Đường',4,Đọt Su Su Luộc Chấm Mắm Tôm | Gỏi xơ mít trộn tôm và tai heo | Thạch rau câu sợi lá dứa – cốt dừa – café,HAS_FIX,1 copy 25.json,"26980,29117,31650,46944"
253,húng quế,rau húng chó,mint,Húng quế,high,,4,Súp Huyết Bò | Nấm đùi gà kho cà tím | Bánh Cuốn Tráng Chảo Nhân Thịt Băm Nấm Mèo,HAS_FIX,1 copy 25.json,"27064,37811,47329,60972"
254,ớt chuông xanh đỏ vàng,ớt,chili pepper,Ớt chuông,high,,4,Gan heo xào ớt chuông | Rau Xào Ngũ Sắc | Pizza Tôm Ớt Chuông NCKD,HAS_FIX,1 copy 25.json,"27222,42486,50831,61127"
255,bánh đa đỏ,bánh,cake,Bánh đa đỏ,high,,4,Bánh đa cá diếc | Bánh đa xào thịt | Bánh Đa Đỏ Trộn Thịt Vịt,HAS_FIX,1 copy 25.json,"27408,27418,27572,34130"
256,thìa cafe dầu mè đen,Mè (Vừng),sesame seeds,Dầu mè đen,high,,4,"Nấm đùi gà áp chảo (ngày 3) | Cháo nấm chay thơm ngon, mát bổ (ngày 1) | Đậu phụ nhồi rau, nấm sốt cà chua",HAS_FIX,1 copy 25.json,"27816,27895,33540,45502"
257,mì Chũ,mì,noodles,Mì Chũ,high,,4,Mì Chũ cá chiên giòn | Mì Quảng tôm cua nấu bằng mì Chũ | Mì Chũ cá thập cẩm,HAS_FIX,1 copy 25.json,"28050,28068,28078,28082"
258,đầu hành,nấm mèo,wood ear mushroom,Đầu hành lá,high,,4,🌱 Canh Nấm Mỡ Đậu Hủ Lá É (Vegan) | Cá kho rau răm (vị hơi nhạt) | Cá hú kho,HAS_FIX,1 copy 25.json,"28371,29914,31206,64440"
259,Lá dứa,dứa,pineapple,Lá dứa,high,,4,Xôi vò thịt xá xíu | Chè táo đỏ nấm tuyết hạt sen mộc nhĩ phổ tai | Thạch rau câu trái cây:,HAS_FIX,1 copy 25.json,"29805,29969,37411,46067"
260,nước hàng,nước,water,Nước màu,high,,4,Cá kho dưa | Cá kìm kho gừng | Thịt Xiên Nướng,HAS_FIX,1 copy 25.json,"30037,31246,32572,59455"
261,sốt mayonaise,sốt,sauce,Sốt mayonnaise,high,,4,Cơm Viên Cá Ngừ Phô Mai | Dưa Leo Kẹp Cá Ngừ | Cơm Nắm Rong Biển Kẹp Cá Ngừ,HAS_FIX,1 copy 25.json,"30140,34009,36348,41816"
262,Hành củ,Hành,Scallion,Hành tím,high,Hành củ thường dùng chỉ hành tím khô,4,Canh cá khoai nấu thơm cà | Thịt Ngan Om Sấu | Tôm nướng,HAS_FIX,1 copy 25.json,"30334,31891,35364,46704"
263,sườn bò,thịt bò,beef,Sườn bò,high,,4,"Sườn bò, bò viên hầm ăn với bánh mì | Sườn Bò Hầm Đậu Ngự | Lagu sườn bò",HAS_FIX,1 copy 25.json,"30820,36604,37945,40356"
264,táo tàu,táo,apple,Táo tàu,high,,4,Canh Gà Hầm Nấm | Lẩu nấm thập cẩm | Cá basa kho táo tàu kỷ tử ăn kèm cơm trắng,HAS_FIX,1 copy 25.json,"31458,34577,44644,62256"
265,củ hành,Hành,Scallion,Hành tím,high,,4,Cải thìa sốt nấm mèo | Thịt bò xào ớt chuông | Cá nục kho dưa,HAS_FIX,1 copy 25.json,"31657,38210,60683,64176"
266,súp lơ xanh,bông cải,broccoli,Súp lơ xanh,high,,4,"Cơm nắm cá cơm | Thịt Bò Xào Súp Lơ Xanh | Bò xào lúc lắc ăn kèm dứa, và nước ép cà rốt + lê",HAS_FIX,1 copy 25.json,"32013,32749,62122,64279"
267,bột rau câu giòn,Bột (chung),flour,Bột rau câu giòn,high,,4,RAU CÂU lá dứa-sữa dừa-cà phê | Thạch rau câu sợi thanh long đỏ | Rau câu flan cà phê,HAS_FIX,1 copy 25.json,"32292,32943,34983,60917"
268,Bánh tráng gạo,gạo,rice,Bánh tráng,high,,4,Cuốn Bún Đậu Hủ Chấm Mắm Tôm | Gỏi Cuốn Ức Gà & Rau Củ Ngũ Sắc | Bánh tráng trộn cá viên chiên,HAS_FIX,1 copy 25.json,"33019,36773,38550,38560"
269,Rau củ ăn kèm,rau sống,fresh herbs,Rau củ,high,,4,Sandwich kẹp xúc xích phômai rau củ | Cơm bento: Ông Noel vui tính (Lườn cá hồi rim nước tương) | Cháo cá rim dứa,HAS_FIX,1 copy 25.json,"33621,36042,37994,47901"
270,xương bò,thịt bò,beef,Xương bò,high,,4,Bún Bò Huế(Xương Bò) | Lẩu Bò (Bò Nạm & Xương) | Hủ Tiếu Xương Bò-Tôm,HAS_FIX,1 copy 25.json,"34182,44764,45967,63621"
271,lá xà lách,lá,leaves,Xà lách,high,,4,Tôm rang muối ớt | 🌱 Bún Tàu Trộn Nấm Xào Giá Chay (Vegan) | Rice Bowl - Cơm Quinoa Trộn Ức Gà Xé & Rau Quả Tươi,HAS_FIX,1 copy 25.json,"34746,37420,41119,63944"
272,nươc côt dưa,dưa,pickles,Nước cốt dừa,high,Lỗi đánh máy 'dưa' thành 'dừa',4,Bánh Trung Thu Rau Câu Nhân Flan | Xôi lá cẩm thịt xá xíu | Rau câu hoa hồng 2 lớp,HAS_FIX,1 copy 25.json,"35144,35887,37556,46745"
273,lá ngò rí,lá,leaves,Ngò rí,high,,4,Canh Bông Cải Xanh Nấu Tôm | Nấm Mối Kho Sả Ớt | Đậu Hũ Kho Nấm Đùi Gà,HAS_FIX,1 copy 25.json,"37086,37697,38760,38785"
274,Hành tỏi khô,tỏi,garlic,Hành và tỏi,high,,4,Ba chỉ rim đậu hũ | Cá phèn kho | Cá nục kho tiêu,HAS_FIX,1 copy 25.json,"41243,42725,43252,45661"
275,bột rau câu con cá dẻo,Bột (chung),flour,Bột rau câu dẻo,high,,4,Rau câu khoai lang tím | Rau câu sữa bắp lá dứa | Thạch rau câu 3 màu mix Bí đỏ + sữa + milo (Nắng sữa Milo),HAS_FIX,1 copy 25.json,"43348,44121,53922,63125"
276,mắm ruốc Huế,nước mắm,fish sauce,Mắm ruốc,high,,4,Thịt kho ruốc sả | Cơm gạo lứt thịt rang mắm ruốc | Bún Đuôi Heo,HAS_FIX,1 copy 25.json,"44537,52839,54084,54509"
277,Dầu thực vật,dầu bơ,Avocado oil,Dầu thực vật,high,,4,Nui Xào Tôm Súp Lơ | Cua Lột Chiên Bột | Cá Móm Chiên,HAS_FIX,1 copy 25.json,"50967,52595,53006,58436"
278,Hành khô,hành lá,green onion,Hành tím,high,,4,"Bagels Bacon, Trứng, Phô Mai và Tôm | Cá trắm kho trám | Cá diếc kho tương",HAS_FIX,1 copy 25.json,"51762,52009,52555,59571"
279,n kèm,rau sống,fresh herbs,Rau ăn kèm,high,Lỗi đánh máy 'n kèm' thành 'ăn kèm',4,"Cá hồi nướng nồi chiên không dầu | Ramen thịt heo đơn giản | Bánh Ướt Trứng Nhân Tôm Thịt (Bột pha sẵn, bột tự pha và tráng bằng chảo)",HAS_FIX,1 copy 25.json,"51895,53248,54328,61491"
280,tương đen,nước tương,Soy sauce,Tương đen,high,,4,"Mì trộn rau củ | Sườn bò, bò viên hầm ăn với bánh mì | Phở Bò Sài Gòn",HAS_FIX,1 copy 25.json,"52007,58943,63740,64342"
281,rau húng lủi,húng láng,spearmint,Rau húng lủi,high,,4,Gỏi Đu Đủ Xanh Tôm Thịt | Gỏi nấm bào ngư chay | Bánh hỏi thịt nướng,HAS_FIX,1 copy 25.json,"58203,58687,58938,61025"
282,muối tôm,Tôm muối,Salted shrimp,Muối tôm,high,,4,Bánh Tráng Trộn Muối Tôm Đơn Giản | Khế lắc muối tôm | Cà Chua Thân Gỗ Rắc Muối Tôm,HAS_FIX,1 copy 25.json,"64960,65079,65108,65124"
283,tỏi băm,tỏi,garlic,Tỏi băm,high,,3,"Bánh hỏi thịt heo | Heo quay kho cà chua | Cánh Gà Nấu Rượu Vang, Sốt Cà Chua Và Rau Củ",HAS_FIX,1 copy 25.json,"6004,8460,14162"
284,mắm tỏi ớt,hành tỏi ớt,garlic chili mix,Nước mắm tỏi ớt,high,,3,Gỏi Rau Má Tôm Đất | Gỏi Thịt Bò Hoa Chuối | Rau Tiến Vua Xào Lạp Xưởng,HAS_FIX,1 copy 25.json,"6055,6236,12484"
285,Nấm đông cô khô,nấm hương,shiitake mushroom,Nấm đông cô khô,high,,3,Gà xào nấm cải thìa | Nấm đông cô kho gừng,HAS_FIX,1 copy 25.json,"6395,14889,62398"
286,Dầu mè,dầu vừng,sesame oil,Dầu mè,high,,3,Gà xào nấm cải thìa | Súp Sò Điệp Bong Bóng Cá | Nấm Và Bông Cải Sốt Tóc Tiên Chay,HAS_FIX,1 copy 25.json,"6408,9042,15793"
287,ớt xanh đỏ,ớt xanh,green chili,Ớt,high,,3,Cá Chim Hấp Nước Tương Kiểu Hongkong | Đậu hũ và tàu hũ ky cuộn rim sả ớt (món chay) | Cá Bạc Má Kho Hành Tăm,HAS_FIX,1 copy 25.json,"6431,9129,10670"
288,Bắp non,bắp ngọt,sweet corn,Bắp non,high,,3,Rau Củ Xào Ngũ Sắc | Bông cải baby xào bắp non & nấm hầu thủ | Mực Xào Nấm Rau Củ,HAS_FIX,1 copy 25.json,"6465,8805,59565"
289,bột bánh xèo,Bột làm bánh,flour,Bột bánh xèo,high,,3,Bánh tôm chiên khoai lang | Bánh khọt nhân tôm thịt | Bánh xèo nhân tôm,HAS_FIX,1 copy 25.json,"6483,8147,8958"
290,tôm tươi,tôm sú,shrimp,Tôm tươi,high,,3,Mì xào tôm kiểu Thái | Gỏi Miến Hải Sản | Gỏi trái cóc tôm thịt,HAS_FIX,1 copy 25.json,"6492,17037,20301"
291,lát gừng,lá gừng,ginger leaves,Gừng,high,,3,Cá thu chiên không tanh | Óc Heo Chiên Trứng | SP.0844 - Mực Hấp Cải Muỗng Xốt Dầu Hào,HAS_FIX,1 copy 25.json,"6898,10427,20067"
292,ngỗ,rau om,rice paddy herb,Rau ngổ,high,,3,Canh Thịt Bò Nấu Cải Chua | Canh Chua Giá Đỗ Nấm Kim Châm | Canh Bí Đỏ Nấu Thịt,HAS_FIX,1 copy 25.json,"7119,11343,13553"
293,đầu hành,hành lá,green onion,Đầu hành lá,high,,3,Canh bí xanh nấu rong biển tôm khô | Canh cà chua nấu mực | Canh mùng tơi nấu bạch tuộc và thịt xay,HAS_FIX,1 copy 25.json,"7207,7635,10904"
294,Thính gạo,bột gạo,rice flour,Thính gạo,high,,3,Chạo nấm chay | Da heo luộc trộn thính | Nấm trộn thính cuốn lá sung,HAS_FIX,1 copy 25.json,"7266,9391,10482"
295,thịt rang,thịt heo,pork,Thịt heo,medium,Thịt heo rang trong món chả cá,3,"Chả cá, thịt và tóp mỡ sốt cà | Dưa leo cà rốt xào thịt | Trứng chiên thịt rang",HAS_FIX,1 copy 25.json,"7613,7816,18221"
296,thịt bò xay,thịt vai bò,beef shoulder,Thịt bò xay,high,,3,Tacos bò băm | Pizza bò ngô | Bò lá lốt chấm mắm nêm,HAS_FIX,1 copy 25.json,"7947,14631,15099"
297,chanh vàng,chanh,lime,Chanh vàng,high,,3,"Sinh Tố Dưa Leo Táo Xanh & Rau Chân Vịt Detox | Salad Trộn Trứng Luộc, Cá Cơm Muối & Nụ Bạch Hoa | Cá hồi nướng chanh vàng",HAS_FIX,1 copy 25.json,"7951,18897,40769"
298,t,tỏi,garlic,,low,Ký tự 't' quá mơ hồ,3,Mít non kho rau răm và chao | Cá Giò Kho Cải Chua | Món chay thường ngày | Nấm đùi gà một nắng om xì dầu,UNCERTAIN,1 copy 25.json,"7972,9669,57972"
299,măng tươi,mồng tơi,malabar spinach,Măng tươi,high,,3,"Thịt gà xào măng | Canh Giò Heo Nấu Măng | Gỏi măng, tôm",HAS_FIX,1 copy 25.json,"8028,18086,18134"
300,lá é,lá,leaves,Lá é,high,,3,"Lẩu nấm lá é | Cà Pháo, Cà Đắng Giã Cá Khô | Canh giò heo lá é",HAS_FIX,1 copy 25.json,"8240,11103,28314"
301,Nước đá,nước,water,Đá viên,high,Dùng để ngâm rau giữ độ giòn,3,Rau muống ngâm chua | Bí quyết để có GAN heo mềm ngon | Mì Cật Bò Viên,HAS_FIX,1 copy 17.json,"8281,16474,31836"
302,t tươi,ớt,chili pepper,Ớt tươi,high,Lỗi gõ thiếu chữ Ớ,3,Măng Xào Hành Tây Rau Răm Chay | Rau tần ô trộn | 🌱 Bún Cà Chua Nấm Rơm Đậu Hủ Chay,HAS_FIX,1 copy 17.json,"8347,59193,59393"
303,dầu hào chay,dầu hào,oyster sauce,Dầu hào chay,high,,3,Súp lơ xào nấm lộc nhung (món chay) | Nấm Và Bông Cải Sốt Tóc Tiên Chay | 🌱 Cơm Chiên Nấm Bào Ngư Cay (Vegan),HAS_FIX,1 copy 17.json,"8631,15795,32661"
304,hành phi,hành lá,green onion,Hành phi,high,,3,Rau càng cua sốt dầu giấm | Bánh Tráng Cuốn Đậu Hủ Muối Tôm Hành Phi | Gỏi rau muống gà xé phay,HAS_FIX,1 copy 17.json,"8838,17294,52469"
305,ớt xay,ớt xanh,green chili,Ớt xay,high,,3,Bún BÒ xào Nam bộ | Đậu Hũ Lắc Sa Tế Chay | Tôm chiên nckd,HAS_FIX,1 copy 17.json,"9225,12794,19321"
306,mộc nhĩ,nấm mèo,wood ear mushroom,Mộc nhĩ,high,,3,"Cải bắp cuộn tôm, thịt | Bánh đa tôm, mọc, chả cá | Chả giò cá rô phi",HAS_FIX,1 copy 17.json,"9615,12993,18218"
307,t hiểm,ớt hiểm,bird chili,Ớt hiểm,high,Lỗi gõ thiếu chữ Ớ,3,Cá bông lau kho sốt tiêu | Mực Hấp Cuốn Bánh Tráng | Canh Đầu Cá Mackerel Nấu Cà Chua & Ớt Chuông,HAS_FIX,1 copy 17.json,"9867,11755,25955"
308,bí đao,bí xanh,winter melon,Bí đao,high,,3,Canh bí đao nấu cùng thịt xay | Canh bí đao nấu giò heo | Canh bí đao nấu tôm biển,HAS_FIX,1 copy 17.json,"10194,21022,21303"
309,nước sôi,nước,water,Nước sôi,high,,3,Cá Bạc Má Kho Hành Tăm | Cá Nục Hấp Kho Cà Bằng Nồi Áp Suất | Đậu hũ nước đường trân châu cà phê,HAS_FIX,1 copy 17.json,"10694,32741,37468"
310,dầu dừa,dừa,coconut,Dầu dừa,high,,3,Pancake rau bina | Đậu hũ chấm mắm tôm với lá tía tô và kinh giới | Bánh bao gạo lứt gà nấm 🐤🥕🍄,HAS_FIX,1 copy 17.json,"10726,33080,47676"
311,Trứng,Trứng gà,Chicken Egg,Trứng,high,,3,Mì Udon trộn Kim chi thịt băm🍜 | Thịt ba chỉ chiên giòn | Súp cua,HAS_FIX,1 copy 17.json,"10878,27529,47071"
312,thịt nạc vai heo,thịt nạc dăm,pork shoulder,Thịt nạc vai heo,high,,3,Thịt heo nướng mắm ruốc | SP.0924 - Thịt Vai Heo Xào Cải Thìa | Thịt heo chiên (nướng),HAS_FIX,1 copy 17.json,"10882,12936,14746"
313,nấm linh chi nâu,nấm linh chi,lingzhi mushroom,Nấm linh chi nâu,high,,3,Canh cải thảo nấu nấm | Canh rau muống thịt bò | Canh chua nấm linh chi nâu,HAS_FIX,1 copy 17.json,"10886,18093,29487"
314,Hành lá hành củ gia vị,hành lá,green onion,"Hành lá, hành củ",high,,3,"Mì udon nấu cà chua, ớt chuông, nấm kim châm | Nấm sò yến nấu cà chua, trứng | Canh bí xanh nấu tôm và nấm đùi gà",HAS_FIX,1 copy 17.json,"11396,17299,19174"
315,thịt,thịt heo,pork,Thịt,high,,3,Khoai Tây Xào Thịt Ngẫu Hứng | Đậu làng Mơ rim thịt băm | Trứng chiên cá cơm,HAS_FIX,1 copy 17.json,"12376,17368,17782"
316,Hành phi,hành tỏi,garlic and onion,Hành phi,high,,3,Bún Riêu Cua Bắp Bò | Gỏi Rau Tiến Vua Chả Lụa | Vả Trộn Tôm Thịt,HAS_FIX,1 copy 17.json,"12433,52422,52641"
317,thịt bò bằm,Thịt băm,Minced pork,Thịt bò băm,high,,3,"Rau Tiến Vua Xào Thịt Bò Bằm | Canh thịt bò bằm nấu nấm hương tươi, khoai tây, cà rốt | Cơm Thịt Bò Bỏ Lò Với Ớt Chuông Ăn Kèm Thịt Bò Viên Áp Chảo",HAS_FIX,1 copy 17.json,"12448,14074,20422"
318,mắm tỏi ớt,nước mắm,fish sauce,Nước mắm tỏi ớt,high,,3,Gỏi Sứa Rau Muống | Cá Hố Chiên Xoài Bằm Mắm Tỏi Ớt | Cá Cơm Sữa Chiên Giòn,HAS_FIX,1 copy 17.json,"12917,18786,37628"
319,sò gấc,sò,clam,"Sò, gấc",medium,Sò và thịt gấc nấu cháo,3,Cháo sò gấc nấm 🍄‍🟫 rong biển | Cháo hạt mix sò gấc rau ngót 🌿 phô mai 🧀 | Cháo sò gấc nấm đùi gà 🍄 phô mai,HAS_FIX,1 copy 17.json,"13635,26665,27089"
320,rượu vang trắng,rượu,cooking wine,Rượu vang trắng,high,,3,"Cánh Gà Nấu Rượu Vang, Sốt Cà Chua Và Rau Củ | Tôm Xanh Hấp Rượu Vang Trắng | Mì Bò Stroganoff - Beef Stroganoff Pasta",HAS_FIX,1 copy 17.json,"14158,43006,47306"
321,rau húng quế,rau húng chó,mint,Húng quế,high,,3,Phở Sườn Bò | Thịt xay chả cá rang mắm ruốc | Gỏi Dưa Leo Tai Heo Cà Rốt Vetula,HAS_FIX,1 copy 17.json,"14661,15004,25932"
322,vừng,dầu vừng,sesame oil,Vừng,high,,3,Thịt chiên vừng | Thịt xay rim cà chua | Mực khô xào cay Hàn Quốc (진미채 볶음),HAS_FIX,1 copy 17.json,"14798,14799,40808"
323,bơ đậu phộng,đậu phộng,peanut,Bơ đậu phộng,high,,3,SP.0912 - Ba Rọi Heo Hồng Xíu | Bò Bía Chay | Bánh trung thu con heo,HAS_FIX,1 copy 17.json,"14885,32600,47556"
324,cua lột,cua,crab,Cua lột,high,,3,Cua Lột Chiên Bột | Cua lột chiên xù | Cua lột chiên giòn sốt dầu hào,HAS_FIX,1 copy 17.json,"15672,27404,27462"
325,dầu hạt lanh,dầu hạt nho,grapeseed oil,Dầu hạt lanh,high,,3,"Salad Rau Diếp Xoăn, Bắp Cải Tím & Ức Gà Áp Chảo | Cá Đuối Luộc Súp Bouillon Kèm Đậu Hà Lan Cà Rốt | Salad Cá Trích Xông Khói",HAS_FIX,1 copy 17.json,"16087,19559,19669"
326,Nước hầm xương,nước,water,Nước hầm xương,high,,3,Bánh canh chả cá | SP.0750 - Mực Nhúng Giấm | Bún cá chấm,HAS_FIX,1 copy 17.json,"16484,30306,47166"
327,Tỏi ớt,tỏi,garlic,"Tỏi, ớt",high,,3,Cơm thịt khìa (kiểu cơm tấm Long Xuyên) | Cá cơm than hấp cuốn bánh tráng | Mực kim um dầu,HAS_FIX,1 copy 17.json,"16572,19847,20924"
328,nươc côt dưa,sữa dừa,coconut milk,Nước cốt dừa,high,Lỗi gõ thiếu dấu,3,"Bánh xèo tôm thịt,nấm bào ngư ăn kèm rau cải xanh và rau sống | Chè trôi nước 4 màu tự nhiên từ rau củ quả | Bánh da lợn khoai lang tím 💜",HAS_FIX,1 copy 17.json,"17950,43818,44605"
329,chuối xanh,chuối,banana,Chuối xanh,high,,3,Thịt nhồi chuối xanh | Cá kho chuối xanh | Bún cá cuốn,HAS_FIX,1 copy 17.json,"18034,25601,36845"
330,đậu chiên,đậu hũ,tofu,Đầu hũ chiên,high,,3,Rau củ xào chay | Bún chả cá thìa là,HAS_FIX,1 copy 17.json,"18355,23931,53184"
331,củ hành khô,hành tím,shallot,Hành khô,high,,3,"Thịt băm xào ngô ngọt | Pizza thịt băm xúc xích ngô ngọt | Nui sốt, thịt băm, kem tươi, phô mai",HAS_FIX,1 copy 17.json,"19030,19943,19948"
332,bắp cải tím,bắp cải,cabbage,Bắp cải tím,high,,3,"Bắp cải tím xào thịt heo | Gỏi chay : bắp cải tím, nấm đùi gà, đậu hũ | Bắp cải tím xào gan heo",HAS_FIX,1 copy 17.json,"19032,22165,27242"
333,mực nang,mực,squid,Mực nang,high,,3,Mực nang xào cần tây | Mực nang xào dưa cải | Bún Mực Nang Baby,HAS_FIX,1 copy 17.json,"20431,25755,64973"
334,khóm tỏi,tỏi,garlic,"Dứa, tỏi",high,Khóm là tên gọi khác của dứa,3,"Hải sản Phú Quý hấp: mực ống, cua gạo, cua mặt trăng và nhum tươi | Vào bếp cùng con: gỏi đu đủ Thái không tôm, không cay | Bún đậu mắm tôm Halloween với chả đậu hũ, lưỡi heo, và lòng non",HAS_FIX,1 copy 17.json,"20869,44954,45591"
335,lá kim,lá,leaves,Lá kim,high,Rong biển khô Hàn Quốc,3,Rau giá trộn lá kim | Lá kim cuốn đậu phụ rim | Đậu hũ trứng cuộn lá kim sốt cay,HAS_FIX,1 copy 17.json,"21247,21434,30255"
336,mè,rau mè,perilla leaves,Vừng,high,Mè còn gọi là vừng,3,Salad thanh cua dưa leo lạnh | Thịt heo normandy và phô mai | Cá Diêu Hồng Chiên Mè Cuốn Bánh Tráng Sắn,HAS_FIX,1 copy 17.json,"21394,41064,63744"
337,dầu Olive,ô liu,olive,Dầu ô liu,high,,3,"Trứng Chiên Dưa Leo Tôm Áp Chảo | Nấm Mỡ Sốt Bơ Tỏi | Cá Thu, Nấm Mỡ, Khoai Tây Đút Lò Kèm Sốt Cam Bơ",HAS_FIX,1 copy 17.json,"21478,34705,61234"
338,bột ớt Hàn Quốc,ớt,chili pepper,Bột ớt Hàn Quốc,high,,3,Thịt ba rọi 1 nắng áp chảo | Nấm Rơm Kho Tiêu Xanh | Mỳ Ý thịt lợn sốt bơ tỏi,HAS_FIX,1 copy 17.json,"21810,42479,44140"
339,cá hồng,cá diêu hồng,tilapia,Cá hồng,high,,3,Cá Hồng một nắng sốt chua ngọt | Bún cá hồng chấm | Cá Hồng Biển Chiên Muối Sả,HAS_FIX,1 copy 17.json,"21856,27773,27832"
340,phomai,Bột phô mai,cheese powder,Phô mai,high,,3,Thịt bò viên nướng phomai bằng nckd | Steak bò sốt phomai | Tôm càng nướng phomai,HAS_FIX,1 copy 17.json,"21950,22017,41978"
341,phô mai con bò cười,thịt bò,beef,Phô mai,high,,3,"Soup nấm, bí đỏ, phô mai | Hàu Nướng Phô Mai Con Bò Cười | 💚 Bánh Hotdog Tam Giác Nhân Phô Mai Bò Cười",HAS_FIX,1 copy 17.json,"22177,28942,42719"
342,cá cam,cam,orange,Cá cam,high,,3,Cá cam kho tộ | Mì lá cuốn cá cam nướng | Canh chua cá cam bò viên (phiên bản vét tủ lạnh),HAS_FIX,1 copy 17.json,"22355,25057,41432"
343,hành tây tím,hành tím,shallot,Hành tây tím,high,,3,Mực Xào Thập Cẩm | Salad Thịt Bằm Trứng | Lẩu cá tầm Đà Lạt,HAS_FIX,1 copy 17.json,"22693,26524,46538"
344,mỡ heo,thịt heo,pork,Mỡ heo,high,,3,Mực nang xào tóp mỡ | Bánh hỏi thịt nướng | Cá CƠM trổng kho cay,HAS_FIX,1 copy 17.json,"22719,30542,64575"
345,rau củ hỗn hợp,rau sống,fresh herbs,Rau củ hỗn hợp,high,,3,Nem bơ hải sản | SP.0796 - Súp Tóc Tiên Thịt Viên | SP.0785 - Cơm Rang Cá Mặn Hải Sản,HAS_FIX,1 copy 17.json,"22791,25458,26169"
346,tôm lột,tôm thẻ loại to,shrimp,Tôm bóc vỏ,high,,3,Cơm bento: Gấu koala hồng đáng yêu (Đậu hũ xào tôm nấm) | Bún Nưa Nấu Tôm & Rong Biển | Phở xào tôm 🦐,HAS_FIX,1 copy 17.json,"23178,25673,45332"
347,Mắm ruốc Huế,nước mắm,fish sauce,Mắm ruốc,high,,3,Bún bò gân chả bì đơn giản | Bánh canh cá lóc Huế | Thịt kho mắm ruốc tóp mỡ,HAS_FIX,1 copy 17.json,"23362,28482,32302"
348,Nghệ tươi hoặc bột nghệ,Bột (chung),flour,Nghệ,high,,3,Cá trê biển nấu hoa chuối | Đậu hũ xào nghệ lá lốt | Cháo nấm tràm,HAS_FIX,1 copy 17.json,"23536,53390,61702"
349,tôm lột vỏ,tôm thẻ loại to,shrimp,Tôm bóc vỏ,high,,3,Tôm thịt rim cà chua | Cháo nấm mối đen | Salmon with whipping cream sauce (cá hồi sốt kem tươi),HAS_FIX,1 copy 17.json,"23749,26179,32606"
350,thanh cua,cua,crab,Thanh cua,high,,3,"Súp tóc tiên óc heo,thanh cua và tôm | Snack thanh cua | Phở xào vét tủ super rau",HAS_FIX,1 copy 17.json,"24175,35105,40950"
351,bột rau câu dẻo,Bột (chung),flour,Bột rau câu dẻo,high,,3,Rau câu cá chép | Rau câu nhãn kỹ tử | Thạch rau câu trái cây:,HAS_FIX,1 copy 17.json,"24281,27974,37405"
352,Cần tàu,cần tây,celery,Cần tàu,high,,3,Mực Xào Nấm Rau Củ | Cá Đổng Nấu Ngót | Hủ Tíu Mực,HAS_FIX,1 copy 17.json,"24573,26085,32628"
353,bánh đa,bánh tráng,rice paper,Bánh đa nướng,high,Dùng ăn kèm mì Quảng,3,Mì Quảng tôm trứng | Mì Quảng tôm cua nấu bằng mì Chũ | Bánh đa cá ngần + chả cá ngần,HAS_FIX,1 copy 17.json,"24895,28071,63374"
354,dọc mùng bạc hà,bạc hà,mint,Dọc mùng,high,Miền Nam gọi là bạc hà,3,Bún cá lóc | Canh Chua Cá Mú | Lẩu Hải Sản,HAS_FIX,1 copy 17.json,"25016,44070,45070"
355,rau câu,bột rau câu,agar powder,Rau câu,high,Thành phẩm rau câu,3,Sữa chua granola và rau câu cam | Rau câu táo | Bánh táo rau câu,HAS_FIX,1 copy 17.json,"25032,25108,25110"
356,Xương ống,xương gà,chicken bones,Xương ống,high,,3,"Lẩu riêu cua lông/ cà ra | Bún tôm Quảng Ninh | Bún cá, bún cá chấm",HAS_FIX,1 copy 17.json,"25207,29764,36403"
357,trứng,Trứng gà,Chicken Egg,Trứng,high,,3,Vetula: Nui lứt xào trứng ăn với chả mực và rau củ luộc | Hoành thánh tôm thịt | Mắm Cá Chưng,HAS_FIX,1 copy 17.json,"25259,29101,38744"
358,mì soba,mì,noodles,Mì soba,high,,3,Mì soba nấu bò nấm | Mì Soba nấu tôm thịt | Mì Soba Cá Ngừ Súp Miso,HAS_FIX,1 copy 17.json,"25393,25464,41069"
359,củ cải trắng,củ cải,radish,Củ cải trắng,high,,3,"Xương heo hầm khoai tây, dền, cà rốt, củ cải trắng | Củ cải trắng hấp thịt | Thăn Heo Kho Tiêu Với Cà Rốt Và Củ Cải Trắng (Dùng Gói Gia Vị Kho Có Sẵn)",HAS_FIX,1 copy 17.json,"25498,36508,40893"
360,khoai lang tím,khoai lang,sweet potato,Khoai lang tím,high,,3,Súp thịt gà khoai lang tím đậu hũ non | Cháo thịt heo khoai lang tím 🍠 | Súp tôm các loại củ,HAS_FIX,1 copy 17.json,"25567,25893,47352"
361,lá cà ri,lá,leaves,Lá cà ri,high,,3,"Bún hải sản chua ngọt thanh nhẹ | Bánh mì ciabatta kẹp tôm | Thịt Heo, Đậu Bắp Nấu Sữa Chua Sốt Cà Ri Và Trứng",HAS_FIX,1 copy 17.json,"25777,43051,61813"
362,xương đuôi heo,thịt heo,pork,Xương đuôi heo,high,,3,Canh Củ Sen Hầm Đuôi Heo | Hủ Tíu Mực | Cháo Sườn Nấm - Món Dễ Ăn Cho Người Bệnh,HAS_FIX,1 copy 17.json,"26449,32621,40391"
363,cá giò,Cá bớp,Cobia,Cá giò,high,,3,Canh Cá Giò Nấu Lá Me Non | Canh Cá Giò Nấu Lá Giang | Lẩu Thái Chua Cay Hải Sản 🦐 🐟 🥬,HAS_FIX,1 copy 17.json,"26514,26993,46167"
364,bao tử heo,thịt heo,pork,Bao tử heo,high,,3,Gỏi Bao Tử Heo | Bao tử heo xào rau cải bẹ non | Bao tử heo luộc,HAS_FIX,1 copy 17.json,"26574,38620,38658"
365,dầu,dầu ô liu,olive oil,Dầu ăn,high,,3,Cá liệt kho | Cá chìa vôi nướng muối ớt | Cơm cháy chà bông tôm khô,HAS_FIX,1 copy 17.json,"26622,29229,46797"
366,mắm tép,tép,small shrimp,Mắm tép,high,,3,Thịt chưng mắm tép | Mắm tép chưng thịt | Thịt trưng mắm tép (mắm ruốc),HAS_FIX,1 copy 17.json,"26638,43513,46519"
367,măng chua,măng,bamboo shoots,Măng chua,high,,3,Canh cá thác lác nấu măng chua | Lẩu cá bớp măng chua | Canh măng chua cá ngừ,HAS_FIX,1 copy 17.json,"26834,30041,37354"
368,qua tim heo,thịt heo,pork,Tim heo,high,Lỗi gõ sai 'quả tim',3,Cháo tim heo hạt sen | Tim heo xào đậu cô ve | Tim heo xào mướp,HAS_FIX,1 copy 17.json,"27382,41090,41237"
369,gao,nghêu,clam,Gạo,high,Lỗi gõ thiếu dấu,3,Cháo tim heo hạt sen | Cháo chân bò hầm đậu xanh | Cháo cá hồi,HAS_FIX,1 copy 17.json,"27385,31768,39695"
370,nước tương tamari,nước,water,Nước tương tamari,high,,3,Bông Tỏi Ba Góc Xào Bò Bằm | Salad Cá Trích Xông Khói | Poke Bowl Cá Hồi & Xoài Sốt Tương Gochujang,HAS_FIX,1 copy 17.json,"27859,50877,51038"
371,Hành hoa hành khô,nước,water,"Hành lá, hành khô",high,,3,Đậu non sốt nấm hành (món chay) | Đậu hũ xào mướp đắng | Đậu phụ sốt tương đen,HAS_FIX,1 copy 17.json,"28188,35392,39221"
372,Nước tương Nhật,nước,water,Nước tương Nhật,high,,3,Sushi Gan Cá Monkfish | Sushi Cơm Cuộn Bọc Trứng Cá Chuồn | Cơm bò Gyudon,HAS_FIX,1 copy 17.json,"28630,28887,37426"
373,Mắm cá cơm,cơm,cooked rice,Mắm cá cơm,high,,3,CÁ TAI TƯỢNG chiên xù | Cá lóc nướng sa tế | Cá sa ba nướng giấy bạc,HAS_FIX,1 copy 17.json,"28954,41767,45032"
374,hành tỏi băm nhỏ,tỏi,garlic,"Hành, tỏi băm",high,,3,Ba Rọi Kho Quẹt Rau Luộc | Râu mực sốt me | Canh Gà Nấu Tần Ô Nấm Mỡ,HAS_FIX,1 copy 17.json,"28974,38662,62540"
375,Dầu,dầu ô liu,olive oil,Dầu ăn,high,,3,Cá hộp ba cô gái | KHOAI TÂY CUỘN TÔM - st mẹ Bún | Rau càng cua trộn dầu giấm,HAS_FIX,1 copy 17.json,"29086,32817,39757"
376,rau húng,rau húng chó,mint,Rau húng,high,,3,Hoa chuối trộn tôm thịt | Gỏi đu đủ khô bò | Cá diêu hồng mắm xoài,HAS_FIX,1 copy 17.json,"29191,38415,39348"
377,Bột mì,Bột (chung),flour,Bột mì,high,,3,Bún cá lóc nấu dễ - nhanh - ngon | Cá Viên Chiên Từ Mì Gói | Cá viên tự làm từ đậu hũ (đậu phụ),HAS_FIX,1 copy 17.json,"29282,44961,46770"
378,cá cơm than,cơm,cooked rice,Cá cơm than,high,,3,Cá cơm than nhúng dấm | Cá cơm kho cay | Cá Cơm Than Kho Dầu,HAS_FIX,1 copy 17.json,"29370,30588,35334"
379,bột nếp,Bột (chung),flour,Bột nếp,high,,3,"Bánh nếp nhân thịt | Bánh ít Trần nhân đậu xanh, thịt băm | Tôm sốt kem 🍤",HAS_FIX,1 copy 17.json,"29872,36852,63711"
380,Bánh canh,bánh,cake,Sợi bánh canh,high,,3,"Bánh canh chả cá, thịt bằm | Bánh canh chân nấm củ cải khô | Bánh canh chả cá+ sườn non",HAS_FIX,1 copy 17.json,"30155,41634,47517"
381,ồ ăn kèm,rau sống,fresh herbs,Đồ ăn kèm,high,Lỗi gõ thiếu chữ Đ,3,Cá diêu hồng chiên giòn chấm mắm nêm cá cơm | Bún Riêu Nấu Nấm Đông Trùng Hạ Thảo | Mì Quảng Tôm Thịt Sườn Trứng,HAS_FIX,1 copy 17.json,"30217,35714,38386"
382,Ngò thơm,Hành ngò,mixed herbs,Rau mùi,high,Ngò thơm là rau mùi (ngò rí),3,Canh Cà Chua Trứng Nấm Chả Cua🍥🍅 | Bún Sườn Non Dọc Mùng Nấm Me | Cháo Thịt Bằm Nấu Từ Nước Luộc Gà,HAS_FIX,1 copy 17.json,"30429,38292,40871"
383,bánh hỏi,bánh,cake,Bánh hỏi,high,,3,Bánh hỏi thịt nướng | Bánh hỏi - bò nướng | Bánh Hỏi Thịt Ba Chỉ Nướng,HAS_FIX,1 copy 17.json,"30553,39196,48048"
384,hẹ lá,lá,leaves,Lá hẹ,high,,3,Bánh hỏi thịt nướng | Bún nghệ xào LÒNG HEO | Mì Nấm Chay,HAS_FIX,1 copy 17.json,"30554,51500,53244"
385,Bí đao,bí xanh,winter melon,Bí đao,high,,3,Cháo ếch bí đao | Canh sườn rau quả | Rau củ sắc mùa thu,HAS_FIX,1 copy 17.json,"31379,35192,48170"
386,Cá ngừ,hộp cá ngừ,canned tuna,Cá ngừ,high,,3,Cá ngừ đại dương áp chảo | Cơm chộn rong biển nhân cá ngừ | Bún Cá Ngừ Chả Cá Eat Clean,HAS_FIX,1 copy 17.json,"31550,37206,61266"
387,Nước cốt dừa,nước dừa,coconut water,Nước cốt dừa,high,,3,Thạch rau câu sợi lá dứa – cốt dừa – café | Cá hồi sốt chanh dừa | Tôm xốt cốt dừa,HAS_FIX,1 copy 17.json,"31651,36069,38533"
388,Hạt sen,sen,lotus,Hạt sen,high,,3,Cháo ếch hạt sen | Cháo sườn hạt sen nấm 🍲 | Canh đuôi heo củ sen,HAS_FIX,1 copy 17.json,"31664,34212,35812"
389,Cá,cá hú,pangasius fish,Cá,high,,3,Cá sốt | Cá chiên xù | Kim chi nấu cá viên,HAS_FIX,1 copy 17.json,"31686,34396,45234"
390,Dâu ăn,dầu ăn,Vegetable Oil,Dầu ăn,high,Lỗi gõ sai dấu,3,Mực ống xào mướp và nấm bào ngư | Cá kình kho lạt(kho mẵn) | Đậu hủ nhồi thịt xốt cà chua,HAS_FIX,1 copy 17.json,"31762,32718,39603"
391,tắc,nước tắc,kumquat juice,Quả tắc,high,Còn gọi là quất,3,Tai heo ngâm cóc non | Gỏi ổi khô mực | Lẩu cá tầm Đà Lạt,HAS_FIX,1 copy 17.json,"32236,36219,46541"
392,bột ớt,ớt,chili pepper,Bột ớt,high,,3,"Thịt chiên bột | Pizza Đế Mỏng Với Sốt Cà Homemade, Nấm, & Thịt Nguội | Cá Thu Áp Chảo Và Bí Ngòi Xào Bơ Tỏi",HAS_FIX,1 copy 17.json,"32689,41374,60886"
393,Rau húng quế,quế,Cinnamon,Húng quế,high,,3,Cuốn Bún Đậu Hủ Chấm Mắm Tôm | Bò Bía | 🌱 Bún Tàu Trộn Nấm Xào Giá Chay (Vegan),HAS_FIX,1 copy 17.json,"33024,36017,37421"
394,chuối,hoa chuối,banana blossom,Chuối xanh,high,Cá kho riềng thường dùng chuối xanh,3,Cá kho riềng | 💚 Bánh Mì Sandwich Chuối & Phô Mai Bò Cười 😜 | Đầu cá lăng nấu thịt chuối đậu,HAS_FIX,1 copy 17.json,"33449,47113,63135"
395,dầu mè thơm,Mè (Vừng),sesame seeds,Dầu mè,high,,3,Bánh Xếp Mandu Nhân Thịt & Kim Chi Cay Chiên Nước | Bánh Xếp Nhật Gyoza Nhân Thịt Chiên Áp Chảo | Súp Bắp Cua,HAS_FIX,1 copy 17.json,"33926,47930,51235"
396,whipping,đậu nành,soybeans,Kem tươi whipping,high,,3,Rau câu nén vàng | Bánh trung thu rau câu | Tôm phô mai bỏ lò,HAS_FIX,1 copy 17.json,"34812,34944,35068"
397,Nước tương cho bé,nước,water,Nước tương cho bé,high,,3,Chả cá kiểu Nhật - Gà sốt cà rốt | Bò xào cà rốt cho bé | Cháo ếch singrpore cho bé,HAS_FIX,1 copy 17.json,"34842,46137,48008"
398,Nước chấm chua ngọt,nước,water,Nước chấm chua ngọt,high,,3,"Cá Nướng Cuốn Bánh Tráng | Gỏi Cuốn Ức Gà & Rau Củ Ngũ Sắc | Gỏi Cuốn Tôm, Gà, Trứng, Cà Rốt Và Bún Lứt",HAS_FIX,1 copy 17.json,"35126,36780,41358"
399,lá hẹ,lá,leaves,Lá hẹ,high,,3,Gỏi cuốn tôm thịt | Canh đậu hủ giá hẹ (món chay) | Bánh Canh Gà Nấm Hẹ,HAS_FIX,1 copy 17.json,"36465,37631,40008"
400,Bột hành,Bột (chung),flour,Bột hành,high,,3,Bún cá cay | Nui bò bằm phô mai đút lò | Cơm chiên Hải sản xanh,HAS_FIX,1 copy 17.json,"37302,39623,42425"
401,Sốt sữa chua,sốt,sauce,sốt sữa chua,high,,3,Salad cá hồi sốt sữa chua dễ không tưởng | Salad Rau Diếp Xoăn Trắng (Endive) Táo & Thịt Nguội | Vào bếp cùng con: Taco tôm với tortilla từ bột mì và sốt salsa xoài,HAS_FIX,1 copy 9.json,"37789,39550,40681"
402,Rau củ hỗn hợp,rau sống,fresh herbs,rau củ hỗn hợp,high,,3,Rau củ thuỷ tinh sốt thịt bằm | Nui rau củ | Cơm sốt thịt bằm cà chua,HAS_FIX,1 copy 9.json,"38081,39741,40301"
403,Mỡ hành,mỡ,lard,mỡ hành,high,,3,Bánh tráng trộn cá viên chiên | Bánh tráng trộn thịt băm | Cá lóc nướng sa tế,HAS_FIX,1 copy 9.json,"38557,38566,41765"
404,Súp lơ,súp,soup,súp lơ,high,,3,Cá hồi nướng sốt Teriyaki | Bánh mực cho bé | Bún lứt hầm sườn sụn rau củ,HAS_FIX,1 copy 9.json,"39645,42654,64300"
405,tôm càng,tôm,shrimp,tôm càng,high,,3,Mì Quảng tôm càng | Tôm càng sốt phomai | Tôm càng nướng phomai,HAS_FIX,1 copy 9.json,"41110,41528,41976"
406,Lá mắc mật,thảo mộc,herbs,lá mắc mật,high,,3,Thịt chim nướng lá mắc mật | Thịt rang lá mắc mật | Bò lát chay nướng lá mắc mật,HAS_FIX,1 copy 9.json,"42111,43212,45240"
407,Sốt mè rang,sốt,sauce,sốt mè rang,high,,3,Salad rau củ | Salad ớt chuông rau mầm | Salad tôm bóc nõn - #healthy,HAS_FIX,1 copy 9.json,"43856,50071,54000"
408,đậu hũ trứng,đậu hũ,tofu,đậu hũ trứng,high,,3,Đậu hũ trứng sốt rau củ | Món cho bé : Đậu hũ trứng sốt thịt | Đậu hũ trứng tôm,HAS_FIX,1 copy 9.json,"43917,45641,64326"
409,Nấm,nấm mèo,wood ear mushroom,nấm,high,,3,Rau Củ Luộc Chấm Nước Mắm Dằm Trứng Lòng Đào | Mỳ Ý sốt kem nấm phiên bản dành cho em bé | Ếch áp chảo nước mắm + nấm xào,HAS_FIX,1 copy 9.json,"43998,45740,46248"
410,hành tím tép tỏi,tỏi,garlic,hành tím và tỏi,high,,3,Mực xào sa tế cayy ngon xĩuuuuu 😋😋 #BEPVANG | Bò xào hẹ 😋😋 #bepvang | Mắm linh chưng thịt - Mắm chưng,HAS_FIX,1 copy 9.json,"44157,44762,46701"
411,muôi,gia vị,seasoning,muối,high,Lỗi chính tả của muối,3,Thịt kho trứng cút và đậu hủ | Gỏi nấm bào ngư chay | Lườn cá hồi kho hành ớt,HAS_FIX,1 copy 9.json,"48880,49173,49413"
412,miêng đâu hu,đậu hũ,tofu,đậu hũ,high,Lỗi gõ phím,3,Bún đậu hủ nước tương | Bún riêu cua tóp mỡ | Mì Ý Spaghetti Xốt Nấm Chay,HAS_FIX,1 copy 9.json,"49476,50747,52502"
413,nước tương HQ,nước,water,nước tương,high,HQ là Hàn Quốc,3,Đậu non rim nấm kim châm healthy | Đậu hũ rim Hàn Quốc - Mapo tofu | Tôm rim chua ngọt Hàn Quốc,HAS_FIX,1 copy 9.json,"49564,49923,53698"
414,t xay,Thịt băm,Minced pork,thịt băm chay,medium,Món bò bía chay,3,Bò Bía Chay | Bún Riêu Cua Bắp Bò | Đậu hũ Nhật xào cay,HAS_FIX,1 copy 9.json,"49807,50180,52171"
415,dầu thực vật,dầu bơ,Avocado oil,dầu thực vật,high,,3,Mì Bò Stroganoff - Beef Stroganoff Pasta | Taco Heo Xé và Bắp Cải Trộn - Pulled Pork Tacos & Creamy Coleslaw | Bánh Bao Đài Loan kẹp Heo Giòn Da & Kimchi - Skinny Taiwanese Bao with Crispy Pork & Kimchi,HAS_FIX,1 copy 9.json,"51576,55111,55432"
416,ầu hành,hành lá,green onion,đầu hành,high,Thiếu chữ đ,3,Cá ngừ kho thơm cà chua | Cá điêu hồng kho dầu hào | Giá hẹ xào tôm,HAS_FIX,1 copy 9.json,"51718,51763,60501"
417,Dùng kèm,rau sống,fresh herbs,,low,Đây là hướng dẫn ăn kèm,3,Cuốn Maki Bơ & Cá Ngừ | Sushi Cơm Cuộn Bọc Trứng Cá Chuồn | Sushi Gan Cá Monkfish,UNCERTAIN,1 copy 9.json,"57214,59398,59483"
418,Tôm càng xanh,tôm thẻ loại to,shrimp,tôm càng xanh,high,,2,Tôm Càng Nướng Phô Mai | Lẩu Tôm Càng Xanh Chua Cay,HAS_FIX,1 copy 9.json,"5985,6262"
419,cá dò,cá dìa,rabbitfish,cá dò,high,,2,Cá dò nấu ngọt | Cháo CÁ DÒ,HAS_FIX,1 copy 9.json,"6032,22530"
420,hành phi,hành tỏi,garlic and onion,hành phi,high,,2,"Gỏi Rau Má Tôm Đất | Cháo Cá Nấu Bầu, Nấm Rơm, Trứng Vịt Lộn",HAS_FIX,1 copy 9.json,"6056,7003"
421,heo rừng,thịt heo,pork,thịt heo rừng,high,,2,Heo Rừng Rang Lá Lốt | Mực nướng sa tế - heo rừng nướng chao,HAS_FIX,1 copy 9.json,"6138,42138"
422,Lòng đỏ trứng,Trứng gà,Chicken Egg,lòng đỏ trứng,high,,2,"Mì Ý Xốt Kem Cheese với Bacon, Nấm Mối và Bông Cải Xanh | Bánh mì sandwich bọc rau củ",HAS_FIX,1 copy 9.json,"6635,30580"
423,thịt bò phile,thịt vai bò,beef shoulder,thịt bò phi lê,high,,2,Vòng nguyệt quế (salad xà lách xoong trộn bò) | Bún thịt bò trụng,HAS_FIX,1 copy 9.json,"6646,19716"
424,Bột bắp,bột ngô,cornstarch,bột bắp,high,,2,Thịt Bò Xào Su Hào | Ba chỉ sốt tắc (heo),HAS_FIX,1 copy 9.json,"6663,19306"
425,nạc xay,nạc heo,lean pork,thịt heo nạc xay,high,,2,Chả cá thác lác hấp bầu | Bánh tráng cuộn thịt chiên giòn,HAS_FIX,1 copy 9.json,"6942,17295"
426,Hành phi,hẹ,chives,hành phi,high,,2,Bún Nấm Cá Thác Lác Khổ Qua | Bánh Canh Gà Nấm Hẹ,HAS_FIX,1 copy 9.json,"6953,56883"
427,Giò sống,giò,pork sausage,giò sống,high,,2,Canh Mọc Nấm Hương | Chả Cua (Bún Bò Huế),HAS_FIX,1 copy 9.json,"7716,13779"
428,Nấm hải sản,mỳ hải sản,instant noodles,nấm hải sản,high,,2,Mì (bún) gạo lứt hải sản chua cay | Canh Nấm Hải Sản,HAS_FIX,1 copy 9.json,"7733,8695"
429,Rau cải chíp,cải thìa,bok choy,rau cải chíp,high,,2,Phở xào bò,HAS_FIX,1 copy 9.json,"7770,64397"
430,Hành tím tỏi,hành tím,shallot,hành tím và tỏi,high,,2,"Củ sen, ớt chuông và cà chua nhồi chả cá sốt cà | Cá Trích Kho Tiêu",HAS_FIX,1 copy 9.json,"7809,11686"
431,t bằm,Thịt băm,Minced pork,thịt bằm,high,t là viết tắt thịt,2,Chả nấm kim châm chiên cay | Đậu hũ chiên sốt me sả,HAS_FIX,1 copy 9.json,"7813,59197"
432,rau húng lủi,rau thơm,herbs,rau húng lủi,high,,2,"Thịt Luộc Cà Pháo Mắm Nêm | Gỏi CHÂN GÀ, CÀ PHÁO với TÔM chua",HAS_FIX,1 copy 9.json,"7872,11138"
433,nõn tôm,tôm thẻ loại to,shrimp,nõn tôm,high,,2,Hủ Tíu Xào Tôm | Hủ Tiếu Xào Nõn Tôm Trứng Cút,HAS_FIX,1 copy 9.json,"8013,14099"
434,Nước sốt mè rang,sốt,sauce,sốt mè rang,high,,2,Salad tôm - đậu gà | Salad khế rau củ,HAS_FIX,1 copy 9.json,"8043,23632"
435,Rau bồ ngót Nhật,rau ngót,sweet leaf bush,rau ngót Nhật,high,,2,"Canh bồ ngót Nhật và tôm mực | Canh tôm, bồ ngót Nhật, cà rốt",HAS_FIX,1 copy 9.json,"8119,29300"
436,củ cải khô,củ cải,radish,củ cải khô,high,,2,Cá ngừ kho củ cải khô | Canh Củ Cải Khô Nấu Xương Heo,HAS_FIX,1 copy 9.json,"8165,12389"
437,Măng tươi,mồng tơi,malabar spinach,măng tươi,high,,2,Lẩu nấm lá é | Măng Xào Hành Tây Rau Răm Chay,HAS_FIX,1 copy 9.json,"8225,8333"
438,Cá mó,cá mối,fish,cá mó,high,,2,Cá Mó Chiên Sả | Cá Mó Chiên Giòn - 25 phút,HAS_FIX,1 copy 9.json,"8340,9198"
439,Dầu mè,dầu ăn,Vegetable Oil,dầu mè,high,,2,Cá bạc má kho mía | Nui xào bò,HAS_FIX,1 copy 9.json,"8344,9012"
440,củ Cà rốt,bã củ cà rốt,carrot pulp,cà rốt,high,,2,Thịt Má Đùi Gà Nấu Táo Đỏ Pate | Chả Lụa Cuộn Rau Củ,HAS_FIX,1 copy 9.json,"8356,14171"
441,hoa lơ trắng,bông cải trắng,cauliflower,súp lơ trắng,high,,2,Canh Sườn Heo Hoa Lơ Trắng | SP.0804 - Thăn Heo Xào Hoa Lơ Trắng,HAS_FIX,1 copy 9.json,"8655,24338"
442,t,ớt,chili pepper,,low,Quá ngắn để xác định,2,Cá Tắc Kè nướng mọi | Sụn Heo Kho Sả Ớt,UNCERTAIN,1 copy 9.json,"8808,9773"
443,t tươi,tỏi,garlic,ớt tươi,medium,t tươi thường là ớt,2,Cá Sòng hấp cuốn bánh tráng rau sống | 🌱 Canh Súp Mandu Rong Biển Đậu Hủ Chay,HAS_FIX,1 copy 9.json,"8835,58263"
444,củ sắn,củ đậu,jicama,củ sắn,high,Tên miền Nam cho củ đậu,2,Bánh xèo nhân tôm củ sắn | Củ sắn xào tôm,HAS_FIX,1 copy 9.json,"8977,20825"
445,bóng cá chay,Cá chày,chub fish,bóng cá chay,high,,2,Gỏi bóng cá chay trộn gỏi dưa leo siêu dễ làm | Bóng cá chay rim mè rang,HAS_FIX,1 copy 9.json,"8986,9101"
446,Rau ngò,rau om,rice paddy herb,ngò rí,high,,2,Súp Sò Điệp Bong Bóng Cá | Gỏi nấm tuyết,HAS_FIX,1 copy 9.json,"9032,14860"
447,ngò,rau ngò rí,coriander leaves,ngò rí,high,,2,"Đậu Bắp, Nấm Đông Cô Áp Chảo | Bánh canh cá nục nướng Đà Nẵng",HAS_FIX,1 copy 9.json,"9036,37434"
448,Củ sắn,củ đậu,jicama,củ sắn,high,,2,SP.0995 - Bò Bía Mặn | Bò pía đơn giản tại nhà,HAS_FIX,1 copy 9.json,"9048,20708"
449,Tương đen,sốt,sauce,tương đen,high,,2,SP.0995 - Bò Bía Mặn | Bò pía đơn giản tại nhà,HAS_FIX,1 copy 9.json,"9083,20721"
450,ậu khuôn,đậu hũ,tofu,đậu khuôn,high,Thiếu chữ đ,2,Nấm Đùi Gà Nhồi Chay | Đậu bóp rau răm,HAS_FIX,1 copy 9.json,"9146,15635"
451,Cần nước,cần tây,celery,rau cần nước,high,,2,"Ếch Xào Rau Cần Nước | Mì xào bò,cần nước",HAS_FIX,1 copy 9.json,"9299,34246"
452,Hành lá ớt,hành lá,green onion,hành lá và ớt,high,,2,"Đậu Hủ Kho Thịt Băm, Nấm Hương Sốt Nước Tương | Cơm bento: Mèo con phơi nắng (Cá nục kho thơm)",HAS_FIX,1 copy 9.json,"9795,22352"
453,củ khoai sọ,khoai môn,taro,khoai sọ,high,,2,"Canh cua rau rút khoai sọ | Canh cua nấu khoai sọ, rau muống, rau ngổ",HAS_FIX,1 copy 9.json,"10048,17663"
454,dầu mè,dầu ăn,Vegetable Oil,dầu mè,high,,2,Đậu cuốn nấm kim châm chay | SP.0946 - Bò Xào Đậu Đũa Teriyaki,HAS_FIX,1 copy 9.json,"10199,11763"
455,bí đỏ hồ lô,bí hồ lô,bottle gourd,bí đỏ hồ lô,high,,2,Cháo bí đỏ tôm nõn | Canh bí đỏ thịt viên,HAS_FIX,1 copy 9.json,"10254,14538"
456,da heo quay,heo quay,roast pork,da heo quay,high,,2,Da HEO quay xào dưa cải chua | Dưa chua trộn da heo quay,HAS_FIX,1 copy 9.json,"10316,20793"
457,Nước đá lạnh,nước,water,nước đá,high,,2,Tôm chiên xù kiểu Nhật (Ebi Furai) | Tôm Sốt Trái Thơm Mayonaise,HAS_FIX,1 copy 9.json,"10332,33314"
458,cá điêu hồng,cá diêu hồng,tilapia,cá điêu hồng,high,,2,Canh cải rổ cá điêu hồng | Cá điêu hồng rang lá lốt,HAS_FIX,1 copy 9.json,"10347,11821"
459,hành khô,hẹ,chives,hành tím,high,Hành khô thường là hành tím,2,Thịt heo nướng lá lốt cuốn kèm lá mơ lông | Bạch tuộc xào nấm,HAS_FIX,1 copy 9.json,"10419,11255"
460,Nhân tôm thịt,thịt xay,meat filling,nhân tôm thịt,high,,2,"Há Cảo Nhân Tôm Thịt | Bánh Ướt Trứng Nhân Tôm Thịt (Bột pha sẵn, bột tự pha và tráng bằng chảo)",HAS_FIX,1 copy 9.json,"10461,10534"
461,bí non,bí xanh,winter melon,bí non,high,,2,Bí non xào tôm nõn | Mì rau củ xào bò băm,HAS_FIX,1 copy 9.json,"10507,41772"
462,tương đen,sốt,sauce,tương đen,high,,2,Phở Bò Sài Gòn | Phở Chiên Giòn Xúc Thịt Bò,HAS_FIX,1 copy 9.json,"10514,14914"
463,nước cốt me,nước cốt,extract,nước cốt me,high,,2,Canh chua lườn cá hồi | Canh Chua Giá Đỗ Nấm Kim Châm,HAS_FIX,1 copy 9.json,"10682,11328"
464,hành củ,hành tím,shallot,hành tím,high,Hành củ thường là hành tím,2,Canh chua thịt bằm nấu mùng | Mực ống xào su hào,HAS_FIX,1 copy 9.json,"10697,15207"
465,shrimp tôm,tôm thẻ loại to,shrimp,tôm,high,,2,"Wonton, seafood noodles, crispy chicken (hoành thánh, mì hải sản, gà giòn)",HAS_FIX,1 copy 9.json,"10847,51360"
466,bắp cải,lá bắp cải,cabbage leaves,bắp cải,high,,2,Canh chua tôm bông điên điển | Canh bắp cải bông điên điển nấu thịt vai xay,HAS_FIX,1 copy 9.json,"10979,12724"
467,gạch cua đồng,Trứng cua,Crab roe,gạch cua đồng,high,,2,Sủi cảo xíu mại cua | Bún Riêu Cua Bắp Bò,HAS_FIX,1 copy 9.json,"11048,12432"
468,tỏi khô gia vị,gia vị,seasoning,tỏi,high,,2,"Rau tầm bóp xào tóp mỡ | Canh tôm nấu rau muống, nấm đùi gà",HAS_FIX,1 copy 9.json,"11200,11230"
469,bánh đa,bánh đa mè,sesame rice cracker,bánh đa,high,,2,Bánh đa cá ngần + chả cá ngần | Rau bò khai xào bánh đa nắm Quỳnh Côi,HAS_FIX,1 copy 9.json,"11355,16830"
470,Hành lá hành củ,hành lá,green onion,hành lá và hành tím,high,,2,"Canh chua cá ngần | Thịt vịt xào măng, ớt chuông, hành tây",HAS_FIX,1 copy 9.json,"11374,13062"
471,bắp,bắp ngọt,sweet corn,bắp chuối,medium,Ăn kèm Mì Quảng,2,Mì Quảng gà cá tôm | Vetula: Nui lứt xào trứng ăn với chả mực và rau củ luộc,HAS_FIX,1 copy 9.json,"11400,25258"
472,Nấm lộc nhung khô,nấm kim châm,enoki mushroom,nấm lộc nhung,high,,2,Canh bí xanh nấm lộc nhung | Miến xào rau cần nấm lộc nhung,HAS_FIX,1 copy 9.json,"11587,14219"
473,thịt quay,thịt heo,pork,thịt heo quay,high,,2,Thịt quay kho nước tương | Ớt chuông xào đậu que và heo quay,HAS_FIX,1 copy 9.json,"11626,11901"
474,Tỏi ớt,hành tỏi ớt,garlic chili mix,tỏi và ớt,high,,2,"Thịt heo xào húng Thái “Pad Krapow Moo” 🌿 | Gỏi mực nang, su hào",HAS_FIX,1 copy 9.json,"11982,13439"
475,Tỏi hành tím,hành tím,shallot,tỏi và hành tím,high,,2,SP.0941 - Thịt Bò Xào Ớt Chuông Tàu Xì | Bánh canh phồng tôm nấu tôm,HAS_FIX,1 copy 9.json,"11994,14411"
476,rau bồ ngót,rau bồng,sea vegetable,rau ngót,high,,2,Canh Rau Ngót Nấu Mọc | Canh Rau Bồ Ngót Nấu Giò Sống,HAS_FIX,1 copy 9.json,"12248,12267"
477,thịt thăn bò,nạc thăn,pork tenderloin,thịt thăn bò,high,,2,Bò Xào Lúc Lắc | Bò xào ớt chuông,HAS_FIX,1 copy 9.json,"12380,13255"
478,cà chua beef,cà chua,tomato,cà chua beef,high,,2,Bò Xào Lúc Lắc | Đậu Hũ Sốt Thịt Cà Chua,HAS_FIX,1 copy 9.json,"12398,14690"
479,Mắm tôm,nước mắm,fish sauce,mắm tôm,high,,2,Bún Riêu Cua Bắp Bò | Cá điêu hồng om dưa,HAS_FIX,1 copy 9.json,"12435,44329"
480,Hành ngò,hành lá,green onion,hành lá và ngò rí,high,,2,Canh bí đỏ thịt vai xay nấu con ruốc | Thịt vai heo kho củ cải,HAS_FIX,1 copy 9.json,"12722,12732"
481,thịt vai,thịt nạc dăm,pork shoulder,thịt nạc vai,high,,2,Cá nục nhí kho thịt vai heo | Thịt rang dừa,HAS_FIX,1 copy 9.json,"12744,30052"
482,hành lá hành củ,hành lá,green onion,hành lá và hành tím,high,,2,"Măng sặt xào thịt bò | Canh thịt bò bằm nấu nấm hương tươi, khoai tây, cà rốt",HAS_FIX,1 copy 9.json,"13061,14092"
483,mực khô,mực,squid,mực khô,high,,2,Mực xào cần tây rau củ 🥗 | Hũ Tiếu Hải Sản,HAS_FIX,1 copy 9.json,"13386,17619"
484,cây nấm đông cô tươi,nấm hương,shiitake mushroom,nấm đông cô tươi,high,,2,Nem Gà Nấm,HAS_FIX,1 copy 9.json,"13855,62680"
485,thịt sườn,ức gà,chicken breast,sườn heo,high,,2,Thịt sườn kho nước dừa | Thịt sườn thăn kho nước dừa,HAS_FIX,1 copy 9.json,"13927,20291"
486,thịt nạc,nạc heo,lean pork,thịt nạc heo,high,,2,Canh khoai lang nấu thịt bằm | Canh rau xà lách nấu thịt,HAS_FIX,1 copy 9.json,"14078,14083"
487,Hành khô hành lá,hành lá,green onion,hành tím và hành lá,high,,2,Canh khoai lang nấu thịt bằm | Trứng đúc thịt băm rang,HAS_FIX,1 copy 9.json,"14093,39123"
488,Rau cần nước,cần tây,celery,rau cần nước,high,,2,Miến xào rau cần nấm lộc nhung | Bún cá nấu thơm (dứa)| Lẩu cá chay,HAS_FIX,1 copy 9.json,"14218,24525"
489,tôm,ram tôm,shrimp rolls,tôm,high,,2,Ram rế tôm thịt | Tôm ram,HAS_FIX,1 copy 9.json,"14544,45653"
490,Rau ôm ngò gai,ngò gai,culantro,rau om và ngò gai,high,,2,Canh bí đỏ thịt viên | Canh bí đỏ thịt xay gà xé,HAS_FIX,1 copy 9.json,"14549,19665"
491,táo đỏ,táo tàu,jujube,táo đỏ,high,,2,Đuôi Heo Hầm Sâm Ngọc Linh | Đuôi bò hầm đậu ngự thuốc bắc,HAS_FIX,1 copy 9.json,"14602,44831"
492,bánh mì,bánh mì sandwich,sandwich bread,bánh mì,high,,2,Da heo chay cháy tỏi ớt (chay) | Giò heo cuộn chiên giòn (món chay),HAS_FIX,1 copy 9.json,"14892,24093"
493,cá khô,cá kình,fish,cá khô,high,,2,Cá khô nướng chấm mắm me | Cơm rang cá mặn,HAS_FIX,1 copy 9.json,"15027,18546"
494,tương bần,nước mắm,fish sauce,tương bần,high,,2,Bò/bê luộc chấm tương bần | Cá trắm kho trám,HAS_FIX,1 copy 9.json,"15029,52008"
495,mắm tép,nước mắm,fish sauce,mắm tép,high,,2,"Thịt ba chỉ rim mắm tép | Mắm tép rang tôm khô, thịt",HAS_FIX,1 copy 9.json,"15054,16688"
496,đậu,đậu hũ,tofu,đậu hũ,medium,Phổ biến trong món om,2,Cá đuối om | Đậu hũ kho thịt,HAS_FIX,1 copy 9.json,"15156,25762"
497,tôm,chả tôm,shrimp cake,tôm,high,,2,Chả tôm thịt | Chả tôm mực sốt teriyaki,HAS_FIX,1 copy 9.json,"15192,42985"
498,hành baro,hành lá,green onion,hành baro,high,,2,Bắp bò luộc kiểu Hàn 사태수육 | 순두부찌개- Canh đậu phụ non Hàn Quốc,HAS_FIX,1 copy 9.json,"15230,53509"
499,ăn kèm,rau sống,fresh herbs,,low,Đây là hướng dẫn ăn kèm,2,📣 Thịt bò xào húng quế kiểu Thái 🥩🫑🧅🌿,UNCERTAIN,1 copy 9.json,"15862,62225"
500,Mì trứng,Trứng gà,Chicken Egg,mì trứng,high,,2,Mì bò đài loan | Lẩu Bò Tiềm (Bò Nạm và Bò Viên),HAS_FIX,1 copy 9.json,"16001,43993"
501,thịt nướng,thịt heo,pork,Thịt nướng,high,,2,Bún thịt nướng đậu hũ | Cơm nắm rong biển thịt nướng,HAS_FIX,1 copy 35.json,"16364,18124"
502,chay khô,chay,vegetarian,Quả chay khô,high,"Quả chay dùng để kho cá, vị chua",2,Cá mối kho chuối xanh | Cá thu vẩy sốt cà chua,HAS_FIX,1 copy 35.json,"16569,16685"
503,ớt băm,ớt hiểm,bird chili,Ớt băm,high,,2,Cá Bống Giậm Kho Khô | Đậu Đũa Xào Sa Tế Tôm và Mắm Belacan Malaysia,HAS_FIX,1 copy 35.json,"16664,16802"
504,Sốt lẩu Thái,cốt lẩu,hot pot base,Sốt lẩu Thái,high,,2,Canh rau muống nấu nghêu chua cay | Lẩu Thái nhúng bò nấm và rau,HAS_FIX,1 copy 35.json,"16680,17884"
505,rau húng lủi,rau húng chó,mint,Rau húng lủi,high,,2,Gỏi Đu Đủ Xanh Tôm Thịt | Gỏi trái cóc tôm thịt,HAS_FIX,1 copy 35.json,"16713,20302"
506,sốt bulgogi,sốt,sauce,Sốt bulgogi,high,,2,Mì lạnh ăn kèm thịt nướng sốt bulgogi | Gan lợn ướp sốt bulgogi nướng,HAS_FIX,1 copy 35.json,"17231,42380"
507,nấm sò yến,nấm bào ngư,oyster mushroom,Nấm sò yến,high,,2,"Nấm sò yến nấu cà chua, trứng | Canh rau diếp nấu nấm (món chay)",HAS_FIX,1 copy 35.json,"17297,29840"
508,Hành lá rau răm thì là,thì là,dill,"Hành lá, rau răm, thì là",high,,2,Cá song nấu canh chua | Cá trôi sốt cà chua,HAS_FIX,1 copy 35.json,"17332,17512"
509,cải đắng,cải thảo,napa cabbage,Cải bẹ xanh,high,Cải đắng là tên gọi khác của cải bẹ xanh,2,"Canh củ nấu cá quả, tôm | Canh gà nấu cải đắng và nấm đông cô",HAS_FIX,1 copy 35.json,"17499,17878"
510,lá húng quế bạc hà,bạc hà,mint,"Húng quế, bạc hà",high,,2,Phở khô trộn nấm đông cô (món chay),HAS_FIX,1 copy 35.json,"17570,53228"
511,mỡ phần,mỡ heo,lard,Mỡ phần,high,,2,Rau muống xào tóp mỡ | Bánh đa cua Hải Phòng,HAS_FIX,1 copy 35.json,"17911,34122"
512,thịt,thịt viên,meatballs,Thịt viên,high,,2,Mì gạo nấu thịt viên | Canh khoai tây cà rốt nấu thịt viên,HAS_FIX,1 copy 35.json,"18095,19867"
513,rau cải xanh,cải bẹ xanh,mustard greens,Rau cải ngọt,high,Dựa trên tên món ăn,2,Canh Cải Ngọt Nấu Tôm Biển | Bánh xèo nấm chay,HAS_FIX,1 copy 35.json,"18127,37614"
514,ớt sừng củ tỏi,hành tỏi ớt,garlic chili mix,"Ớt sừng, tỏi",high,,2,Cá chim sốt mắm tỏi | Cá sòng chiên mắm tỏi,HAS_FIX,1 copy 35.json,"18498,28151"
515,tàu hủ,tàu hũ ky,tofu skin,Đậu hũ,high,,2,Cá rô phi chiên giòn(món chay) | Tàu hủ và thịt sốt sa tế,HAS_FIX,1 copy 35.json,"18889,35840"
516,Tỏi ớt gừng,hành tỏi ớt,garlic chili mix,"Tỏi, ớt, gừng",high,,2,Gỏi gân bò cóc non | Khô cá đù chiên giấm gừng 🧄🌶️,HAS_FIX,1 copy 35.json,"19050,24675"
517,nõn tôm biển,tôm viên,shrimp balls,Nõn tôm biển,high,,2,Mì Quảng Xào Tôm Thịt Eat Clean,HAS_FIX,1 copy 35.json,"19272,61263"
518,cá róc con,cá lóc,snakehead fish,Cá lóc,high,Róc là biến âm vùng miền của Lóc,2,Cá Róc Chiên Cà Ri,HAS_FIX,1 copy 35.json,"19298,61040"
519,thịt bắp giò,giò heo,pork hock,Thịt bắp giò,high,,2,"Thịt bắp heo kho củ cải | Thịt bắp giò kho măng, nấm hương",HAS_FIX,1 copy 35.json,"19481,53541"
520,lạc rang,đậu phộng,peanut,Lạc rang,high,,2,Nộm tép (hoặc tôm) | Bím bò chua ngọt,HAS_FIX,1 copy 35.json,"19540,32806"
521,lòng đỏ trứng gà,Trứng gà,Chicken Egg,Lòng đỏ trứng gà,high,,2,Món Pháp Blanquette De Veau - Thịt Bê Hầm Cà Rốt Nấm Phủ Sốt Bơ Trứng | Tôm hùm nướng phomai,HAS_FIX,1 copy 35.json,"19606,43345"
522,Rau cải xanh,cải bẹ xanh,mustard greens,Rau cải xanh,high,,2,Canh cải xanh nấm thì là | Bún khế chả cá,HAS_FIX,1 copy 35.json,"20006,32704"
523,ngao,nghêu,clam,Ngao,high,,2,Rau dền cơm nấu ngao | Rau bí nấu ngao,HAS_FIX,1 copy 35.json,"20016,41394"
524,t tỏi,bột tỏi,garlic powder,Tỏi,high,Lỗi gõ thiếu từ tỏi,2,Cá ngừ hấp | Bò nhúng mẻ,HAS_FIX,1 copy 35.json,"20031,20319"
525,đậu hũ non,đậu hũ,tofu,Đậu hũ non,high,,2,Đậu hũ non sốt nấm đông cô | Đậu hũ lướt ván,HAS_FIX,1 copy 35.json,"20128,43930"
526,tôm bóc vỏ,tôm thẻ loại to,shrimp,Tôm bóc vỏ,high,,2,Tôm rim bơ tỏi | Cần tây xào hải sản,HAS_FIX,1 copy 35.json,"20929,23690"
527,nước luộc thịt,nước hầm xương,broth,Nước luộc thịt,high,,2,Canh cà nấm nấu da heo thịt xay | Thịt Luộc Bossam (보쌈) - Ẩm thực Hàn Quốc,HAS_FIX,1 copy 35.json,"21008,48534"
528,gạo lứt,gạo,rice,Gạo lứt,high,,2,Cơm gạo lứt trứng chiên tôm nấm | Cơm gạo lứt với tôm nõn rim cà chua,HAS_FIX,1 copy 35.json,"21123,60704"
529,Chuối xanh,chuối,banana,Chuối xanh,high,,2,Thịt luộc chuối xanh mùi vị cuộc đời | Chuối xanh om đậu nấm mỡ,HAS_FIX,1 copy 35.json,"21240,27033"
530,heo quay,thịt heo,pork,Thịt heo quay,high,,2,Heo quay da giòn xào dưa leo hành tây | Thịt kho tiêu mới lạ với heo quay,HAS_FIX,1 copy 35.json,"21363,40430"
531,bơ sáp chín,bơ,butter,Quả bơ sáp,high,,2,Salad Bơ Cá Hồi Xông Khói | Trứng Cuộn Trái Bơ Cá Hồi,HAS_FIX,1 copy 35.json,"21403,21555"
532,Rau củ,rau sống,fresh herbs,Rau củ,high,,2,Mì UDON tươi xào rau củ | Phở xào tôm 🦐,HAS_FIX,1 copy 35.json,"21584,45333"
533,Tỏi hanh timơt,tỏi,garlic,"Tỏi, hành tím, ớt",high,Sửa lỗi gõ dính chữ,2,Cá Chốt Kho Tiêu | Cá phèn (cá hồng) kho tiêu,HAS_FIX,1 copy 35.json,"21758,27790"
534,sò điệp,sò,clam,Sò điệp,high,,2,"SP.0829 - Súp Cua Ngô Vàng Tuyết Nhĩ | Bào Ngư, Sò Điệp, Vẹm Xanh, Ốc Bulot, Tôm Hùm Đất- Sốt Cajun Bơ Tỏi",HAS_FIX,1 copy 35.json,"21895,45164"
535,Gừng hành tỏi gia vị,tỏi,garlic,"Gừng, hành, tỏi",high,,2,Cá trắm đen sốt cà | Cá thu vẩy sốt cà chua,HAS_FIX,1 copy 35.json,"22374,61755"
536,mỡ hành,mỡ,lard,Mỡ hành,high,,2,Bánh Canh Bột Xắt Cá Lóc | Đậu Hũ Trứng Chà Bông Mỡ Hành,HAS_FIX,1 copy 35.json,"22467,31925"
537,hành lá ngò rí,hành lá,green onion,"Hành lá, ngò rí",high,,2,Cháo CÁ DÒ | Cháo CÁ KHOAI,HAS_FIX,1 copy 35.json,"22532,22653"
538,ớt chuông xanh nhỏ,ớt,chili pepper,Ớt chuông xanh,high,,2,Filet Cá Saba Nauy Nấu Légume | Râu mực xào lá quế,HAS_FIX,1 copy 35.json,"22681,28682"
539,bơ thực vật,bơ,butter,Bơ thực vật,high,,2,Mì Ý tôm sốt cải bó xôi | Ếch xào bơ tỏi hành tây,HAS_FIX,1 copy 35.json,"22857,50092"
540,huyết bò,thịt bò,beef,Huyết bò,high,,2,Bò nạm hầm củ quả | Súp Huyết Bò,HAS_FIX,1 copy 35.json,"22935,27061"
541,cải đỏ,củ cải đỏ,red radish,Cà rốt,high,Cải đỏ là cách gọi cà rốt ở miền Tây,2,Nui giò heo | Tôm xào bông cải,HAS_FIX,1 copy 35.json,"22956,48045"
542,màu dầu điều,dầu màu điều,annatto oil,Dầu màu điều,high,,2,SP.0818 - Chả Cua Đút Lò | Lẩu Riêu Cua Đồng Bắp Bò Ngày Quốc Khánh 2/9,HAS_FIX,1 copy 35.json,"23042,61423"
543,miến tỏi đen,tỏi,garlic,Miến tỏi đen,high,,2,Miến tỏi đen nấu thịt | Miến tỏi đen xào thịt ba rọi,HAS_FIX,1 copy 35.json,"23279,24221"
544,Bột ngũ vị hương,Bột (chung),flour,Bột ngũ vị hương,high,,2,Thịt ba rọi chiên (nhanh gọn) | Bò né cuốn bánh tráng 🥩🍀,HAS_FIX,1 copy 35.json,"23391,33713"
545,heo,sườn heo,pork ribs,Tai heo,high,Dựa trên tên món ăn,2,Bún mắm nêm tai heo | Phá lấu tai mũi heo,HAS_FIX,1 copy 35.json,"23399,34539"
546,bông cải trắng,bông cải,broccoli,Bông cải trắng,high,,2,Bông cải trắng xào thịt bò | Phở sắn chiên giòn sốt mực xào rau củ chua ngọt,HAS_FIX,1 copy 35.json,"23460,25415"
547,cua đồng,cua,crab,Cua đồng,high,,2,Canh HOA THIÊN LÝ nấu cua đồng | Bánh đa cua hải sản,HAS_FIX,1 copy 35.json,"23502,25631"
548,Dưa chuột,dưa,pickles,Dưa chuột,high,,2,Gỏi chả+heo quay | Salad rau 🤫,HAS_FIX,1 copy 35.json,"23646,48155"
549,mì gạo,gạo,rice,Mì gạo,high,,2,Mì xào trứng rau ngót | Mì gạo thịt băm,HAS_FIX,1 copy 35.json,"23754,44962"
550,Gia vịmì chính hạt nêmnước mắm,nước mắm,fish sauce,"Mì chính, hạt nêm, nước mắm",high,Sửa lỗi dính chữ,2,Thịt công xào sả ớt | Gan heo xào tỏi ớt,HAS_FIX,1 copy 35.json,"23899,45630"
551,bò khô,thịt bò,beef,Thịt bò khô,high,,2,Gỏi bò khô | Giá hẹ xào bò khô,HAS_FIX,1 copy 35.json,"23922,47809"
552,thịt nạc dăm,nạc heo,lean pork,Thịt nạc dăm,high,,2,Bánh Xèo Nấm Nhân Thịt | Đậu hũ kho thịt,HAS_FIX,1 copy 35.json,"23967,25761"
553,chân giò,giò,pork sausage,Chân giò heo,high,,2,Chân giò hầm rau củ | Thịt đông siêu đơn giản,HAS_FIX,1 copy 35.json,"24128,45367"
554,Gia vị sốt,sốt,sauce,Gia vị sốt,high,,2,Nấm kho tàu hủ | Thịt băm bọc trứng sốt cà chua,HAS_FIX,1 copy 35.json,"24139,62298"
555,bột rau câu,Bột (chung),flour,Bột rau câu,high,,2,Rau câu cam | Rau câu sữa dừa lá cẩm,HAS_FIX,1 copy 35.json,"24230,39420"
556,Nước tương dầu hào,nước,water,"Nước tương, dầu hào",high,,2,"Nấm đùi gà kho gừng, xả, ớt | Nấm đùi gà kho tiêu",HAS_FIX,1 copy 35.json,"24423,27996"
557,Tỏi phi,tỏi,garlic,Tỏi phi,high,,2,Mì lá tươi nấu giò heo | Đậu hũ kho thịt,HAS_FIX,1 copy 35.json,"24714,25764"
558,Nước luộc gà,thịt gà,chicken,Nước luộc gà,high,,2,Gà nấu nấm và mì lá tươi | Eatclean / Cháo Yến Mạch Thịt Bằm Nấm + Trứng Lòng Đào,HAS_FIX,1 copy 35.json,"24795,44439"
559,Húng quế,quế,Cinnamon,Rau húng quế,high,,2,Mì lá tươi nấu bò | Canh Mực Nấu Mướp Húng Quế,HAS_FIX,1 copy 35.json,"24884,64366"
560,Lá gừng,gừng,ginger,Lá gừng,high,,2,Nấm Kho Lá Gừng Chay | Nấm Hấp Lá Gừng Chay,HAS_FIX,1 copy 35.json,"25070,50122"
561,đậu cove nhật,đậu que,green beans,Đậu cô ve Nhật,high,,2,Bông Kim Châm Kho Rau Củ Chay | Phở sắn chiên giòn sốt mực xào rau củ chua ngọt,HAS_FIX,1 copy 35.json,"25238,25413"
562,nui lứt,nui,pasta,Nui gạo lứt,high,,2,Vetula: Nui lứt xào trứng ăn với chả mực và rau củ luộc | Nui lứt nấu tôm,HAS_FIX,1 copy 35.json,"25254,25260"
563,vẹm xanh,rau thơm,herbs,Vẹm xanh,high,,2,"Cháo hải sản (vẹm xanh và mực) | Bào Ngư, Sò Điệp, Vẹm Xanh, Ốc Bulot, Tôm Hùm Đất- Sốt Cajun Bơ Tỏi",HAS_FIX,1 copy 35.json,"25273,45163"
564,Mắm ruốc,nước mắm,fish sauce,Mắm ruốc,high,,2,Canh Khế Bò Mắm Ruốc | Thịt kho mắm ruốc,HAS_FIX,1 copy 35.json,"25325,45669"
565,Chanh dây,chanh,lime,Chanh dây,high,,2,Đậu hũ sốt chanh dây hạt chia | Cá hồi sốt chanh dây,HAS_FIX,1 copy 35.json,"25352,31196"
566,Mắm tép,tép,small shrimp,Mắm tép,high,,2,"Thịt, tôm chưng mắm tép | Thịt Ba Chỉ Xào Mắm Tép",HAS_FIX,1 copy 35.json,"25472,64335"
567,tôm sắt bóc nõn,tôm thẻ loại to,shrimp,Tôm sắt bóc nõn,high,,2,Cải làn xào tôm nấm | Canh mùng tơi rau đay nấu tôm sắt,HAS_FIX,1 copy 35.json,"25492,25512"
568,Hành tỏi phi,tỏi,garlic,"Hành phi, tỏi phi",high,,2,"Mì Bò Viên | Hủ Tíu Ức Gà, Nấm & Rau Củ",HAS_FIX,1 copy 35.json,"25546,39860"
569,nước màu dừa nước hàng,nước dừa,coconut water,Nước màu dừa,high,,2,Thịt Kho Hạt Dẻ | THỊT om chuối đậu (phiên bản nhà tôi),HAS_FIX,1 copy 35.json,"25558,53371"
570,bánh canh bột gạo,Bột (chung),flour,Sợi bánh canh bột gạo,high,,2,"Bánh canh chả cá, cá lóc | Bánh canh xương bò viên",HAS_FIX,1 copy 35.json,"25572,35339"
571,tôm sắt nguyên vỏ,tôm thẻ loại to,shrimp,Tôm sắt,high,,2,Tôm sắt rim mắm | Bún tôm Quảng Ninh,HAS_FIX,1 copy 35.json,"25573,29763"
572,Tôm nõn,tôm thẻ loại to,shrimp,Tôm nõn,high,,2,Súp Tôm Tóc Tiên | Canh bầu tôm nõn,HAS_FIX,1 copy 35.json,"25604,30512"
573,bún nưa,bún,rice vermicelli,Bún nưa,high,,2,Bún nưa xào tôm | 🌱 Bún Nưa Nấu Nấm & Cà Chua Ba Màu,HAS_FIX,1 copy 35.json,"25623,38981"
574,thịt má heo,thịt heo,pork,Thịt má heo,high,,2,Cải làn xào thịt má heo | Thịt má heo rim củ cải muối,HAS_FIX,1 copy 35.json,"25705,28728"
575,Cá cam,cam,orange,Cá cam,high,,2,Canh chua cá cam | Bún cá cam,HAS_FIX,1 copy 35.json,"25837,47289"
576,bì heo,thịt heo,pork,Bì heo,high,,2,SP.0793 - Bì Cuốn Thịt Khìa | Nộm bì heo cóc xanh,HAS_FIX,1 copy 35.json,"25870,46328"
577,rau cải làn,rau cải ngồng,choy sum,Rau cải làn,high,,2,Cải làn xào thịt bò | Cải làn xào nấm chay,HAS_FIX,1 copy 35.json,"25888,25894"
578,ngô,bột ngô,cornstarch,Ngô (Bắp),high,,2,Sandwich nấm chay | Bánh bao nguyên cám bò ngô cheese,HAS_FIX,1 copy 35.json,"25940,47975"
579,mắm cá lóc,cá lóc,snakehead fish,Mắm cá lóc,high,,2,Mắm chưng cá lóc | Mắm Cá Lóc Đồng Chưng Thịt Trứng,HAS_FIX,1 copy 35.json,"25963,46037"
580,Rong nho,rong biển,seaweed,Rong nho,high,,2,Salad da cá | Salad rau 🤫,HAS_FIX,1 copy 35.json,"26009,48153"
581,cà rôt,cà tím,eggplant,Cà rốt,high,Lỗi chính tả,2,Mì Ý Spaghetti Xốt Nấm Chay | Bánh Mandu Hấp Nhân Tôm Thịt,HAS_FIX,1 copy 35.json,"26132,34199"
582,Giấm gạo,gạo,rice,Giấm gạo,high,,2,Canh cá chim nấu ngót | Rau củ xào chay sốt chua ngọt,HAS_FIX,1 copy 35.json,"26246,28252"
583,Chanh ớt,ớt,chili pepper,"Chanh, ớt",high,,2,Cháo cá lóc rau đắng | Bún riêu cua nhà nấu,HAS_FIX,1 copy 35.json,"26329,41927"
584,mùi tàu,ngò gai,culantro,Rau mùi tàu,high,,2,Canh Khoai Sọ Nấu Sườn Heo | Thịt dê bóp ^^,HAS_FIX,1 copy 35.json,"26512,45913"
585,gạo mix hạt,gạo,rice,Gạo mix hạt,high,,2,Cháo hạt mix thịt gà 🍗 nấm 🍄táo đỏ | Cháo hạt mix sò gấc rau ngót 🌿 phô mai 🧀,HAS_FIX,1 copy 35.json,"26660,26664"
586,Cá rô,cá rô phi,tilapia,Cá rô đồng,high,Món kho tộ thường dùng cá rô đồng,2,Cá Rô Kho Tộ - Đậm Đà Hao Cơm | Cá sốt cà chua ngon hấp dẫn 😋,HAS_FIX,1 copy 35.json,"26750,30135"
587,giá đậu xanh,đậu xanh,mung beans,Giá đỗ,high,,2,Canh Chua Tôm Măng Trúc | Mì Cay Nongshim Nấm & Thịt Trai (Vẹm Đen),HAS_FIX,1 copy 35.json,"26867,41849"
588,cá lạc,đậu phộng,peanut,Cá lạc,high,"Một loại cá biển, không phải đậu phộng",2,Cá lạc kho nghệ tươi | SP.0777 - Cá Lạc Đút Lò,HAS_FIX,1 copy 35.json,"26899,26903"
589,nước lọc,nước,water,Nước lọc,high,,2,Cá Thu Chiên Sốt Mắm Tỏi Ớt | Nấm đùi gà sốt cay,HAS_FIX,1 copy 35.json,"26942,31073"
590,nước cốt chanh dây,chanh,lime,Nước cốt chanh dây,high,,2,Mực Sốt Thái | Râu Mực Sốt Thái,HAS_FIX,1 copy 35.json,"27071,28577"
591,sốt chua ngọt,sốt,sauce,Sốt chua ngọt,high,,2,Nọng má heo chiên sốt chua ngọt | Tôm hoa viên sốt chua ngọt,HAS_FIX,1 copy 35.json,"27173,30253"
592,ớt chuông nhỏ,ớt,chili pepper,Ớt chuông,high,,2,"Gan heo xào thơm (dứa) | Đậu phụ nhồi rau, nấm sốt cà chua",HAS_FIX,1 copy 35.json,"27199,33534"
593,bánh đa đỏ khô,bánh,cake,Bánh đa đỏ,high,,2,Bánh đa đỏ trộn tôm cua | Bánh đa đỏ xào tôm,HAS_FIX,1 copy 35.json,"27445,27474"
594,Nước chấm mắm tôm,Tôm muối,Salted shrimp,Mắm tôm,high,,2,Cá sòng luộc cạn cuốn bánh tráng chấm mắm tôm | Đậu hũ chấm mắm tôm với lá tía tô và kinh giới,HAS_FIX,1 copy 35.json,"27614,33081"
595,sách bò,thịt bò,beef,Sách bò,high,,2,Gỏi sách bò | Sách bò xào,HAS_FIX,1 copy 35.json,"27664,35008"
596,lá é húng quế trắng,lá,leaves,Lá é,high,,2,Đầu Cá Thu Nấu Lá É | Nấm Linh Chi Trắng Xào Lá É,HAS_FIX,1 copy 35.json,"27827,28211"
597,tỏi cô đơn,tỏi,garlic,Tỏi cô đơn,high,,2,Chả Cá Thác Lác Nhà Quết Siêu Dẻo | Thịt Cốt Lếch Iberico Ram,HAS_FIX,1 copy 35.json,"27877,40158"
598,Sa tế chay,chay,vegetarian,Sa tế chay,high,,2,Đậu phụ xào sa tế - Ngày 5 | Đậu hủ tứ xuyên chay,HAS_FIX,1 copy 35.json,"27979,44007"
599,tuỷ bò,thịt bò,beef,Tủy bò,high,,2,Tuỷ Bò Chiên Giòn | Tuỷ bò chiên,HAS_FIX,1 copy 35.json,"28024,28424"
600,chanh dây,chanh,lime,Chanh dây,high,,2,Salad chanh dây cải xoong Nhật với cá sòng | Phile cá diêu hồng chiên giòn sốt chanh dây,HAS_FIX,1 copy 35.json,"28042,63530"
601,ngồng tỏi,tỏi,garlic,Ngồng tỏi,high,,2,"Ngồng tỏi, ớt chuông xào chả cá thác lác | SP.0691 - Thăn Heo Xào Ngồng Tỏi",HAS_FIX,1 copy 32.json,"28058,41227"
602,Pha nước trộn,nước,water,Nước trộn gỏi,high,,2,Gỏi rau càng cua chay | Rau càng cua trộn chay,HAS_FIX,1 copy 32.json,"28276,30856"
603,lá quế,lá,leaves,Rau húng quế,high,,2,"Nấm kho lá quế | Cà tím, nấm đùi gà xào lá quế",HAS_FIX,1 copy 32.json,"28292,31076"
604,vú heo,thịt heo,pork,Vú heo,high,,2,Vú heo nướng sa tế | Vú heo nướng chao,HAS_FIX,1 copy 32.json,"28451,35366"
605,mắm ruốc huế,nước mắm,fish sauce,Mắm ruốc Huế,high,,2,Thịt xào mắm ruốc | Bò nhúng mắm ruốc,HAS_FIX,1 copy 32.json,"28494,37966"
606,hành tím tỏi,tỏi,garlic,Hành tím và tỏi,high,,2,Lẩu mắt má heo | Mì Quảng gà cá tôm,HAS_FIX,1 copy 32.json,"28694,51346"
607,tía,tía tô,perilla leaves,Rau tía tô,high,,2,Cháo cá chạch | SP.0750 - Mực Nhúng Giấm,HAS_FIX,1 copy 32.json,"28997,30310"
608,Mắm me,me,tamarind,Nước mắm me,high,,2,Cá Chạch chiên giòn chấm mắm me | Khô Cá Haddock (Cá Tuyết Chấm Đen) Chiên Giòn Chấm Mắm Me,HAS_FIX,1 copy 32.json,"29011,42957"
609,Sốt Teriyaki,sốt,sauce,Sốt Teriyaki,high,,2,Mì udon trộn sốt teriyaki và rau củ xào | Đậu phụ om sốt Teriyaki,HAS_FIX,1 copy 32.json,"29016,47062"
610,gia vị nấu phở,gia vị,seasoning,Gia vị nấu phở,high,,2,Mì tôm thịt | Phở bò viên 🍲,HAS_FIX,1 copy 32.json,"29022,46665"
611,bắp chuối,chuối,banana,Hoa chuối,high,Bắp chuối là hoa của cây chuối,2,Hoa chuối trộn tôm thịt | Bún Đuôi Heo,HAS_FIX,1 copy 32.json,"29189,54088"
612,rổ rau càng cua,cua,crab,Rau càng cua,high,,2,Gỏi gà bắp cải càng cua | Gỏi Càng Cua Gà Vàng Pháp 🇫🇷,HAS_FIX,1 copy 32.json,"29390,47189"
613,thịt heo,thịt heo,pork,Thịt heo,high,Trộn thêm vào bò cuốn lá lốt,2,Thịt bò cuốn lá lốt | Canh cải thảo nấu nấm,HAS_FIX,1 copy 32.json,"29691,65127"
614,hành hương,nấm hương,shiitake mushroom,Hành tím,high,"Hành hương là loại hành tím nhỏ, thơm",2,🌱 Đậu Hủ Chiên Sốt Tương Dầu Hành Chay (Vegan) | Bánh xèo cá kình,HAS_FIX,1 copy 32.json,"29795,34088"
615,sốt thịt xá xíu cholimex,sốt,sauce,Sốt xá xíu,high,,2,Xôi vò thịt xá xíu | Thịt ba rọi xá xíu,HAS_FIX,1 copy 32.json,"29809,32669"
616,hat nêm chay,chay,vegetarian,Hạt nêm chay,high,,2,"Canh chay rong biển đậu hủ nấm kim châm | Canh chua chay đậu hủ trắng,nấm kim châm và cà chua",HAS_FIX,1 copy 32.json,"29838,34888"
617,táo đỏ khô,táo,apple,Táo đỏ khô,high,,2,Chè táo đỏ nấm tuyết hạt sen mộc nhĩ phổ tai | 🌱 Chè Đu Đủ Táo Đỏ Nấm Tuyết Kỷ Tử,HAS_FIX,1 copy 32.json,"29965,62474"
618,Bột tỏi,tỏi,garlic,Bột tỏi,high,,2,Cá John Dory (Cá Dây Nhật) Nướng Bơ & Hoa Tỏi Ba Góc | Cá Minh Thái Ướp Nghệ Chiên Giòn,HAS_FIX,1 copy 32.json,"30024,36093"
619,Sườn bò,thịt bò,beef,Sườn bò,high,,2,"Bún sườn bò, bò viên | Sườn Bò Nướng Tái Trên Than Hoa",HAS_FIX,1 copy 32.json,"30055,36451"
620,Rau cải cay,rau cải đắng,bitter greens,Rau cải bẹ xanh,high,Cải cay thường là cải bẹ xanh,2,Cá chìa vôi nướng mọi | Canh Cải Cay Nấu Tôm,HAS_FIX,1 copy 32.json,"30079,45411"
621,rau quế,quế,Cinnamon,Rau húng quế,high,,2,SP.0750 - Mực Nhúng Giấm | SP.0885 - Cuốn Rau Thơm Chấm Thịt Kho,HAS_FIX,1 copy 32.json,"30312,61761"
622,Rau húng,rau húng chó,mint,Rau húng,medium,Thường là húng lủi hoặc húng quế,2,Mỳ Quảng bò (phiên bản fake) | Nộm nấm đùi gà hoa chuối,HAS_FIX,1 copy 32.json,"30374,37100"
623,Hành tây hành lá,hành lá,green onion,Hành tây và hành lá,high,,2,Bánh canh cua thịt gà | Mực sa tế,HAS_FIX,1 copy 32.json,"30388,43090"
624,Tỏi gừng ớt,ớt,chili pepper,"Tỏi, gừng và ớt",high,,2,Cá bơn chiên giòn | Bắp bò ngâm mắm trộn gỏi xoài,HAS_FIX,1 copy 32.json,"30894,42682"
625,chanh ớt,ớt,chili pepper,Chanh và ớt,high,,2,Bún đậu cua | Bún khế chả cá,HAS_FIX,1 copy 32.json,"31223,32706"
626,Bột rau câu dẻo,Bột (chung),flour,Bột rau câu dẻo,high,,2,Thạch rau câu sợi lá dứa – cốt dừa – café | Rau câu flan cheese cà phê,HAS_FIX,1 copy 32.json,"31647,33206"
627,Tỏi hành băm,tỏi,garlic,Hành tỏi băm,high,,2,Thịt bò sốt teriyaki cho người giảm cân | Rau Cải Bó Xôi Xào Thịt Bò,HAS_FIX,1 copy 32.json,"32027,43606"
628,thính gạo rang,gạo,rice,Thính gạo,high,,2,Bì Cuốn Nấm Chay | Lạp Bò Lào - Gỏi Bò Lào 🇱🇦,HAS_FIX,1 copy 32.json,"32691,38935"
629,Bột,bột tỏi,garlic powder,Bột gạo,medium,Bánh bò làm từ bột gạo,2,Bánh BÒ nướng chảo | Há Cảo Nhân Tôm Thịt,HAS_FIX,1 copy 32.json,"32714,50097"
630,ớt chuông baby,ớt,chili pepper,Ớt chuông baby,high,,2,"Ớt Chuông Nhồi Chả Cá | Bí non, ớt chuông xào tim heo",HAS_FIX,1 copy 32.json,"32755,45679"
631,Sốt nước tương,sốt,sauce,Nước tương,high,,2,Cà Tím Dồn Thịt Rim Nước Tương | Nấm Đùi Gà Cuộn Sốt Nước Tương Chay,HAS_FIX,1 copy 32.json,"33052,62176"
632,Bơ thực vật,bơ,butter,Bơ thực vật,high,,2,[Món Chay] Rau câu sợi xào sò điệp chay | Nấm sốt sa tế,HAS_FIX,1 copy 32.json,"33153,45119"
633,nước chanh,chanh,lime,Nước cốt chanh,high,,2,Đậu phụ tẩm mắm hành | Gỏi gà bắp cải rau răm,HAS_FIX,1 copy 32.json,"33595,53267"
634,Cần,cần tây,celery,Rau cần nước,medium,Do sai sang cần tây nên chọn cần nước,2,Mực mai (mực nang) xào su su | Mực luộc bia,HAS_FIX,1 copy 32.json,"33792,37058"
635,bột màu điều,Bột (chung),flour,Bột màu điều,high,,2,Bún Bò Huế Tái Nạm | Thịt heo Đông Pha,HAS_FIX,1 copy 32.json,"33880,54060"
636,mắm ruốc chà Huế,nước mắm,fish sauce,Mắm ruốc Huế,high,,2,Bún Bò Huế Tái Nạm | Thịt Kho Mắm Ruốc Sa Tế,HAS_FIX,1 copy 32.json,"33881,37568"
637,Rau sông,rau sống,fresh herbs,Rau sống,high,,2,Cá ngừ đại dương chiên | Cá chỉ vàng và cá ngân chiên giòn,HAS_FIX,1 copy 32.json,"33888,41097"
638,ớt sa tế,ớt,chili pepper,Ớt sa tế,high,,2,"Bún Bò Huế (Nạm bò, chân giò, xương bò, giò sống) | Mì Gói Mama Tôm Cà Chua & Ớt Sa Tế Siêu Cay 🌶",HAS_FIX,1 copy 32.json,"33940,39533"
639,Rau,rau răm,vietnamese coriander,Rau củ,high,,2,"Ức gà áp chảo vị chanh cùng rau củ | Mì, hủ tiếu giò heo",HAS_FIX,1 copy 32.json,"33999,41214"
640,Bột ngô,Bột (chung),flour,Bột ngô,high,,2,Thịt viên tứ hỉ (thịt viên đầu sư tử) | Tôm sốt mayonaise cay,HAS_FIX,1 copy 32.json,"34110,35633"
641,Hành khô hành hoa,nước,water,Hành khô và hành lá,high,,2,Thịt viên tứ hỉ (thịt viên đầu sư tử) | Cà tím xào thịt băm rang,HAS_FIX,1 copy 32.json,"34111,36523"
642,hành tỏi,tỏi,garlic,Hành và tỏi,high,,2,Ruột Heo Khìa Nước Dừa | Bánh mì thịt khìa,HAS_FIX,1 copy 32.json,"34277,42089"
643,chuối chát,chuối,banana,Chuối chát,high,,2,Nấm bào ngư hấp gừng sả | Cá lóc nướng sa tế,HAS_FIX,1 copy 32.json,"34288,41762"
644,tôm thẻ,tôm thẻ loại to,shrimp,Tôm thẻ,high,,2,"Bánh tôm, bánh tép | Hamburger thanh long kẹp tôm trứng",HAS_FIX,1 copy 32.json,"34591,37718"
645,thịt nạc bằm,nạc heo,lean pork,Thịt nạc băm,high,,2,"Bánh Bột Lọc Nhân Tôm Thịt | Chả Trứng Thịt Nấm, Cà Rốt, Ớt Chuông",HAS_FIX,1 copy 32.json,"34868,43611"
646,cá cơm khô,cơm,cooked rice,Cá cơm khô,high,,2,Gỏi Cá Cơm Khô | Cá cơm rim ăn chơi,HAS_FIX,1 copy 32.json,"34874,36200"
647,Boaro,nấm mèo,wood ear mushroom,Hành boa-rô,high,,2,"Canh chua chay đậu hủ trắng,nấm kim châm và cà chua | Đậu khuôn sốt nấm tươi",HAS_FIX,1 copy 32.json,"34885,42523"
648,sữa,sữa chua,yogurt,Sữa tươi,high,,2,Tôm phô mai bỏ lò | Hoàn thánh cá hồi sốt kem hạnh nhân,HAS_FIX,1 copy 32.json,"35069,38368"
649,dầu điều,dầu màu điều,annatto oil,Dầu màu điều,high,,2,Heo quay ba chỉ | Khô Bò Miếng Ăn Tết,HAS_FIX,1 copy 32.json,"35228,51188"
650,màu điều,dầu màu điều,annatto oil,Hạt màu điều,high,,2,Vú heo nướng chao | Đậu hũ chiên sốt chao,HAS_FIX,1 copy 32.json,"35370,43313"
651,nước chấm,nước,water,Nước chấm,high,,2,Vú heo nướng chao | Cá điêu hồng chiên,HAS_FIX,1 copy 32.json,"35373,41102"
652,Hat nêm chay,chay,vegetarian,Hạt nêm chay,high,,2,Canh chay đậu hủ nấu mướp và rau | Gỏi nấm bào ngư chay,HAS_FIX,1 copy 32.json,"35542,37285"
653,lá húng lủi,lá,leaves,Rau húng lủi,high,,2,"💚 Salad Nui Ống, Nấm, Cà Chua, Olive & Fêta Healthy (Vegetarian) | Bánh Tráng Cuốn Đậu Hủ Muối Tôm Hành Phi",HAS_FIX,1 copy 32.json,"35859,53271"
654,Gà,xương gà,chicken bones,Thịt gà,high,,2,Canh hầm thịt gà với rau củ | Súp hải sản,HAS_FIX,1 copy 32.json,"35982,40311"
655,Tỏi hành tím,tỏi,garlic,Tỏi và hành tím,high,,2,Canh hầm thịt gà với rau củ | SP.0941 - Thịt Bò Xào Ớt Chuông Tàu Xì,HAS_FIX,1 copy 32.json,"35983,62944"
656,Tỏi hành sả,tỏi,garlic,"Tỏi, hành và sả",high,,2,Thịt nướng xiên que | Mắm ruốc xào thịt,HAS_FIX,1 copy 32.json,"36151,38493"
657,Lá húng quế,lá,leaves,Rau húng quế,high,,2,🌱 Canh Dứa Cà Chua Nấm Chay | Thịt Vịt Luộc Chấm Nước Mắm Gừng Tỏi Ớt,HAS_FIX,1 copy 32.json,"36562,42693"
658,cá trứng,cá,fish,Cá trứng,high,,2,Cá Trứng Tẩm Mè Chiên Giòn | Cá Trứng Chiên Giòn,HAS_FIX,1 copy 32.json,"36611,43467"
659,thịt nạc xay,nạc heo,lean pork,Thịt nạc xay,high,,2,"Bánh ít Trần nhân đậu xanh, thịt băm | Bánh tráng chiên nhân thịt băm và phô mai chấm sốt mù tạt mật ong",HAS_FIX,1 copy 32.json,"36851,61739"
660,lá mắc mật,mật ong,Honey,Lá mắc mật,high,,2,Thịt nướng lá mắc mật | Heo Quay Da Giòn Lá Mắc Mật,HAS_FIX,1 copy 32.json,"37032,54213"
661,mì Quảng,mì,noodles,Sợi mì Quảng,high,,2,Mì Quảng Cá Lóc | Mì Quảng gà cá tôm,HAS_FIX,1 copy 32.json,"37128,51340"
662,ớt chuông xanh vàng,ớt,chili pepper,Ớt chuông,high,,2,Eatclean cơm gạo lứt+ bò lúc lắc | Mực sim xào ớt chuông,HAS_FIX,1 copy 32.json,"37185,61122"
663,sốt mè rang,sốt,sauce,Sốt mè rang,high,,2,Cơm chộn rong biển nhân cá ngừ | Salad Sốt Mè Rang Bò Trứng,HAS_FIX,1 copy 32.json,"37209,49581"
664,nươc côt hoa đâu biêc,nước,water,Nước cốt hoa đậu biếc,high,,2,Rau câu hoa hồng 2 lớp | Rau câu sợi,HAS_FIX,1 copy 32.json,"37563,43136"
665,cá cơm sữa,cá cơm,anchovy,Cá cơm sữa,high,,2,Cá Cơm Sữa Chiên Giòn | Cá Cơm Sữa Kho,HAS_FIX,1 copy 32.json,"37622,40052"
666,chanh leo,chanh,lime,Chanh leo,high,,2,Thịt gà sốt chanh dây | Cá hồi sốt chanh leo cho bé,HAS_FIX,1 copy 32.json,"37804,40520"
667,bột Rau câu giòn g,Bột (chung),flour,Bột rau câu giòn,high,,2,Rau câu dừa cà phê | Rau câu sữa dừa khoai lang tím,HAS_FIX,1 copy 32.json,"37982,45447"
668,Mộc nhĩ,nấm mèo,wood ear mushroom,Mộc nhĩ,high,,2,"Cá song (mú) hấp xì dầu miến (bún tàu) | Bánh gối nhân thịt, trứng cút, lạp sườn",HAS_FIX,1 copy 32.json,"38006,46692"
669,Riềng sả gừng bột nghệ,sả,lemongrass,Gia vị chả cá,medium,Hỗn hợp riềng sả gừng nghệ,2,Cá song (mú) nấu kiểu chả cá Lã Vọng | Cá song nướng riềng mẻ,HAS_FIX,1 copy 32.json,"38069,38074"
670,Cồi sò điệp,sò,clam,Cồi sò điệp,high,,2,"Mì Hải Sản (Trai, Sò Điệp, Mực Nang Baby) Cay Nhẹ | Mì Ý (Spaghetti) Sốt Kem Nấm & Cồi Sò Điệp",HAS_FIX,1 copy 32.json,"38176,42781"
671,nước tương Nhật,nước,water,Nước tương Nhật,high,,2,"Thịt heo xào kim chi kiểu Nhật🐷 | Cơm Cá Hồi, Súp Lơ Đút Lò",HAS_FIX,1 copy 32.json,"38307,61037"
672,Hoàn thánh nhân nấm,nấm,mushroom,Hoành thánh,high,,2,Hoàn thánh cá hồi sốt kem hạnh nhân | Hoàn thánh tôm thịt sốt tỏi tương,HAS_FIX,1 copy 32.json,"38366,38400"
673,khô bò,thịt bò,beef,Khô bò,high,,2,Gỏi đu đủ khô bò | Gỏi dưa hấu bò khô,HAS_FIX,1 copy 32.json,"38412,43557"
674,Hành lá tỏi,hành lá,green onion,Hành lá và tỏi,high,,2,Sandwich cá ngừ ốp la | Cá nục sốt cà,HAS_FIX,1 copy 32.json,"38654,44311"
675,thịt ba rọi rút sườn hoặc thịt xay,Thịt ba chỉ,pork belly,Thịt ba chỉ hoặc thịt xay,high,,2,Mắm Cá Chưng | Mắm Cá Thu Chưng,HAS_FIX,1 copy 32.json,"38737,46029"
676,Tim heo,thịt heo,pork,Tim heo,high,,2,"Tim lợn xào rau củ | Bí non, ớt chuông xào tim heo",HAS_FIX,1 copy 32.json,"38872,45677"
677,Hành lá ngò rí,hành lá,green onion,Hành lá và ngò rí,high,,2,"🌱 Bún Nưa Nấu Nấm & Cà Chua Ba Màu | Hủ Tíu Ức Gà, Nấm & Rau Củ",HAS_FIX,1 copy 32.json,"38979,39866"
678,súp rau củ,soup,soup,Nước súp rau củ,high,,2,"🌱 Bún Nưa Nấu Nấm & Cà Chua Ba Màu | 🌱 Súp Rau Củ Khoai Tây, Cà Rốt, Súp Lơ (Vegan)",HAS_FIX,1 copy 32.json,"38980,42997"
679,mùi,hạt mùi,coriander seeds,Rau mùi,high,Thường dùng để trang trí bún,2,Bún hải sản | Súp gà nấm bổ dưỡng,HAS_FIX,1 copy 32.json,"39061,39832"
680,Dấm bỗng,dấm,vinegar,Giấm bỗng,high,,2,Bún hải sản | Canh chua đậu phụ dấm bỗng,HAS_FIX,1 copy 32.json,"39064,43962"
681,nước cốt dừa hoặc sữa,nước dừa,coconut water,Nước cốt dừa hoặc sữa,high,,2,Nui gà sốt cà ri rau củ | Cá hồi lăn vụn dừa,HAS_FIX,1 copy 32.json,"39143,40698"
682,cồi sò điệp,sò,clam,Cồi sò điệp,high,,2,Canh Xà Lách Xoong Nấm Mỡ & Cồi Sò Điệp | Mì Udon Khô Trộn Cồi Sò Điệp & Rau Diếp Cừu,HAS_FIX,1 copy 32.json,"39214,47035"
683,lá ngò gai,lá,leaves,Lá ngò gai,high,,2,Vào bếp cùng con: salad rau hỗn hợp | Vào bếp cùng con: Taco tôm với tortilla từ bột mì và sốt salsa xoài,HAS_FIX,1 copy 32.json,"39247,40675"
684,ngò mùi,Hành ngò,mixed herbs,Ngò rí,high,,2,Vào bếp cùng con: salad rau hỗn hợp | Nấm Rơm Nấu Lá Me,HAS_FIX,1 copy 32.json,"39249,43117"
685,nước tương maggi,nước,water,Nước tương,high,,2,🌱 Nấm Mỡ Kho Nước Tương Chay (Vegan) | Nui Trộn Thịt Vẹm & Rau Củ Sốt Tương Xào,HAS_FIX,1 copy 32.json,"39314,42108"
686,Dầu mè đen,Mè (Vừng),sesame seeds,Dầu mè đen,high,,2,SP.0698 - Tàu Hũ Trứng Hấp Thịt | SP.0664 - Thịt Băm Chưng Khoai Môn,HAS_FIX,1 copy 32.json,"39748,47138"
687,khoai,rau muống,water spinach,Khoai lang,high,,2,"Cháo khoai lang cá hồi | Tôm Nướng Sa Tế, Ba Rọi Heo và Rau Củ Nướng",HAS_FIX,1 copy 32.json,"39845,44096"
688,bong bóng cá hú,cá hú,pangasius fish,Bong bóng cá,high,,2,Lòng cá hú xào rau muống | Canh măng cá và lòng cá,HAS_FIX,1 copy 32.json,"39875,39879"
689,Mè,rau mè,perilla leaves,Hạt mè,high,,2,Cơm nắm ruốc cá hồi | Canh bò Hàn Quốc pha ke cho bé :)),HAS_FIX,1 copy 32.json,"39954,43498"
690,Lá ngò rí,lá,leaves,Lá ngò rí,high,,2,Canh Thịt Nạc Khoai Tây | Blinis Topping Cá Ngừ Mayonaise Bắp Ngọt,HAS_FIX,1 copy 32.json,"40210,42932"
691,Tỏi ớt băm nhuyễn,ớt,chili pepper,Tỏi và ớt băm,high,,2,Bún Trộn Bò Xào Sả (Bún Bò Xào Nam Bộ) | Gỏi Cuốn Phi Lê Cá Bơn Chiên Giòn,HAS_FIX,1 copy 32.json,"41205,41561"
692,lá Cà ri,lá,leaves,Lá cà ri,high,,2,Cà ri rau củ | Cà Ri Đùi Ếch Chôm Chôm,HAS_FIX,1 copy 32.json,"41794,54191"
693,bánh đa nem,bánh tráng,rice paper,Bánh đa nem,high,,2,Nem hải sản ! | Nem cá hồi chiên xù,HAS_FIX,1 copy 32.json,"42039,46076"
694,Sữa đặc ng Thọ,sữa,milk,Sữa đặc,high,,2,Bò beefsteak sốt kem nấm | Bánh mì thịt khìa,HAS_FIX,1 copy 32.json,"42084,42088"
695,bơ avocado,bơ,butter,Quả bơ,high,,2,Salad cá hồi chín tái sốt teriyaki (Salad with medium-rare teriyaki salmon) | Salad Cobb với bánh cá 🥗 (Cobb salad with fish cake),HAS_FIX,1 copy 32.json,"42279,43748"
696,ồ chua,đồ chua,pickled vegetables,Đồ chua,high,,2,Bún bò xào sả | Xôi cá cơm,HAS_FIX,1 copy 32.json,"42815,44783"
697,rau húng quế trắng,rau húng chó,mint,Rau húng trắng,medium,Còn gọi là hương nhu trắng,2,Nấm Rơm Nấu Lá Me | Canh Cá Bè Nấu Lá Me,HAS_FIX,1 copy 32.json,"43112,43548"
698,Ngô,bột ngô,cornstarch,Ngô ngọt,high,,2,Xốt Pizza Bò | Súp cua,HAS_FIX,1 copy 32.json,"43155,47074"
699,Hành tỏi bằm,tỏi,garlic,Hành và tỏi băm,high,,2,Tôm Nõn Rang (Rim) Cực Phẩm | Cá kho tộ,HAS_FIX,1 copy 32.json,"43616,48122"
700,ml,nước,water,,low,"Đơn vị đo lường, không phải nguyên liệu",2,Yến mạch thịt bằm | Đậu hũ non bắp,UNCERTAIN,1 copy 32.json,"43652,47896"
701,mộc,nấm mèo,wood ear mushroom,Giò sống,high,Mộc trong hủ tiếu mộc là giò sống băm,2,"Hủ Tiếu Mộc Nấm, Thịt Bằm (Nước Hầm Xương Gà Cực Ngọt) | Bánh canh mộc giò heo",HAS_FIX,1 copy 24.json,"43834,46374"
702,Nước lẩu,nước,water,Nước lẩu,high,,2,Lẩu Bò Tiềm (Bò Nạm và Bò Viên) | Lẩu Thái Chua Cay Hải Sản 🦐 🐟 🥬,HAS_FIX,1 copy 24.json,"43981,46168"
703,Lá basil khô,Mè (Vừng),sesame seeds,Lá húng tây khô,high,Basil là húng tây,2,Cá Dẹp (Flat Fish) Chiên Tươi Sốt Cà Chua | Sốt Bò Cà Chua Slow Cook,HAS_FIX,1 copy 24.json,"44491,45830"
704,mỳ,mỳ chính,MSG,Mì tôm,high,,2,Mì tôm | Lẩu tôm bầu,HAS_FIX,1 copy 24.json,"44977,64030"
705,Vẹm xanh,rau thơm,herbs,Vẹm xanh,high,,2,"Mì Hải Sản (cá hồi, vẹm, tôm và mộc) | Tom Yum",HAS_FIX,1 copy 24.json,"45127,45283"
706,Rau mùi ngò rí ngò gai,rau ngò rí,coriander leaves,"Rau mùi, ngò gai",high,,2,Canh bí xanh nấu nấm hương | Rau củ sắc mùa thu,HAS_FIX,1 copy 24.json,"45635,48174"
707,Tim bò,thịt bò,beef,Tim bò,high,,2,Đậu Que Xào Tim Bò | Cải Kale Xào Tim Bò,HAS_FIX,1 copy 24.json,"45800,47452"
708,còi sò điệp,sò,clam,Cồi sò điệp,high,,2,"Bún cà ri hải sản 🦐🦑 | Còi sò điệp lăn bột, rau củ ngũ sắc sốt xì dầu cho bé",HAS_FIX,1 copy 24.json,"45975,61965"
709,Hành tỏi ớt,ớt,chili pepper,"Hành, tỏi, ớt",high,,2,Mắm Cá Lóc Đồng Chưng Thịt Trứng | Thịt heo bọc sả chiên dòn,HAS_FIX,1 copy 24.json,"46040,47006"
710,syrup thốt nốt,siro,syrup,Siro thốt nốt,high,,2,Cá lóc kho tương | Ếch Sốt Teriyaki (Bé 12m+),HAS_FIX,1 copy 24.json,"46255,46342"
711,giò,giò heo,pork hock,Giò lụa,high,Trong gỏi cuốn thường dùng giò lụa,2,"Gỏi cuốn gà, tôm | Cuốn rau, quả thịt",HAS_FIX,1 copy 24.json,"46591,51966"
712,kem chua,kem,cream,Kem chua,high,,2,Nacho Heo Xé & Dứa Chua Ngọt - Pulled Pork & Caramelized Pineapple Nachos | Taco Bò Xay - Ground Beef Tacos,HAS_FIX,1 copy 24.json,"47152,47400"
713,Bánh bagels,bánh,cake,Bánh mì vòng,high,Bagels là bánh mì vòng,2,Bánh Vòng Cá Ngừ & Phô Mai Kem - Cream Cheese Tuna Bagels 🥯 | Bagels Thịt Hun Khói và Phô Mai Kem (Cream Cheese Bacon & Egg Bagels) 🥯🥯🥯,HAS_FIX,1 copy 24.json,"47369,47800"
714,tương đậu,nước tương,Soy sauce,Tương đậu,high,,2,Thịt Luộc Bossam (보쌈) - Ẩm thực Hàn Quốc | Đậu hũ rim Hàn Quốc - Mapo tofu,HAS_FIX,1 copy 24.json,"48529,49920"
715,muông canh nươc tương,nước tương,Soy sauce,Nước tương,high,Muỗng canh là đơn vị đo lường,2,Bánh Mandu Hấp Nhân Tôm Thịt | Nấm rơm kho nước tương,HAS_FIX,1 copy 24.json,"48759,49955"
716,cu ca rôt,cá rô,perch,Củ cà rốt,high,,2,"Bánh canh cá cờ, đậu hủ từ cơm nguội, bột gạo, bột năng | Măng tây,cà rốt và bông cải xanh xào thịt bò",HAS_FIX,1 copy 24.json,"48813,50756"
717,cai trưng cut,trứng cút,quail eggs,Trứng cút,high,,2,"Thịt kho trứng cút và đậu hủ | Trứng cút lộn xào hành,rau răm",HAS_FIX,1 copy 24.json,"48875,52589"
718,muông cafe đương,đường,sugar,Đường,high,,2,Đậu hủ hấp xốt dầu hào | Thịt băm rang mặn ngọt,HAS_FIX,1 copy 24.json,"48884,49188"
719,bôt băp,bột ngô,cornstarch,Bột bắp,high,,2,Hamburger Cơm Thịt Bò Bằm Áp Chảo | Cà tím cuộn thịt heo xay và giò sống chiên xù,HAS_FIX,1 copy 24.json,"49008,49498"
720,muông cafe hat nêm,gia vị,seasoning,Hạt nêm,high,,2,Thịt băm rang mặn ngọt | Tôm Càng Xanh Luộc Nước Dừa Tươi,HAS_FIX,1 copy 24.json,"49203,52794"
721,ngo ri,lá nori,nori,Ngò rí,high,,2,Đậu hủ chiên giòn sốt cay(món chay) | Cá hồi xốt chanh dây,HAS_FIX,1 copy 24.json,"49714,49831"
722,thit bo băm,Thịt băm,Minced pork,Thịt bò băm,high,,2,Thịt bò nướng mỡ chài | Mì spaghetti bò,HAS_FIX,1 copy 24.json,"49741,51892"
723,cải diếp xoăn endive,cải xoăn,kale,Cải diếp xoăn,high,,2,"Thuyền Taco Gà & Rau Quả | Salad Rau Diếp Xoăn, Bắp Cải Tím & Ức Gà Áp Chảo",HAS_FIX,1 copy 24.json,"49991,53475"
724,hành khô băm nhỏ,hành tím,shallot,Hành tím băm,high,Hành khô thường là hành tím,2,Thịt heo quay lá móc mật | Tai heo sốt thái,HAS_FIX,1 copy 24.json,"50321,56834"
725,dầu hạt lanh,dầu ăn,Vegetable Oil,Dầu hạt lanh,high,,2,Salad Cá Trích Xông Khói | Cá Đuối Luộc Súp Bouillon Kèm Đậu Hà Lan Cà Rốt,HAS_FIX,1 copy 24.json,"50875,61177"
726,bánh phơ,bánh,cake,Bánh phở,high,,2,Phở Cuốn Bò Xào | Phở Cuốn Thịt Heo,HAS_FIX,1 copy 24.json,"51114,62452"
727,Cá mó,cá sòng,horse mackerel,Cá mó,high,,2,Cá Mó Chiên Sả | Cá Mó Chiên Giòn - 25 phút,HAS_FIX,1 copy 24.json,"51473,63994"
728,rễ ngò,rau ngò rí,coriander leaves,Rễ ngò rí,high,,2,"Khao Kha Moo - Giò Heo Hầm (Thailand) | Mì, hủ tiếu giò heo",HAS_FIX,1 copy 24.json,"52001,56713"
729,Bông so đũa,hoa,flower,Bông so đũa,high,,2,Canh tôm bông so đũa | Lẩu Cá Kèo Miền Tây,HAS_FIX,1 copy 24.json,"52591,64090"
730,sườn cánh buồm,sườn heo,pork ribs,Sườn cánh buồm,high,,2,Súp bánh phồng tôm | Canh bóng thả tôm tươi,HAS_FIX,1 copy 24.json,"52646,60005"
731,giò lụa chay,chay,vegetarian,Giò lụa chay,high,,2,Rau củ xào chay | Soup rau củ chay,HAS_FIX,1 copy 24.json,"53186,61584"
732,Hành baro,hành lá,green onion,Hành boa-rô,high,,2,Thịt ba chỉ nướng tại gia kiểu Hàn Quốc | Đậu hũ rim cay ngọt Hàn Quốc 두부조림,HAS_FIX,1 copy 24.json,"53510,53613"
733,cà ri bột,Bột (chung),flour,Bột cà ri,high,,2,Cà Ri Đùi Ếch Chôm Chôm | Cà Ri Cá Chim,HAS_FIX,1 copy 24.json,"54179,64118"
734,cà ri dầu,cà tím,eggplant,Sốt cà ri dầu,high,,2,Cà Ri Đùi Ếch Chôm Chôm | Cà Ri Cá Chim,HAS_FIX,1 copy 24.json,"54180,64119"
735,giò heo phần móng,thịt heo,pork,Móng giò heo,high,,2,Giò heo kho thơm | Canh rau má nấu giò heo,HAS_FIX,1 copy 24.json,"54450,64316"
736,Blinis,bánh,cake,Bánh Blinis,high,,2,Blinis Topping Cá Ngừ Phô Mai Tươi & Olive Xanh | Blinis Topping Cá Ngừ Mayonaise Bắp Ngọt,HAS_FIX,1 copy 24.json,"56235,56241"
737,sấu,gia vị,seasoning,Quả sấu,high,,2,Canh Sấu Nấu Mộc Và Thịt Bò | Rau Muống Luộc và Nước Luộc Rau,HAS_FIX,1 copy 24.json,"56281,56891"
738,t Sở thích ăn cay,ớt,chili pepper,Ớt,medium,Ăn cay thường dùng ớt,2,Đậu ve xào thịt ba chỉ 🥩 | Canh nấm kim châm đậu phụ (+cà chua),HAS_FIX,1 copy 24.json,"56297,56303"
739,ường phèn,đường,sugar,Đường phèn,high,Lỗi gõ phím 'ường' là 'đường',2,Sữa Đậu Xanh - Rau má | Bánh canh xương bò viên,HAS_FIX,1 copy 24.json,"57580,57900"
740,bông kim châm,nấm kim châm,enoki mushroom,Hoa kim châm,high,"Bông kim châm là hoa, không phải nấm",2,Bún cá lóc | Canh bông kim châm tôm thịt,HAS_FIX,1 copy 24.json,"57979,60166"
741,tương đen,nước mắm,fish sauce,Tương đen,high,,2,"Bún sườn bò, bò viên | Bún bò viên",HAS_FIX,1 copy 24.json,"59024,59568"
742,ngò tây,măng tây,asparagus,Măng tây,high,Dựa trên tên món ăn,2,Măng tây xào bò | Măng tây cà chua xào thịt,HAS_FIX,1 copy 24.json,"59484,60309"
743,Gừng hành tỏi khô,tỏi,garlic,"Gừng, hành, tỏi",high,,2,"Bún cá rô phi, chả cá | Cá sủ nấu canh chua với chả cá",HAS_FIX,1 copy 24.json,"59685,61165"
744,ngô bao tử,bắp ngọt,sweet corn,Ngô bao tử,high,,2,"Ngô bao tử, phù trúc (tàu hũ ky), nấm tuyết xào trứng | Rau Xào Ngũ Sắc",HAS_FIX,1 copy 24.json,"60568,64931"
745,rau dền cơm,cơm,cooked rice,Rau dền cơm,high,,2,Rau dền cơm nấu mọc tôm thịt | Canh hến rau dền cơm,HAS_FIX,1 copy 24.json,"60783,62951"
746,bánh đa Quỳnh Côi,bánh,cake,Bánh đa Quỳnh Côi,high,,2,"Rau bò khai xào tóp mỡ, tôm và bánh đa nắm Quỳnh Côi | Bánh đa cá rô",HAS_FIX,1 copy 24.json,"61188,61868"
747,Su hào,su su,chayote,Su hào,high,,2,Gỏi nấm tuyết | Su hào xào nấm đùi gà và bắp,HAS_FIX,1 copy 24.json,"62438,64567"
748,Tôm tươi,tôm thẻ loại to,shrimp,Tôm tươi,high,,2,Canh Bí Đỏ Cải Bẹ Dún Nấu Tôm | Canh Bí Xanh Nấu Tôm,HAS_FIX,1 copy 24.json,"64352,64383"
749,khoảng g ậu phụ,chả đậu hũ,tofu cake,Đậu phụ,high,,1,Mộc nhĩ kho đậu phụ,HAS_FIX,1 copy 24.json,5977
750,Phô mai mozzarella,phô mai,cheese,Phô mai mozzarella,high,,1,Tôm Càng Nướng Phô Mai,HAS_FIX,1 copy 24.json,5986
751,củ Hành tây tím,hành tím,shallot,Hành tây tím,high,,1,Cá Khế Chiên Sốt Chua Ngọt,HAS_FIX,1 copy 24.json,6010
752,Cải mèo,nấm mèo,wood ear mushroom,Rau cải mèo,high,,1,Canh Cải Mèo Thịt Băm,HAS_FIX,1 copy 24.json,6028
753,trứng vịt hoặc gà,trứng vịt,duck egg,Trứng,high,Bao gồm cả trứng gà hoặc vịt,1,Cơm chiên lạp xưởng rau củ,HAS_FIX,1 copy 24.json,6037
754,cắt lát Gừng,bột gừng,ginger powder,Gừng,high,,1,Cá Chim Hấp,HAS_FIX,1 copy 24.json,6047
755,băm nhỏ Tỏi,bột tỏi,garlic powder,Tỏi,high,,1,Cá Chim Hấp,HAS_FIX,1 copy 24.json,6051
756,tôm đất nhỏ hoặc tép đồng,tôm thẻ loại to,shrimp,Tôm đất hoặc tép đồng,high,,1,Gỏi Rau Má Tôm Đất,HAS_FIX,1 copy 24.json,6054
757,Khoai muống,rau muống,water spinach,Khoai môn,medium,Khoai muống là tên gọi khác của khoai môn,1,Canh khoai muống nấu nấm,HAS_FIX,1 copy 24.json,6062
758,sườn heo,sườn heo,pork ribs,Sườn heo,high,,1,Bún hải sản đơn giản,HAS_FIX,1 copy 24.json,6064
759,tôm sắt biển,tôm sú,shrimp,Tôm sắt,high,,1,Bún hải sản đơn giản,HAS_FIX,1 copy 24.json,6072
760,Rau ngổ,rau om,rice paddy herb,Rau ngổ,high,,1,Mì Gói Mực Chua Cay,HAS_FIX,1 copy 24.json,6086
761,cá ong căn,cá ong,target fish,Cá ong căng,high,,1,Cá ông căn kho khô,HAS_FIX,1 copy 24.json,6090
762,thịt nạc đùi,thịt nạc dăm,pork shoulder,Thịt nạc đùi,high,,1,JAMBON thịt nguội,HAS_FIX,1 copy 24.json,6103
763,bột hồng cúc bột gạo men đỏ,bột gạo,rice flour,Bột hồng cúc,high,,1,JAMBON thịt nguội,HAS_FIX,1 copy 24.json,6117
764,vỏ bánh hamburger nướng sẵn trong siêu thị,vỏ bánh,dough wrapper,Vỏ bánh hamburger,high,,1,Burger bò,HAS_FIX,1 copy 24.json,6131
765,sốt bbq,sốt,sauce,Sốt BBQ,high,,1,Burger bò,HAS_FIX,1 copy 24.json,6135
766,Thịt bò băm,Thịt băm,Minced pork,Thịt bò băm,high,,1,Mì Ý Bò Băm,HAS_FIX,1 copy 24.json,6154
767,lá mắc mật,lá,leaves,Lá mắc mật,high,,1,Thịt Ba Chỉ Nướng Lá Mắc Mật,HAS_FIX,1 copy 24.json,6163
768,nước cốt hành tỏi xay,hành tỏi ớt,garlic chili mix,Nước cốt hành tỏi,high,,1,Thịt Ba Chỉ Nướng Lá Mắc Mật,HAS_FIX,1 copy 24.json,6165
769,nấm khô nấm hương nấm lộc nhung,nấm hương,shiitake mushroom,"Nấm hương, nấm lộc nhung",high,,1,Măng xào nấm,HAS_FIX,1 copy 24.json,6171
770,cafe sữa loại in,café,coffee,Cà phê sữa hòa tan,medium,Dạng cà phê sữa đóng gói,1,RAU CÂU lười (Lazy Jelly),HAS_FIX,1 copy 24.json,6177
771,nước cốt dừa hoặc sữa tươi,nước cốt dừa đóng hộp,canned coconut milk,Nước cốt dừa hoặc sữa tươi,high,,1,RAU CÂU lười (Lazy Jelly),HAS_FIX,1 copy 24.json,6178
772,sữa đặc sữa ông Thọ,sữa,milk,Sữa đặc,high,,1,RAU CÂU lười (Lazy Jelly),HAS_FIX,1 copy 24.json,6179
773,thịt diềm thăn bò,nạc thăn,pork tenderloin,Diềm thăn bò,high,,1,Thịt bò xào bông cải,HAS_FIX,1 copy 24.json,6193
774,sả củ tỏi,sả,lemongrass,"Sả, tỏi",high,,1,Khô bò ướt mềm ngon,HAS_FIX,1 copy 24.json,6194
775,rau mùi ngò gai rau răm rau thơm rau tía tô,rau ngò rí,coriander leaves,Các loại rau thơm,medium,Tổng hợp nhiều loại rau thơm,1,Gỏi Thịt Bò Hoa Chuối,HAS_FIX,1 copy 24.json,6239
776,ngò rí trang trí,đậu phộng,peanut,Ngò rí,high,,1,Gỏi Thịt Bò Hoa Chuối,HAS_FIX,1 copy 24.json,6242
777,sả đập dập cắt khúc,thanh sả cây khúc gừng non,lemongrass ginger,Sả,high,,1,Cá Hú Kho Tiêu (Siêu Hao Cơm),HAS_FIX,1 copy 24.json,6267
778,sốt kho đa dụng,sốt chua ngọt,sweet sour sauce,Sốt kho,high,,1,Cá Hú Kho Tiêu (Siêu Hao Cơm),HAS_FIX,1 copy 24.json,6269
779,n kèm hành lá ngò rí hành tím phi vàng chanh ớt xay,hành lá nhánh hành tỏi củ,aromatics mix,Gia vị ăn kèm,medium,"Tổng hợp hành, chanh, ớt...",1,BÁNH CANH chả cá thì là,HAS_FIX,1 copy 24.json,6295
780,thịt đùi heo rừng,thịt đùi,chicken thigh,Thịt đùi heo rừng,high,,1,Thịt Heo Rừng Luộc,HAS_FIX,1 copy 24.json,6324
781,thịt nạc vai heo rừng,thịt nạc dăm,pork shoulder,Thịt nạc vai heo rừng,high,,1,Măng Xào Thịt Vai Heo Rừng,HAS_FIX,1 copy 24.json,6329
782,trứng to,trứng vịt,duck egg,Trứng gà,medium,Nem thường dùng trứng gà to,1,Nem cua bể,HAS_FIX,1 copy 24.json,6376
783,Thịt má đùi gà,thịt đùi,chicken thigh,Thịt má đùi gà,high,,1,Gà xào nấm cải thìa,HAS_FIX,1 copy 24.json,6407
784,ngò già lấy cả gốc,ngò gai,culantro,Gốc ngò rí,high,,1,Cá Chim Hấp Nước Tương Kiểu Hongkong,HAS_FIX,1 copy 24.json,6444
785,khô cá lóc,kho cá,braised fish,Khô cá lóc,high,,1,Gỏi Xòai Xanh trộn khô cá lóc,HAS_FIX,1 copy 24.json,6455
786,đậu ve vettulanh,đậu que,green beans,Đậu cô ve,high,,1,"Thịt bò xào su su, ngò rí",HAS_FIX,1 copy 24.json,6461
787,Rau cần tây cần tàu,cần tây,celery,"Cần tây, cần tàu",high,,1,Rau Củ Xào Ngũ Sắc,HAS_FIX,1 copy 24.json,6466
788,Thịt vai,thịt nạc dăm,pork shoulder,Thịt nạc vai,high,,1,Thịt Hầm Ngon Như Thịt Hộp,HAS_FIX,1 copy 24.json,6472
789,Nước sốt xào mì,nước cốt,extract,Nước sốt xào mì,high,,1,Mì xào tôm kiểu Thái,HAS_FIX,1 copy 24.json,6494
790,Lòng đỏ trứng gà,Trứng gà,Chicken Egg,Lòng đỏ trứng gà,high,,1,Tôm Phô Mai Nướng Nồi Chiên Không Dầu,HAS_FIX,1 copy 24.json,6534
791,Bắp sú,bắp cải,cabbage,Bắp cải,high,Bắp sú là tên gọi khác của bắp cải,1,Đậu cô ve xào thịt bò cà chua,HAS_FIX,1 copy 24.json,6550
792,củ Hành khô,hành tím,shallot,Hành tím,high,Hành khô là hành tím củ,1,Đậu cô ve xào thịt bò cà chua,HAS_FIX,1 copy 24.json,6551
793,tôm sú,tôm sú,shrimp,Tôm sú,high,,1,Mực Xào Lá Húng Quế,HAS_FIX,1 copy 24.json,6568
794,lá húng quế trắng,rau húng chó,mint,Lá é,high,Húng quế trắng thường gọi là lá é,1,Mực Xào Lá Húng Quế,HAS_FIX,1 copy 24.json,6581
795,Nấm hạ thảo không bắt buộc,Nấm đông trùng hạ thảo,Cordyceps militaris,Nấm đông trùng hạ thảo,high,,1,Rau Mồng Tơi Xào,HAS_FIX,1 copy 24.json,6619
796,Rau cải cúc rau tần ô,rau tần ô,chrysanthemum greens,Rau cải cúc,high,,1,Canh Rau Cải Cúc Nấu Đơn Giản,HAS_FIX,1 copy 24.json,6621
797,Khô cá mặn chay không bắt buộc,Cá chày,chub fish,Cá mặn chay,high,,1,Canh Rau Cải Cúc Nấu Đơn Giản,HAS_FIX,1 copy 24.json,6622
798,Cooking cream,đậu nành,soybeans,Kem tươi nấu ăn,high,,1,"Mì Ý Xốt Kem Cheese với Bacon, Nấm Mối và Bông Cải Xanh",HAS_FIX,1 copy 24.json,6644
799,phi lê cá basa,chả cá,fish cake,Phi lê cá basa,high,,1,Chả CÁ basa,HAS_FIX,1 copy 24.json,6667
800,nước màu thốt nốt,nước,water,Nước màu thốt nốt,high,,1,Chà Bông Heo (Ruốc) Bằng Máy Làm Mochi,HAS_FIX,1 copy 24.json,6742
801,sốt kho đa dụng,sốt,sauce,Sốt kho đa dụng,high,,1,Cá Liệt Lệ Kho Khế,HAS_FIX,1 copy 16.json,6831
802,thịt đùi,Thịt ba chỉ,pork belly,Thịt đùi heo,high,Sử dụng thịt đùi để làm heo quay,1,Heo quay giòn bì kiểu 3: không xăm bì hoặc ngâm giấm,HAS_FIX,1 copy 16.json,6872
803,bột bắp,bột nếp,glutinous rice flour,Bột bắp,high,,1,Bánh trôi nước nhân thịt gà nấm và đậu xanh,HAS_FIX,1 copy 16.json,6890
804,kì trứng,Trứng gà,Chicken Egg,Trứng,medium,"Lỗi gõ, có thể là 1 quả trứng",1,Mì mực nấu nấm,HAS_FIX,1 copy 16.json,6895
805,Xôi trắng,xôi,sticky rice,Xôi trắng,high,,1,Lưỡi heo nấu ngũ vị,HAS_FIX,1 copy 16.json,6943
806,nước lọc nước dừa,nước dừa,coconut water,"Nước lọc, nước dừa",high,,1,Cá chim kho thơm,HAS_FIX,1 copy 16.json,6946
807,Sườn non,sườn heo,pork ribs,Sườn non heo,high,,1,Bún Nấm Cá Thác Lác Khổ Qua,HAS_FIX,1 copy 16.json,6949
808,Khổ qua,mướp đắng,bitter melon,Khổ qua,high,,1,Bún Nấm Cá Thác Lác Khổ Qua,HAS_FIX,1 copy 16.json,6951
809,bông súp lơ trắng,bông cải trắng,cauliflower,Súp lơ trắng,high,,1,Súp lơ xào thịt bò,HAS_FIX,1 copy 16.json,7004
810,nước cốt kẹo,gấc,gac fruit,Nước hàng,medium,Nước màu thắng từ đường cho món xôi,1,Xôi thỏi vàng cá koi,HAS_FIX,1 copy 16.json,7073
811,lá rau tần dày,rau tần ô,chrysanthemum greens,Lá húng chanh,high,Rau tần dày lá còn gọi là húng chanh,1,Canh Chua Đầu Cá Mú Đen,HAS_FIX,1 copy 16.json,7081
812,rau tập tàng,rau tạp,mixed greens,Rau tập tàng,high,,1,Canh Rau Tập Tàng Nấu Tôm Tươi,HAS_FIX,1 copy 16.json,7150
813,bột hành bột tỏi,bột hành,Onion powder,"Bột hành, bột tỏi",high,,1,Thịt ba chỉ nướng NCKD,HAS_FIX,1 copy 16.json,7168
814,Rau cải thảo,cải thìa,bok choy,Cải thảo,high,,1,Miến xào rau nấm thanh nhẹ,HAS_FIX,1 copy 16.json,7191
815,Pha mắm tôm,nước mắm,fish sauce,Mắm tôm,high,,1,Bún Đậu Mắm Tôm Lòng Heo Luộc,HAS_FIX,1 copy 16.json,7230
816,Tôm tươi,tôm sú,shrimp,Tôm tươi,high,,1,Canh Mướp Hương Nấu Tôm Rim Táo Đỏ,HAS_FIX,1 copy 16.json,7305
817,thịt nạc vai heo rang,thịt nạc dăm,pork shoulder,Thịt nạc vai heo,high,,1,Tép đồng rang thịt,HAS_FIX,1 copy 16.json,7346
818,ường nâu,nấm bào ngư,oyster mushroom,Đường nâu,high,Lỗi gõ thiếu chữ Đ,1,Nấm Rơm khô rim mặn với tiêu xanh,HAS_FIX,1 copy 16.json,7398
819,Cải chua,dưa cải,pickled mustard greens,Cải chua,high,,1,Canh Cải Chua Hầm Xương Heo,HAS_FIX,1 copy 16.json,7419
820,hành tây tỏi,hành tây,onion,"Hành tây, tỏi",high,,1,Tôm catfish nướng,HAS_FIX,1 copy 16.json,7427
821,Dạ dày heo,bao tử heo,pork stomach,Dạ dày heo,high,,1,"Dạ dày, tai heo bóp chua",HAS_FIX,1 copy 16.json,7435
822,Tỏi ớt đỏ chanh,chanh ớt rau thơm,lime chili herbs,"Tỏi, ớt, chanh",high,,1,"Dạ dày, tai heo bóp chua",HAS_FIX,1 copy 16.json,7436
823,trứng vịt cồ,trứng vịt,duck egg,Trứng vịt cồ,high,Trứng vịt kích thước lớn,1,Trứng vịt cồ chiên thịt vai xay,HAS_FIX,1 copy 16.json,7603
824,tôm nõn lột sẵn,tôm thẻ loại to,shrimp,Tôm nõn,high,,1,Chả tôm cuộn rong biển bánh tráng,HAS_FIX,1 copy 16.json,7607
825,Nước hầm xương rau củ dashi,nước,water,Nước dùng dashi,high,,1,Nui Chữ Nấu Thịt Băm (Món ăn sáng cho bé),HAS_FIX,1 copy 16.json,7640
826,Trái giác,khế,starfruit,Trái giác,high,,1,Cá Nâu Kho Trái Giác Miền Tây,HAS_FIX,1 copy 16.json,7658
827,Bò băm,nạm bò,beef brisket,Thịt bò băm,high,,1,Nui Nơ Sốt Bò Cà Chua Bỏ Lò,HAS_FIX,1 copy 16.json,7662
828,Hành phi,tỏi,garlic,Hành phi,high,,1,Phở xào bò,HAS_FIX,1 copy 16.json,7771
829,t đỏ xanh,ớt xanh,green chili,"Ớt đỏ, ớt xanh",high,Lỗi gõ thiếu chữ Ớ,1,Cá nục chuối kho ớt hiểm,HAS_FIX,1 copy 16.json,7810
830,củ Hành,hành tím,shallot,Hành tím,high,,1,Cá nục chuối kho ớt hiểm,HAS_FIX,1 copy 16.json,7811
831,bún gạo lứt tươi,gạo lứt,brown rice,Bún gạo lứt tươi,high,,1,Bún GẠO LỨT nấu tôm,HAS_FIX,1 copy 16.json,7844
832,Phở sắn,củ đậu,jicama,Phở sắn,high,"Đặc sản Quế Sơn, làm từ sắn",1,Cá Nục Hấp Cuốn Rau Muống và Phở Sắn,HAS_FIX,1 copy 16.json,7881
833,Mắm tép,nước mắm,fish sauce,Mắm tép,high,,1,Thịt Ba Chỉ Xào Mắm Tép,HAS_FIX,1 copy 16.json,7914
834,gia vị Tacos,gia vị,seasoning,Gia vị Tacos,high,,1,Tacos bò băm,HAS_FIX,1 copy 16.json,7948
835,cải bẹ dún,cải dún,leaf mustard,Cải bẹ dún,high,,1,Canh Bí Đỏ Cải Bẹ Dún Nấu Tôm,HAS_FIX,1 copy 16.json,7965
836,tay ậu gà,đậu gà,chickpeas,Đậu gà,high,Lỗi gõ sai từ đậu gà,1,Salad tôm - đậu gà,HAS_FIX,1 copy 16.json,8039
837,tép tỏi,tép,small shrimp,Tép tỏi,high,Các nhánh tỏi nhỏ,1,Thịt bê xào lá lốt,HAS_FIX,1 copy 16.json,8082
838,lá mắc mật,rau thơm,herbs,Lá mắc mật,high,,1,Heo Quay Da Giòn Lá Mắc Mật,HAS_FIX,1 copy 16.json,8113
839,t bột,Bột (chung),flour,Ớt bột,high,Lỗi gõ thiếu chữ Ớ,1,Cá bống Sông Trà kho,HAS_FIX,1 copy 16.json,8173
840,Hành ớt,hành tím,shallot,"Hành, ớt",high,,1,Cá bớp kho nước dừa,HAS_FIX,1 copy 16.json,8213
841,thịt chiên xù,nạc thăn,pork tenderloin,Thịt heo chiên xù,high,,1,Mỳ trứng xào thịt thăn chiên giòn,HAS_FIX,1 copy 16.json,8234
842,me,me,tamarind,Me,high,,1,Cá chim kho cà chua,HAS_FIX,1 copy 16.json,8274
843,lá Rong biển khô,lá nori,nori,Rong biển khô,high,,1,Chổi Phù Thủy Halloween (Nấm Kim Châm Chiên Giòn),HAS_FIX,1 copy 16.json,8284
844,chả cá hàn quốc,chả cá,fish cake,Chả cá Hàn Quốc,high,,1,Chả cá hàn quốc (nước dùng),HAS_FIX,1 copy 16.json,8285
845,Nấm đông cô hoặc nấm mỡ,nấm hương,shiitake mushroom,Nấm đông cô hoặc nấm mỡ,high,,1,Súp kem nấm miso,HAS_FIX,1 copy 16.json,8308
846,chả cá thu cá măng,chả cá lóc,fish cake,"Chả cá thu, cá măng",high,,1,Canh Khổ Qua Dồn Chả Cá,HAS_FIX,1 copy 16.json,8314
847,nước cốt chanh tắc,nước,water,"Nước cốt chanh, tắc",high,,1,Cá Mó Chiên Sả,HAS_FIX,1 copy 16.json,8341
848,Mắm cá,nước mắm,fish sauce,Mắm cá,high,,1,Mắm chưng - Trứng thịt,HAS_FIX,1 copy 16.json,8342
849,ớt mỏ chim,ớt hiểm,bird chili,Ớt mỏ chim,high,,1,Cá Linh Kho Nước Dừa,HAS_FIX,1 copy 16.json,8352
850,củ,khoai môn,taro,Củ,medium,Tên gọi chung cho các loại củ,1,Canh củ nấu cá và rau cần,HAS_FIX,1 copy 16.json,8388
851,rau cần hành thì là,thì là,dill,"Rau cần, hành, thì là",high,,1,Canh củ nấu cá và rau cần,HAS_FIX,1 copy 16.json,8409
852,Hành tía tô lá lốt,hành tía tô,perilla,"Hành, tía tô, lá lốt",high,,1,Đầu cá lăng nấu thịt chuối đậu,HAS_FIX,1 copy 16.json,8415
853,mắm cá linh,nước mắm,fish sauce,Mắm cá linh,high,,1,Thịt heo luộc- mắm đu đủ,HAS_FIX,1 copy 16.json,8416
854,Tương ở Hàn,tương ớt,chili sauce,Tương Hàn Quốc,high,Thường là Gochujang hoặc tương đậu,1,Thịt ba chỉ sốt cay kiểu Hàn,HAS_FIX,1 copy 16.json,8432
855,Bít tết bò băm,bít tết,beef steak,Thịt bò băm,high,,1,Hamburg Steak (Thịt bít tết bò băm kiểu Nhật),HAS_FIX,1 copy 16.json,8454
856,bột màu điều,hạt màu điều,annatto seeds,Bột màu điều,high,,1,Thịt heo Đông Pha,HAS_FIX,1 copy 16.json,8472
857,bột chiên gà,bột gà,chicken powder,Bột chiên gà,high,,1,Tôm hùm (Lobster) tẩm bột chiên sốt nấm,HAS_FIX,1 copy 16.json,8528
858,rau ngon,rau ngót,sweet leaf bush,Rau ngót,high,Lỗi gõ sai từ rau ngót,1,Cá khoai nấu rau ngót,HAS_FIX,1 copy 16.json,8534
859,tai nấm đông cô,nấm hương,shiitake mushroom,Nấm đông cô,high,,1,Khoai môn bọc thịt chiên giòn,HAS_FIX,1 copy 16.json,8541
860,mc dầu hào,dầu hào,oyster sauce,Dầu hào,high,mc là viết tắt muỗng canh,1,Khoai môn bọc thịt chiên giòn,HAS_FIX,1 copy 16.json,8543
861,bột tàn,Bột (chung),flour,Bột tàn mì,high,"Lỗi gõ thiếu, dùng làm há cảo",1,Khoai môn bọc thịt chiên giòn,HAS_FIX,1 copy 16.json,8548
862,g shorterning,mỡ,lard,Shortening,high,,1,Khoai môn bọc thịt chiên giòn,HAS_FIX,1 copy 16.json,8549
863,củ hành,bột hành,Onion powder,Hành tím,high,,1,Khoai môn bọc thịt chiên giòn,HAS_FIX,1 copy 16.json,8552
864,cá trác,cá tra,pangasius,Cá trác,high,,1,Cá trác kho dưa môn,HAS_FIX,1 copy 16.json,8553
865,dưa môn,khoai môn,taro,Dưa môn,high,Dưa làm từ bẹ khoai môn,1,Cá trác kho dưa môn,HAS_FIX,1 copy 16.json,8554
866,su lơ xanh,bông cải,broccoli,Súp lơ xanh,high,,1,Su lơ xanh xào bò,HAS_FIX,1 copy 16.json,8567
867,tép khô,tép,small shrimp,Tép khô,high,,1,Trứng chiên tép khô hải sản,HAS_FIX,1 copy 16.json,8569
868,vịt quay,thịt vịt,duck,Vịt quay,high,,1,Thịt quay kho đơn giản,HAS_FIX,1 copy 16.json,8575
869,Thịt nạc xay,thịt nạc dăm,pork shoulder,Thịt nạc xay,high,,1,Khoai Tây Xào Thịt Nạc,HAS_FIX,1 copy 16.json,8617
870,trứng cá sặc rằn,trứng cá,fish roe,Trứng cá sặc rằn,high,,1,Cá rô kho trứng với tóp mỡ,HAS_FIX,1 copy 16.json,8652
871,Hành lá thì là tỏi ớt hành,hành lá nhánh hành tỏi củ,aromatics mix,"Hành lá, thì là, tỏi, ớt, hành",high,,1,"Cá om dưa, cách cơ bản và nhanh gọn",HAS_FIX,1 copy 16.json,8716
872,Măng chua đậu bắp,măng chua,pickled bamboo shoots,"Măng chua, đậu bắp",high,,1,Canh chua nấu nấm,HAS_FIX,1 copy 16.json,8717
873,Thơm cà chua,cà chua,tomato,"Dứa, cà chua",high,Thơm là tên gọi khác của dứa,1,Canh chua nấu nấm,HAS_FIX,1 copy 16.json,8718
874,cải cay,cải bẹ xanh,mustard greens,Cải bẹ xanh,high,Cải cay là tên miền Bắc,1,Miến cá lóc,HAS_FIX,1 copy 16.json,8719
875,Củ nén hành tím ớt,hành tím,shallot,"Củ nén, hành tím, ớt",high,,1,Miến cá lóc,HAS_FIX,1 copy 16.json,8720
876,Mướp hương,mướp,luffa,Mướp hương,high,,1,Mướp hương xào nấm trùng thảo,HAS_FIX,1 copy 16.json,8721
877,Nấm trùng thảo,mực,squid,Nấm đông trùng hạ thảo,high,,1,Mướp hương xào nấm trùng thảo,HAS_FIX,1 copy 16.json,8722
878,củ cải nhỏ,củ cải đỏ,red radish,Củ cải trắng nhỏ,medium,,1,Lẩu tôm bầu,HAS_FIX,1 copy 16.json,8732
879,sườn sụn non,sườn heo,pork ribs,Sườn sụn,high,,1,Lẩu tôm bầu,HAS_FIX,1 copy 16.json,8745
880,ậu khuôn chiên,đậu hũ,tofu,Đậu hũ chiên,high,"Lỗi gõ, đậu khuôn là đậu hũ",1,Nấm Đùi Gà Xào Sả Ớt,HAS_FIX,1 copy 16.json,8749
881,nước Sốt chua ngọt,sốt chua ngọt,sweet sour sauce,Nước sốt chua ngọt,high,,1,Rau càng cua sốt dầu giấm,HAS_FIX,1 copy 16.json,8820
882,chả chá,chả cá,fish cake,Chả cá,high,Lỗi gõ sai từ chả cá,1,Chả cá xào nấm và rau củ,HAS_FIX,1 copy 16.json,8823
883,trứng gà và tôm,Trứng gà,Chicken Egg,"Trứng gà, tôm",high,,1,Rau càng cua sốt dầu giấm,HAS_FIX,1 copy 16.json,8837
884,cá diêu hồng chay gr,Cá chày,chub fish,Cá diêu hồng chay,high,,1,Cá diêu hồng chay sốt cà chua,HAS_FIX,1 copy 16.json,8855
885,cây hành hoa thì là,thì là,dill,"Hành hoa, thì là",high,,1,Cá chim đen sốt cà,HAS_FIX,1 copy 16.json,8860
886,mắm thìa bột canh,bột canh,Seasoning powder,"Nước mắm, bột canh",medium,,1,Cá chim đen sốt cà,HAS_FIX,1 copy 16.json,8862
887,Hành lá hành tím hành tây tuỳ chọn,hành lá nhánh hành tỏi củ,aromatics mix,"Hành lá, hành tím, hành tây",high,,1,Mì tôm bí đỏ siêu ngon cho bé,HAS_FIX,1 copy 16.json,8929
888,lá quế,quế,Cinnamon,Rau húng quế,high,Lá quế trong nấu ăn là húng quế,1,"Nấm đùi gà, mì căn kho lá quế",HAS_FIX,1 copy 16.json,8932
889,má đùi gà,nấm đùi gà,king oyster mushroom,Má đùi gà,high,,1,NẤM nhồi thịt gà hấp,HAS_FIX,1 copy 16.json,8952
890,dưa hường,dưa lưới,Cantaloupe,Dưa hường,high,Dưa hấu non dùng nấu canh,1,Canh dưa hường nấu nấm kim châm,HAS_FIX,1 copy 16.json,8956
891,sả tỏi,tỏi,garlic,"Sả, tỏi",high,,1,Cá linh nấu chua với bông súng cơm mẻ,HAS_FIX,1 copy 16.json,8993
892,Thịt bò thăn thái lát,nạc thăn,pork tenderloin,Thịt thăn bò,high,,1,Nui xào bò,HAS_FIX,1 copy 16.json,9007
893,Hành boaro,hành lá,green onion,Hành boa-rô,high,,1,Nui xào bò,HAS_FIX,1 copy 16.json,9010
894,Thơm,dứa,pineapple,Thơm,high,,1,Canh Chua Cá Nấu Lá Me,HAS_FIX,1 copy 16.json,9037
895,húng thơm,rau thơm,herbs,Rau húng thơm,high,,1,SP.0998 - Bò Áp Chảo Cải Son,HAS_FIX,1 copy 16.json,9039
896,Chả quế,chả huế,hue sausage,Chả quế,high,,1,SP.0995 - Bò Bía Mặn,HAS_FIX,1 copy 16.json,9050
897,Hột gà,bột gà,chicken powder,Trứng gà,high,Hột gà là cách gọi miền Nam,1,SP.0995 - Bò Bía Mặn,HAS_FIX,1 copy 16.json,9052
898,thịt thăn,nạc thăn,pork tenderloin,Thịt thăn heo,high,,1,Phở sắn thịt băm sấu,HAS_FIX,1 copy 16.json,9062
899,Mật dừa nước,mật ong,Honey,Mật dừa nước,high,,1,SP.0995 - Bò Bía Mặn,HAS_FIX,1 copy 16.json,9082
900,ớt sừng ớt hiểm,ớt sừng,red chili,"Ớt sừng, ớt hiểm",high,,1,Canh chua bông điên điển ngó sen nấu cùng tôm mực,HAS_FIX,1 copy 16.json,9131
901,ầu hành boaro,nấm mèo,wood ear mushroom,hành baro,high,"Lỗi chính tả ầu thành hành, boaro thành baro",1,Tàu Hũ Ky Cuộn Kho Thơm Nấm (Món chay),HAS_FIX,1 copy 8.json,9135
902,mắm Cá Trèn,nước mắm,fish sauce,mắm cá trèn,high,,1,Mắm Cá Trèn Trộn Thịt Luộc,HAS_FIX,1 copy 8.json,9200
903,rau ngò,rau om,rice paddy herb,ngò rí,high,,1,Miến Xào Nấm Lộc Nhung Chay,HAS_FIX,1 copy 8.json,9217
904,Táo đỏ,táo tàu,jujube,táo đỏ,high,,1,Chè Lê Nấm Tuyết,HAS_FIX,1 copy 8.json,9250
905,thịt băm mỡ,Thịt băm,Minced pork,thịt băm có mỡ,high,,1,Chả Thịt Băm Trứng Muối Cá Hộp,HAS_FIX,1 copy 8.json,9265
906,Hành tím ớt đỏ,hành tím,shallot,hành tím và ớt đỏ,high,,1,Cá bống kho khô với nghệ,HAS_FIX,1 copy 8.json,9394
907,gạch cua,Trứng cua,Crab roe,gạch cua đồng,high,Riêu cua đồng có gạch cua,1,Lẩu Riêu Cua Đồng Bắp Bò Ngày Quốc Khánh 2/9,HAS_FIX,1 copy 8.json,9412
908,chả bì ớt xiêm xanh,ớt xanh,green chili,chả bì ớt xiêm xanh,high,,1,Lẩu Riêu Cua Đồng Bắp Bò Ngày Quốc Khánh 2/9,HAS_FIX,1 copy 8.json,9435
909,da heo,bì heo,pork skin,da heo,high,,1,CHÁO huyết-da heo cuộn,HAS_FIX,1 copy 8.json,9450
910,bánh canh bột gạo,bột bánh canh,tapioca flour,bánh canh bột gạo,high,,1,SP.0988 - Bánh Canh Tôm Thịt Miền Tây,HAS_FIX,1 copy 8.json,9460
911,cải hồng,cải ngọt,choy sum,cải hồng,high,,1,🌱 Bún Đậu Hủ Nước Tương Trộn Rau Củ,HAS_FIX,1 copy 8.json,9484
912,khoanh thơm,dứa,pineapple,thơm,high,Thơm cắt khoanh,1,Bún Sườn Bò Tơ,HAS_FIX,1 copy 8.json,9488
913,vị rang thơm,rau thơm,herbs,vị rang thơm,medium,Hỗn hợp gia vị tạo mùi thơm,1,Bún Sườn Bò Tơ,HAS_FIX,1 copy 8.json,9489
914,bột men đỏ,Bột (chung),flour,bột men gạo đỏ,high,Men đỏ tạo màu cho thịt luncheon,1,Thịt GÀ đóng hộp (Homemade Chicken Luncheon),HAS_FIX,1 copy 8.json,9516
915,Hành lá ngò rí,rau ngò rí,coriander leaves,hành lá và ngò rí,high,,1,Xíu Mại Trứng Cút Da Heo,HAS_FIX,1 copy 8.json,9543
916,sườn sụn heo,sụn heo,pork cartilage,sườn sụn heo,high,,1,Sườn sụn heo nướng,HAS_FIX,1 copy 8.json,9586
917,nhãn bắp cải,nhãn,longan,nhãn và bắp cải,medium,Có thể dùng bắp cải làm khuôn hoặc trang trí,1,RAU CÂU nhãn tươi,HAS_FIX,1 copy 8.json,9607
918,nước cốt lá cẩm,nước cốt,extract,nước cốt lá cẩm,high,,1,RAU CÂU nhãn tươi,HAS_FIX,1 copy 8.json,9609
919,nước cốt dừa tươi,nước dừa,coconut water,nước cốt dừa tươi,high,,1,RAU CÂU nhãn tươi,HAS_FIX,1 copy 8.json,9610
920,Lá bắp cải hành lá,lá bắp cải,cabbage leaves,bắp cải và hành lá,high,,1,"Cải bắp cuộn tôm, thịt",HAS_FIX,1 copy 8.json,9616
921,Cá giò,Cá bớp,Cobia,cá giò,high,Cá giò khác cá bớp (miền Trung gọi khác),1,Cá Giò Kho Cải Chua,HAS_FIX,1 copy 8.json,9668
922,kem cheese,kem,cream,kem phô mai,high,,1,Cá hồi tartare,HAS_FIX,1 copy 8.json,9690
923,Chanh ớt,chanh trà,tea lemon,chanh và ớt,high,,1,Bánh canh xương sụn chả cá,HAS_FIX,1 copy 8.json,9720
924,lá Basil,Mè (Vừng),sesame seeds,lá húng tây,high,Basil là húng tây,1,Súp Chua Cá Hồng Biển Hương Vị Địa Trung Hải,HAS_FIX,1 copy 8.json,9807
925,Bánh tráng sắn,bánh tráng,rice paper,bánh tráng sắn,high,,1,"Mực hấp rau muống cuốn bánh tráng sắn – đơn giản mà ngon ""hết sẩy""",HAS_FIX,1 copy 8.json,9853
926,dụm heo,hành lá,green onion,dụm heo,medium,Dụm/Dựng heo là phần chân giò,1,Dụm heo hầm,HAS_FIX,1 copy 8.json,9876
927,nước tương tsuyu,nước tương,Soy sauce,nước tương Tsuyu,high,,1,Cơm cá hồi nấu gọn trong nồi cơm điện,HAS_FIX,1 copy 8.json,9900
928,nước thịt rang,nước thịt kho,braising sauce,nước thịt rang,high,,1,Nấm đùi gà xào bông cải,HAS_FIX,1 copy 8.json,9901
929,ốc bươu,nước,water,ốc bươu,high,,1,Ốc Bươu Nhồi Thịt Hấp,HAS_FIX,1 copy 8.json,9926
930,Tỏi ớt chanh gừng,tỏi gừng,garlic ginger,"tỏi, ớt, chanh và gừng",high,,1,Nạm bò luộc,HAS_FIX,1 copy 8.json,9939
931,rau húng cay húng lủi,rau thơm,herbs,húng quế và húng lủi,high,Húng cay thường chỉ húng quế,1,Ốc Bươu Nhồi Thịt Hấp,HAS_FIX,1 copy 8.json,9944
932,tôm hoặc,tôm sú,shrimp,tôm,high,,1,Gỏi Cuốn/Bún Tôm Thịt sốt tương đen,HAS_FIX,1 copy 8.json,9964
933,Hành tím hành lá cắt nhỏ,hành tím,shallot,hành tím và hành lá,high,,1,Canh bí đao (bí xanh) nấu thịt bằm đơn giản,HAS_FIX,1 copy 8.json,9969
934,tàu hũ trắng,đậu hũ trứng,egg tofu,tàu hũ trắng,high,,1,Tôm hấp tàu hũ trắng sauce nước tương,HAS_FIX,1 copy 8.json,9990
935,ớt không cay,ớt chuông,bell pepper,ớt không cay,high,,1,Tôm hấp tàu hũ trắng sauce nước tương,HAS_FIX,1 copy 8.json,9991
936,sốt nấm hương,nấm hương,shiitake mushroom,sốt nấm hương,high,,1,Mì Trứng Trộn Sốt Nấm Hương,HAS_FIX,1 copy 8.json,10000
937,tim gan cật heo,tim heo,pork heart,"tim, gan và cật heo",high,,1,Mì Trứng Trộn Sốt Nấm Hương,HAS_FIX,1 copy 8.json,10001
938,t sừng rau răm,rau răm,vietnamese coriander,ớt sừng và rau răm,high,t sừng là ớt sừng,1,Măng le kho nước tương rau răm,HAS_FIX,1 copy 8.json,10055
939,là gia vị,gia vị,seasoning,thì là,high,Cá nấu ngót thường dùng thì là,1,Cá chim trắng nấu ngót thìa là,HAS_FIX,1 copy 8.json,10057
940,nước hầm xương heo,nước,water,nước hầm xương heo,high,,1,Canh Hẹ Đậu Hũ,HAS_FIX,1 copy 8.json,10065
941,bánh tráng sắn,bánh tráng,rice paper,bánh tráng sắn,high,,1,Cá Diêu Hồng Chiên Mè Cuốn Bánh Tráng Sắn,HAS_FIX,1 copy 8.json,10104
942,tinh bột khoai tây,khoai tây,potato,tinh bột khoai tây,high,,1,Thịt chiên xù chấm sốt chua ngọt,HAS_FIX,1 copy 8.json,10110
943,xà lách ta,xà lách tím,red lettuce,xà lách,high,,1,Rau sống sốt chanh dây,HAS_FIX,1 copy 8.json,10211
944,Tương,nước tương,Soy sauce,tương hột,medium,Tương trong món Việt thường là tương hột,1,Đậu phụ sốt chua ngọt,HAS_FIX,1 copy 8.json,10223
945,cải chíp,cải thìa,bok choy,cải thìa,high,Cải chíp là tên khác của cải thìa,1,Canh gà cải thìa nấm,HAS_FIX,1 copy 8.json,10285
946,nấm mỡ nấm đông cô,nấm hương,shiitake mushroom,nấm mỡ và nấm đông cô,high,,1,Canh gà phi lê nấu cải bẹ và nấm mỡ,HAS_FIX,1 copy 8.json,10336
947,lá Chanh Kaffir,lá chanh,kaffir lime leaves,lá chúc,high,Kaffir lime là lá chúc (chanh Thái),1,Cà Ri Đùi Ếch Chôm Chôm,HAS_FIX,1 copy 8.json,10367
948,mực cơm,mực,squid,mực cơm,high,,1,Mực cơm luộc chua cay,HAS_FIX,1 copy 8.json,10504
949,mỡ bò,mỡ,lard,mỡ bò,high,,1,Phở Bò Sài Gòn,HAS_FIX,1 copy 8.json,10510
950,hạt thì là,thì là,dill,hạt thì là,high,,1,Phở Bò Sài Gòn,HAS_FIX,1 copy 8.json,10511
951,Rong biển mè,rong biển,seaweed,rong biển và mè,high,,1,Cơm chiên cá hộp,HAS_FIX,1 copy 8.json,10528
952,dầu hành phi,hành tím,shallot,dầu hành phi,high,,1,"Bánh Ướt Trứng Nhân Tôm Thịt (Bột pha sẵn, bột tự pha và tráng bằng chảo)",HAS_FIX,1 copy 8.json,10532
953,nước,nước,water,nước,high,,1,Măng tây cuốn thịt,HAS_FIX,1 copy 8.json,10561
954,bột rau câu agar,bún,rice vermicelli,bột rau câu agar,high,,1,Rau câu nhãn,HAS_FIX,1 copy 8.json,10565
955,bò xay,nạm bò,beef brisket,thịt bò xay,high,,1,Bánh Mì Bò Phô Mai,HAS_FIX,1 copy 8.json,10591
956,bao tử cá basa,Bong bóng cá,Fish maw,bao tử cá basa,high,,1,Bao tử CÁ BASA khìa nước dừa,HAS_FIX,1 copy 8.json,10593
957,giấm chanh rượu trắng,dấm,vinegar,"giấm, chanh và rượu trắng",high,,1,Bao tử CÁ BASA khìa nước dừa,HAS_FIX,1 copy 8.json,10597
958,Nhân nhồi mực,nhân heo,pork filling,nhân nhồi mực,high,,1,Mực Ống Nhỏ Nhồi Thịt Sốt Tương Dầu Hành,HAS_FIX,1 copy 8.json,10621
959,Nước sốt tương dầu hành,nước tương,Soy sauce,sốt tương dầu hành,high,,1,Mực Ống Nhỏ Nhồi Thịt Sốt Tương Dầu Hành,HAS_FIX,1 copy 8.json,10623
960,ậu phụ trắng,đậu hũ trứng,egg tofu,đậu phụ trắng,high,Lỗi gõ phím thiếu chữ đ,1,Đậu Phụ Tứ Xuyên Mapo Tofu 麻婆豆腐,HAS_FIX,1 copy 8.json,10659
961,cá mím,cá mó,parrotfish,cá mím,high,,1,Cá mím nấu chua,HAS_FIX,1 copy 8.json,10727
962,nước hầm xương và xương heo,nước,water,xương và nước hầm xương,high,,1,Canh rong biển nấu nấm,HAS_FIX,1 copy 8.json,10753
963,nước cốt tắc,nước cốt,extract,nước cốt tắc,high,,1,Hải sản ngâm cay,HAS_FIX,1 copy 8.json,10759
964,Hành Khô củ,hành tím,shallot,hành tím củ,high,,1,Thịt Heo Bọc Sả,HAS_FIX,1 copy 8.json,10785
965,đậu bắp,đậu bắp,okra,đậu bắp,high,,1,Rau dền xào tỏi,HAS_FIX,1 copy 8.json,10792
966,cơm rượu,rượu,cooking wine,cơm rượu,high,,1,Bánh bò ổ,HAS_FIX,1 copy 8.json,10811
967,rau rocket hoặc spinach,nước,water,rau rocket hoặc chân vịt,high,Spinach là rau chân vịt/cải bó xôi,1,"Salad rau rocket, salami, táo, lê và Burrata",HAS_FIX,1 copy 8.json,10814
968,bột ớt Cayenne,bột ớt,chili powder,bột ớt Cayenne,high,,1,Cá Tầm Nướng Xốt Sa Tế,HAS_FIX,1 copy 8.json,10818
969,wonton noodles lá mì,bún hoành thánh,wonton noodles,vỏ mì hoành thánh,high,Lá mì trong wonton là vỏ gói,1,"Wonton, seafood noodles, crispy chicken (hoành thánh, mì hải sản, gà giòn)",HAS_FIX,1 copy 8.json,10824
970,tay nấm nhung hươu khô,nấm kim châm,enoki mushroom,nấm lộc nhung khô,high,Nấm nhung hươu là nấm lộc nhung,1,🌱 Canh Rau Dền Nấu Nấm Lộc Nhung Khô,HAS_FIX,1 copy 8.json,10844
971,hột gà,bột gà,chicken powder,trứng gà,high,Hột gà là trứng gà,1,SP.0969 - Hột Gà Chiên Thịt Heo Bằm,HAS_FIX,1 copy 8.json,10861
972,nước đá lạnh,nước,water,nước đá lạnh,high,,1,Ếch xào bơ tỏi hành tây,HAS_FIX,1 copy 8.json,10900
973,bắp chuối,hoa chuối,banana blossom,bắp chuối,high,,1,Bún Đuôi Heo,HAS_FIX,1 copy 8.json,10915
974,Mì cua,cua,crab,mì cua,high,,1,Các món lai rai với cua,HAS_FIX,1 copy 8.json,11020
975,Hành khô gia vị hành lá rau mùi,gia vị,seasoning,"hành, ngò và gia vị",high,,1,Nấm xào tổ ong (dạ dày bò),HAS_FIX,1 copy 8.json,11028
976,trứng cua,trứng cá,fish roe,gạch cua,high,Xíu mại cua thường dùng gạch cua,1,Sủi cảo xíu mại cua,HAS_FIX,1 copy 8.json,11042
977,Bánh đa mì gạo phở khô,bánh phở,pho noodles,bánh đa hoặc mì gạo,high,,1,Bánh đa rau ngót chả rong biển,HAS_FIX,1 copy 8.json,11069
978,sốt bơ,sốt,sauce,sốt bơ,high,,1,Bánh pateso nhân thịt,HAS_FIX,1 copy 8.json,11072
979,Mùi tàu,ngò gai,culantro,ngò gai,high,Mùi tàu là tên gọi khác của ngò gai,1,Canh cá lăng nấu chua,HAS_FIX,1 copy 8.json,11118
980,nấm đông cô gr,nấm hương,shiitake mushroom,nấm đông cô,high,,1,Ức gà xào nấm đông cô ớt chuông,HAS_FIX,1 copy 8.json,11122
981,dầu mè,dầu hẹ,chive oil,dầu mè,high,,1,"Canh Hẹ, Đậu Hũ Trứng Nấu Nấm Rơm",HAS_FIX,1 copy 8.json,11154
982,Hành lá hành củ gia vị,hành ngò,scallion cilantro,"hành lá, hành củ và gia vị",high,,1,"Đậu non, tempeh chiên sốt nấm kim châm",HAS_FIX,1 copy 8.json,11158
983,tôm he,tôm sú,shrimp,tôm he,high,,1,Tôm nõn rim tiêu,HAS_FIX,1 copy 8.json,11159
984,bột kho cá,kho cá,braised fish,bột kho cá,high,,1,Cá đồng kho nồi cơm điện,HAS_FIX,1 copy 8.json,11178
985,Giềng ớt,riềng,galangal,riềng và ớt,high,,1,Cá đồng kho nồi cơm điện,HAS_FIX,1 copy 8.json,11179
986,Gia vị hành lá rau mùi tỏi khô,Hành ngò,mixed herbs,"hành, ngò, tỏi và gia vị",high,,1,"Su su xào thịt bò, vó bò",HAS_FIX,1 copy 8.json,11184
987,tôm trứng rang,ram tôm,shrimp rolls,tôm rang,high,,1,Rau tầm bóp nấu tôm trứng,HAS_FIX,1 copy 8.json,11196
988,cá rìa công,cá dìa,rabbitfish,cá rìa,high,,1,Cá rìa công nướng sả,HAS_FIX,1 copy 8.json,11224
989,Dầu oliu dầu hào,dầu hào,oyster sauce,dầu oliu và dầu hào,high,,1,Bạch tuộc xào nấm,HAS_FIX,1 copy 8.json,11256
990,nấm mèo mộc nhĩ,nấm mèo,wood ear mushroom,nấm mèo,high,Mộc nhĩ là nấm mèo,1,Nấm Kim Châm Xào Ngũ Sắc,HAS_FIX,1 copy 8.json,11335
991,Chả cá ngần,chả cá,fish cake,chả cá ngần,high,,1,Bánh đa cá ngần + chả cá ngần,HAS_FIX,1 copy 8.json,11372
992,Hành lá rau răm gia vị,gia vị,seasoning,"hành, rau răm và gia vị",high,,1,"Canh gà đậu, nấm kim châm",HAS_FIX,1 copy 8.json,11376
993,Hành lá thìa là,hành lá,green onion,hành lá và thì là,high,,1,Bún tôm Hải Phòng,HAS_FIX,1 copy 8.json,11380
994,Gia vị bột nghệ,bột nghệ,turmeric powder,bột nghệ và gia vị,high,,1,Mì Quảng gà cá tôm,HAS_FIX,1 copy 8.json,11401
995,Hành tây hành lá rau răm,hành tây,onion,"hành tây, hành lá, rau răm",high,,1,Mì Quảng gà cá tôm,HAS_FIX,1 copy 8.json,11402
996,hành tím tỏi,hành tím,shallot,hành tím và tỏi,high,,1,Mì Quảng gà cá tôm,HAS_FIX,1 copy 8.json,11403
997,thịt heo quay phần ba rọi,Thịt ba chỉ,pork belly,thịt heo quay ba rọi,high,,1,Heo Quay Kho Trứng Cút,HAS_FIX,1 copy 8.json,11404
998,Dầu dừa,dầu ăn,Vegetable Oil,dầu dừa,high,,1,Cá mòi hộp kho trứng,HAS_FIX,1 copy 8.json,11458
999,mắm cá,nước mắm,fish sauce,mắm cá,high,,1,Cà tím bung với cá bông lau,HAS_FIX,1 copy 8.json,11482
1000,ường trắng,Trứng gà,Chicken Egg,đường trắng,high,Lỗi gõ phím thiếu chữ đ,1,Bánh bao thịt trứng cút truyền thống,HAS_FIX,1 copy 8.json,11506
1001,mấy lát gừng,lá gừng,ginger leaves,Gừng,high,"Gừng thái lát, không phải lá gừng",1,Canh Cá Dưa Chua Tứ Xuyên nhái Hảo La Má La,HAS_FIX,1 copy 40.json,11534
1002,tắc hoặc trái chanh,nước,water,Quả tắc hoặc chanh,high,,1,💚 Cơm Taco Okinawa Chay Với Đậu Hủ (Vegan),HAS_FIX,1 copy 40.json,11539
1003,mứt mơ,mứt,fruit preserve,Mứt mơ,high,,1,💚 Cơm Taco Okinawa Chay Với Đậu Hủ (Vegan),HAS_FIX,1 copy 40.json,11546
1004,Ngò,bột ngò,coriander powder,Rau ngò rí,high,,1,Dưa gang trộn tôm bóc nõn,HAS_FIX,1 copy 40.json,11582
1005,thịt bò viên,thịt viên,meatballs,Thịt bò viên,high,,1,Lẩu thịt rau củ,HAS_FIX,1 copy 40.json,11596
1006,bò cắt mỏng,bắp bò,beef shank,Thịt bò,high,Thịt bò thái mỏng nói chung,1,Lẩu thịt rau củ,HAS_FIX,1 copy 40.json,11609
1007,nấm mỡ,nấm rơm,straw mushroom,Nấm mỡ,high,,1,Lẩu thịt rau củ,HAS_FIX,1 copy 40.json,11611
1008,rau salad xoong,rau xoong,watercress,Rau xà lách xoong,high,,1,Lẩu thịt rau củ,HAS_FIX,1 copy 40.json,11613
1009,chà bông cá lóc,chà bông,pork floss (Southern: chà bông / Northern: ruốc),Chà bông cá lóc,high,,1,SP.0954 - Cháo Dinh Dưỡng Thịt Heo Rau Củ,HAS_FIX,1 copy 40.json,11645
1010,lá quế khô,rau basil,basil,Lá quế,high,Lá húng quế khô,1,Bò Kho Xốt Vang,HAS_FIX,1 copy 40.json,11680
1011,hành giã,hành tỏi,garlic and onion,Hành tím,high,Hành tím giã nhuyễn,1,Bò Kho Xốt Vang,HAS_FIX,1 copy 40.json,11683
1012,tàu hũ chiên,tàu hũ ky,tofu skin,Đậu hũ chiên,high,,1,Canh nấm kim châm rau thì là,HAS_FIX,1 copy 40.json,11713
1013,tỏi ớt bằm,hành tỏi ớt,garlic chili mix,"Tỏi, ớt",high,,1,Mực Hấp Cuốn Bánh Tráng Rau Muống,HAS_FIX,1 copy 40.json,11744
1014,Boa rô tuỳ chọn,Tỏi tây (Hành Boaro),leek,Hành boa rô,high,,1,Đậu phụ xào ngải cứu,HAS_FIX,1 copy 40.json,11844
1015,phomai hải sản,hải sản,seafood,Viên hải sản phô mai,high,,1,Viên hải sản chiên kèm ớt chuông xào hành tây,HAS_FIX,1 copy 40.json,11850
1016,hoa hành,hành lá,green onion,Hoa hành,high,Ngồng hành (phần hoa và cuống hoa),1,SP.0943 - Bò Xào Hoa Hành,HAS_FIX,1 copy 40.json,11867
1017,hạt bắp Mỹ,bắp ngọt,sweet corn,Bắp Mỹ,high,,1,Giò Sống Cuộn Rong Biển Tôm Thịt,HAS_FIX,1 copy 40.json,11907
1018,thịt bò phần sườn,ức gà,chicken breast,Sườn bò,high,,1,Thịt bò luộc #healthy,HAS_FIX,1 copy 40.json,11946
1019,Bột thính,bột hành,Onion powder,Thính gạo,high,,1,Nem thính chay từ nấm đùi gà,HAS_FIX,1 copy 40.json,11962
1020,Nước lẩu,cốt lẩu,hot pot base,Nước lẩu,high,,1,Lẩu cá dìa mùng tơi,HAS_FIX,1 copy 40.json,11983
1021,xíu vừng,dầu vừng,sesame oil,Vừng (Mè),high,,1,"Gỏi măng tây, thịt bò",HAS_FIX,1 copy 40.json,12028
1022,Gia vị hành,gia vị,seasoning,Hành lá,high,Gia vị hành thường là hành lá nêm,1,Cá sốt cà,HAS_FIX,1 copy 40.json,12104
1023,sốt Thái,sốt,sauce,Sốt Thái,high,,1,Mực sốt Thái với ổi hồng,HAS_FIX,1 copy 40.json,12130
1024,sốt lẩu chua hải sản,sốt chua ngọt,sweet sour sauce,Sốt lẩu Thái hải sản,high,,1,Lẩu cá diêu hồng chua cay dịp 30.4,HAS_FIX,1 copy 40.json,12172
1025,thịt vai rang,thịt nạc dăm,pork shoulder,Thịt vai heo,high,,1,Đậu que xào thịt vai heo,HAS_FIX,1 copy 40.json,12174
1026,Mè rang đậu phộng rang,đậu phộng,peanut,"Mè, đậu phộng rang",high,,1,Gỏi Lưỡi Heo,HAS_FIX,1 copy 40.json,12178
1027,bánh đa,bánh phở,pho noodles,Bánh đa,high,,1,Lẩu cua đồng,HAS_FIX,1 copy 40.json,12193
1028,phù trúc tươi,tàu hũ ky,tofu skin,Phù trúc tươi,high,Tên gọi khác của tàu hũ ky tươi,1,Lẩu cua đồng,HAS_FIX,1 copy 40.json,12203
1029,khoai tím,khoai từ,yam,Khoai mỡ tím,high,Khoai nấu canh chả mọc thường là khoai mỡ,1,Khoai Tím Nấu Chả Mọc Tôm,HAS_FIX,1 copy 40.json,12250
1030,lá é trắng,rau basil,basil,Lá é trắng,high,,1,Canh Cá Dìa Nấu Lá É,HAS_FIX,1 copy 40.json,12266
1031,rau răm hành lá,rau răm,vietnamese coriander,"Rau răm, hành lá",high,,1,Canh xương bò nấu rau muống bắp chuối,HAS_FIX,1 copy 40.json,12283
1032,góc trái thơm,dứa,pineapple,Dứa (Thơm),high,,1,Canh xương bò nấu rau muống bắp chuối,HAS_FIX,1 copy 40.json,12285
1033,nước bột bắp,bột ngô,cornstarch,Nước bột bắp,high,,1,SP.0932 - Cá Hồi Áp Chảo Sốt Dâu Tằm & Salad Giấm Mè,HAS_FIX,1 copy 40.json,12301
1034,Cốm socola,cốm,young rice,Cốm socola,high,Loại kẹo trang trí,1,Thạch rau câu milo sữa công thức,HAS_FIX,1 copy 40.json,12304
1035,bột bánh bao sẵn,vỏ bánh bao,bao wrapper,Bột bánh bao pha sẵn,high,,1,Bánh Bao Nhân Thịt Bò Phô Mai Kéo Sợi (Bột Pha Sẵn),HAS_FIX,1 copy 40.json,12305
1036,Củ cải trắng cà rốt,cải thảo,napa cabbage,"Củ cải trắng, cà rốt",high,,1,"Bún chả cá, thịt bằm",HAS_FIX,1 copy 40.json,12425
1037,trứng gà non,Trứng gà,Chicken Egg,Trứng gà non,high,,1,TRỨNG GÀ NON xào nấm,HAS_FIX,1 copy 40.json,12456
1038,Rau nêm hành lá ngò rí,rau ngò rí,coriander leaves,"Hành lá, ngò rí",high,,1,TRỨNG GÀ NON xào nấm,HAS_FIX,1 copy 40.json,12460
1039,ngồng su hào,rau cải ngồng,choy sum,Ngồng su hào,high,,1,Ngồng su hào xào thịt bò,HAS_FIX,1 copy 40.json,12462
1040,Gừng tỏi gia vị,gia vị,seasoning,"Gừng, tỏi",high,,1,Đậu cove xào thịt bò,HAS_FIX,1 copy 40.json,12464
1041,rau tiến vua khôg,Rau tiến vua,Mountain Jelly Vegetable,Rau tiến vua khô,high,Lỗi chính tả,1,Rau Tiến Vua Xào Thịt Bò Bằm,HAS_FIX,1 copy 40.json,12465
1042,thịt xay rang,thịt bò,beef,Thịt xay,high,,1,Mì trộn bò xào,HAS_FIX,1 copy 40.json,12517
1043,ớt xiêm,ớt hiểm,bird chili,Ớt xiêm,high,,1,Bún Cá Ngừ Nấu Mẵn,HAS_FIX,1 copy 40.json,12551
1044,mực sữa,mực,squid,Mực sữa,high,,1,Mực sữa rim nước mắm,HAS_FIX,1 copy 40.json,12591
1045,nước trộn gỏi,sốt,sauce,Nước trộn gỏi,high,,1,Bò xào lót rau càng cua,HAS_FIX,1 copy 40.json,12619
1046,Tỏi ớt chanh,chanh ớt rau thơm,lime chili herbs,"Tỏi, ớt, chanh",high,,1,"Bún cá ngừ, chả cá",HAS_FIX,1 copy 40.json,12628
1047,thịt vai nướng,thịt nạc dăm,pork shoulder,Thịt vai heo,high,,1,Cơm cuộn thịt vai nướng,HAS_FIX,1 copy 40.json,12765
1048,cải rổ cải làn,cải rổ,leaf mustard,"Cải rổ, cải làn",high,,1,Nấm Lộc Nhung Xào Cải Rổ Chay,HAS_FIX,1 copy 40.json,12830
1049,phomai mozarella,phô mai,cheese,Phô mai Mozzarella,high,,1,Trứng chiên thịt và rau củ,HAS_FIX,1 copy 40.json,12878
1050,bông cải xanh baby,bông cải,broccoli,Bông cải xanh baby,high,,1,Canh súp nấu nấm thịt xay,HAS_FIX,1 copy 40.json,12892
1051,chả cá basa,chả cá,fish cake,Chả cá ba sa,high,,1,SP.0923 - Chả Cá Tóc Tiên,HAS_FIX,1 copy 40.json,12942
1052,chả lụa chay,chả chay,vegetarian sausage,Chả lụa chay,high,,1,Đậu hũ xào nấm mèo,HAS_FIX,1 copy 40.json,12946
1053,bánh đa nắm,bánh tráng,rice paper,Bánh đa,high,,1,"Bánh đa tôm, mọc, chả cá",HAS_FIX,1 copy 40.json,12982
1054,cà phê tương ớt,tương ớt,chili sauce,Tương ớt,high,Thìa cà phê tương ớt,1,Cá bớp kho tiêu,HAS_FIX,1 copy 40.json,12983
1055,chả cá không bắt buộc,chả cá lóc,fish cake,Chả cá,high,,1,"Bánh đa tôm, mọc, chả cá",HAS_FIX,1 copy 40.json,12994
1056,bắp Mỹ,bắp ngọt,sweet corn,Bắp Mỹ,high,,1,Bún mọc chả cá,HAS_FIX,1 copy 40.json,13009
1057,cải mầm đá,mầm cải,mustard sprouts,Cải mầm đá,high,,1,Cải mầm đá xào thịt bò,HAS_FIX,1 copy 40.json,13057
1058,rau om rau ngổ,rau om,rice paddy herb,Rau ngổ (Rau om),high,,1,Đầu Cá Trê Nấu Canh Khoai Mỡ,HAS_FIX,1 copy 40.json,13101
1059,dầu hào nấm chay,dầu hào,oyster sauce,Dầu hào chay,high,,1,Nấm chiên chay,HAS_FIX,1 copy 40.json,13102
1060,mầm đá bé,mầm cải,mustard sprouts,Cải mầm đá,high,,1,Rau mầm đá xào tỏi (món chay),HAS_FIX,1 copy 40.json,13105
1061,hành lá tỏi,hành tỏi,garlic and onion,"Hành lá, tỏi",high,,1,Phở xào thịt bò chuẩn vị nhà hàng,HAS_FIX,1 copy 40.json,13162
1062,súp rau củ,súp,soup,Rau củ,high,Rau củ nấu canh,1,Canh Rau Bó Xôi Non & Chả Tôm Quết Thả Viên,HAS_FIX,1 copy 40.json,13167
1063,đậu hũ non,đậu non,silken tofu,Đậu hũ non,high,,1,Đậu hũ non hấp trứng sốt thịt băm,HAS_FIX,1 copy 40.json,13186
1064,kim chi cải thảo,kim chi,kimchi,Kim chi cải thảo,high,,1,Chả Cá Trộn Rau Muống,HAS_FIX,1 copy 40.json,13208
1065,Hành khô hành lá rau răm thì là,Hành ngò,mixed herbs,"Hành, rau răm, thì là",high,,1,"Canh củ nấu cá quả, rau cần",HAS_FIX,1 copy 40.json,13214
1066,súp lơ trắng,cải thảo,napa cabbage,Súp lơ trắng,high,,1,Súp lơ trắng xào tôm nấm,HAS_FIX,1 copy 40.json,13242
1067,xà lách,rau xà lách,lettuce,Rau xà lách,high,,1,Bò xào ớt chuông,HAS_FIX,1 copy 40.json,13280
1068,măng tây,măng tây,asparagus,Măng tây,high,,1,Bông cải xào nấm(stir-fried Baby Broccoli with mushrooms),HAS_FIX,1 copy 40.json,13293
1069,nước hầm xương gà,nước,water,Nước hầm xương gà,high,,1,Rau thù lù (hoặc tầm bóp) nấu gà,HAS_FIX,1 copy 40.json,13298
1070,lá cuốn,lá,leaves,Bánh tráng cuốn,high,Lá dùng để cuốn bún cá,1,Bún cá cuốn chấm mắm dì Cẩn 🤤,HAS_FIX,1 copy 40.json,13384
1071,mắm dì Cẩn,nước mắm,fish sauce,Mắm nêm,high,Mắm dì Cẩn nổi tiếng là mắm nêm,1,Bún cá cuốn chấm mắm dì Cẩn 🤤,HAS_FIX,1 copy 40.json,13385
1072,ướp thịt nướng,gia vị,seasoning,Sốt ướp thịt nướng,high,,1,Thịt ba chỉ cuộn khoai tây,HAS_FIX,1 copy 40.json,13388
1073,Hạt mít,nước,water,Hạt mít,high,,1,Hạt mít kho tiêu rau răm,HAS_FIX,1 copy 40.json,13412
1074,Thịt heo rừng lai,thịt heo,pork,Thịt lợn rừng,high,,1,Thịt heo rừng xào rau càng cua,HAS_FIX,1 copy 40.json,13430
1075,bột hạt mùi,hạt mùi,coriander seeds,Bột hạt mùi,high,,1,Cá hồi muối,HAS_FIX,1 copy 40.json,13431
1076,vuông thịt bò,thịt vai bò,beef shoulder,Thịt bò,high,Thịt bò thái miếng vuông,1,Canh dưa cải nấu thịt bò,HAS_FIX,1 copy 40.json,13432
1077,cá quả phi lê,cá lóc,snakehead fish,Cá lóc phi lê,high,Cá quả là cá lóc,1,Cá quả chan dấm bỗng,HAS_FIX,1 copy 40.json,13433
1078,bắp ngô,bắp ngọt,sweet corn,Bắp (Ngô),high,,1,Nui xào ngô sốt thịt nướng sả,HAS_FIX,1 copy 40.json,13434
1079,chim,thịt chim,poultry meat,Thịt chim,high,,1,Súp thịt chim 🐦 bí đỏ,HAS_FIX,1 copy 40.json,13436
1080,thịt luộc,thịt nguội,ham,Thịt luộc,high,,1,Salad thịt luộc vét tủ lạnh,HAS_FIX,1 copy 40.json,13470
1081,Chanh ớt tuỳ ý,chanh ớt rau thơm,lime chili herbs,"Chanh, ớt",high,,1,Bún chả cá Đà Nẵng chay,HAS_FIX,1 copy 40.json,13511
1082,rau diếp xoăn,cải diếp,lettuce,Rau diếp xoăn,high,,1,Kimbap cuốn rau Eatclean,HAS_FIX,1 copy 40.json,13512
1083,Cá phèn hồng,cá diêu hồng,tilapia,Cá phèn hồng,high,,1,Cá phèn um muối ớt,HAS_FIX,1 copy 40.json,13514
1084,lá thơm,lá,leaves,Lá thơm,high,Thường là lá oregano hoặc lá nguyệt quế,1,Pizza Sandwich Bò Bằm,HAS_FIX,1 copy 40.json,13518
1085,củ cải đỏ,củ cải đỏ,red radish,Củ cải đỏ,high,,1,Roasted Turkey Bacon and Brussels Sprouts Mix(cải Brussels nướng cùng thịt gà tây),HAS_FIX,1 copy 40.json,13577
1086,khổ qua,mướp đắng,bitter melon,Khổ qua,high,,1,Khổ qua nhồi cá thác lát,HAS_FIX,1 copy 40.json,13580
1087,turkey bacon,thịt xông khói,smoked bacon,Thịt gà tây xông khói,high,,1,Roasted Turkey Bacon and Brussels Sprouts Mix(cải Brussels nướng cùng thịt gà tây),HAS_FIX,1 copy 40.json,13587
1088,bột garlic salt,bột tỏi,garlic powder,Muối tỏi,high,,1,Roasted Turkey Bacon and Brussels Sprouts Mix(cải Brussels nướng cùng thịt gà tây),HAS_FIX,1 copy 40.json,13591
1089,rau dưa,dưa cải,pickled mustard greens,Rau dưa,high,Các loại rau kèm dưa chua,1,Bún nấm trộn tempeh,HAS_FIX,1 copy 40.json,13630
1090,ường gạt ngang,đường,sugar,Đường,high,Lỗi chính tả,1,Khô cá cơm rim mặn ngọt siêu bắt cơm 😊,HAS_FIX,1 copy 40.json,13633
1091,Nước hầm xương gà,nước,water,Nước hầm xương gà,high,,1,Súp Bắp Cua,HAS_FIX,1 copy 40.json,13638
1092,cải hoa hồng,cải,mustard greens,Cải hoa hồng,high,,1,Cải Hoa Hồng Xào Tôm,HAS_FIX,1 copy 40.json,13712
1093,mộc nhĩ mũ nấm hương,nấm hương,shiitake mushroom,"Mộc nhĩ, nấm hương",high,,1,Chả trứng hấp thịt và chao,HAS_FIX,1 copy 40.json,13745
1094,rượu trắng,rượu,cooking wine,Rượu trắng,high,,1,Chả Cua (Bún Bò Huế),HAS_FIX,1 copy 40.json,13780
1095,Măng lá,măng,bamboo shoots,Măng lá,high,,1,Măng lá xào rau răm,HAS_FIX,1 copy 40.json,13781
1096,Thịt bò thái mỏng,bắp bò,beef shank,Thịt bò,high,,1,Mì ý bò sốt tiêu đen,HAS_FIX,1 copy 40.json,13806
1097,mắm cá linh xay,nước mắm,fish sauce,Mắm cá linh,high,,1,Mắm cá linh chưng thịt trứng,HAS_FIX,1 copy 40.json,13834
1098,Pate nấm,patê,pate,Pate nấm,high,,1,Bò Wellington,HAS_FIX,1 copy 40.json,13838
1099,nấm mỡ nâu,nấm bào ngư,oyster mushroom,Nấm mỡ nâu,high,,1,Bò Wellington,HAS_FIX,1 copy 40.json,13839
1100,bánh canh bột xắt,bột bánh canh,tapioca flour,Sợi bánh canh bột xắt,high,,1,Bánh canh bột xắt chả cá,HAS_FIX,1 copy 40.json,13840
1101,chả cá vo viên,cá viên,fish balls,Chả cá viên,high,,1,Bánh canh bột xắt chả cá,HAS_FIX,1 copy 31.json,13842
1102,cá basa,cá ba sa,pangasius fish,Cá saba,high,Raw name ghi nhầm tên cá so với món ăn,1,Cá Saba Nướng Sốt Teriyaki,HAS_FIX,1 copy 31.json,13846
1103,Hành lá rau răm thì là,rau răm,vietnamese coriander,"Hành lá, rau răm, thì là",high,,1,"Đầu, đuôi cá lăng nấu canh chua",HAS_FIX,1 copy 31.json,13891
1104,Gừng hành khô tỏi,hành tỏi,garlic and onion,"Gừng, hành khô, tỏi",high,,1,"Đầu, đuôi cá lăng nấu canh chua",HAS_FIX,1 copy 31.json,13892
1105,thịt xay nạc mỡ,nạc heo,lean pork,Thịt heo xay,high,,1,Thịt Viên Lá Lốt,HAS_FIX,1 copy 31.json,13893
1106,Nấm lộc nhung,nấm kim châm,enoki mushroom,Nấm lộc nhung,high,,1,Đậu que xào nấm lộc nhung,HAS_FIX,1 copy 31.json,13943
1107,Bột khoai tây,khoai tây,potato,Bột khoai tây,high,,1,Thịt chiên ăn cùng sốt chua ngọt,HAS_FIX,1 copy 31.json,13944
1108,thịt nạc đùi heo,thịt đùi,chicken thigh,Thịt nạc đùi heo,high,,1,Thịt nạc đùi lợn nấu với nấm hương,HAS_FIX,1 copy 31.json,13995
1109,to hành baro,nấm mèo,wood ear mushroom,Hành boa-rô,high,Lỗi gõ chữ 'to' thay cho 'tỏi' hoặc 'tô',1,Bánh gạo cay ăn kèm ba chỉ bò áp chảo,HAS_FIX,1 copy 31.json,14001
1110,tôm,tôm viên,shrimp balls,Tôm,high,,1,Canh bắp cải nấu tôm thịt viên,HAS_FIX,1 copy 31.json,14015
1111,củ gừng to,củ nghệ,turmeric root,Củ gừng,high,,1,Thịt má heo kho nghệ rất ngon mà không ngấy,HAS_FIX,1 copy 31.json,14027
1112,trứng chiên thịt,Trứng gà,Chicken Egg,Trứng chiên thịt,high,,1,Bún trộn thịt viên,HAS_FIX,1 copy 31.json,14048
1113,nhân khổ qua,Thịt băm,Minced pork,Khổ qua,medium,Khổ qua nhồi thịt băm,1,Canh bắp cải nấu thịt mộc nhĩ,HAS_FIX,1 copy 31.json,14049
1114,sốt pizza,xốt cà chua,tomato sauce,Sốt pizza,high,,1,Pizza thịt heo nấm hương tươi,HAS_FIX,1 copy 31.json,14066
1115,thính gạo rang,bột gạo,rice flour,Thính gạo,high,,1,Nấm Đùi Gà Trộn Thính,HAS_FIX,1 copy 31.json,14072
1116,cá mặn chay nhỏ không bắt buộc,Cá chày,chub fish,Cá mặn chay,high,,1,Cơm chiên rong biển cá mặn chay,HAS_FIX,1 copy 31.json,14089
1117,Củ nén củ hành tím,hành tím,shallot,Củ nén và hành tím,high,,1,Cá Bống Đồng Kho Cay,HAS_FIX,1 copy 31.json,14097
1118,mùi ta,ngò gai,culantro,Rau mùi,high,Mùi ta là ngò rí,1,Su su cà rốt xào tôm,HAS_FIX,1 copy 31.json,14129
1119,bơ lạt,bơ,butter,Bơ lạt,high,,1,"Cánh Gà Nấu Rượu Vang, Sốt Cà Chua Và Rau Củ",HAS_FIX,1 copy 31.json,14160
1120,hành tím băm,hành tím,shallot,Hành tím băm,high,,1,"Cánh Gà Nấu Rượu Vang, Sốt Cà Chua Và Rau Củ",HAS_FIX,1 copy 31.json,14161
1121,kem tươi,kem,cream,Kem tươi,high,,1,Soup khoai tây kem nấm,HAS_FIX,1 copy 31.json,14163
1122,Nấm lộc nhung khô không bắt buộc,nấm kim châm,enoki mushroom,Nấm lộc nhung khô,high,,1,Soup khoai tây kem nấm,HAS_FIX,1 copy 31.json,14164
1123,rau cải ngọt,rau cải đắng,bitter greens,Rau cải ngọt,high,,1,Gỏi gà rau cải ngọt,HAS_FIX,1 copy 31.json,14180
1124,Hành lá răm thì là,rau răm,vietnamese coriander,"Hành lá, rau răm, thì là",high,,1,Cá sốt cà chua,HAS_FIX,1 copy 31.json,14184
1125,đậu que cà rốt,cà rốt,carrot,Đậu que và cà rốt,high,,1,Đậu hũ hấp rau củ,HAS_FIX,1 copy 31.json,14263
1126,Hành khô hành lá rau mùi gia vị,Hành ngò,mixed herbs,"Hành, ngò, gia vị",high,,1,Đậu trắng sốt nấm,HAS_FIX,1 copy 31.json,14267
1127,nước đá,nước,water,Nước đá,high,,1,Chả cá,HAS_FIX,1 copy 31.json,14269
1128,đậu tương Hàn,đậu nành,soybeans,Tương đậu Hàn Quốc,high,Thường là Doenjang,1,Thịt lợn luộc kiểu Hàn,HAS_FIX,1 copy 31.json,14295
1129,ớt bột,bột ớt,chili powder,Ớt bột,high,,1,Tai heo trộn rong sụn sốt thái,HAS_FIX,1 copy 31.json,14297
1130,đậu hũ chiên,đậu hũ,tofu,Đậu hũ chiên,high,,1,Tảo Xoắn Xào Rau Răm Chay,HAS_FIX,1 copy 31.json,14298
1131,hành poro băm,rau răm,vietnamese coriander,Hành boa-rô băm,high,,1,Tảo Xoắn Xào Rau Răm Chay,HAS_FIX,1 copy 31.json,14300
1132,rau nêm gai ôm,rau nêm,seasoning herbs,Ngò gai và rau ngổ,high,Gai ôm là ngò gai và rau ngổ,1,Lẩu cá kèo lá giang,HAS_FIX,1 copy 31.json,14303
1133,thịt heo quay chay,thịt chay,plant-based meat,Thịt heo quay chay,high,,1,Thịt chay kho xì dầu,HAS_FIX,1 copy 31.json,14333
1134,Gia vị hành lá,hành lá,green onion,Hành lá,high,,1,"Đậu hũ, khoai tây rim cà chua",HAS_FIX,1 copy 31.json,14337
1135,ớt trái cây đỏ,ớt chuông,bell pepper,Ớt trái cây,high,Ớt ngọt không cay,1,Bông Cải Trắng Xào Nấm Chay,HAS_FIX,1 copy 31.json,14340
1136,tai mũi heo,tai heo,pork ear,Tai và mũi heo,high,,1,"TAI, MŨI heo ngâm nước mắm",HAS_FIX,1 copy 31.json,14361
1137,giấm ăn,dầu giấm,vinaigrette,Giấm ăn,high,,1,"TAI, MŨI heo ngâm nước mắm",HAS_FIX,1 copy 31.json,14363
1138,đậu nhỏ,đậu hũ,tofu,Đậu phụ,medium,Đậu nhỏ thường chỉ miếng đậu phụ,1,Đậu phụ xào rong biển ngải cứu,HAS_FIX,1 copy 31.json,14364
1139,dấm gạo,dấm,vinegar,Giấm gạo,high,,1,Tai Heo Rau Tiến Vua Ngâm Chua Ngọt,HAS_FIX,1 copy 31.json,14445
1140,cá đội đèn,cá đối,mullet,Cá đội đèn,high,Tên địa phương của một loại cá biển,1,Cá đội đèn chiên,HAS_FIX,1 copy 31.json,14484
1141,Lơ xanh,bông cải,broccoli,Súp lơ xanh,high,,1,Nui Xào Rau Củ,HAS_FIX,1 copy 31.json,14509
1142,sốt chao đỏ,chao,fermented tofu,Chao đỏ,high,,1,SP.0915 - Thịt Heo Xào Chao Đỏ,HAS_FIX,1 copy 31.json,14515
1143,Nước lọc,nước,water,Nước lọc,high,,1,Miến gà nấm hương,HAS_FIX,1 copy 31.json,14547
1144,cá thu nướng,cá thu,mackerel,Cá thu nướng,high,,1,Ruốc cá thu nướng Nghệ An,HAS_FIX,1 copy 31.json,14548
1145,Bột chiên xù,bột xù,breadcrumbs,Bột chiên xù,high,,1,Thịt gà chiên xù,HAS_FIX,1 copy 31.json,14550
1146,Sốt phomai,phô mai,cheese,Sốt phô mai,high,,1,Thịt nướng đút lò phomai,HAS_FIX,1 copy 31.json,14552
1147,thịt heo xay,thịt heo,pork,Thịt heo xay,high,,1,Ram rế tôm thịt,HAS_FIX,1 copy 31.json,14554
1148,bánh ram rế,ram,fried spring rolls,Bánh tráng rế,high,,1,Ram rế tôm thịt,HAS_FIX,1 copy 31.json,14555
1149,ba cọng hành lá,hành lá,green onion,Hành lá,high,,1,Ram rế tôm thịt,HAS_FIX,1 copy 31.json,14556
1150,xương ống,xương heo,pork bones,Xương ống,high,Thường là xương ống bò cho phở bò,1,Phở Sườn Bò,HAS_FIX,1 copy 31.json,14639
1151,hạt ngò,bột ngò,coriander powder,Hạt ngò,high,,1,Phở Sườn Bò,HAS_FIX,1 copy 31.json,14660
1152,nui rau củ,nui,pasta,Nui rau củ,high,,1,Nui Sốt Bò Bằm Bỏ Lò,HAS_FIX,1 copy 31.json,14694
1153,sốt me,sốt,sauce,Sốt me,high,,1,Thịt sốt me,HAS_FIX,1 copy 31.json,14737
1154,bông cải baby,bông cải,broccoli,Bông cải baby,high,,1,Bò Xào Đậu Hoà Lan,HAS_FIX,1 copy 31.json,14801
1155,bánh tráng,bánh tráng,rice paper,Bánh phở,high,Món bánh phở chiên giòn,1,Bánh phở chiên giòn kèm thịt xào hành tây,HAS_FIX,1 copy 31.json,14809
1156,Tỏi băm gia vị,gia vị,seasoning,Tỏi băm,high,,1,"Phở (bánh đa) xào rau bò khai, thịt bò",HAS_FIX,1 copy 31.json,14823
1157,bún,bún,rice vermicelli,Bánh phở,high,Món phở cuốn dùng bánh phở,1,Bánh phở cuốn thịt nướng,HAS_FIX,1 copy 31.json,14827
1158,thịt nướng,heo quay,roast pork,Thịt nướng,high,,1,Bánh phở cuốn thịt nướng,HAS_FIX,1 copy 31.json,14835
1159,má đui ga,nấm đùi gà,king oyster mushroom,Má đùi gà,high,Lỗi chính tả,1,Mì Udon Gà Và Nấm Đông Cô,HAS_FIX,1 copy 31.json,14868
1160,Hành lá chanh tương ớt rau thơm,chanh ớt rau thơm,lime chili herbs,"Hành, chanh, tương ớt, rau thơm",high,,1,"Phở đuôi bò, gà",HAS_FIX,1 copy 31.json,14873
1161,garlic pepper,bột tỏi,garlic powder,Muối tiêu tỏi,high,Gia vị hỗn hợp tiêu tỏi,1,Best ham hocks (Giò heo hầm),HAS_FIX,1 copy 31.json,14875
1162,onion salf,hành tây,onion,Muối hành,high,Lỗi chính tả 'salt',1,Best ham hocks (Giò heo hầm),HAS_FIX,1 copy 31.json,14876
1163,bột tỏi bột hành,bột hành,Onion powder,Bột tỏi và bột hành,high,,1,Mực tẩm bột chiên giòn đơn giản,HAS_FIX,1 copy 31.json,14905
1164,ngũ vị hương,bột ngũ vị hương,five spice powder,Bột ngũ vị hương,high,,1,Heo quay nổ bì đơn giản,HAS_FIX,1 copy 31.json,14916
1165,nước ấm,nước mẻ,fermented rice sauce,Nước ấm,high,,1,Sườn Heo Nướng Tảng,HAS_FIX,1 copy 31.json,14923
1166,Nước trộn,nước mắm,fish sauce,Nước trộn,high,,1,Phở Sắn Trộn Thịt Bò,HAS_FIX,1 copy 31.json,14938
1167,con ruốc,mắm ruốc,shrimp paste,Con ruốc,high,"Ruốc tươi hoặc khô, không phải mắm",1,Canh rau tần ô nấu con ruốc,HAS_FIX,1 copy 31.json,14998
1168,riềng sả,riềng,galangal,Riềng và sả,high,,1,Cá trứng kho,HAS_FIX,1 copy 31.json,15000
1169,thịt bắp giò,nấm hương,shiitake mushroom,Thịt bắp giò,high,,1,"Thịt bắp giò kho măng, nấm hương",HAS_FIX,1 copy 31.json,15046
1170,Phần cốt bánh,nhân bánh,filling,Cốt bánh,high,,1,Bánh rau câu cheese coffee,HAS_FIX,1 copy 31.json,15078
1171,rau diếp cá,dấp cá,fish mint,Rau diếp cá,high,,1,Rau diếp cá trộn bò,HAS_FIX,1 copy 31.json,15082
1172,bắp cải nhỏ,bắp cải,cabbage,Cải thảo,high,Món cải thảo xào nấm,1,Cải thảo xào nấm hương,HAS_FIX,1 copy 31.json,15132
1173,ớt xắt,ớt xanh,green chili,Ớt xắt,high,,1,Mì Gói Nấm Lộc Nhung Chay,HAS_FIX,1 copy 31.json,15137
1174,tai mui heo,tai heo,pork ear,Tai và mũi heo,high,,1,Mì phá lấu tai mũi heo và kim chi,HAS_FIX,1 copy 31.json,15138
1175,bún gạo khô,bún,rice vermicelli,Bún gạo khô,high,,1,Mì Xào Nấm Chay,HAS_FIX,1 copy 31.json,15141
1176,hành poro băm nhỏ,rau răm,vietnamese coriander,Hành boa-rô băm,high,,1,Mì Xào Nấm Chay,HAS_FIX,1 copy 31.json,15143
1177,giềng,riềng,galangal,Riềng,high,,1,Cá đuối om,HAS_FIX,1 copy 31.json,15167
1178,hành khô to,hành tỏi,garlic and onion,Hành khô,high,,1,Chả tôm mực viên chiên xù,HAS_FIX,1 copy 31.json,15171
1179,rau nhút,rau muống,water spinach,Rau nhút,high,,1,Dưa chua rau nhút,HAS_FIX,1 copy 31.json,15195
1180,thịt đùi dê,thịt đùi,chicken thigh,Thịt đùi dê,high,,1,Thịt Dê Xào Lăn,HAS_FIX,1 copy 31.json,15198
1181,chả tôm thịt,chả tôm,shrimp cake,Chả tôm thịt,high,,1,Canh bí nấu chả tôm thịt,HAS_FIX,1 copy 31.json,15211
1182,bông cải chip,cải thìa,bok choy,Cải thìa,high,Bông cải chip là cách gọi cải thìa,1,Bắp bò luộc kiểu Hàn 사태수육,HAS_FIX,1 copy 31.json,15232
1183,tỏi phi hoặc hành phi,nấm mèo,wood ear mushroom,Tỏi phi hoặc hành phi,high,,1,Canh Chua Khô Ức Cá Basa,HAS_FIX,1 copy 31.json,15255
1184,hành poro,hành lá,green onion,Hành boa-rô,high,,1,Nấm Lộc Nhung và Tảo Xoắn Xào Sả Ớt Chay,HAS_FIX,1 copy 31.json,15259
1185,sốt kem,kem,cream,Sốt kem,high,,1,Mỳ ý sốt tôm 🦞🦞🦞,HAS_FIX,1 copy 31.json,15288
1186,bánh ram,bánh tráng,rice paper,Bánh tráng ram,high,,1,Chả giò ram thịt bò rau củ,HAS_FIX,1 copy 31.json,15329
1187,khế,khế,starfruit,Khế chua,high,,1,Ếch chiên nước mắm,HAS_FIX,1 copy 31.json,15342
1188,tàu hủ gr,đậu hũ,tofu,Đậu hũ,high,Lỗi gõ chữ,1,Nấm kim châm sốt cà chua,HAS_FIX,1 copy 31.json,15362
1189,lòng trắng trứng gà vịt,Trứng gà,Chicken Egg,Lòng trắng trứng,high,,1,Súp tôm ngô ngọt,HAS_FIX,1 copy 31.json,15369
1190,khoai cao khoảng kg,khoai môn,taro,Khoai môn cao,high,,1,Tôm bó củi,HAS_FIX,1 copy 31.json,15387
1191,bột garlic pepper,bột tỏi,garlic powder,Muối tiêu tỏi,high,,1,Thịt bò thăn nướng (beef chuck roast),HAS_FIX,1 copy 31.json,15414
1192,cơm bột ớt,bột ớt,chili powder,Bột ớt,high,Lỗi gõ chữ 'cơm' dư,1,Đậu hũ rim cay ngọt Hàn Quốc 두부조림,HAS_FIX,1 copy 31.json,15420
1193,lạt,bơ,butter,Bơ lạt,high,,1,Nấm đùi gà xào bơ tỏi,HAS_FIX,1 copy 31.json,15461
1194,thit bo,tim bò,beef heart,Thịt bò,high,,1,Phở Cuốn Bò Xào,HAS_FIX,1 copy 31.json,15469
1195,rau húng quê,rau húng chó,mint,Rau húng quế,high,,1,Phở Cuốn Bò Xào,HAS_FIX,1 copy 31.json,15474
1196,cà rốt đậu Hà Lan,đậu hà lan,peas,Cà rốt và đậu Hà Lan,high,,1,Nấm hương nhồi đậu hũ non hấp,HAS_FIX,1 copy 31.json,15509
1197,tương hôt,tương ớt,chili sauce,Tương hột,high,,1,Đậu hủ kho tương,HAS_FIX,1 copy 31.json,15535
1198,đương,đường,sugar,Đường,high,Lỗi gõ chữ,1,Đậu hủ kho tương,HAS_FIX,1 copy 31.json,15546
1199,rau cải xanh đuôi phụng,cải bẹ xanh,mustard greens,Cải xanh đuôi phụng,high,,1,🌱 Canh Cải Xanh Đuôi Phụng Nấu Đậu Hủ (Vegan),HAS_FIX,1 copy 31.json,15549
1200,Rau mùi tàu,rau mùi,coriander leaves,Ngò gai,high,Mùi tàu là ngò gai,1,Đậu phụ om cà chua,HAS_FIX,1 copy 31.json,15591
1201,phi lê cá giấm trắng,lườn cá,fish fillet,Phi lê cá,high,"Cá dấm trắng là tên món, nguyên liệu là phi lê cá",1,Cá dấm trắng chiên giòn sốt chua ngọt,HAS_FIX,1 copy 23.json,15696
1202,đậu phộng rang,đậu phộng,peanut,Đậu phộng rang,high,,1,Chả cá Lã Vọng từ cá hồi,HAS_FIX,1 copy 23.json,15881
1203,cải xà lách xoong,cải xoong,watercress,Cải xoong,high,,1,Cá Hồng Nấu Nấm Và Cải Xà Lách Xoong,HAS_FIX,1 copy 23.json,15898
1204,tắc vắt nước cốt,nước cốt chanh,lime juice,Nước cốt tắc,high,,1,"Canh Chua Chả Cá Hố, Rau Sam, Bông Giờ",HAS_FIX,1 copy 23.json,15976
1205,Bò shin,nạm bò,beef brisket,Bắp bò,high,Shin là bắp chân bò,1,Mì bò đài loan,HAS_FIX,1 copy 23.json,16015
1206,súp nấm,súp,soup,Nấm,medium,Dựa trên dish_example là nấm bào ngư,1,🌱 Canh Bầu Nấm Bào Ngư & Mầm Củ Dền,HAS_FIX,1 copy 23.json,16019
1207,kim quất,tắc,kumquat,Kim quất,high,,1,Salad Cá Hồi Ngâm Tương Sốt Dầu Dấm,HAS_FIX,1 copy 23.json,16061
1208,Hoa cúc tần,rau thơm,herbs,Hoa cúc tần,high,,1,Salad Cá Hồi Ngâm Tương Sốt Dầu Dấm,HAS_FIX,1 copy 23.json,16062
1209,Sốt dầu dấm,dầu giấm,vinaigrette,Sốt dầu giấm,high,,1,Salad Cá Hồi Ngâm Tương Sốt Dầu Dấm,HAS_FIX,1 copy 23.json,16063
1210,lá bắp cải tím,bắp cải,cabbage,Bắp cải tím,high,,1,"Salad Rau Diếp Xoăn, Bắp Cải Tím & Ức Gà Áp Chảo",HAS_FIX,1 copy 23.json,16083
1211,Rau răm hành ngò,rau răm,vietnamese coriander,"Rau răm, hành, ngò",high,,1,Lưỡi heo trộn hành tây,HAS_FIX,1 copy 23.json,16098
1212,tương,nước tương,Soy sauce,Tương hột,medium,Xào bạch tuộc kiểu Việt thường dùng tương hột,1,Thịt ba chỉ xào bạch tuộc 🐙,HAS_FIX,1 copy 23.json,16133
1213,nấm mỡ trắng,nấm bào ngư,oyster mushroom,Nấm mỡ trắng,high,,1,Nui Sốt Kem Nấm Thì Là & Cá Hồi Gravlax,HAS_FIX,1 copy 23.json,16195
1214,Lá thiên lý,hoa thiên lý,tonkin jasmine flower,Lá thiên lý,high,,1,Canh cua lá thiên lý,HAS_FIX,1 copy 23.json,16269
1215,lòng cá thu,cá,fish,Lòng cá thu,high,,1,Lòng Cá Thu Xào Sả Ớt,HAS_FIX,1 copy 23.json,16274
1216,chả lá,chả lụa,vietnamese ham,Chả lá lốt,medium,Chả lá trong bún bò thường là chả lá lốt,1,Bún bò không mắm ruốc,HAS_FIX,1 copy 23.json,16295
1217,sốt hummus,sốt,sauce,Sốt hummus,high,,1,Bắp nếp Điện Biên trộn rau củ và sốt hummus,HAS_FIX,1 copy 23.json,16348
1218,xương và nước hầm xương,nước,water,Nước dùng xương,high,,1,Canh rau tần ô nấu xương heo,HAS_FIX,1 copy 23.json,16362
1219,mỡ hành,mỡ heo,lard,Mỡ hành,high,,1,Bún thịt nướng đậu hũ,HAS_FIX,1 copy 23.json,16367
1220,cá mòi,cá mòi,sardine,Cá mòi đóng hộp,high,Bò né thường dùng cá mòi hộp,1,SP.0896 - Bò Né Đặc Biệt,HAS_FIX,1 copy 23.json,16378
1221,củ cải trắng củ,cải thảo,napa cabbage,Củ cải trắng,high,,1,Miến Nấu Cua Tuyết,HAS_FIX,1 copy 23.json,16453
1222,thịt bò xào,thịt vai bò,beef shoulder,Thịt bò,high,,1,Mì Bò Trứng Kim Chi,HAS_FIX,1 copy 23.json,16468
1223,nghêu,nghêu,clam,Nghêu,high,,1,Trứng chiên rau muống,HAS_FIX,1 copy 23.json,16489
1224,rau cải canh,rau cải đắng,bitter greens,Rau cải xanh,high,Cải canh là cải xanh/cải bẹ xanh,1,Bánh đa cá rô,HAS_FIX,1 copy 23.json,16531
1225,rau thơm rau răm,rau răm,vietnamese coriander,"Rau thơm, rau răm",high,,1,Gỏi đu đủ tôm khô,HAS_FIX,1 copy 23.json,16536
1226,lá sả,lá sả,lemongrass leaves,Lá dứa,medium,"Bánh bò thường dùng lá dứa, lá sả có thể nhầm",1,Bánh bò lá dứa,HAS_FIX,1 copy 23.json,16562
1227,nước luộc hến,nước,water,Nước luộc hến,high,,1,Cháo Hến Rau Đắng,HAS_FIX,1 copy 23.json,16593
1228,hành poro băm nhỏ,hẹ,chives,Tỏi tây,high,Hành poro là tỏi tây/leek,1,Mì Nấm Chay,HAS_FIX,1 copy 23.json,16598
1229,cua đồng xay,riêu cua,crab paste,Cua đồng xay,high,,1,CUA đồng kho mặn,HAS_FIX,1 copy 23.json,16622
1230,Lá húng quế trắng,rau basil,basil,Lá é,high,Húng quế trắng là tên gọi khác của lá é,1,Canh Đu Đủ Nấu Cá Thu,HAS_FIX,1 copy 23.json,16655
1231,cá Bống Giậm,cá bống,goby fish,Cá bống giậm,high,,1,Cá Bống Giậm Kho Khô,HAS_FIX,1 copy 23.json,16662
1232,dưa vàng,dưa gang,oriental melon,Dưa lưới,medium,Dưa vàng thường chỉ dưa lưới,1,Rau quả trộn sốt,HAS_FIX,1 copy 23.json,16682
1233,cá thu vẩy,cá thu,mackerel,Cá thu vảy,high,,1,Cá thu vẩy sốt cà chua,HAS_FIX,1 copy 23.json,16684
1234,Hành lá rau răm thìa là,rau răm,vietnamese coriander,"Hành, rau răm, thì là",high,,1,Cá thu vẩy sốt cà chua,HAS_FIX,1 copy 23.json,16686
1235,Lá khoai lang,khoai lang,sweet potato,Rau lang,high,,1,"Canh đầu tôm nấu khoai sọ, rau lang",HAS_FIX,1 copy 23.json,16693
1236,tôm rim,ram tôm,shrimp rolls,Tôm rim,high,,1,Canh rau mồng tơi nấu tôm bồ hóc,HAS_FIX,1 copy 23.json,16710
1237,ớt xanh,ớt,chili pepper,Ớt xanh,high,,1,Cá thu nấu dưa cải chua,HAS_FIX,1 copy 23.json,16730
1238,sốt sa tế,satế,chili satay,Sa tế,high,,1,Cá Bống Cát Kho Tiêu,HAS_FIX,1 copy 23.json,16738
1239,sấu,dưa chua,pickled mustard,Quả sấu,high,,1,Cá thu nấu dưa cải chua,HAS_FIX,1 copy 23.json,16742
1240,nước cốt dừa loãng nước dão,sữa dừa,coconut milk,Nước dão dừa,high,,1,Thịt Heo Kho Măng Nước Cốt Dừa,HAS_FIX,1 copy 23.json,16771
1241,củ cải trắng vừa,cải thảo,napa cabbage,Củ cải trắng,high,,1,Canh tôm khô củ cải,HAS_FIX,1 copy 23.json,16805
1242,thịt nách heo,thịt heo,pork,Thịt nách heo,high,,1,Thịt nách heo luộc,HAS_FIX,1 copy 23.json,16820
1243,khô cá trèn,cá trê,catfish,Khô cá trèn,high,,1,"Khô Cá Trèn, Cá Chốt Chiên Chấm Mắm Me",HAS_FIX,1 copy 23.json,16828
1244,Củ cải trắng,cải thảo,napa cabbage,Củ cải trắng,high,,1,Bánh Canh Cá Lóc,HAS_FIX,1 copy 23.json,16845
1245,Bánh canh,bánh chả,meat pastry,Bánh canh,high,,1,Bánh Canh Cá Lóc,HAS_FIX,1 copy 23.json,16846
1246,hành baro,rau răm,vietnamese coriander,Tỏi tây,high,Hành baro là tỏi tây,1,순두부찌개- Canh đậu phụ non Hàn Quốc,HAS_FIX,1 copy 23.json,16901
1247,tôm bé,tôm thẻ loại to,shrimp,Tôm nhỏ,high,,1,해물전 - Bánh xèo hải sản Hàn Quốc,HAS_FIX,1 copy 23.json,16905
1248,rau Húng lủi,rau húng chó,mint,Húng lủi,high,,1,Gỏi Bưởi Hồng Cơm Dừa Tôm Thịt,HAS_FIX,1 copy 23.json,17014
1249,Bò nạc,nạm bò,beef brisket,Thịt bò nạc,high,,1,Bento box 15: cơm bò & bắp,HAS_FIX,1 copy 23.json,17093
1250,ba chỉ nhỏ,ba chỉ bò,beef belly,Thịt ba chỉ,high,,1,"Bento box 16: cơm nắm furikake, mì xào nấm, thịt nướng",HAS_FIX,1 copy 23.json,17109
1251,mì trộn,mỳ trứng,egg noodles,Mì gói,high,Dựa trên món mì gói trộn,1,Mì gói trộn bò trứng,HAS_FIX,1 copy 23.json,17143
1252,ngũ vị thịt nướng,bột ngũ vị hương,five spice powder,Sốt ngũ vị,high,,1,Thịt nướng ướp ngũ vị,HAS_FIX,1 copy 23.json,17148
1253,bột bánh xèo cốt dừa,Bột (chung),flour,Bột bánh xèo,high,,1,Bánh Xèo Rau Rừng,HAS_FIX,1 copy 23.json,17149
1254,Lá mơ lông,lá mơ,stinky vine leaves,Lá mơ lông,high,,1,Lá mơ lông cuốn đậu hũ,HAS_FIX,1 copy 23.json,17183
1255,cá hấp,cá hộp,canned fish,Cá hấp,high,,1,Bánh tráng cuốn cá hấp,HAS_FIX,1 copy 23.json,17202
1256,chanh ớt,chanh trà,tea lemon,"Chanh, ớt",high,,1,"Mì Quảng gà, heo",HAS_FIX,1 copy 23.json,17222
1257,quất,tắc,kumquat,Quả tắc,high,,1,Bánh tráng trộn bò khô,HAS_FIX,1 copy 23.json,17224
1258,trứng luộc,Trứng gà,Chicken Egg,Trứng luộc,high,,1,Mì lạnh ăn kèm thịt nướng sốt bulgogi,HAS_FIX,1 copy 23.json,17230
1259,thịt heo đùi,thịt đùi,chicken thigh,Thịt đùi heo,high,,1,"Mì Quảng gà, heo",HAS_FIX,1 copy 23.json,17232
1260,rau quế,rau basil,basil,Rau quế,high,,1,SP.0885 - Cuốn Rau Thơm Chấm Thịt Kho,HAS_FIX,1 copy 23.json,17258
1261,Hành củ hành lá rau mùi gừng,Hành ngò,mixed herbs,"Hành, ngò, gừng",high,,1,"Xương đuôi heo nấu khoai tây, củ canh (khoai mỡ)",HAS_FIX,1 copy 23.json,17328
1262,cà chua quả me,cà chua,tomato,"Cà chua, me",high,,1,Canh bồng khoai nấu thịt,HAS_FIX,1 copy 23.json,17330
1263,tôm đồng,tôm sú,shrimp,Tôm đồng,high,,1,Tôm trứng rang lá chanh,HAS_FIX,1 copy 23.json,17346
1264,cá chép giòn,cá chép,carp,Cá chép giòn,high,,1,Riêu cá chép giòn,HAS_FIX,1 copy 23.json,17349
1265,Hành lá rau răm thì là,Hành ngò,mixed herbs,"Hành, răm, thì là",high,,1,Riêu cá chép giòn,HAS_FIX,1 copy 23.json,17351
1266,mộc nhĩ g nấm hương,nấm hương,shiitake mushroom,"Mộc nhĩ, nấm hương",high,,1,Bánh đa hải sản,HAS_FIX,1 copy 23.json,17354
1267,cá rô đồng,cá đồng,fish,Cá rô đồng,high,,1,Bánh đa cá rô đồng,HAS_FIX,1 copy 23.json,17358
1268,gạo tẻ,gạo,rice,Gạo tẻ,high,,1,"Cháo tôm, nấm tươi",HAS_FIX,1 copy 23.json,17366
1269,đậu làng Mơ,mơ,apricot,Đậu phụ,high,Đậu làng Mơ là thương hiệu đậu phụ,1,Đậu làng Mơ rim thịt băm,HAS_FIX,1 copy 23.json,17393
1270,đậu làng mơ,đậu hũ,tofu,Đậu phụ,high,,1,Canh đậu làng Mơ nấu nấm tươi,HAS_FIX,1 copy 23.json,17398
1271,ớt đỏ xanh,ớt xanh,green chili,"Ớt đỏ, ớt xanh",high,,1,Lươn đồng xào rau ngổ,HAS_FIX,1 copy 23.json,17450
1272,tôm khô loại,tôm thẻ loại to,shrimp,Tôm khô,high,,1,SP.0881 - Mướp Hương Xào Tôm Khô,HAS_FIX,1 copy 23.json,17475
1273,cá mối,Cá chày,chub fish,Cá mối,high,,1,Cá mối kho chay,HAS_FIX,1 copy 23.json,17505
1274,Sốt kem thì là,kem chua,sour cream,Sốt kem thì là,high,,1,Bí Ngòi Nhồi Thịt Băm Sốt Kem Chua Thì Là,HAS_FIX,1 copy 23.json,17595
1275,rau bồng khoai,rau bồng,sea vegetable,Bồng khoai,high,,1,"Canh bồng khoai nấu tôm, thịt",HAS_FIX,1 copy 23.json,17614
1276,Gừng hành tỏi khô,hành tỏi,garlic and onion,"Gừng, hành, tỏi",high,,1,Cá nhụ sốt cà,HAS_FIX,1 copy 23.json,17617
1277,xương sườn,xương heo,pork bones,Xương sườn,high,,1,Hũ Tiếu Hải Sản,HAS_FIX,1 copy 23.json,17618
1278,mộc nhĩ nấm hương,nấm hương,shiitake mushroom,"Mộc nhĩ, nấm hương",high,,1,"Chả nấm,đậu, lá lốt",HAS_FIX,1 copy 23.json,17648
1279,chả cá nhồng,cá nhòng,anchovy,Chả cá nhồng,high,,1,Cá Nục Nấu Lá Me,HAS_FIX,1 copy 23.json,17670
1280,rau Húng Quế,rau húng chó,mint,Húng quế,high,,1,Thịt Heo Xào Húng Quế,HAS_FIX,1 copy 23.json,17678
1281,thịt bò bò xào,thịt vai bò,beef shoulder,Thịt bò,high,,1,Bò xào sả hành,HAS_FIX,1 copy 23.json,17709
1282,cá điêu hồng kg,cá diêu hồng,tilapia,Cá điêu hồng,high,,1,Canh CÁ nấu khế & húng chanh,HAS_FIX,1 copy 23.json,17736
1283,đầu cá ngừ lớn,cá ngừ,tuna,Đầu cá ngừ,high,,1,Bún Đầu Cá Ngừ Cà Chua Rau Thơm,HAS_FIX,1 copy 23.json,17739
1284,Dưa chuột,dưa chua,pickled mustard,Dưa chuột,high,,1,Tôm cuốn lá cải xốt xì dầu,HAS_FIX,1 copy 23.json,17757
1285,Cà rối,bột cà ri,Curry powder,Cà rốt,high,Lỗi gõ phím từ Cà rốt,1,Tôm cuốn lá cải xốt xì dầu,HAS_FIX,1 copy 23.json,17758
1286,đương phen bôt,đường,sugar,Đường phèn bột,high,,1,Rau Câu Dưa Hấu,HAS_FIX,1 copy 23.json,17769
1287,ường củ cải,củ cải,radish,Đường củ cải,high,Lỗi gõ phím 'ường' là 'đường',1,Chè xoài bột báng thạch rau câu,HAS_FIX,1 copy 23.json,17774
1288,rau dền cơm,rau dền,amaranth greens,Rau dền cơm,high,,1,Rau dền cơm nấu mọc tôm thịt,HAS_FIX,1 copy 23.json,17908
1289,Hành tỏi gia vị,hành tỏi,garlic and onion,"Hành, tỏi",high,,1,Rau dền cơm nấu mọc tôm thịt,HAS_FIX,1 copy 23.json,17909
1290,sắn lớn,sắn,cassava,Củ sắn,medium,Sắn lớn thường chỉ củ sắn (củ đậu),1,Cơm bento: Những ngôi nhà đầy hoa (Cơm thịt xay rang và xúc xích),HAS_FIX,1 copy 23.json,17912
1291,hành tim băm nho,hành tím,shallot,Hành tím,high,,1,Canh rong biển khô nấu nấm kim châm và thịt bằm,HAS_FIX,1 copy 23.json,17938
1292,thit heo,huyết heo,pork blood,Thịt heo,high,,1,"Bánh xèo tôm thịt,nấm bào ngư ăn kèm rau cải xanh và rau sống",HAS_FIX,1 copy 23.json,17943
1293,bôt chiên gion,Bột (chung),flour,Bột chiên giòn,high,,1,"Bánh xèo tôm thịt,nấm bào ngư ăn kèm rau cải xanh và rau sống",HAS_FIX,1 copy 23.json,17948
1294,gia,giá,bean sprouts,Giá đỗ,high,Lỗi gõ phím 'gia' là 'giá',1,"Bánh xèo tôm thịt,nấm bào ngư ăn kèm rau cải xanh và rau sống",HAS_FIX,1 copy 23.json,17953
1295,cai trăng,cải thảo,napa cabbage,Củ cải trắng,medium,Cải trắng trong ngữ cảnh này là củ cải trắng,1,"Bánh xèo tôm thịt,nấm bào ngư ăn kèm rau cải xanh và rau sống",HAS_FIX,1 copy 23.json,17961
1296,thịt bò nạc,nạc heo,lean pork,Thịt bò nạc,high,,1,Soup Bò hầm rau củ,HAS_FIX,1 copy 23.json,17962
1297,soup bò,súp,soup,Nước dùng bò,high,Soup bò là nước dùng bò,1,Soup Bò hầm rau củ,HAS_FIX,1 copy 23.json,17979
1298,Cà rốt ngâm chua ngọt,sốt chua ngọt,sweet sour sauce,Cà rốt chua ngọt,high,,1,Bánh Mì Chay Kẹp Rau Củ Đơn Giản,HAS_FIX,1 copy 23.json,17985
1299,bánh canh,bột bánh canh,tapioca flour,Bánh canh,high,,1,Bánh canh nấu thịt xay,HAS_FIX,1 copy 23.json,18106
1300,bò nằm,nạm bò,beef brisket,Nạm bò,high,Lỗi gõ phím 'nằm' thành 'nạm',1,Mì Ý Dẹt Malfadine Sốt Bò Bằm Cà Chua Cà Rốt,HAS_FIX,1 copy 23.json,18116
1301,mì gạo,bún,rice vermicelli,Mì gạo,high,,1,Mì gạo nấu thịt viên,HAS_FIX,1 copy 15.json,18128
1302,ngó môn,khoai môn,taro,Ngó môn,high,Phần thân non của cây khoai môn,1,Ngó Môn Xào Thịt Bò,HAS_FIX,1 copy 15.json,18129
1303,Màu gạch tôm,Trứng cua,Crab roe,Màu gạch tôm,high,Phẩm màu hoặc gạch tôm tự nhiên,1,SP.0865 - Canh Cà Rốt Chả Cua,HAS_FIX,1 copy 15.json,18161
1304,sốt kem nấm,sốt,sauce,Sốt kem nấm,high,,1,SP.0864 - Gà Viên Nấu Kem Nấm Súp Lơ,HAS_FIX,1 copy 15.json,18183
1305,cá rô phi chiên giòn,cá rô phi,tilapia,Cá rô phi chiên giòn,high,,1,Chả giò cá rô phi,HAS_FIX,1 copy 15.json,18217
1306,thân nấm Hải Sản nấm Bạch Tuyết,nấm bạch tuyết,white mushroom,"Nấm hải sản, nấm bạch tuyết",high,,1,Canh Rau Tần Ô Nấu Nấm,HAS_FIX,1 copy 15.json,18254
1307,mì chùm ngây,chùm ngây,moringa leaves,Mì chùm ngây,high,,1,Mì chùm ngây trộn thịt chả,HAS_FIX,1 copy 15.json,18298
1308,nụ bạch hoa,bạch hoa,white flower,Nụ bạch hoa,high,Caper,1,Salad Cải Rocket & Tartar Cá Ngừ,HAS_FIX,1 copy 15.json,18328
1309,ml nước lọc,lít nước,water,Nước lọc,high,,1,Thịt băm viên sốt cà chua,HAS_FIX,1 copy 15.json,18332
1310,gừng mè rang,Mè (Vừng),sesame seeds,"Gừng, mè rang",high,,1,Rau củ xào chay,HAS_FIX,1 copy 15.json,18358
1311,lá su hào,su hào,kohlrabi,Lá su hào,high,,1,Canh Lá Su Hào Thịt Băm Viên,HAS_FIX,1 copy 15.json,18364
1312,vĩ nấm cái,nấm bào ngư,oyster mushroom,Nấm,medium,Vỉ nấm (đơn vị đóng gói),1,Nấm đút lò (Baked mushrooms),HAS_FIX,1 copy 15.json,18416
1313,giá sạch,giá hẹ,bean sprouts,Giá đỗ,high,,1,Cá bớp nấu canh chua,HAS_FIX,1 copy 15.json,18463
1314,tép hành,hành lá,green onion,Nhánh hành,high,Tép hành là cách gọi nhánh hành lá,1,Cơm rang cá mặn,HAS_FIX,1 copy 15.json,18548
1315,thịt xay,thịt chay,plant-based meat,Thịt xay,high,,1,Canh rau đay nấu tôm thịt,HAS_FIX,1 copy 15.json,18560
1316,mì tôm,ram tôm,shrimp rolls,Mì tôm,high,,1,Mì gói nấu tôm trứng,HAS_FIX,1 copy 15.json,18596
1317,tôm rảo tằm,tôm thẻ loại to,shrimp,Tôm rảo,high,,1,Tôm rảo tằm rang thịt má heo,HAS_FIX,1 copy 15.json,18640
1318,Gừng hành củm tỏi,hành tỏi,garlic and onion,"Gừng, hành củ, tỏi",high,,1,Cá măng (cá nhồng) sốt cà,HAS_FIX,1 copy 15.json,18663
1319,lá hẹ,giá hẹ,bean sprouts,Lá hẹ,high,,1,Canh hẹ nấu cá quả,HAS_FIX,1 copy 15.json,18666
1320,rau sắng,rau sống,fresh herbs,Rau sắng,high,Rau ngót rừng,1,Canh rau sắng nấu tôm,HAS_FIX,1 copy 15.json,18668
1321,thịt nạc băm,thịt nạc dăm,pork shoulder,Thịt nạc băm,high,,1,Rau bò khai xào thịt băm,HAS_FIX,1 copy 15.json,18675
1322,đầu cá,cá măng,barracuda,Đầu cá măng,high,,1,Đầu cá măng nấu chua,HAS_FIX,1 copy 15.json,18685
1323,bạc hà nho,bạc hà,mint,"Bạc hà, nho",medium,Bạc hà (dọc mùng) và quả nho,1,Canh chua cá cờ,HAS_FIX,1 copy 15.json,18693
1324,cá ông cụ,cá bè,fish,Cá ông cụ,high,Tên một loại cá,1,Cá ông cụ chiên sốt chua ngọt,HAS_FIX,1 copy 15.json,18710
1325,chanh trà hành lá hành khô rau mùi gia vị,Hành ngò,mixed herbs,"Chanh, trà, hành lá, hành khô, rau mùi",high,,1,Canh thịt băm nấu chanh trà,HAS_FIX,1 copy 15.json,18712
1326,hành lá hẹ,hành lá,green onion,"Hành lá, hẹ",high,,1,Bánh Xèo Tôm Mực,HAS_FIX,1 copy 15.json,18731
1327,nấm linh chi trắng Hokto,nấm linh chi,lingzhi mushroom,Nấm linh chi trắng,high,,1,Bánh Xèo Nấm,HAS_FIX,1 copy 15.json,18754
1328,nấm trà tân,nấm tràm,melaleuca mushroom,Nấm trà tân,high,Nấm Agrocybe aegerita,1,Bánh Xèo Nấm,HAS_FIX,1 copy 15.json,18755
1329,bắp khô,bắp ngọt,sweet corn,Bắp khô,high,,1,Bánh Xèo Nấm,HAS_FIX,1 copy 15.json,18758
1330,cá,cá đù,drum fish,Cá đù,high,,1,Cá Đù Chiên Muối Sả Ớt,HAS_FIX,1 copy 15.json,18766
1331,cá bống tượng,cá bống,goby fish,Cá bống tượng,high,,1,Cá bống tượng chưng nước tương,HAS_FIX,1 copy 15.json,18789
1332,bống tượng,cá bống,goby fish,Cá bống tượng,high,,1,Cá bống tượng chưng nước tương,HAS_FIX,1 copy 15.json,18790
1333,bí chanh,bí xanh,winter melon,Bí chanh,high,Một loại bí xanh,1,Canh Bí Chanh Nấu Tôm,HAS_FIX,1 copy 15.json,18817
1334,đậu rán,đậu hũ,tofu,Đậu hũ rán,high,,1,Bánh đa xào nước trộn rau thơm,HAS_FIX,1 copy 15.json,18823
1335,Gừng hành tỏi khô,tỏi gừng,garlic ginger,"Gừng, hành, tỏi khô",high,,1,Cá sủ nấu canh chua với chả cá,HAS_FIX,1 copy 15.json,18873
1336,thịt nạc xay loại có mỡ,nạc heo,lean pork,Thịt nạc vai xay,high,Nạc vai có mỡ phù hợp làm mắm chưng,1,Mắm Cá Thu Muối Vùi Chưng Thịt Băm,HAS_FIX,1 copy 15.json,18917
1337,Bò xay,nạm bò,beef brisket,Thịt bò xay,high,,1,Canh Cà Chua Bò Rau Răm,HAS_FIX,1 copy 15.json,19051
1338,dưa hồng gram,dưa lưới,Cantaloupe,Dưa hồng,high,Dưa hấu non,1,Canh dưa hồng nấu tôm,HAS_FIX,1 copy 15.json,19056
1339,Rau quế tím húng,rau thơm,herbs,"Rau quế, húng",high,,1,Gỏi gân bò cóc non,HAS_FIX,1 copy 15.json,19060
1340,dầu olive,dầu ô liu,olive oil,Dầu ô liu,high,,1,Nấm Mỡ Nhồi Thịt Băm Húng Tây Nướng,HAS_FIX,1 copy 15.json,19076
1341,nạc cà chua xay,xốt cà chua,tomato sauce,Cà chua xay,high,Phần thịt quả cà chua xay,1,"Đùi Vịt Sốt Cà Chua, Nấm Mỡ & Olive Xanh",HAS_FIX,1 copy 15.json,19080
1342,củ hành khô,hành lá,green onion,Hành khô,high,,1,Canh rong xà lách thịt bằm đậu hũ (rong lục ulva),HAS_FIX,1 copy 15.json,19135
1343,hành Poro,Tỏi tây (Hành Boaro),leek,Hành boa-rô,high,,1,Nấm Đùi Gà Kho Gừng Chay,HAS_FIX,1 copy 15.json,19140
1344,Sốt kho,nước thịt kho,braising sauce,Nước sốt kho,high,,1,Nấm Đùi Gà Kho Gừng Chay,HAS_FIX,1 copy 15.json,19141
1345,thịt nách lợn,thịt heo,pork,Thịt nách lợn,high,,1,Thịt nách lợn luộc,HAS_FIX,1 copy 15.json,19168
1346,Sốt hồng,sốt,sauce,Sốt hồng,high,Thường là sốt cocktail hoặc sốt pha,1,Tôm chiên sốt hồng,HAS_FIX,1 copy 15.json,19177
1347,nước cốt dừa dão,sữa dừa,coconut milk,Nước cốt dừa dão,high,Nước cốt dừa lần 2,1,Thịt bò xào lá cách,HAS_FIX,1 copy 15.json,19238
1348,nước cốt kẹo,nước cốt,extract,Nước màu,medium,Nước hàng/kẹo đắng để tạo màu,1,Thịt bò xào lá cách,HAS_FIX,1 copy 15.json,19239
1349,Thơm bạc hà cà chua,cà chua,tomato,"Dứa, bạc hà, cà chua",high,"Thơm là dứa, bạc hà là dọc mùng",1,Bún Cá Ngừ Chả Cá Eat Clean,HAS_FIX,1 copy 15.json,19268
1350,đậu phụ chiên,đậu hũ trứng,egg tofu,Đậu phụ chiên,high,,1,Mì Quảng Xào Tôm Thịt Eat Clean,HAS_FIX,1 copy 15.json,19273
1351,t chin su,tỏi,garlic,Tương ớt Chin-su,high,,1,Ba chỉ sốt tắc (heo),HAS_FIX,1 copy 15.json,19304
1352,dồi chiên,lòng heo,pork offal,Dồi chiên,high,,1,Bánh hỏi lòng heo - món ngon xứ Nẫu (Bình Định - Phú Yên),HAS_FIX,1 copy 15.json,19324
1353,Dầu mè ớt,dầu ớt,chili oil,"Dầu mè, ớt",high,,1,Ramen thịt heo đơn giản,HAS_FIX,1 copy 15.json,19379
1354,hành thái lát,hành tím,shallot,Hành tím thái lát,high,,1,Ramen thịt heo đơn giản,HAS_FIX,1 copy 15.json,19381
1355,Sốt Samurai,xốt salad,salad dressing,Sốt Samurai,high,Một loại sốt kem cay,1,"Salad Táo, Bơ & Chả Tôm Quết Sốt Samurai",HAS_FIX,1 copy 15.json,19419
1356,cá trèn,cá trê,catfish,Cá trèn,high,,1,Cá Trèn Kho Tiêu,HAS_FIX,1 copy 15.json,19448
1357,lá nếp bánh tẻ,lá dứa,pandan leaves,Lá dứa,high,Lá nếp miền Bắc là lá dứa miền Nam,1,Thịt ức gà cuộn lá nếp chiên,HAS_FIX,1 copy 15.json,19456
1358,Chanh ta,chanh trà,tea lemon,Chanh ta,high,,1,"Rau muống xào tép biển (con moi, con ruốc)",HAS_FIX,1 copy 15.json,19517
1359,Me gia vị,gia vị,seasoning,Me,high,,1,Nấm rim me,HAS_FIX,1 copy 15.json,19534
1360,củ Cà Rốt,bã củ cà rốt,carrot pulp,Cà rốt,high,,1,Cá Đuối Luộc Súp Bouillon Kèm Đậu Hà Lan Cà Rốt,HAS_FIX,1 copy 15.json,19557
1361,Gia vị ướp gà,gia vị,seasoning,Gia vị ướp gà,high,,1,Ức Gà Kho Hạt Điều Nấm Đông Cô,HAS_FIX,1 copy 15.json,19563
1362,thit bò,thăn bò,beef tenderloin,Thịt bò,high,,1,Ớt chuông xào thịt bò,HAS_FIX,1 copy 15.json,19595
1363,nụ inh hương,nấm hương,shiitake mushroom,Nụ đinh hương,high,,1,Món Pháp Blanquette De Veau - Thịt Bê Hầm Cà Rốt Nấm Phủ Sốt Bơ Trứng,HAS_FIX,1 copy 15.json,19616
1364,tôm,bánh phồng tôm,shrimp crackers,Bánh phồng tôm,high,Dùng bánh phồng tôm làm bánh canh,1,Súp bánh phồng tôm nấu sườn,HAS_FIX,1 copy 15.json,19634
1365,Ngò tây,mùi tây,parsley,Ngò tây,high,,1,🌱 Canh Nấm Mỡ Cà Rốt & Lá Súp Lơ Trắng,HAS_FIX,1 copy 15.json,19659
1366,nước tương tamari,nước tương,Soy sauce,Nước tương Tamari,high,,1,Salad Cá Trích Xông Khói,HAS_FIX,1 copy 15.json,19681
1367,mc dầu ăn,dầu ăn,Vegetable Oil,Dầu ăn,high,mc là muỗng canh,1,🌱 Nấm Xào Đậu Hà Lan & Ớt Chuông Đỏ,HAS_FIX,1 copy 15.json,19816
1368,squash,bí xanh,winter melon,Bí ngòi,high,Squash thường chỉ các loại bí,1,"Ớt chuông, squash xào nấm",HAS_FIX,1 copy 15.json,19839
1369,nạc vai,thịt nạc dăm,pork shoulder,Thịt nạc vai,high,,1,Thịt Heo Kho Thơm (Dứa 🍍),HAS_FIX,1 copy 15.json,19848
1370,thịt chiên,thịt heo,pork,Thịt chiên,high,,1,Cơm trộn cá ngừ ngâm dầu sốt mayonaise,HAS_FIX,1 copy 15.json,19871
1371,xà lách xoong,rau xoong,watercress,Xà lách xoong,high,,1,Canh thịt xay nấu xà lách xoong,HAS_FIX,1 copy 15.json,19893
1372,Tôm tuỳ ý,bề bề,mantis shrimp,Tôm,high,,1,Tôm xào bơ tỏi,HAS_FIX,1 copy 15.json,19976
1373,Nhân bánh Tôm đậu hũ hẹ,nhân bánh,filling,"Nhân tôm, đậu hũ, hẹ",high,,1,Buổi sáng thanh đạm:HÁ CẢO TÔM-RONG BIỂN,HAS_FIX,1 copy 15.json,20042
1374,tàu xì hạt,tàu xì,fermented black beans,Hạt tàu xì,high,,1,SP.0845 - Bò Xào Ngũ Sắc,HAS_FIX,1 copy 15.json,20079
1375,ớt ngò,ớt sừng,red chili,"Ớt, ngò",high,,1,Tôm và nghêu hấp sả,HAS_FIX,1 copy 15.json,20150
1376,cá Sa Pa,cá saba,mackerel,Cá saba,high,Lỗi gõ sai từ cá saba,1,Cá Sa Pa kho kim chi kiểu Hàn,HAS_FIX,1 copy 15.json,20167
1377,lá me đất,lá me,tamarind leaves,Lá me đất,high,,1,Canh me đất thịt băm,HAS_FIX,1 copy 15.json,20175
1378,vỏ bánh đa nem,bánh tráng,rice paper,Bánh đa nem,high,,1,"Bánh Gà, Ngô, Nấm",HAS_FIX,1 copy 15.json,20180
1379,giấm bỗng,dấm,vinegar,Giấm bỗng,high,,1,Cá Lăng Ướp Cơm Mẻ Nấu Giấm Bỗng,HAS_FIX,1 copy 15.json,20251
1380,rau ngô,rau om,rice paddy herb,Rau ngổ,high,Rau ngô thường là cách gọi rau ngổ,1,Cá Chốt Om Măng Chua Khế Chuối Chát,HAS_FIX,1 copy 15.json,20258
1381,chuôi chát,chuối sáp,banana,Chuối chát,high,Chuối non vị chát,1,Cá Chốt Om Măng Chua Khế Chuối Chát,HAS_FIX,1 copy 15.json,20268
1382,Gừng hành tím,hành tím,shallot,"Gừng, hành tím",high,,1,Gỏi trái cóc tôm thịt,HAS_FIX,1 copy 15.json,20303
1383,pasta,nui,pasta,Mì Ý,high,,1,Pasta Phô Mai Kem Và Cá Ngừ,HAS_FIX,1 copy 15.json,20363
1384,Hành lá lốt tía tô,hành tía tô,perilla,"Hành, lá lốt, tía tô",high,,1,Cá ngạnh nấu ám,HAS_FIX,1 copy 15.json,20377
1385,bông súp lơ xanh,bông cải,broccoli,Súp lơ xanh,high,,1,Dẻ Sườn Heo Nướng Sốt Xá Xíu,HAS_FIX,1 copy 15.json,20381
1386,cà chua quả sấu,cà chua,tomato,"Cà chua, sấu",high,,1,Cá dìa nấu canh chua,HAS_FIX,1 copy 15.json,20406
1387,măng trúc ngâm chua,măng,bamboo shoots,Măng trúc ngâm chua,high,,1,Măng Trúc Xào Bò,HAS_FIX,1 copy 15.json,20428
1388,bánh kaiser,bánh mì,bread,Bánh mì Kaiser,high,,1,"Bánh Kaiser Với Thịt Bò Viên, Trứng, Phô Mai Và Cà Chua",HAS_FIX,1 copy 15.json,20433
1389,phô mai bào,phô mai,cheese,Phô mai bào,high,,1,Cơm Thịt Bò Bỏ Lò Với Ớt Chuông Ăn Kèm Thịt Bò Viên Áp Chảo,HAS_FIX,1 copy 15.json,20436
1390,cá viên,cá viên,fish balls,Khế chua,medium,Món lẩu bò nhúng giấm dùng khế,1,Lẩu bò nhúng giấm với khế chua,HAS_FIX,1 copy 15.json,20451
1391,Rau om ngò gai,ngò gai,culantro,"Rau ngổ, ngò gai",high,Rau om là rau ngổ,1,Canh cá dìa nấu măng chua,HAS_FIX,1 copy 15.json,20456
1392,trứng cá ngừ,trứng cá,fish roe,Trứng cá ngừ,high,,1,"Trứng cá ngừ kho dứa, cà chua, nước dừa",HAS_FIX,1 copy 15.json,20471
1393,Gừng hành tỏi ớt gia vị,hành tỏi ớt,garlic chili mix,"Gừng, hành, tỏi, ớt",high,,1,"Trứng cá ngừ kho dứa, cà chua, nước dừa",HAS_FIX,1 copy 15.json,20473
1394,cơm mẻ,nước mẻ,fermented rice sauce,Mẻ,high,,1,Cá trê biển nấu chuối đậu,HAS_FIX,1 copy 15.json,20479
1395,tôm chua Huế,nước mắm,fish sauce,Tôm chua Huế,high,,1,Gỏi đu đủ tôm chua Huế,HAS_FIX,1 copy 15.json,20580
1396,cải xanh,cải bẹ xanh,mustard greens,Cải xanh,high,,1,Canh cải xanh nấu tôm,HAS_FIX,1 copy 15.json,20606
1397,thịt gà nguội,thịt nguội,ham,Thịt gà nguội,high,,1,Kaiser (Kaiserbroodje) - Bánh Mì Phổ Biến Tại Hà Lan Với Trứng Và Thịt Gà Nguội,HAS_FIX,1 copy 15.json,20626
1398,hộp cá sốt cà,hộp cá ngừ,canned tuna,Cá hộp sốt cà,high,,1,CÀ đắng om cá hộp,HAS_FIX,1 copy 15.json,20648
1399,Hành tím hành lá,hành tím,shallot,"Hành tím, hành lá",high,,1,Bún riêu cua tóp mỡ,HAS_FIX,1 copy 15.json,20691
1400,cf mắm,nước mắm,fish sauce,Muỗng cà phê nước mắm,high,cf mắm là đơn vị đo lường,1,Mực nhồi,HAS_FIX,1 copy 15.json,20715
1401,Gia vị xào tôm,gia vị,seasoning,gia vị xào tôm,high,,1,Bún cá Kiên Giang (Phiên bản tôm),HAS_FIX,1 copy 7.json,20716
1402,khoai môn,khoai môn,taro,khoai mán,high,Khoai mán khác khoai môn,1,Xương đuôi heo và móng giò nấu khoai Mán vàng,HAS_FIX,1 copy 7.json,20726
1403,Hành củ hành lá mùi tàu gia vị,Hành ngò,mixed herbs,"hành, ngò gai và gia vị",high,Mùi tàu là ngò gai,1,Xương đuôi heo và móng giò nấu khoai Mán vàng,HAS_FIX,1 copy 7.json,20746
1404,canh chua,chà chua,pickled vegetables,gia vị nấu canh chua,medium,,1,Bún tôm nấu chua,HAS_FIX,1 copy 7.json,20803
1405,giò heo lấy phần móng giò,thịt heo,pork,móng giò heo,high,,1,Canh đu đủ hầm giò heo,HAS_FIX,1 copy 7.json,20842
1406,tỏi củ hành khô,tỏi,garlic,tỏi và hành khô,high,,1,Thịt ba chỉ xốt mận hậu,HAS_FIX,1 copy 7.json,20854
1407,mật ong cà phê,mật ong,Honey,mật ong và cà phê,high,,1,"Hải sản Phú Quý hấp: mực ống, cua gạo, cua mặt trăng và nhum tươi",HAS_FIX,1 copy 7.json,20866
1408,khóm hành tím,hành tím,shallot,khóm và hành tím,high,Khóm là dứa/thơm,1,"Hải sản Phú Quý hấp: mực ống, cua gạo, cua mặt trăng và nhum tươi",HAS_FIX,1 copy 7.json,20868
1409,sốt majonnaise,sốt,sauce,sốt mayonnaise,high,,1,Tôm sốt trái thơm (dứa),HAS_FIX,1 copy 7.json,20897
1410,mộc nhĩ tai nấm hương khô,nấm hương,shiitake mushroom,mộc nhĩ và nấm hương,high,,1,Bún mọc tôm,HAS_FIX,1 copy 7.json,20913
1411,mực kim hấp,mực,squid,mực kim,high,,1,Mực kim um dầu,HAS_FIX,1 copy 7.json,20923
1412,củ hành khô thái lát nhỏ,Hành,Scallion,hành khô,high,,1,Cơm chiên tôm 🍤,HAS_FIX,1 copy 7.json,20969
1413,thịt spam,thịt hộp,canned meat,thịt spam,high,,1,Cơm Chiên Thịt Spam Trái Thơm,HAS_FIX,1 copy 7.json,20973
1414,Gừng hành tỏi ớt,hành lá,green onion,"gừng, hành, tỏi và ớt",high,,1,Rau sắn muối nấu đầu cá ông lão,HAS_FIX,1 copy 7.json,20986
1415,tôm rảo tằm hoặc tép,tôm thẻ loại to,shrimp,tôm rảo hoặc tép,high,,1,"Gỏi hoa chuối, tôm, rau sam",HAS_FIX,1 copy 7.json,20990
1416,măng tây rừng,măng,bamboo shoots,măng tây rừng,high,,1,"🌱 Salad Su Hào, Nấm & Măng Tây Rừng Sốt Hành Tăm",HAS_FIX,1 copy 7.json,21001
1417,Sốt hành tăm,sốt,sauce,sốt hành tăm,high,,1,"🌱 Salad Su Hào, Nấm & Măng Tây Rừng Sốt Hành Tăm",HAS_FIX,1 copy 7.json,21002
1418,mật ong siro phong,mật ong,Honey,mật ong và siro phong,high,,1,"🌱 Salad Su Hào, Nấm & Măng Tây Rừng Sốt Hành Tăm",HAS_FIX,1 copy 7.json,21007
1419,lưỡi heo,thịt heo,pork,lưỡi heo,high,,1,Lưỡi heo luộc chấm mắm gừng,HAS_FIX,1 copy 7.json,21016
1420,tôm sắt bóc nõn rim mắm,ram tôm,shrimp rolls,nõn tôm sắt,high,,1,Mỳ trộn tôm thịt sốt cà,HAS_FIX,1 copy 7.json,21029
1421,Gia vị hành tỏi hành lá ớt,hành lá,green onion,"hành, tỏi, ớt và gia vị",high,,1,Cá cơm khô rim,HAS_FIX,1 copy 7.json,21045
1422,Hành củ hành lá rau răm thìa là gia vị,hành lá,green onion,"hành, răm, thì là và gia vị",high,,1,Rau sắn muối nấu chả cá,HAS_FIX,1 copy 7.json,21049
1423,mỳ gạo lứt,gạo,rice,mì gạo lứt,high,,1,Mỳ gạo lứt trộn sốt cà tóp mỡ thịt băm,HAS_FIX,1 copy 7.json,21056
1424,sốt lẩu Thái,sốt,sauce,sốt lẩu Thái,high,,1,Lẩu Thái với các loại nấm,HAS_FIX,1 copy 7.json,21070
1425,táo Tàu,táo,apple,táo tàu,high,,1,Mì Đuôi Heo Hầm Ngũ Trân,HAS_FIX,1 copy 7.json,21093
1426,vịt,trứng vịt,duck egg,thịt vịt,high,,1,VỊT tiềm nấm hương & bắp non,HAS_FIX,1 copy 7.json,21149
1427,Rau nêm hành lá ngò rí,hành lá,green onion,hành lá và ngò rí,high,,1,VỊT tiềm nấm hương & bắp non,HAS_FIX,1 copy 7.json,21156
1428,dĩa rau đi kèm ngò gai giá kinh giới bắp chuối hành lá ớt,hành lá,green onion,rau sống ăn kèm,high,,1,Bún Riêu Cua Đồng Giò Heo,HAS_FIX,1 copy 7.json,21172
1429,mì chùm ngây,mì,noodles,mì chùm ngây,high,,1,Mì rau chùm ngây xào tôm nấm,HAS_FIX,1 copy 7.json,21178
1430,cuốn bánh đa,bánh,cake,bánh đa,high,,1,Bánh Đa Xào Lòng Gà Với Măng Và Nấm Hương,HAS_FIX,1 copy 7.json,21190
1431,mực trứng,mực,squid,mực trứng,high,,1,Mực Trứng Hấp Gừng,HAS_FIX,1 copy 7.json,21197
1432,Cải xanh cay,rau cải đắng,bitter greens,cải xanh,high,,1,Mực Trứng Hấp Gừng,HAS_FIX,1 copy 7.json,21201
1433,bột gà Chicken Powder,thịt gà,chicken,bột gà,high,,1,Mì Nấu Rau Muống Tóp Mỡ,HAS_FIX,1 copy 7.json,21221
1434,chân giò phần nạc,giò,pork sausage,thịt chân giò,high,,1,Thịt chân giò luộc kèm cải chua,HAS_FIX,1 copy 7.json,21237
1435,Dứa chua,dứa,pineapple,dứa,high,,1,Thịt luộc chuối xanh mùi vị cuộc đời,HAS_FIX,1 copy 7.json,21241
1436,thịt quay,heo quay,roast pork,thịt quay,high,,1,Cơm bento: Gà con ham học (Dưa chua xào thịt quay),HAS_FIX,1 copy 7.json,21286
1437,đầu cổ chân gà,chân gà,chicken feet,"đầu, cổ, chân gà",high,,1,Canh bí xanh nấu xương gà và thịt xay,HAS_FIX,1 copy 7.json,21300
1438,thịt bằm gr minced pork,thịt heo,pork,thịt heo bằm,high,,1,Món phụ/Side dish: Khoai tây xào thịt bằm/Potatoes stir-fried with minced pork,HAS_FIX,1 copy 7.json,21323
1439,thì là hành lá dill green onion,hành lá,green onion,thì là và hành lá,high,,1,Món phụ/Side dish: Khoai tây xào thịt bằm/Potatoes stir-fried with minced pork,HAS_FIX,1 copy 7.json,21325
1440,Hành tỏi hành răm thìa là gia vị,tỏi,garlic,"hành, tỏi, răm, thì là và gia vị",high,,1,Cá chim om dưa,HAS_FIX,1 copy 7.json,21339
1441,cá diêu hồng hoặc cá lóc,cá lóc,snakehead fish,cá diêu hồng hoặc cá lóc,high,,1,CÁ diêu hồng hấp với củ sắn,HAS_FIX,1 copy 7.json,21377
1442,dưa chuột to,dưa,pickles,dưa chuột,high,,1,Salad rau diếp dưa chuột cà rốt,HAS_FIX,1 copy 7.json,21417
1443,Rau húng quế húng hà nội,quế,Cinnamon,húng quế và húng láng,medium,Húng Hà Nội thường là húng láng,1,Salad rau diếp dưa chuột cà rốt,HAS_FIX,1 copy 7.json,21419
1444,sữa chua dầu ăn,sữa chua,yogurt,sữa chua và dầu ăn,high,,1,Bánh canh phồng tôm kim chi,HAS_FIX,1 copy 7.json,21426
1445,dầu tía tô,tía tô,perilla leaves,dầu tía tô,high,,1,Đậu phụ rim,HAS_FIX,1 copy 7.json,21484
1446,nước cốt dừa ml,nước dừa,coconut water,nước cốt dừa,high,,1,Rau củ kho nước cốt dừa,HAS_FIX,1 copy 7.json,21513
1447,cải chip,cải thìa,bok choy,cải thìa,high,Cải chip là cải thìa,1,Rau cải chip xào tỏi,HAS_FIX,1 copy 7.json,21515
1448,bột cà ri gr,Bột (chung),flour,bột cà ri,high,,1,CÀ RY rau củ quả,HAS_FIX,1 copy 7.json,21536
1449,ớt chuông màu,ớt,chili pepper,ớt chuông,high,,1,Mì UDON tươi xào rau củ,HAS_FIX,1 copy 7.json,21588
1450,hành củ hành lá,hành lá,green onion,hành củ và hành lá,high,,1,Cá liệt kho mặn,HAS_FIX,1 copy 7.json,21617
1451,hành cắt lát,lát,galangal,hành tím,medium,,1,Dưa Rau Muống,HAS_FIX,1 copy 7.json,21625
1452,cá én nắng,cá chuồn,flying fish,cá én một nắng,high,,1,Cơm rang cá én 1 nắng,HAS_FIX,1 copy 7.json,21653
1453,cá măng phi lê nắng,măng,bamboo shoots,cá măng một nắng,high,,1,Cá măng biển 1 nắng chiên giòn sốt chua ngọt,HAS_FIX,1 copy 7.json,21657
1454,bún tươi,bún,rice vermicelli,bún tươi,high,,1,Miến cà chua thịt bằm,HAS_FIX,1 copy 7.json,21729
1455,khô cá dứa một nắng,dứa,pineapple,khô cá dứa một nắng,high,,1,Khô cá dứa một nắng rim nước mắm mè,HAS_FIX,1 copy 7.json,21733
1456,cá hương,cá hường,snapper,cá hường,high,Lỗi chính tả cá hương,1,Cá hường 1 nắng muối sả và nghệ chiên,HAS_FIX,1 copy 7.json,21737
1457,rau xà lách xoong,rau xà lách,lettuce,rau xà lách xoong,high,,1,Canh xà lách xoong nấu thịt xay,HAS_FIX,1 copy 7.json,21741
1458,khô cá dứa chiên,dứa,pineapple,khô cá dứa,high,,1,Cơm chiên khô cá dứa một nắng tóp mỡ,HAS_FIX,1 copy 7.json,21759
1459,lá dưa,dưa,pickles,lá cẩm,high,Dựa trên dish_example,1,"Chè bắp,khoai môn,nấm tuyết và lá cẩm",HAS_FIX,1 copy 7.json,21767
1460,Mè trắng,Mè (Vừng),sesame seeds,mè trắng,high,,1,Thịt xào hành tây cà ri,HAS_FIX,1 copy 7.json,21790
1461,thịt bò,thịt bò,beef,thịt bò,high,,1,Súp Kem Bí Đỏ Cá Hồi,HAS_FIX,1 copy 7.json,21830
1462,cây xoài thanh long táo xoài vv,trái cây,fruit,trái cây hỗn hợp,high,,1,Salad Cá Hồi Cải Xoăn Kale,HAS_FIX,1 copy 7.json,21842
1463,Miến gạo hoặc miến giong,gạo,rice,miến gạo hoặc miến dong,high,,1,Nem thịt dọn tủ,HAS_FIX,1 copy 7.json,21851
1464,khô cá dứa một nắng g,dứa,pineapple,khô cá dứa một nắng,high,,1,Khô cá dứa một nắng rim cay,HAS_FIX,1 copy 7.json,21870
1465,cá phèn hồng nắng,cá hồng,snapper,cá phèn hồng một nắng,high,,1,Cá phèn hồng 1 nắng chiên sốt mắm tỏi ớt,HAS_FIX,1 copy 7.json,21874
1466,rễ ngò rí,rau ngò rí,coriander leaves,rễ ngò rí,high,,1,SP.0830 - Thịt Heo Quay Đông Pha,HAS_FIX,1 copy 7.json,21886
1467,rượu Thiệu Hưng,rượu,cooking wine,rượu Thiệu Hưng,high,,1,SP.0830 - Thịt Heo Quay Đông Pha,HAS_FIX,1 copy 7.json,21891
1468,chả xoắn Nhật,chả,sausage,chả xoắn Nhật,high,Narutomaki,1,SP.0829 - Súp Cua Ngô Vàng Tuyết Nhĩ,HAS_FIX,1 copy 7.json,21896
1469,củ sắn,sắn,cassava,củ sắn,high,Củ đậu,1,SP.0829 - Súp Cua Ngô Vàng Tuyết Nhĩ,HAS_FIX,1 copy 7.json,21898
1470,sốt kem phô mai,phô mai,cheese,sốt kem phô mai,high,,1,SP.0828 - Cá Hồi Sốt Bí Đỏ Phô Mai,HAS_FIX,1 copy 7.json,21925
1471,Nước tương pha chua ngọt,nước,water,nước tương chua ngọt,high,,1,Cơm thịt một nắng nướng nồi chiên không dầu,HAS_FIX,1 copy 7.json,21946
1472,cá dứa baby nắng,dứa,pineapple,cá dứa baby một nắng,high,,1,Khô cá DỨA kho thơm,HAS_FIX,1 copy 7.json,21951
1473,sốt kho cá,cá dứa,pangasius,sốt kho cá,high,,1,Khô cá DỨA kho thơm,HAS_FIX,1 copy 7.json,21952
1474,Cá Dứa một nắng,dứa,pineapple,cá dứa một nắng,high,,1,Cá Dứa Một Nắng Chiên Giòn,HAS_FIX,1 copy 7.json,21964
1475,tépTỏi hành lá,hành lá,green onion,tỏi và hành lá,high,,1,Củ cải khô xào thịt,HAS_FIX,1 copy 7.json,22002
1476,Cà chua bi hành tây,cà chua,tomato,cà chua bi và hành tây,high,,1,Steak bò sốt phomai,HAS_FIX,1 copy 7.json,22021
1477,cá mờm sữa,cá,fish,cá mờm sữa,high,,1,Món ngon từ cá MỜM CƠM SỮA,HAS_FIX,1 copy 7.json,22042
1478,Rau nêm rau thì là hành lá,hành lá,green onion,hành lá và thì là,high,,1,Món ngon từ cá MỜM CƠM SỮA,HAS_FIX,1 copy 7.json,22048
1479,tàu hủ ky lá tươi,lá,leaves,tàu hũ ky lá tươi,high,,1,TÀU HỦ KY cuốn tôm thịt chiên,HAS_FIX,1 copy 7.json,22069
1480,bột rau câu giòn g,Bột (chung),flour,bột rau câu giòn,high,,1,Rau câu vân mây lá dứa,HAS_FIX,1 copy 7.json,22085
1481,nước lá dứa lá nếp,dứa,pineapple,nước lá dứa,high,,1,Rau câu vân mây lá dứa,HAS_FIX,1 copy 7.json,22088
1482,sốt phomai,sốt,sauce,sốt phô mai,high,,1,Cơm nắm cá hồi trộn sốt phomai chiên giòn,HAS_FIX,1 copy 7.json,22110
1483,Hành mùi gia vị,gia vị,seasoning,"hành, mùi và gia vị",high,,1,"Ngô bao tử, phù trúc (tàu hũ ky), nấm tuyết xào trứng",HAS_FIX,1 copy 7.json,22118
1484,Hành lá mùi tỏi gia vị,hành lá,green onion,"hành lá, mùi và tỏi",high,,1,"Canh bí ngô, thịt bò bằm, nấm linh chi",HAS_FIX,1 copy 7.json,22122
1485,gia vị ướp xá xíu,gia vị,seasoning,gia vị ướp xá xíu,high,,1,Thịt ba chỉ cuộn đậu bắp,HAS_FIX,1 copy 7.json,22130
1486,hành tươi,hành tỏi,garlic and onion,hành lá tươi,high,,1,Cá diêu hồng hấp nấm,HAS_FIX,1 copy 7.json,22137
1487,Hành răm thìa là củ tỏi,tỏi,garlic,"hành, răm, thì là và tỏi",high,,1,Cá diêu hồng hấp nấm,HAS_FIX,1 copy 7.json,22138
1488,Gia vịmì chính nước mắmhạt tiêuớt tươi xay,nước,water,gia vị tổng hợp,high,,1,Cá kho mắm ớt ba chỉ,HAS_FIX,1 copy 7.json,22181
1489,phô mai Emmental,phô mai,cheese,phô mai Emmental,high,,1,Tartine Bánh Mì Nướng Phô Mai Emmental Phủ Cá Hồi Gravlax,HAS_FIX,1 copy 7.json,22190
1490,rau củ hỗn hợp ngô đậu hà lan cà rốt,cà rốt,carrot,rau củ hỗn hợp,high,,1,Súp gà nấm,HAS_FIX,1 copy 7.json,22200
1491,giỏ Gia vị cơ bản,gia vị,seasoning,gia vị cơ bản,high,,1,Súp gà nấm,HAS_FIX,1 copy 7.json,22206
1492,Húng quế trắng,rau húng chó,mint,húng quế trắng,high,Tên khác của lá é,1,Canh Chua Cá Thu Lá Me,HAS_FIX,1 copy 7.json,22236
1493,cá bò ngừ,cá ngừ,tuna,cá bò ngừ,high,,1,Cá Bò Ngừ Nấu Mẵn,HAS_FIX,1 copy 7.json,22237
1494,Hành ớt,ớt,chili pepper,hành và ớt,high,,1,Cá hú kho thịt ba rọi và thơm,HAS_FIX,1 copy 7.json,22330
1495,Hành tỏi nước hàng gia vị,tỏi,garlic,"hành, tỏi và gia vị",high,,1,Cá cam kho tộ,HAS_FIX,1 copy 7.json,22358
1496,gừng củ riềng củ hành khô,gừng,ginger,"gừng, riềng và hành khô",high,,1,Cá trôi kho dưa,HAS_FIX,1 copy 7.json,22369
1497,gia vị nước hàng,gia vị,seasoning,gia vị và nước hàng,high,,1,Cá trôi kho dưa,HAS_FIX,1 copy 7.json,22371
1498,Gừng hành tỏi hành lá rau răm thìa là,hành lá,green onion,"hành, tỏi, gừng và các loại rau nêm",high,,1,Đuôi cá thu sốt cà,HAS_FIX,1 copy 7.json,22382
1499,ớp cá p,cá ngừ,tuna,gia vị ướp cá,medium,,1,🍍Cá ngừ kho thơm🍍,HAS_FIX,1 copy 7.json,22391
1500,Mắm ăn cơm,cơm,cooked rice,nước mắm,medium,Mắm ăn cơm thường là nước mắm,1,Canh bầu nấu thịt,HAS_FIX,1 copy 7.json,22450
1501,con cá thu đao,cá thu,mackerel,Cá thu đao,high,,1,Canh kim chi cá thu đao,HAS_FIX,1 copy 39.json,22470
1502,hành củ tỏi băm nhỏ,tỏi,garlic,"Hành tím, tỏi",high,,1,Thịt nướng ngũ vị,HAS_FIX,1 copy 39.json,22479
1503,xoài keo,xoài,mango,Xoài keo,high,,1,Cá kèo kho rau răm dùng kèm xoài keo,HAS_FIX,1 copy 39.json,22485
1504,Cá Lóc Bông,cá lóc,snakehead fish,Cá lóc bông,high,,1,Cá Lóc Bông Kho Nước Dừa Xiêm,HAS_FIX,1 copy 39.json,22489
1505,Lạc rang mắm tôm bún,đậu phộng,peanut,"Lạc rang, mắm tôm, bún",high,,1,Bún cá chấm/ chả cá Lã Vọng,HAS_FIX,1 copy 39.json,22549
1506,cá chuối,cá lóc,snakehead fish,Cá lóc,high,Cá chuối là tên gọi khác của cá lóc,1,Cá chuối kho chuối (kho nhanh và kho khô),HAS_FIX,1 copy 39.json,22562
1507,chuối lá chuối lùn chuối ta,lá chuối,banana leaves,Chuối,high,Nguyên liệu quả chuối để kho cá,1,Cá chuối kho chuối (kho nhanh và kho khô),HAS_FIX,1 copy 39.json,22564
1508,thịt đầu heo ngâm giấm,thịt heo,pork,Thịt đầu heo ngâm giấm,high,,1,"Gỏi Đu Đủ, Xoài, Thịt Đầu Heo",HAS_FIX,1 copy 39.json,22593
1509,hột tương,tương ớt,chili sauce,Tương hột,high,,1,Khô cá lóc chay,HAS_FIX,1 copy 39.json,22623
1510,Gừng tỏi,tỏi,garlic,"Gừng, tỏi",high,,1,Canh cải xanh nấu cá lóc,HAS_FIX,1 copy 39.json,22639
1511,cá trê vàng,cá trê,catfish,Cá trê vàng,high,,1,Cá Trê Vàng Chiên Mắm Gừng,HAS_FIX,1 copy 39.json,22640
1512,Gừng chanh ớt tỏi,ớt,chili pepper,"Gừng, chanh, ớt, tỏi",high,,1,Cá diêu hồng rán,HAS_FIX,1 copy 39.json,22660
1513,mực mai,mực,squid,Mực mai,high,,1,Mực mai xào hành tây,HAS_FIX,1 copy 39.json,22667
1514,Cần tỏi tây gia vị,tỏi,garlic,"Cần tây, tỏi tây",high,,1,Mực mai xào hành tây,HAS_FIX,1 copy 39.json,22669
1515,Sà lách cà chua,cà chua,tomato,"Xà lách, cà chua",high,,1,Gà nướng lót rau mầm,HAS_FIX,1 copy 39.json,22703
1516,sốt Hàn Quốc,sốt,sauce,Sốt Hàn Quốc,high,,1,SP.0821 - Thịt Heo Sốt Hàn Quốc,HAS_FIX,1 copy 39.json,22714
1517,hoa chuôi,nước,water,Hoa chuối,high,Lỗi chính tả,1,Hoa Chuối Hột Trộn Tôm,HAS_FIX,1 copy 39.json,22739
1518,sụn lưỡi heo,thịt heo,pork,Sụn lưỡi heo,high,,1,SP.0820 - Canh Cải Bó Xôi Sụn Lưỡi Heo,HAS_FIX,1 copy 39.json,22745
1519,sốt cô đặc Knorr,sốt,sauce,Nước dùng cô đặc Knorr,high,,1,SP.0820 - Canh Cải Bó Xôi Sụn Lưỡi Heo,HAS_FIX,1 copy 39.json,22748
1520,cá rô đồng,cá rô,perch,Cá rô đồng,high,,1,Canh củ cá rô đồng,HAS_FIX,1 copy 39.json,22755
1521,Hành răm thìa là,rau răm,vietnamese coriander,"Hành lá, rau răm, thì là",high,,1,Canh củ cá rô đồng,HAS_FIX,1 copy 39.json,22757
1522,bánh canh tươi,bánh,cake,Bánh canh tươi,high,,1,Bánh canh chả cua siêu tốc,HAS_FIX,1 copy 39.json,22767
1523,Sa tế hành mùi tàu gia vị,ngò gai,culantro,"Sa tế, hành lá, mùi tàu",high,,1,Bánh canh chả cua siêu tốc,HAS_FIX,1 copy 39.json,22768
1524,tôm nõn đã rim,ram tôm,shrimp rolls,Tôm nõn,high,,1,Canh cải cúc nấu tôm nõn,HAS_FIX,1 copy 39.json,22772
1525,bánh đa mè,Mè (Vừng),sesame seeds,Bánh đa mè,high,,1,Gỏi bò rau má,HAS_FIX,1 copy 39.json,22779
1526,tôm nõn đã rim qua,ram tôm,shrimp rolls,Tôm nõn,high,,1,Nem bơ hải sản,HAS_FIX,1 copy 39.json,22789
1527,bề bề cua ghẹ bóc sẵn,cua,crab,"Bề bề, cua, ghẹ",high,,1,Nem bơ hải sản,HAS_FIX,1 copy 39.json,22790
1528,vỏ bò bía,thịt bò,beef,Vỏ bánh bò bía,high,,1,Nem bơ hải sản,HAS_FIX,1 copy 39.json,22795
1529,cà chua bi,chua bi,plum,Cà chua bi,high,,1,Rau tần ô luộc tạo hình vòng nguyệt quế,HAS_FIX,1 copy 39.json,22802
1530,sườn cây,sườn bò,beef ribs,Sườn cây,high,Sườn non heo để nguyên bẹ/cây,1,Canh rau ngót nấu sườn cây,HAS_FIX,1 copy 39.json,22818
1531,Gia vị tỏi khô,gia vị,seasoning,Tỏi khô,high,,1,Salad rau mầm,HAS_FIX,1 copy 39.json,22847
1532,Gốc hành,hành lá,green onion,Gốc hành lá,high,,1,Canh cải bó xôi cá rô đồng,HAS_FIX,1 copy 39.json,22862
1533,rau ngót rừng,rau ngót,sweet leaf bush,Rau ngót rừng,high,,1,Canh rau ngót rừng,HAS_FIX,1 copy 39.json,22863
1534,dựng heo hoặc xương ống,xương heo,pork bones,Dựng heo (móng giò),high,,1,LẨU cá thác lác-khổ qua,HAS_FIX,1 copy 39.json,22872
1535,Hành răm thìa là gừng,gừng,ginger,"Hành, răm, thì là, gừng",high,,1,Canh củ rau cải cúc (tần ô),HAS_FIX,1 copy 39.json,22885
1536,Gia vịmì chính hạt nêmđườngbột canhớt tươi chanh vừng rang,chanh,lime,Gia vị tổng hợp,high,Hỗn hợp nhiều loại gia vị,1,Gỏi rau càng cua thịt bò,HAS_FIX,1 copy 39.json,22890
1537,hành tây củ tỏi ớt sừng,ớt,chili pepper,"Hành tây, tỏi, ớt sừng",high,,1,Chả viên thịt bò khoai tây,HAS_FIX,1 copy 39.json,22897
1538,Hành tím gừng lá chanh,hành lá,green onion,"Hành tím, gừng, lá chanh",high,,1,Gỏi gà rau càng cua,HAS_FIX,1 copy 39.json,22901
1539,mắm chay pha sẵnpha sẵn tuỳ các bạn,chay,vegetarian,Nước mắm chay,high,,1,Bún bì chay (có thêm heo quay chay),HAS_FIX,1 copy 39.json,22905
1540,tỏi xay và đ ớt xay mình mua nhiêu đó thôi mà còn bị dư ra á nên nếu các bạn mua ít được thì mua nha mua ít quá mình ngại á nên mua đại mỗi thứ đ,hành tỏi ớt,garlic chili mix,"Tỏi xay, ớt xay",high,,1,Bún bì chay (có thêm heo quay chay),HAS_FIX,1 copy 39.json,22908
1541,Gừng sả hành ngò,sả,lemongrass,"Gừng, sả, hành, ngò",high,,1,Bò nạm hầm củ quả,HAS_FIX,1 copy 39.json,22943
1542,dừa nhỏ có thể thay bằng nước,nước dừa,coconut water,Nước dừa,high,,1,Đậu hủ khìa chay,HAS_FIX,1 copy 39.json,22945
1543,huyết vịt lớn,huyết heo,pork blood,Huyết vịt,high,,1,Nui giò heo,HAS_FIX,1 copy 39.json,22953
1544,rau Càng Cua,cua,crab,Rau càng cua,high,,1,"Salad Rau Càng Cua, Trứng, Thịt Bò",HAS_FIX,1 copy 39.json,22961
1545,canh vắt lấy nước cốt,nước cốt,extract,Chanh,high,Quả chanh vắt lấy nước cốt,1,Gỏi mực,HAS_FIX,1 copy 39.json,22982
1546,bắp nếp,gạo nếp,glutinous rice,Bắp nếp,high,,1,Bắp Nếp Hầm Sườn Heo,HAS_FIX,1 copy 39.json,23003
1547,trai dưa tươi,dưa,pickles,Trái dừa tươi,high,Lỗi chính tả 'trai dưa',1,Tôm Càng Xanh Luộc Nước Dừa Tươi,HAS_FIX,1 copy 39.json,23007
1548,thịt xay,thịt viên,meatballs,Thịt heo xay,high,,1,Canh cải thìa nấu thịt viên,HAS_FIX,1 copy 39.json,23011
1549,măng Tây,măng,bamboo shoots,Măng tây,high,,1,Măng Tây Xào Thịt Bằm,HAS_FIX,1 copy 39.json,23017
1550,măng tay,măng,bamboo shoots,Măng tây,high,Lỗi chính tả,1,Canh măng tây nấu tôm,HAS_FIX,1 copy 39.json,23072
1551,mực,mực,squid,Mực,high,,1,Gỏi khoai môn TÔM càng,HAS_FIX,1 copy 39.json,23075
1552,rau cần tàu cắt khúc,cần tây,celery,Rau cần tàu,high,,1,Miến Xào Tôm Cua,HAS_FIX,1 copy 39.json,23105
1553,Nước cốt lẩu Thái,nước cốt,extract,Nước cốt lẩu Thái,high,,1,Lẩu Thái tôm càng xanh mực mai,HAS_FIX,1 copy 39.json,23131
1554,Nước chấm sốt tắc,nước tắc,kumquat juice,Sốt tắc,high,,1,Lẩu Thái tôm càng xanh mực mai,HAS_FIX,1 copy 39.json,23136
1555,măng tây khoang gr,măng,bamboo shoots,Măng tây,high,,1,"Măng tây,cà rốt và bông cải xanh xào thịt bò",HAS_FIX,1 copy 39.json,23207
1556,boa rô,Tỏi tây (Hành Boaro),leek,Hành boa rô,high,,1,Đậu hủ kho tương hột (món chay),HAS_FIX,1 copy 39.json,23216
1557,kim chi cà rốt,cà rốt,carrot,Kim chi cà rốt,high,,1,Canh kim chi tôm thịt,HAS_FIX,1 copy 39.json,23242
1558,bơ Tường An,bơ,butter,Bơ thực vật,high,,1,Bông thiên lý xào thịt bò,HAS_FIX,1 copy 39.json,23389
1559,chả lá Miền Trung,lá,leaves,Chả lá,high,Loại chả gói lá đặc sản Miền Trung,1,Bún mắm nêm tai heo,HAS_FIX,1 copy 39.json,23401
1560,Bún gạo lứt,bún,rice vermicelli,Bún gạo lứt,high,,1,"Bún gạo lứt, sốt cà chua thịt bằm",HAS_FIX,1 copy 39.json,23433
1561,hành củ tỏi cây xả miếng gừng,tỏi,garlic,"Hành, tỏi, sả, gừng",high,,1,Cá nục hấp,HAS_FIX,1 copy 39.json,23444
1562,Hành răm thìa là gia vị,gia vị,seasoning,"Hành, răm, thì là",high,,1,Cá nục hấp,HAS_FIX,1 copy 39.json,23445
1563,táo đỏ nếu có,táo,apple,Táo đỏ,high,,1,Xương heo hầm rau củ,HAS_FIX,1 copy 39.json,23452
1564,gram thịt nạc,nạc heo,lean pork,Thịt nạc heo,high,,1,Rau mầm đá xào thịt nạc,HAS_FIX,1 copy 39.json,23464
1565,ngồng cải hoa vàng,rau cải ngồng,choy sum,Ngồng cải,high,,1,Ngồng cải hoa vàng xào tôm giá,HAS_FIX,1 copy 39.json,23471
1566,tôm nõn rang qua,ram tôm,shrimp rolls,Tôm nõn,high,,1,Ngồng cải hoa vàng xào tôm giá,HAS_FIX,1 copy 39.json,23473
1567,cà chua quả ớt,cà chua,tomato,"Cà chua, ớt",high,,1,"Canh cá chua hoa chuối, su hào",HAS_FIX,1 copy 39.json,23479
1568,chanh quả ớt,ớt,chili pepper,"Chanh, ớt",high,,1,"Gỏi hoa chuối tép, thịt ba chỉ",HAS_FIX,1 copy 39.json,23485
1569,Nước cốt chanh ớt tỏi,ớt,chili pepper,"Chanh, ớt, tỏi",high,,1,Ngồng cải hoa vàng trộn thịt bò,HAS_FIX,1 copy 39.json,23492
1570,Hành ngò bột nêmtiêu,Bột (chung),flour,"Hành, ngò, bột nêm, tiêu",high,,1,Bông bí nhồi thịt nấu canh,HAS_FIX,1 copy 39.json,23526
1571,cá trên biển,cá trê,catfish,Cá trê biển,high,,1,Cá trê biển nấu hoa chuối,HAS_FIX,1 copy 39.json,23527
1572,Tía,tía tô,perilla leaves,Lá tía tô,high,,1,Cá trê biển nấu hoa chuối,HAS_FIX,1 copy 39.json,23532
1573,Hành lá thì là,hành lá,green onion,"Hành lá, thì là",high,,1,Cá trê biển nấu hoa chuối,HAS_FIX,1 copy 39.json,23533
1574,Riềng hành khô,riềng,galangal,"Riềng, hành khô",high,,1,Cá trê biển nấu hoa chuối,HAS_FIX,1 copy 39.json,23535
1575,Dầu ăn tương ớt,ớt,chili pepper,"Dầu ăn, tương ớt",high,,1,Bông bí nhồi cá thác lác chiên giòn,HAS_FIX,1 copy 39.json,23543
1576,bông chuối bông,chuối,banana,Hoa chuối,high,Bông chuối là hoa chuối,1,Canh Chua Bông Chuối Khô Cá Tra,HAS_FIX,1 copy 39.json,23546
1577,húng quế,rau basil,basil,Rau húng quế,high,,1,Canh Chua Bông Chuối Khô Cá Tra,HAS_FIX,1 copy 39.json,23551
1578,gân bò hầm mềm,thịt bò,beef,Gân bò,high,,1,Gân bò xào cà chua dưa leo,HAS_FIX,1 copy 39.json,23591
1579,rau câu deo Jelly,bột rau câu,agar powder,Bột rau câu dẻo,high,,1,Rau Câu Chữ Tài Lộc Và Thỏi Vàng Cho Ngày Vía Thần Tài,HAS_FIX,1 copy 39.json,23615
1580,Chanh ớt rau thơm húng mùi tàu ngò hành lá tía tô,hành lá,green onion,"Chanh, ớt, rau thơm",high,,1,Gỏi chả+heo quay,HAS_FIX,1 copy 39.json,23644
1581,Sốt dầu giấm,sốt,sauce,Sốt dầu giấm,high,,1,Rau củ trộn salad,HAS_FIX,1 copy 39.json,23652
1582,miến tỏi đen hoặc miến thường,tỏi,garlic,Miến,high,,1,Miến cá nấu cà,HAS_FIX,1 copy 39.json,23654
1583,Thịt heo thịt bò xay,thịt bò,beef,"Thịt heo, thịt bò xay",high,,1,Chả huế/chả chiên/giò bò,HAS_FIX,1 copy 39.json,23697
1584,nước đá tbsp,nước,water,Nước đá,high,,1,Chả huế/chả chiên/giò bò,HAS_FIX,1 copy 39.json,23698
1585,potato starch corn starch,bột ngô,cornstarch,"Bột khoai tây, bột bắp",high,,1,Chả huế/chả chiên/giò bò,HAS_FIX,1 copy 39.json,23701
1586,ớt xanh loại to,ớt,chili pepper,Ớt xanh,high,,1,Ớt xanh nhồi thịt bò,HAS_FIX,1 copy 39.json,23703
1587,hành tây củ gừng củ giềng cây sả trái ớt quả táo quả cà chua và ít lá chanh,cà chua,tomato,"Hành, gừng, riềng, sả, ớt, táo, cà chua, lá chanh",high,,1,Cá rô phi kho,HAS_FIX,1 copy 39.json,23712
1588,thịt nạc xay bạn chọn thịt nạc vai cho ngon nha,thịt nạc dăm,pork shoulder,Thịt nạc vai xay,high,,1,Cà chua nhồi thịt rim,HAS_FIX,1 copy 39.json,23722
1589,ớt chuông xanh cam đỏ,ớt,chili pepper,Ớt chuông,high,,1,MỰC 1 nắng chiên nước mắm,HAS_FIX,1 copy 39.json,23726
1590,Gia vị thìa là,gia vị,seasoning,Thì là,high,,1,Cá nấu ngót,HAS_FIX,1 copy 39.json,23763
1591,lá thơm khô Provence,lá,leaves,Lá thơm hỗn hợp,high,Gia vị thảo mộc khô,1,Salad Nấm Mỡ Cháy Bacon,HAS_FIX,1 copy 39.json,23772
1592,lá thơm Provence,lá,leaves,Lá thơm hỗn hợp,high,,1,Cá Tuyết Nướng Nấm Mỡ Nâu & Lá Thơm Provence,HAS_FIX,1 copy 39.json,23777
1593,thanh cua surimi,cua,crab,Thanh cua surimi,high,,1,Mì Gói Nấu Nấm Mỡ & Thanh Cua Surimi,HAS_FIX,1 copy 39.json,23856
1594,dầu mè nếu không thích mùi,Mè (Vừng),sesame seeds,Dầu mè,high,,1,Mì Gói Nấu Nấm Mỡ & Thanh Cua Surimi,HAS_FIX,1 copy 39.json,23859
1595,lá ngò tây hoặc ngò rí tuỳ thích,lá,leaves,Ngò tây hoặc ngò rí,high,,1,Salad Gà Nấm Healthy,HAS_FIX,1 copy 39.json,23865
1596,đùi gà bọc sả chay,sả,lemongrass,Đùi gà sả chay,high,,1,Gỏi nấm bào ngư chay,HAS_FIX,1 copy 39.json,23889
1597,thịt lườn công,thịt chim,poultry meat,Thịt lườn,high,"Trong món xào sả ớt, có thể là lườn gà/ngỗng",1,Thịt công xào sả ớt,HAS_FIX,1 copy 39.json,23896
1598,Hành ngò ngò gai,hành ngò,scallion cilantro,"Hành, ngò, ngò gai",high,,1,Mì Gói Nấm Trứng,HAS_FIX,1 copy 39.json,23912
1599,hành tím tỏi giã nhỏ,tỏi,garlic,"Hành tím, tỏi",high,,1,Cá Bớp Kho,HAS_FIX,1 copy 39.json,23915
1600,Salad hành lá hành tây hành phi chanh ớt,salad,salad,"Hành, chanh, ớt",high,,1,Bún chả cá thìa là,HAS_FIX,1 copy 39.json,23939
1601,Chanh rượu trắng,chanh,lime,Chanh và rượu trắng,high,,1,Phi lê cá lóc chiên mắm tỏi ớt,HAS_FIX,1 copy 30.json,23957
1602,bò lát chay,thịt bò,beef,Bò lát chay,high,,1,SP.0814 - Khổ Qua Xào Bò Chay,HAS_FIX,1 copy 30.json,23958
1603,ớt chuông ngọt đỏ,ớt,chili pepper,Ớt chuông đỏ,high,,1,Bánh Xèo Nấm Nhân Thịt,HAS_FIX,1 copy 30.json,23969
1604,Rau ăn kèm bắp chuối bào giá rau cải con rau húng lũi hoặc rau thơm xà lách,bắp cải,cabbage,Rau sống ăn kèm,high,Hỗn hợp rau ăn kèm mì Quảng,1,Mì QUẢNG sườn-tôm,HAS_FIX,1 copy 30.json,24000
1605,lòng heo,thịt heo,pork,Lòng heo,high,,1,Lòng heo và cật heo luộc,HAS_FIX,1 copy 30.json,24009
1606,Táo đỏ,táo,apple,Táo đỏ khô,high,Loại táo khô dùng trong món hầm/lẩu,1,Lẩu gà nấu nấm,HAS_FIX,1 copy 30.json,24019
1607,nạm gân,nạm bò,beef brisket,Nạm gân bò,high,,1,Bún bò giò heo,HAS_FIX,1 copy 30.json,24043
1608,nước ngọt có ga,nước,water,Nước ngọt có ga,high,,1,Bánh khọt mì tôm,HAS_FIX,1 copy 30.json,24058
1609,Dưa leo ớt,ớt,chili pepper,Dưa leo và ớt,high,,1,Cơm chiên hải sản,HAS_FIX,1 copy 30.json,24072
1610,sườn lát,sườn heo,pork ribs,Sườn lát chay,high,Nguyên liệu giả mặn trong món chay,1,Giò heo cuộn chiên giòn (món chay),HAS_FIX,1 copy 30.json,24095
1611,khóm tỏi tươi,tỏi,garlic,Khóm và tỏi,high,Khóm là thơm/dứa,1,Thịt bò hầm kiểu Nhật,HAS_FIX,1 copy 30.json,24097
1612,Tỏi nước mắmđường,tỏi,garlic,Hỗn hợp mắm đường tỏi,high,,1,Mực khô chiên giòn,HAS_FIX,1 copy 30.json,24103
1613,sốt tomyum,sốt,sauce,Sốt Tom Yum,high,,1,Mì xào Tomyum hải sản,HAS_FIX,1 copy 30.json,24117
1614,Dầu ăn tỏi băm,tỏi,garlic,Dầu ăn và tỏi băm,high,,1,Mì xào Tomyum hải sản,HAS_FIX,1 copy 30.json,24120
1615,Thịt gác bếp,thịt heo,pork,Thịt gác bếp,high,,1,Ngồng cải xào thịt gác bếp,HAS_FIX,1 copy 30.json,24122
1616,nước tương ít mặn,nước,water,Nước tương,high,,1,Nấm kho tàu hủ,HAS_FIX,1 copy 30.json,24142
1617,Hành tím hành tây hành phi,hành tím,shallot,"Hành tím, tây, phi",high,,1,Gỏi Gà Rau Lang,HAS_FIX,1 copy 30.json,24153
1618,Hành tím tỏi ớt,hành tỏi ớt,garlic chili mix,"Hành, tỏi và ớt",high,,1,Cá mú hấp + Cháo đầu cá,HAS_FIX,1 copy 30.json,24160
1619,Rau sống hành lá ngò dưa leo chanh rau cần,hành lá,green onion,Rau sống tổng hợp,high,,1,Cá mú hấp + Cháo đầu cá,HAS_FIX,1 copy 30.json,24161
1620,bô óc heo,thịt heo,pork,Óc heo,high,,1,"Súp tóc tiên óc heo,thanh cua và tôm",HAS_FIX,1 copy 30.json,24165
1621,sốt cà chua cô đặc,cà chua,tomato,Sốt cà chua cô đặc,high,Thường là Tomato paste,1,Taco thịt bò và taco tôm cá với salsa xoài,HAS_FIX,1 copy 30.json,24193
1622,hũ đậu ngâm đóng hộp,đậu hũ,tofu,Đậu đóng hộp,high,,1,Taco thịt bò và taco tôm cá với salsa xoài,HAS_FIX,1 copy 30.json,24198
1623,bột gia vị Fajita,Bột (chung),flour,Bột gia vị Fajita,high,,1,Taco thịt bò và taco tôm cá với salsa xoài,HAS_FIX,1 copy 30.json,24203
1624,cu cà rôt,cà tím,eggplant,Cà rốt,high,Lỗi gõ chữ 'cu' là 'củ',1,"Đậu hủ xào nấm mèo,cà rốt và tàu hủ ki",HAS_FIX,1 copy 30.json,24212
1625,cà phê đen,café,coffee,Cà phê đen,high,,1,Rau câu cá chép,HAS_FIX,1 copy 30.json,24283
1626,táo đỏ Tân Cương,táo,apple,Táo đỏ khô,high,,1,SP.0802 - Canh Xương Ống Heo Tiềm Tam Bảo,HAS_FIX,1 copy 30.json,24353
1627,Ngò rí chanh,chanh,lime,Ngò rí và chanh,high,,1,Ragout Bò,HAS_FIX,1 copy 30.json,24373
1628,cải trắng lớn,cải thảo,napa cabbage,Củ cải trắng,high,,1,DƯA món (Rau củ quả ngâm mắm đường),HAS_FIX,1 copy 30.json,24376
1629,su hào lớn hoặc đu đủ xanh chưa chín,su su,chayote,Su hào hoặc đu đủ xanh,high,,1,DƯA món (Rau củ quả ngâm mắm đường),HAS_FIX,1 copy 30.json,24378
1630,Hành hoa ko cần thiết,cần tây,celery,Hành hoa,high,,1,Đậu sốt nấm kiểu Trung,HAS_FIX,1 copy 30.json,24395
1631,Hành lá mùi ta ngò rí,hành lá,green onion,Hành lá và ngò rí,high,,1,Canh mọc rau củ,HAS_FIX,1 copy 30.json,24405
1632,Sốt kho đa dụng,sốt,sauce,Sốt kho,high,,1,Cá Bông Lau Kho Tiêu,HAS_FIX,1 copy 30.json,24409
1633,mỡ nước hoặc dầu ăn,mỡ,lard,Mỡ nước hoặc dầu ăn,high,,1,Cá Lóc Bông Kho Tiêu,HAS_FIX,1 copy 30.json,24413
1634,cần tàu cắt khúc cm,cần tây,celery,Cần tàu,high,"Loại cần nhỏ, khác cần tây lớn",1,Cá Thu Nấu Ngót,HAS_FIX,1 copy 30.json,24426
1635,hành tây trái ớt ít hành hoa,ớt,chili pepper,"Hành tây, ớt và hành hoa",high,,1,Tàu hũ trứng Nhật Bản sốt nấm,HAS_FIX,1 copy 30.json,24431
1636,Xà lách mỡ,mỡ,lard,Xà lách mỡ,high,Một loại rau xà lách,1,🌱 Bento Salad Bơ & Nấm Mỡ Sốt Quýt,HAS_FIX,1 copy 30.json,24449
1637,thịt nạc dăm lựa loại nhiều mỡ,nạc heo,lean pork,Thịt nạc dăm,high,,1,Rêu Đá - Thịt Viên Tẩm Bột Xù Sốt Mật Ong,HAS_FIX,1 copy 30.json,24459
1638,Vừng rang lạc rang,đậu phộng,peanut,Vừng và lạc rang,high,,1,Nộm rau càng cua,HAS_FIX,1 copy 30.json,24487
1639,Lá vừng,lá,leaves,Lá mè,high,Lá vừng Hàn Quốc (Kkaennip),1,Thịt lợn nướng ướp kiểu Hàn Quốc,HAS_FIX,1 copy 30.json,24507
1640,riềng củ hành củ tỏi miếng nghệ nhỏ lá lốt,hành lá,green onion,Gia vị nướng riềng,high,"Gồm riềng, hành, tỏi, nghệ, lá lốt",1,Cá tầm nướng riềng,HAS_FIX,1 copy 30.json,24532
1641,rau súp lơ baby,bông cải,broccoli,Súp lơ baby,high,,1,Thịt nai xào súp lơ baby,HAS_FIX,1 copy 30.json,24535
1642,Hành tím chanh hoặc nước cốt chanh ớt,hành tỏi ớt,garlic chili mix,"Hành, chanh và ớt",high,,1,Bún cá hồi,HAS_FIX,1 copy 30.json,24540
1643,Hành củ dầu ăn hoặc mỡ,dầu ăn,Vegetable Oil,"Hành, dầu hoặc mỡ",high,,1,Rau bắp cải xào,HAS_FIX,1 copy 30.json,24547
1644,nước tô,nước,water,Nước,medium,Có thể là lỗi gõ 'nước lọc',1,Rau bắp cải xào,HAS_FIX,1 copy 30.json,24548
1645,Gia vị tỏi,tỏi,garlic,Tỏi,high,,1,Rau đậu Hoà lan xào nấm,HAS_FIX,1 copy 30.json,24562
1646,ớt chuông củ hành tây,ớt,chili pepper,Ớt chuông và hành tây,high,,1,Cá diêu hồng hấp xì dầu,HAS_FIX,1 copy 30.json,24578
1647,Nước tương dầu hào ớt,ớt,chili pepper,"Hỗn hợp tương, hào, ớt",high,,1,Cá tầm kho tộ với quả cọ,HAS_FIX,1 copy 30.json,24585
1648,mộc nhĩ hành khô nước tương dầu hào ớt hành lá,hành lá,green onion,Gia vị tổng hợp,high,,1,"Quả cọ nhồi thịt sốt nước tương, dầu hào",HAS_FIX,1 copy 30.json,24589
1649,tôm đất tép bạc làm sạch,tôm thẻ loại to,shrimp,Tôm đất hoặc tép bạc,high,,1,Canh Đu Đủ Hườm Nấu Tôm Đất,HAS_FIX,1 copy 30.json,24595
1650,tim heo nhỏ khoảng gr,thịt heo,pork,Tim heo,high,,1,Bún Gạo Xào Tim Heo,HAS_FIX,1 copy 30.json,24611
1651,rau cần nước lấy phần cọng,cần tây,celery,Rau cần nước,high,,1,Bún Gạo Xào Tim Heo,HAS_FIX,1 copy 30.json,24613
1652,Cá chim chiên nghệ,cá chim,pomfret,Cá chim,high,,1,Cá chim biển trắng chiên nghệ và canh hầm đậu củ quả,HAS_FIX,1 copy 30.json,24628
1653,ớt chuông vàng đỏ và xanh,ớt,chili pepper,Ớt chuông,high,,1,Nấm xào ớt chuông,HAS_FIX,1 copy 30.json,24648
1654,Tôm càng xanh sống,tôm thẻ loại to,shrimp,Tôm càng xanh,high,,1,Tôm kho tàu,HAS_FIX,1 copy 30.json,24653
1655,Tỏi phibột nêmtiêu,tỏi,garlic,Gia vị tỏi phi,high,,1,Chuối cao làm từ mực,HAS_FIX,1 copy 30.json,24669
1656,tôm càng lúa,tôm thẻ loại to,shrimp,Tôm càng,high,Tôm càng sống ở ruộng lúa,1,Tôm Càng Lúa Nướng Mọi,HAS_FIX,1 copy 30.json,24671
1657,ớt chuông vàng quả ớt chuông đỏ,ớt,chili pepper,Ớt chuông,high,,1,"Xà lách carol trộn nấm, đậu khuôn",HAS_FIX,1 copy 30.json,24682
1658,Măng chua,măng,bamboo shoots,Măng chua,high,,1,Canh cá nâu măng chua,HAS_FIX,1 copy 30.json,24686
1659,ngò gai ngò ôm,ngò gai,culantro,Ngò gai và rau ngổ,high,Ngò ôm là rau ngổ,1,Canh cá nâu măng chua,HAS_FIX,1 copy 30.json,24690
1660,mướp khía,mướp,luffa,Mướp khía,high,,1,Mướp khía xào bò,HAS_FIX,1 copy 30.json,24692
1661,tôm rang chín,ram tôm,shrimp rolls,Tôm rang,high,,1,Bánh khọt tôm phiên bản mì lá,HAS_FIX,1 copy 30.json,24727
1662,đậu bắp rau cần tây,đậu bắp,okra,Đậu bắp và cần tây,high,,1,Lá hoành thánh chiên kèm rau củ xào,HAS_FIX,1 copy 30.json,24741
1663,cá sơn thóc,cá sơn,reef fish,Cá sơn thóc,high,,1,Cá Sơn Thóc Nấu Ngót,HAS_FIX,1 copy 30.json,24745
1664,rau câu chân vịt khô,thịt vịt,duck,Rau câu chân vịt khô,high,Một loại tảo biển,1,Chè rau câu chân vịt,HAS_FIX,1 copy 30.json,24754
1665,lá mì tươi,mì,noodles,Mì lá tươi,high,,1,Mì Lá cuốn cá ngừ,HAS_FIX,1 copy 30.json,24790
1666,nén dầu phụng,hành tăm (củ nén),shallot,Củ nén và dầu phộng,high,,1,Mì Quảng tôm gà trứng,HAS_FIX,1 copy 30.json,24805
1667,Rau ăn kèm cải con giá bắp chuối,bắp cải,cabbage,Rau ăn kèm tổng hợp,high,,1,Mì lá tươi trộn thịt băm,HAS_FIX,1 copy 30.json,24811
1668,hoành thánh lá,lá,leaves,Hoành thánh lá,high,,1,Hoành thánh lá bọc thịt chiên giòn,HAS_FIX,1 copy 30.json,24813
1669,bò gân,thịt bò,beef,Gân bò,high,,1,Bò kho dùng với mì lá tươi,HAS_FIX,1 copy 30.json,24818
1670,Bắp mỹ cà rốt,cà rốt,carrot,Bắp Mỹ và cà rốt,high,,1,Soup tôm bong bóng cá,HAS_FIX,1 copy 30.json,24863
1671,Nấm đông cô bột bắp,Bột (chung),flour,Nấm đông cô và bột bắp,high,,1,Soup tôm bong bóng cá,HAS_FIX,1 copy 30.json,24864
1672,Trứng cút trứng gà,trứng cút,quail eggs,Trứng cút và trứng gà,high,,1,Soup tôm bong bóng cá,HAS_FIX,1 copy 30.json,24866
1673,Khô cá đù,cá lù đù,croaker fish,Khô cá lù đù,high,,1,Khô cá đù chưng thịt băm,HAS_FIX,1 copy 30.json,24875
1674,Hành lá gừng,hành lá,green onion,Hành lá và gừng,high,,1,Khô cá đù chưng thịt băm,HAS_FIX,1 copy 30.json,24877
1675,Hành sả băm,sả,lemongrass,Hành sả băm,high,,1,Mì lá tươi cuốn thịt nướng,HAS_FIX,1 copy 30.json,24907
1676,tôm sắt hoặc nớt size nhỏ,tôm thẻ loại to,shrimp,Tôm sắt,high,,1,Súp gà bong bóng cá,HAS_FIX,1 copy 30.json,24953
1677,lá mè lá vừng,Mè (Vừng),sesame seeds,Lá mè,high,,1,Nấm Cuộn Lá Mè Chay,HAS_FIX,1 copy 30.json,24963
1678,Vỏ tôm và đầu tôm,tôm thẻ loại to,shrimp,Tôm,high,Vỏ và đầu tôm dùng nấu nước dùng,1,Bún suông tôm,HAS_FIX,1 copy 30.json,24982
1679,Bánh đa nướng,bánh,cake,Bánh đa nướng,high,,1,Mì Quảng ếch đơn giản,HAS_FIX,1 copy 30.json,25043
1680,Sốt kho chay,sốt,sauce,Sốt kho chay,high,,1,Nấm Kho Lá Gừng Chay,HAS_FIX,1 copy 30.json,25072
1681,cổ vịt,cổ cánh vịt,duck neck wing,Cổ vịt,high,,1,Cổ vịt nhồi tiết heo,HAS_FIX,1 copy 30.json,25081
1682,tiết heo,thịt heo,pork,Tiết heo,high,,1,Cổ vịt nhồi tiết heo,HAS_FIX,1 copy 30.json,25083
1683,bạc hà đậu bắp,bạc hà,mint,Bạc hà và đậu bắp,high,Bạc hà là dọc mùng,1,Canh chua cá sơn thóc,HAS_FIX,1 copy 30.json,25087
1684,thơm rau ngỗ,rau thơm,herbs,Thơm và rau ngổ,high,Thơm là dứa,1,Canh chua cá sơn thóc,HAS_FIX,1 copy 30.json,25089
1685,me hành lá,hành lá,green onion,Me và hành lá,high,,1,Canh chua cá sơn thóc,HAS_FIX,1 copy 30.json,25090
1686,nui gạo lứt,gạo,rice,Nui gạo lứt,high,,1,Nui Lứt Nấu Nấm Và Thịt Băm,HAS_FIX,1 copy 30.json,25100
1687,rau ngót Nhật,rau ngót,sweet leaf bush,Rau ngót Nhật,high,,1,Canh rau ngót Nhật thịt bằm,HAS_FIX,1 copy 30.json,25139
1688,bún nưa gr,bún,rice vermicelli,Bún nưa,high,,1,Bún nưa xào mực,HAS_FIX,1 copy 30.json,25196
1689,Gia vịmì chính nước mắmớt xaynước tương tỏi ớt chinsu,ớt,chili pepper,Gia vị tổng hợp,high,,1,Bún nưa xào mực,HAS_FIX,1 copy 30.json,25200
1690,cà ra to,cà tím,eggplant,Con cà ra,high,Một loại cua sông/cua lông,1,Lẩu riêu cua lông/ cà ra,HAS_FIX,1 copy 30.json,25202
1691,Mẻ mắm tôm,Tôm muối,Salted shrimp,Mẻ và mắm tôm,high,,1,Lẩu riêu cua lông/ cà ra,HAS_FIX,1 copy 30.json,25204
1692,rong chân vịt,rong biển,seaweed,Rong chân vịt,high,,1,Nước rau câu rong chân vịt nha đam,HAS_FIX,1 copy 30.json,25246
1693,lá nha đam,lá,leaves,Nha đam,high,,1,Nước rau câu rong chân vịt nha đam,HAS_FIX,1 copy 30.json,25250
1694,súp cô đặc,súp,soup,Nước dùng cô đặc,high,,1,Canh Củ Hồi Thịt Viên,HAS_FIX,1 copy 30.json,25253
1695,đậu cove,đậu que,green beans,Đậu cove,high,,1,Vetula: Nui lứt xào trứng ăn với chả mực và rau củ luộc,HAS_FIX,1 copy 30.json,25256
1696,Chả mực,chả,sausage,Chả mực,high,,1,Vetula: Nui lứt xào trứng ăn với chả mực và rau củ luộc,HAS_FIX,1 copy 30.json,25257
1697,bắp tách hạt tùy loại rau củ,bắp ngọt,sweet corn,Bắp hạt,high,,1,Nui lứt nấu tôm,HAS_FIX,1 copy 30.json,25262
1698,Cải cay,rau cải đắng,bitter greens,Rau cải bẹ xanh,high,Cải cay thường là cải bẹ xanh,1,Cá chìa vôi nướng sa tế,HAS_FIX,1 copy 30.json,25268
1699,cà ra,cà tím,eggplant,Con cà ra,high,,1,Riêu cà ra (cua lông),HAS_FIX,1 copy 30.json,25269
1700,Hành lá hành khô mùi tàu gia vị,hành lá,green onion,Gia vị và rau thơm,high,,1,"Canh sườn, móng giò nấu khoai tây, nấm mỡ",HAS_FIX,1 copy 30.json,25286
1701,nui gạo lứt,nui,pasta,Nui gạo lứt,high,,1,Nui Lứt Nấu Nấm,HAS_FIX,1 copy 22.json,25287
1702,rau củ broccoli carrots đậu ve ớt chuông hành,bông cải,broccoli,Rau củ hỗn hợp,high,"Gồm bông cải, cà rốt, đậu ve, ớt chuông, hành",1,Rau củ xào kim châm,HAS_FIX,1 copy 22.json,25306
1703,tomato sauce,cà chua,tomato,Sốt cà chua,high,,1,Nui lứt xào bò và nấm kim châm,HAS_FIX,1 copy 22.json,25309
1704,Mắm ngò,nước mắm,fish sauce,Mắm ngò,high,Nước mắm pha với ngò rí,1,Phi Lê Cá Điêu Hồng Chiên Giòn Chấm Mắm Ngò,HAS_FIX,1 copy 22.json,25342
1705,Tỏi ớt băm,ớt,chili pepper,Tỏi ớt băm,high,,1,Phi Lê Cá Điêu Hồng Chiên Giòn Chấm Mắm Ngò,HAS_FIX,1 copy 22.json,25344
1706,tàu hũ ky lá khô,lá,leaves,Tàu hũ ky khô,high,,1,Đậu hũ sốt chanh dây hạt chia,HAS_FIX,1 copy 22.json,25350
1707,đuôi heo chặt khoanh,thịt heo,pork,Đuôi heo,high,,1,Nui nấu đuôi heo,HAS_FIX,1 copy 22.json,25365
1708,nui lứt xoắn,nui,pasta,Nui lứt xoắn,high,,1,🌱 Nui Lứt Xoắn Xào Nấm Chay,HAS_FIX,1 copy 22.json,25371
1709,catfish,cá trê,catfish,Cá bông lau,high,Dựa trên chú thích trong raw_name,1,Cháo catfish(cá bông lau),HAS_FIX,1 copy 22.json,25385
1710,Gia vị hành răm thìa là ớt tươi,ớt,chili pepper,"Hành, răm, thì là, ớt",high,,1,Cá hấp xì dầu,HAS_FIX,1 copy 22.json,25390
1711,nấm hương tươi nấm linh chi trắng,nấm hương,shiitake mushroom,"Nấm hương, nấm linh chi",high,,1,Mì soba nấu bò nấm,HAS_FIX,1 copy 22.json,25395
1712,gia vị lẩu Thái,gia vị,seasoning,Gia vị lẩu Thái,high,,1,Mì soba nấu bò nấm,HAS_FIX,1 copy 22.json,25397
1713,Hành lá mùi tàu,hành lá,green onion,"Hành lá, mùi tàu",high,,1,"Canh móng giò, bắp bò nấu khoai tây, cà rốt",HAS_FIX,1 copy 22.json,25402
1714,tim heo kg,thịt heo,pork,Tim heo,high,,1,Tim heo trộn,HAS_FIX,1 copy 22.json,25403
1715,Rau thơm ram răm ớt trái chanh tỏi,rau răm,vietnamese coriander,"Rau thơm, rau răm, ớt, chanh, tỏi",high,,1,Tim heo trộn,HAS_FIX,1 copy 22.json,25405
1716,phở sắn,sắn,cassava,Phở sắn,high,Đặc sản Quế Sơn,1,Phở sắn chiên giòn sốt mực xào rau củ chua ngọt,HAS_FIX,1 copy 22.json,25409
1717,Hành lá tỏi băm,hành lá,green onion,"Hành lá, tỏi băm",high,,1,Phở sắn chiên giòn sốt mực xào rau củ chua ngọt,HAS_FIX,1 copy 22.json,25418
1718,thịt vai băm xay nhỏ,thịt nạc dăm,pork shoulder,Thịt nạc vai băm,high,,1,"Thịt, tôm chưng mắm tép",HAS_FIX,1 copy 22.json,25470
1719,Riềng xay củ sả củ hành khô,sả,lemongrass,"Riềng, sả, hành khô",high,,1,"Thịt, tôm chưng mắm tép",HAS_FIX,1 copy 22.json,25473
1720,tía tô lá lốt,lá lốt,betel leaves,"Tía tô, lá lốt",high,,1,"Đầu, xương cá diêu hồng nấu hoa chuối",HAS_FIX,1 copy 22.json,25478
1721,Mẻ chua gia vị cơ bản,gia vị,seasoning,Mẻ chua,high,,1,"Đầu, xương cá diêu hồng nấu hoa chuối",HAS_FIX,1 copy 22.json,25482
1722,rau mầm đá,rau mầm,microgreens,Rau mầm đá,high,,1,Rau mầm đá luộc,HAS_FIX,1 copy 22.json,25488
1723,Xương heo mình thích hầm củ với xương cổ heo lắm vì phần xương này ăn rất mềm mọng luôn í,thịt heo,pork,Xương cổ heo,high,,1,"Xương heo hầm khoai tây, dền, cà rốt, củ cải trắng",HAS_FIX,1 copy 22.json,25496
1724,Gia vị hành tỏi,tỏi,garlic,"Hành, tỏi",high,,1,"Xương heo hầm khoai tây, dền, cà rốt, củ cải trắng",HAS_FIX,1 copy 22.json,25501
1725,Hành mùi hành củ gia vị,Hành,Scallion,"Hành, ngò, hành tím",high,,1,Canh bí ngòi nấu tôm,HAS_FIX,1 copy 22.json,25521
1726,nấm mỡ nâu,nấm mỡ,button mushroom,Nấm mỡ nâu,high,,1,Nấm mỡ nâu kho chay,HAS_FIX,1 copy 22.json,25533
1727,Thanh cua,cua,crab,Thanh cua,high,,1,Canh hải sản nấu nấm,HAS_FIX,1 copy 22.json,25535
1728,Sò ngao,sò,clam,Ngao,high,,1,Canh hải sản nấu nấm,HAS_FIX,1 copy 22.json,25537
1729,Gia vị cơ bản hành rau mùi,rau mùi,coriander leaves,"Hành, rau mùi",high,,1,Canh hải sản nấu nấm,HAS_FIX,1 copy 22.json,25540
1730,Mì tàu sợi nhỏ,mì,noodles,Mì Tàu,high,,1,Mì Bò Viên,HAS_FIX,1 copy 22.json,25541
1731,Giá hẹ,giá,bean sprouts,"Giá, hẹ",high,,1,Mì Bò Viên,HAS_FIX,1 copy 22.json,25545
1732,Dấm tiều,dấm,vinegar,Giấm tiều,high,,1,Mì Bò Viên,HAS_FIX,1 copy 22.json,25547
1733,cải trắng nhỏ,cải thảo,napa cabbage,Cải chíp nhỏ,medium,Cải trắng nhỏ thường chỉ cải thìa/cải chíp,1,Mì Bò Viên,HAS_FIX,1 copy 22.json,25552
1734,cá ngộ nhỏ nướng cho thơm,cá ngộ,mullet (small-scale),Cá ngộ nướng,high,,1,Mì Bò Viên,HAS_FIX,1 copy 22.json,25553
1735,tôm sắt biển,tôm thẻ loại to,shrimp,Tôm sắt,high,,1,Cải Bẹ Trắng Xào Tôm Sắt,HAS_FIX,1 copy 22.json,25560
1736,cải bẹ trắng,cải thảo,napa cabbage,Cải bẹ trắng,high,,1,Cải Bẹ Trắng Xào Tôm Sắt,HAS_FIX,1 copy 22.json,25561
1737,Dầu ăn mỡ,mỡ,lard,"Dầu ăn, mỡ heo",high,,1,Tôm sắt rim mắm,HAS_FIX,1 copy 22.json,25574
1738,Tôm sắt bóc nõn,tôm thẻ loại to,shrimp,Nõn tôm sắt,high,,1,Canh rau muống nấu tôm sắt,HAS_FIX,1 copy 22.json,25576
1739,Rau củ hỗn hợp chén mắm,rau sống,fresh herbs,Rau củ hỗn hợp,high,,1,Cơm rang hải sản kimchi,HAS_FIX,1 copy 22.json,25582
1740,Lá bò bía,thịt bò,beef,Bánh tráng bò bía,high,,1,Chả nem nấm,HAS_FIX,1 copy 22.json,25596
1741,Trứng nếu ăn ngay còn gói cất tủ ăn dần bỏ qua,Trứng gà,Chicken Egg,Trứng gà,high,,1,Chả nem nấm,HAS_FIX,1 copy 22.json,25597
1742,tóc tiên to bằng quả trứng gà,Trứng gà,Chicken Egg,Rong tóc tiên,high,,1,Súp Tôm Tóc Tiên,HAS_FIX,1 copy 22.json,25605
1743,tôm tít tươi sống,tôm thẻ loại to,shrimp,Tôm tít,high,,1,Tôm tít (bề bề) bóc nõn xào rau quả,HAS_FIX,1 copy 22.json,25615
1744,rau cân,rau câu,agar / agar-agar,Rau cần,medium,"Lỗi chính tả, món cá nấu ngót dùng rau cần",1,Canh cá nâu nấu ngót,HAS_FIX,1 copy 22.json,25620
1745,hành khô gia vị,gia vị,seasoning,Hành khô,high,,1,Bánh đa cua hải sản,HAS_FIX,1 copy 22.json,25636
1746,rau cải đắng hoặc cải ngọt không có thì thay bằng hành lá mùi tàu nhen,hành lá,green onion,Rau cải,medium,,1,Bánh đa cua hải sản,HAS_FIX,1 copy 22.json,25637
1747,bánh đa đỏ tươi Nếu không có thì dùng bánh đa khô nhen,bánh,cake,Bánh đa đỏ,high,,1,Bánh đa cua hải sản,HAS_FIX,1 copy 22.json,25638
1748,Xốt cà chua,cà chua,tomato,Sốt cà chua,high,,1,Nui sò xốt nấm cà chua,HAS_FIX,1 copy 22.json,25641
1749,thịt gà nạc,nạc heo,lean pork,Thịt gà,high,,1,Canh Yellow Squash thịt gà,HAS_FIX,1 copy 22.json,25645
1750,Gia vi ngò,ngò gai,culantro,Ngò rí,high,,1,Canh Yellow Squash thịt gà,HAS_FIX,1 copy 22.json,25646
1751,Bột chiên AjiQuick loại chiên hải sản gói xanh dương,Bột (chung),flour,Bột chiên hải sản,high,,1,Nấm kim châm lắc phô mai,HAS_FIX,1 copy 22.json,25647
1752,phần,giò heo,pork hock,,low,Từ 'phần' quá mơ hồ,1,Bánh canh tôm mực,UNCERTAIN,1 copy 22.json,25665
1753,súp,súp chay,vegetarian soup,Gia vị súp,medium,,1,Bún Nưa Nấu Tôm & Rong Biển,HAS_FIX,1 copy 22.json,25675
1754,húng quế mùi ta ngò rí,quế,Cinnamon,"Húng quế, mùi, ngò rí",high,,1,"Nộm dưa chuột non, tai lợn",HAS_FIX,1 copy 22.json,25689
1755,xương cổ heo,thịt heo,pork,Xương cổ heo,high,,1,SP.0794 - Canh Mướp Xương Heo Đại Táo,HAS_FIX,1 copy 22.json,25707
1756,Hành tỏi mộc nhĩ nấm hương gừng gia vị,tỏi,garlic,"Hành, tỏi, mộc nhĩ, nấm hương, gừng",high,,1,Bún mọc tôm nấu cải làn,HAS_FIX,1 copy 22.json,25729
1757,lá tỏi,tỏi,garlic,Lá tỏi,high,,1,Mực nang xào dưa cải,HAS_FIX,1 copy 22.json,25757
1758,nạc dăm,thịt nạc dăm,pork shoulder,Thịt nạc dăm,high,,1,Thịt chiên xù kiểu Nhật,HAS_FIX,1 copy 22.json,25768
1759,bột ngưu báng,Bột (chung),flour,Bột ngưu báng,high,,1,Bún hải sản chua ngọt thanh nhẹ,HAS_FIX,1 copy 22.json,25791
1760,da gà chiên mắm tỏi,tỏi,garlic,Da gà chiên mắm tỏi,high,,1,Cải thảo xào thịt quay,HAS_FIX,1 copy 22.json,25821
1761,Oyster,nấm đùi gà,king oyster mushroom,Hàu,high,Oyster tiếng Anh là hàu,1,Mướp khía xào nấm và miến,HAS_FIX,1 copy 22.json,25835
1762,Me vắt tùy ăn chua nhiều ít ớt,ớt,chili pepper,"Me vắt, ớt",high,,1,Canh chua cá cam,HAS_FIX,1 copy 22.json,25840
1763,t tỏi chanh,tỏi,garlic,"Tỏi, chanh",high,,1,Cá mè hấp,HAS_FIX,1 copy 22.json,25857
1764,Rau xà lách rau húng rau quế,rau xà lách,lettuce,"Xà lách, húng, quế",high,,1,Phở sắn trộn tôm thịt,HAS_FIX,1 copy 22.json,25861
1765,Rau sống thân chuối ớt,ớt,chili pepper,"Thân chuối, ớt",high,,1,Phở sắn cá lóc,HAS_FIX,1 copy 22.json,25866
1766,Gừng hành,gừng,ginger,"Gừng, hành",high,,1,Cải làn xào nấm chay,HAS_FIX,1 copy 22.json,25897
1767,Dầu hào chay dầu mè nước tương rượu trắng,Mè (Vừng),sesame seeds,"Dầu hào chay, dầu mè, nước tương, rượu trắng",high,,1,Cải làn xào nấm chay,HAS_FIX,1 copy 22.json,25898
1768,bánh đa đỏ,bánh phở,pho noodles,Bánh đa đỏ,high,,1,Bánh Đa Đỏ Trộn Thịt Bò,HAS_FIX,1 copy 22.json,25909
1769,ầu cá mackerel cá ngừ cá ngân cá bạc má thu nhật đều được,dầu ngư,fish oil,Đầu cá,high,Dựa trên dish_example,1,Canh Đầu Cá Mackerel Nấu Cà Chua & Ớt Chuông,HAS_FIX,1 copy 22.json,25951
1770,rau cần tàu,cần tây,celery,Rau cần tàu,high,,1,Bóng bì xào rau củ và nấm,HAS_FIX,1 copy 22.json,25992
1771,Xà lách xanh tím,xà lách tím,red lettuce,"Xà lách xanh, xà lách tím",high,,1,Salad da cá,HAS_FIX,1 copy 22.json,26006
1772,nấm,nấm hương,shiitake mushroom,Nấm hương,high,Dựa trên dish_example,1,Cháo thịt heo 🥓 nấm hương phô mai 🧀,HAS_FIX,1 copy 22.json,26067
1773,Phô mai feta,phô mai,cheese,Phô mai Feta,high,,1,"💚 Salad Nấm Mỡ, Olive & Phô Mai Feta",HAS_FIX,1 copy 22.json,26089
1774,Xà lách mỡ Iceberg,mỡ,lard,Xà lách mỡ,high,,1,"💚 Salad Nấm Mỡ, Olive & Phô Mai Feta",HAS_FIX,1 copy 22.json,26092
1775,Trứng chiên,Trứng gà,Chicken Egg,Trứng chiên,high,,1,Cơm trộn vét tủ (thịt heo ram và trứng chiên) 😆,HAS_FIX,1 copy 22.json,26111
1776,xốt Teriyaki,sốt,sauce,Sốt Teriyaki,high,,1,Đậu hũ chiên xốt Teriyaki,HAS_FIX,1 copy 22.json,26115
1777,sươn non chay,chay,vegetarian,Sườn non chay,high,,1,Mì Ý Spaghetti Xốt Nấm Chay,HAS_FIX,1 copy 22.json,26128
1778,thịt cá mặn,Cá tuyết muối,Salted cod,Cá mặn,high,Cá khô muối mặn,1,SP.0787 - Tàu Hũ Non Chưng Thịt Xay & Cá Mặn,HAS_FIX,1 copy 22.json,26150
1779,tàu hũ non trứng gà,Trứng gà,Chicken Egg,"Tàu hũ non, trứng gà",high,,1,SP.0787 - Tàu Hũ Non Chưng Thịt Xay & Cá Mặn,HAS_FIX,1 copy 22.json,26151
1780,cá mặn,Cá tuyết muối,Salted cod,Cá mặn,high,,1,Cơm chiên thịt quay cá mặn,HAS_FIX,1 copy 22.json,26182
1781,mắm cá thu,cá thu,mackerel,Mắm cá thu,high,,1,Mắm cá thu chưng ba rọi,HAS_FIX,1 copy 22.json,26200
1782,bò lát,thịt bò,beef,Thịt bò lát chay,high,Dựa trên dish_example (món chay),1,Thịt nạc kho tiêu (món chay),HAS_FIX,1 copy 22.json,26208
1783,Gừng hành lá,hành lá,green onion,"Gừng, hành lá",high,,1,Cá mặn chưng thịt,HAS_FIX,1 copy 22.json,26212
1784,thịt ba rọi bò Mỹ,thịt bò,beef,Ba rọi bò Mỹ,high,,1,Đậu Hà Lan Xào Ba Rọi Bò Mỹ,HAS_FIX,1 copy 22.json,26300
1785,hoa chuối tây,hoa chuối,banana blossom,Hoa chuối tây,high,,1,Nộm hoa chuối tai lợn,HAS_FIX,1 copy 22.json,26357
1786,Vừng lạc rang sẵn,đậu phộng,peanut,"Vừng, lạc rang",high,,1,Nộm hoa chuối tai lợn,HAS_FIX,1 copy 22.json,26359
1787,quất ớt,ớt,chili pepper,"Quất, ớt",high,,1,Thịt Luộc Mắm Tôm,HAS_FIX,1 copy 22.json,26373
1788,cá lóc phi lê,cá lóc,snakehead fish,Phi lê cá lóc,high,,1,Cá lóc phi lê om nghệ,HAS_FIX,1 copy 22.json,26382
1789,thịt heo ba chỉ,thịt heo,pork,Thịt ba chỉ,high,,1,Cá lóc phi lê om nghệ,HAS_FIX,1 copy 22.json,26383
1790,nghệ tươi,củ nghệ,turmeric root,Nghệ tươi,high,,1,Cá lóc phi lê om nghệ,HAS_FIX,1 copy 22.json,26384
1791,Hành tím nén ớt đỏ,ớt,chili pepper,"Hành tím, củ nén, ớt",high,,1,Cá lóc phi lê om nghệ,HAS_FIX,1 copy 22.json,26385
1792,cá chai khô đã rút xương,cá chỉ vàng,yellowstripe scad,Khô cá chai,high,,1,Cá chai khô rim mắm đường,HAS_FIX,1 copy 22.json,26386
1793,Ngo rihanh lá,lá,leaves,"Ngò rí, hành lá",high,,1,Canh đọt nhãn lồng nấu tôm tươi,HAS_FIX,1 copy 22.json,26393
1794,mõm heo,thịt heo,pork,Mõm heo,high,,1,Mõm heo khìa nước dừa,HAS_FIX,1 copy 22.json,26416
1795,Thịt heo xay nhuyễn,Thịt băm,Minced pork,Thịt heo xay,high,,1,Cá nục thính chưng trứng,HAS_FIX,1 copy 22.json,26426
1796,Tỏi hành tím ớt băm nhuyễn,ớt,chili pepper,"Tỏi, hành tím, ớt",high,,1,Cá nục thính chưng trứng,HAS_FIX,1 copy 22.json,26427
1797,đọt nhãn lồng,nhãn,longan,Đọt nhãn lồng,high,Tên gọi khác của đọt chùm bao/lạc tiên,1,SP.0783 - Canh Đọt Nhãn Lồng Nấu Chả Cá,HAS_FIX,1 copy 22.json,26431
1798,Lá ngò tây dùng để trang trí,lá,leaves,Ngò tây,high,,1,Cá Hồi Sốt Cam Tỏi Ớt,HAS_FIX,1 copy 22.json,26458
1799,hành tây tím nhỏ,hành tím,shallot,Hành tây tím,high,,1,Đậu Cô Ve Xào Thịt Heo,HAS_FIX,1 copy 22.json,26473
1800,trứng cá chuồn,trứng cá,fish roe,Trứng cá chuồn,high,,1,Trứng Cá Chuồn Kho Tộ,HAS_FIX,1 copy 22.json,26485
1801,Hành tây hành ngò ớt,ớt,chili pepper,"Hành tây, hành, ngò, ớt",high,,1,Bánh canh bột gạo nấu cá lóc,HAS_FIX,1 copy 14.json,26495
1802,cá bè đen,cá bè,fish,Cá bè đen,high,,1,Cá Bè Đen Hấp Xì Dầu,HAS_FIX,1 copy 14.json,26500
1803,lá mùi tàu,ngò gai,culantro,Mùi tàu,high,,1,Salad Thịt Bằm Trứng,HAS_FIX,1 copy 14.json,26526
1804,Thịt nướng,thịt heo,pork,Thịt nướng,high,,1,"Miến chả cá, thịt nướng",HAS_FIX,1 copy 14.json,26557
1805,Dầu ăn hành lá,hành lá,green onion,"Dầu ăn, hành lá",high,,1,Cá lóc fillet lăn bột chiên dòn,HAS_FIX,1 copy 14.json,26565
1806,Sườn heo non,sườn heo,pork ribs,Sườn heo non,high,,1,Noodles soup cá lóc fillet và bông bí,HAS_FIX,1 copy 14.json,26570
1807,sốt mayo,sốt,sauce,Sốt mayonnaise,high,,1,SP.0782 - Tôm Sốt Phô Mai,HAS_FIX,1 copy 14.json,26596
1808,sả chút riềng xay hành tỏi,tỏi,garlic,"Sả, riềng, hành, tỏi",high,,1,Thịt chưng mắm tép,HAS_FIX,1 copy 14.json,26637
1809,mì somen,mì,noodles,Mì somen,high,,1,Mì somen cua biển 🦀 bí đỏ,HAS_FIX,1 copy 14.json,26647
1810,cua biển,cua,crab,Cua biển,high,,1,Mì somen cua biển 🦀 bí đỏ,HAS_FIX,1 copy 14.json,26648
1811,bí,bí xanh,winter melon,Bí xanh,high,,1,Canh bí xanh thịt xay,HAS_FIX,1 copy 14.json,26651
1812,Mướp hương ít rau đến đỏ mùng tơi rau đay,mướp,luffa,"Mướp hương, mồng tơi, rau đay",high,,1,Canh mướp hương nấu tôm 🍤,HAS_FIX,1 copy 14.json,26669
1813,rong nho,rong biển,seaweed,Rong nho,high,,1,Salad cá ngừ rong nho,HAS_FIX,1 copy 14.json,26683
1814,Thịt chay,chay,vegetarian,Thịt chay,high,,1,Bún thịt chay xào sả,HAS_FIX,1 copy 14.json,26686
1815,thịt vai lẫn mỡ hoặc ba chỉ,thịt nạc dăm,pork shoulder,Thịt vai hoặc ba chỉ,high,,1,Thịt kho mắm tép,HAS_FIX,1 copy 14.json,26697
1816,Rau xanh tùy ý mọi người sẵn gì dùng đó ạ cải cúc cải ngọt cải cay,cải cúc,garland chrysanthemum,"Cải cúc, cải ngọt, cải cay",high,,1,Phở Tôm 🍤,HAS_FIX,1 copy 14.json,26710
1817,Tỏi hành khô băm,tỏi,garlic,"Tỏi, hành khô",high,,1,Canh dưa bò,HAS_FIX,1 copy 14.json,26713
1818,Topping ăn kèm ba chỉ bò bắp bò bò viên thanh cua,topping,topping,"Ba chỉ bò, bắp bò, bò viên, thanh cua",high,,1,Lẩu cá mú đỏ măng chua,HAS_FIX,1 copy 14.json,26726
1819,tôm cỡ vừa,tôm thẻ loại to,shrimp,Tôm cỡ vừa,high,,1,Thịt Ba Chỉ Rang Tép Mặn Ngọt,HAS_FIX,1 copy 14.json,26744
1820,Hành rau cần,cần tây,celery,"Hành, rau cần",high,,1,Măng xào mực,HAS_FIX,1 copy 14.json,26764
1821,Topping tùy ý thịt bò thanh cua sụn gà cá,topping,topping,"Thịt bò, thanh cua, sụn gà, cá",high,,1,Lẩu đầu cá hồi nấu măng chua,HAS_FIX,1 copy 14.json,26802
1822,hộp cá tunas,hộp cá ngừ,canned tuna,Cá ngừ đóng hộp,high,,1,Măng Tây nướng cùng Chả cá Tuna,HAS_FIX,1 copy 14.json,26826
1823,rau spinach đậu cove ớt sừng,ớt,chili pepper,"Rau chân vịt, đậu cô ve, ớt sừng",high,Spinach là rau chân vịt,1,Măng Tây nướng cùng Chả cá Tuna,HAS_FIX,1 copy 14.json,26827
1824,Rau om ngò gai,rau om,rice paddy herb,"Rau ngổ, ngò gai",high,Rau om là tên gọi khác của rau ngổ,1,Canh cá thác lác nấu măng chua,HAS_FIX,1 copy 14.json,26836
1825,cá sủ tầm kg,cá tầm,sturgeon,Cá sủ,high,,1,Cá sủ nấu măng chua,HAS_FIX,1 copy 14.json,26837
1826,xả nhánh gừng,gừng,ginger,"Sả, gừng",high,,1,Cá sủ nấu măng chua,HAS_FIX,1 copy 14.json,26840
1827,me hoặc sấu mẻ các loại quả chua,me,tamarind,Quả chua,high,"Me, sấu, mẻ để tạo vị chua",1,Cá sủ nấu măng chua,HAS_FIX,1 copy 14.json,26841
1828,Hành răm thìa là ớt hiểm,ớt,chili pepper,"Hành, rau răm, thì là, ớt",high,,1,Cá sủ nấu măng chua,HAS_FIX,1 copy 14.json,26842
1829,sả băm,sả,lemongrass,Sả băm,high,,1,Đậu hủ chiên xả ớt 😋,HAS_FIX,1 copy 14.json,26846
1830,ớt sừng băm nhỏ,ớt,chili pepper,Ớt sừng,high,,1,Đậu hủ chiên xả ớt 😋,HAS_FIX,1 copy 14.json,26847
1831,bột tỏi hoặc tỏi băm,tỏi,garlic,"Bột tỏi, tỏi băm",high,,1,Đậu hủ chiên xả ớt 😋,HAS_FIX,1 copy 14.json,26848
1832,Mắm tôm chanh ớt,ớt,chili pepper,"Mắm tôm, chanh, ớt",high,,1,Bánh Đa Cua Rau Nhút,HAS_FIX,1 copy 14.json,26877
1833,cốt cà phê,cà tím,eggplant,Nước cốt cà phê,high,,1,Rau Câu Sơn Thuỷ,HAS_FIX,1 copy 14.json,26914
1834,Hành tím tỏi hành lá,hành lá,green onion,"Hành tím, tỏi, hành lá",high,,1,Măng tươi xào thịt bò,HAS_FIX,1 copy 14.json,26930
1835,cá lạc phi lê,đậu phộng,peanut,Cá lạc phi lê,high,,1,SP.0775 - Cá Lạc Chiên Sả Hành,HAS_FIX,1 copy 14.json,26962
1836,than hoa,nước,water,Than hoa,high,Nguyên liệu dùng để nướng,1,Thịt Heo Xiên Que Nướng Lá Chuối,HAS_FIX,1 copy 14.json,26992
1837,Mắm tôm pha,Tôm muối,Salted shrimp,Mắm tôm pha,high,,1,Đậu Hủ Chiên Giòn Chấm Mắm Tôm Kèm Kinh Giới Tía Tô,HAS_FIX,1 copy 14.json,27023
1838,Thì là hành,thì là,dill,"Thì là, hành",high,,1,Canh Cá nấu dưa,HAS_FIX,1 copy 14.json,27032
1839,đậu nhỏ,đậu,beans,Đậu hũ miếng nhỏ,high,,1,Chuối xanh om đậu nấm mỡ,HAS_FIX,1 copy 14.json,27034
1840,Rau tía tô rau ngò gai,tía tô,perilla leaves,"Tía tô, ngò gai",high,,1,Chuối xanh om đậu nấm mỡ,HAS_FIX,1 copy 14.json,27037
1841,Dấm bỗng hoặc Cơm mẻ không có cũng được,dấm,vinegar,"Giấm bỗng, cơm mẻ",high,,1,Chuối xanh om đậu nấm mỡ,HAS_FIX,1 copy 14.json,27038
1842,Nước rang thịt cốt lết,nước cốt,extract,Nước rang thịt,high,,1,Mướp xào thịt xay,HAS_FIX,1 copy 14.json,27042
1843,nước hầm xương sườn già,nước,water,Nước hầm xương,high,,1,Canh Khoai Sọ Rau Nhút Nấu Sườn,HAS_FIX,1 copy 14.json,27084
1844,Quét mặt lòng đỏ trứng trứng vịt sẽ đẹp nhất dầu mè nước lọc giọt nước hàng,Trứng gà,Chicken Egg,Lòng đỏ trứng vịt,high,,1,Bánh nướng heo mập,HAS_FIX,1 copy 14.json,27103
1845,Hành lá tỏi gừng,hành lá,green onion,"Hành lá, tỏi, gừng",high,,1,Gan heo xào hành tây,HAS_FIX,1 copy 14.json,27120
1846,bánh canh mua sẵn,bánh,cake,Bánh canh,high,,1,Bánh canh chả cá phiên bản lười,HAS_FIX,1 copy 14.json,27153
1847,tôm mũ ni con kkg,tôm thẻ loại to,shrimp,Tôm mũ ni,high,,1,Ghẹ và tôm mũ ni luộc cạn với sả,HAS_FIX,1 copy 14.json,27171
1848,Thảo mộc luộc lòng,nấm mèo,wood ear mushroom,Thảo mộc,high,Dùng để khử mùi luộc lòng,1,Đồ Lòng Bò Xào Rau Răm Ngũ Vị Hương,HAS_FIX,1 copy 14.json,27184
1849,rau tạp tàng mồng tơi rau lang dền đỏ,mồng tơi,malabar spinach,Rau tập tàng,high,Hỗn hợp các loại rau vườn,1,Canh rau tạp tàng nấu nghêu,HAS_FIX,1 copy 14.json,27210
1850,Rau thơm ngổ điếc ngò gai lá lốt,rau om,rice paddy herb,"Rau ngổ, ngò gai, lá lốt",high,Ngổ điếc là rau ngổ,1,Canh rau tạp tàng nấu nghêu,HAS_FIX,1 copy 14.json,27211
1851,thịt vừa nạc vừa mỡ,nạc heo,lean pork,Thịt ba chỉ,high,,1,Thịt kho trám đen,HAS_FIX,1 copy 14.json,27261
1852,tôm thẻ tôm nào cũng được,tôm thẻ loại to,shrimp,Tôm thẻ,high,,1,Tôm rim satế,HAS_FIX,1 copy 14.json,27263
1853,hành lá hành tím tỏi ớt hiểm,hành lá,green onion,"Hành lá, hành tím, tỏi, ớt",high,,1,Tôm rim satế,HAS_FIX,1 copy 14.json,27266
1854,Bầu non hoặc bí non hành Tây ớt chuông hành lá,rau tạp,mixed greens,"Bầu, bí, hành tây, ớt chuông",high,,1,Cá Basa om bầu 🤤,HAS_FIX,1 copy 14.json,27278
1855,Dầu hào gia vị,gia vị,seasoning,Dầu hào,high,,1,Rau mầm cải xào tỏi,HAS_FIX,1 copy 14.json,27293
1856,cà chua quả ớt thóc ớt hiểm,cà chua,tomato,"Cà chua, ớt hiểm",high,,1,"Cá ngừ kho dứa, nước dừa",HAS_FIX,1 copy 14.json,27300
1857,gừng củ hành khô củ tỏi,tỏi,garlic,"Gừng, hành khô, tỏi",high,,1,"Cá ngừ kho dứa, nước dừa",HAS_FIX,1 copy 14.json,27301
1858,Lá Sen cạn,lá,leaves,Lá sen cạn,high,,1,Lá Sen cạn cuốn thịt bò,HAS_FIX,1 copy 14.json,27328
1859,Gan Heo,thịt heo,pork,Gan heo,high,,1,Gan Heo Xào Ngũ Vị,HAS_FIX,1 copy 14.json,27342
1860,Thịt má lợn tai heo mua sẵn hoặc tự làm,tai heo,pork ear,"Má lợn, tai heo",high,,1,Nộm hoa chuối má lợn,HAS_FIX,1 copy 14.json,27354
1861,mùi ta húng láng,húng láng,spearmint,"Mùi ta, húng láng",high,,1,Nộm hoa chuối má lợn,HAS_FIX,1 copy 14.json,27356
1862,giò heo lấy phần móng,thịt heo,pork,Móng giò heo,high,,1,Giò heo nấu khoai sọ,HAS_FIX,1 copy 14.json,27371
1863,Dâu ănhat nêmhanh tim băm nhohanh lamuôitiêu,hành tím,shallot,"Dầu ăn, hạt nêm, hành tím, hành lá",high,Dữ liệu bị dính chữ,1,Cháo tim heo hạt sen,HAS_FIX,1 copy 14.json,27386
1864,hành lá thì là,hành lá,green onion,"Hành lá, thì là",high,,1,Canh cá diếc chua ngọt,HAS_FIX,1 copy 14.json,27485
1865,Thịt nạc vai,thịt nạc dăm,pork shoulder,Thịt nạc vai,high,,1,Thịt chiên xù cho bé,HAS_FIX,1 copy 14.json,27490
1866,gừng củ tỏi củ hành quả ớt quả cà chua,cà chua,tomato,"Gừng, tỏi, hành, ớt, cà chua",high,,1,Cá thu sốt cà,HAS_FIX,1 copy 14.json,27495
1867,Gia vị hành lá rau răm thìa là,hành lá,green onion,"Hành lá, rau răm, thì là",high,,1,Cá thu sốt cà,HAS_FIX,1 copy 14.json,27496
1868,t xanh ớt đỏ,ớt,chili pepper,"Ớt xanh, ớt đỏ",high,,1,Cá diếc trứng nấu rau răm,HAS_FIX,1 copy 14.json,27499
1869,rau dền đỏ,rau dền,amaranth greens,Rau dền đỏ,high,,1,Rau Dền Đỏ Nấu Chả Cá Thác Lác,HAS_FIX,1 copy 14.json,27522
1870,Bánh đa đỏ,bánh,cake,Bánh đa đỏ,high,,1,Bánh đa đỏ hải sản chay,HAS_FIX,1 copy 14.json,27532
1871,Bánh phở tráng chảo từ phụ phẩm làm mì căn hoặc phở tươi phở khô,bánh tráng,rice paper,Bánh phở,high,,1,Bánh Phở Tráng Chảo Trộn Thịt Xào,HAS_FIX,1 copy 14.json,27543
1872,lá lốt,lá lốt,betel leaves,Lá lốt,high,,1,Rau dền luộc,HAS_FIX,1 copy 14.json,27565
1873,tôm biển nõn,tôm viên,shrimp balls,Tôm nõn,high,,1,Rau tập tàng nấu tôm,HAS_FIX,1 copy 14.json,27569
1874,Húng quế,rau húng chó,mint,Húng quế,high,,1,Bánh Đa Đỏ Trộn Thịt Vịt,HAS_FIX,1 copy 14.json,27573
1875,Rau dền dền đỏ dền trắng hay dền cơm đều được,cơm,cooked rice,Rau dền,high,,1,Canh rau dền nấu tép,HAS_FIX,1 copy 14.json,27576
1876,bánh đa đỏ bánh đa cua,cua,crab,Bánh đa đỏ,high,,1,Bánh đa đỏ tôm chả cá,HAS_FIX,1 copy 14.json,27591
1877,củ ngải bún,bún,rice vermicelli,Củ ngải bún,high,,1,Bún cá lóc hương vị Khmer,HAS_FIX,1 copy 14.json,27599
1878,mắm cá linh cá sặc say nhuyễn,nước mắm,fish sauce,"Mắm cá linh, mắm cá sặc",high,,1,Bún cá lóc hương vị Khmer,HAS_FIX,1 copy 14.json,27600
1879,húng quế,rau thơm,herbs,Húng quế,high,,1,Cá sòng luộc cạn cuốn bánh tráng chấm mắm tôm,HAS_FIX,1 copy 14.json,27607
1880,bánh tráng dẻo không cần nhúng nước hiệu Phương Trang,cần tây,celery,Bánh tráng dẻo,high,,1,Cá sòng luộc cạn cuốn bánh tráng chấm mắm tôm,HAS_FIX,1 copy 14.json,27613
1881,bột me,Bột (chung),flour,Bột me,high,,1,Cá chỉ vàng sốt me,HAS_FIX,1 copy 14.json,27676
1882,cá măng,măng,bamboo shoots,Cá măng,high,,1,Cá Măng Nấu Lá É,HAS_FIX,1 copy 14.json,27726
1883,lá húng quế trắng lá é trắng,lá,leaves,Lá é,high,Húng quế trắng là tên khác của lá é,1,Cá Măng Nấu Lá É,HAS_FIX,1 copy 14.json,27727
1884,ớt xiêm xanh,ớt,chili pepper,Ớt xiêm xanh,high,,1,Cá Măng Nấu Lá É,HAS_FIX,1 copy 14.json,27728
1885,rau chuối bào,chuối,banana,Bắp chuối bào,high,Rau chuối là hoa chuối/bắp chuối,1,Canh chua bò,HAS_FIX,1 copy 14.json,27749
1886,gan cá thầy tu cá mặt quỷ Monkfish,cá,fish,Gan cá mặt quỷ,high,,1,Mì Ý Sốt Gan Cá Monkfish,HAS_FIX,1 copy 14.json,27766
1887,Gia vị chiên cá,cá hồng,snapper,Gia vị,high,Bột hoặc sốt dùng chiên cá,1,Bún cá hồng chấm,HAS_FIX,1 copy 14.json,27780
1888,Hành tím ớt xanh,hành tỏi ớt,garlic chili mix,"Hành tím, ớt xanh",high,,1,Cá nục bông kho nước,HAS_FIX,1 copy 14.json,27788
1889,Hành tím ớt,ớt,chili pepper,"Hành tím, ớt",high,,1,Cá hồng xám um dưa cải muối,HAS_FIX,1 copy 14.json,27798
1890,Thì là hành lá,hành lá,green onion,"Thì là, hành lá",high,,1,Cá hồng xám um dưa cải muối,HAS_FIX,1 copy 14.json,27799
1891,Rau nêm chanh chua,chanh,lime,Rau nêm,medium,Rau thơm nêm canh chua,1,Cá hồng 2 món,HAS_FIX,1 copy 14.json,27803
1892,Gừng tươi chanh hành tây rau thơm ớt sừng,gia vị,seasoning,"Gừng, chanh, hành tây, rau thơm, ớt",high,,1,Sách bò bóp chua ngọt,HAS_FIX,1 copy 14.json,27808
1893,Nấm mèo cần tây cà rốt,rau tạp,mixed greens,"Nấm mèo, cần tây, cà rốt",high,,1,Miến trộn thịt heo rau củ,HAS_FIX,1 copy 14.json,27822
1894,cá phèn hồng lớn,cá hồng,snapper,Cá phèn hồng,high,,1,Cá Phèn Hồng Kho Cà Chua,HAS_FIX,1 copy 14.json,27841
1895,Hành hoa mùi thì là,thì là,dill,"Hành, mùi, thì là",high,,1,Cá hồng sốt cà chua,HAS_FIX,1 copy 14.json,27850
1896,cá hồng cá hường chỉ,cá hường,snapper,Cá hồng,high,,1,Cá Hồng Muối Sả Chiên,HAS_FIX,1 copy 14.json,27852
1897,hoa cỏ hành three cornered leek tỏi ba góc tỏi hoa ng dã,Tỏi tây (Hành Boaro),leek,Bông tỏi ba góc,high,Hành dại/tỏi hoang,1,Bông Tỏi Ba Góc Xào Bò Bằm,HAS_FIX,1 copy 14.json,27854
1898,châm nấm,chân nấm,mushroom stem,Chân nấm,high,Lỗi chính tả 'châm',1,Mì Tôm Nấu Chân Nấm Và Chả Cá,HAS_FIX,1 copy 14.json,27881
1899,thìa cafe bột rau củ,Bột (chung),flour,Bột rau củ,high,,1,"Cháo nấm chay thơm ngon, mát bổ (ngày 1)",HAS_FIX,1 copy 14.json,27898
1900,Gừng hành ớt,hành tỏi ớt,garlic chili mix,"Gừng, hành, ớt",high,,1,Cá hồng hấp gừng,HAS_FIX,1 copy 14.json,27910
1901,cá phèn hồng,cá hồng,snapper,cá phèn hồng,high,,1,Cá phèn hồng chiên,HAS_FIX,1 copy 6.json,27915
1902,Tôm thịt nạc rang,ram tôm,shrimp rolls,tôm và thịt nạc,high,,1,Cơm Tôm Thịt Nạc Rang & Rau Luộc Eat Clean,HAS_FIX,1 copy 6.json,27953
1903,Giá đỗ bắp cải tim luộc,bắp cải,cabbage,giá đỗ và bắp cải,high,,1,Cơm Tôm Thịt Nạc Rang & Rau Luộc Eat Clean,HAS_FIX,1 copy 6.json,27955
1904,Xà lách cà rốt bắp cải tím,cà rốt,carrot,"xà lách, cà rốt và bắp cải tím",high,,1,Bún Trộn Tôm & Thịt Nạc Eat Clean,HAS_FIX,1 copy 6.json,27958
1905,Mì chũ rau củ vắt,lá mì,cassava leaves,mì chũ rau củ,high,,1,Mì Chũ Xào Bò,HAS_FIX,1 copy 6.json,27982
1906,chao môn,khoai môn,taro,chao môn,high,,1,SP.0760 - Khô Thịt Chay,HAS_FIX,1 copy 6.json,27988
1907,Lá quế,lá,leaves,lá quế,high,,1,🌱 Phở Chay Nấm Đậu Phụ (Vegan),HAS_FIX,1 copy 6.json,28013
1908,Nước phở chay,chay,vegetarian,nước dùng phở chay,high,,1,🌱 Phở Chay Nấm Đậu Phụ (Vegan),HAS_FIX,1 copy 6.json,28018
1909,Tương hột đậu nành,đậu nành,soybeans,tương hột,high,,1,Nấm đùi gà xiên nướng,HAS_FIX,1 copy 6.json,28033
1910,Thịt heo bằm trứng gà,Trứng gà,Chicken Egg,thịt heo bằm và trứng gà,high,,1,"Mì trộn thịt heo bằm, trứng ốp la",HAS_FIX,1 copy 6.json,28044
1911,Cải ngọt cải thìa cải thảo bắp cải,cải thảo,napa cabbage,rau cải và bắp cải,high,,1,"Mì trộn thịt heo bằm, trứng ốp la",HAS_FIX,1 copy 6.json,28046
1912,mì chũ gr,mì,noodles,mì chũ,high,,1,🌱 Mì Chũ Xào Rau Củ Chay (Vegan),HAS_FIX,1 copy 6.json,28092
1913,Nước tương tamari,nước,water,nước tương tamari,high,,1,🌱 Mì Chũ Xào Rau Củ Chay (Vegan),HAS_FIX,1 copy 6.json,28099
1914,trứng non,Trứng gà,Chicken Egg,trứng non,high,,1,Mì Chũ trứng non cá viên,HAS_FIX,1 copy 6.json,28111
1915,lá húng quế trắng còn gọi là lá é trắng,rau basil,basil,lá é trắng,high,,1,Nấm Linh Chi Xào Húng Quế Trắng,HAS_FIX,1 copy 6.json,28146
1916,Bắp cải cà rốt nấm bào ngư nấm mèo,nấm mèo,wood ear mushroom,rau củ và nấm,high,,1,Há cảo rau củ,HAS_FIX,1 copy 6.json,28152
1917,Hành lá bột nêmtiêuđường,hành lá,green onion,hành lá và gia vị,high,,1,Há cảo rau củ,HAS_FIX,1 copy 6.json,28153
1918,Nước tương tỏiớt,nước,water,nước tương tỏi ớt,high,,1,Há cảo rau củ,HAS_FIX,1 copy 6.json,28155
1919,Ngồng tỏi,tỏi,garlic,ngồng tỏi,high,,1,Ngồng tỏi xào thịt bò,HAS_FIX,1 copy 6.json,28156
1920,cần xào,cần tây,celery,rau cần tây,high,Cần xào thường là cần tây,1,Tim heo xào thơm ^^,HAS_FIX,1 copy 6.json,28175
1921,Hành lá hành khô mùi tàu gừng,hành lá,green onion,"hành, ngò gai và gừng",high,Mùi tàu là ngò gai,1,Mì Chũ nấu xương đuôi heo,HAS_FIX,1 copy 6.json,28197
1922,lòng gà tim gan mề,tim gà,chicken heart,lòng gà,high,,1,Nấm xào tim gan mề gà,HAS_FIX,1 copy 6.json,28215
1923,Ruột heo chay,sườn chay,vegetarian ribs,ruột heo chay,high,,1,Ruột heo chay khìa nước dừa,HAS_FIX,1 copy 6.json,28240
1924,mắm nên,nước mắm,fish sauce,mắm nêm,high,Lỗi chính tả nên thành nêm,1,Thịt Ba Chỉ Luộc Chấm Mắm Nêm,HAS_FIX,1 copy 6.json,28324
1925,tuộc,bạch tuộc,octopus,bạch tuộc,high,Cách gọi tắt của bạch tuộc,1,Cá Diêu Hồng Biển Và Tuộc Sốt Cà Chua,HAS_FIX,1 copy 6.json,28326
1926,lá rong biển lá kim cuộn cơm,lá kim,needle leaves,rong biển cuộn cơm,high,,1,Nấm kim châm cuộn rong biển sốt nước tương,HAS_FIX,1 copy 6.json,28339
1927,Bã đậu,đậu xanh,mung beans,bã đậu nành,high,,1,Bánh tôm đậu nành,HAS_FIX,1 copy 6.json,28355
1928,Hành khô hành lá gia vị,hành lá,green onion,hành và gia vị,high,,1,"Canh rau, củ, nấm",HAS_FIX,1 copy 6.json,28366
1929,Lá é quế trắng nhiều ít tuỳ thích càng nhiều càng ngon,lá,leaves,lá é trắng,high,,1,🌱 Canh Nấm Mỡ Đậu Hủ Lá É (Vegan),HAS_FIX,1 copy 6.json,28369
1930,bã đậu,đậu xanh,mung beans,bã đậu,high,,1,Viên thịt bã đậu chiên,HAS_FIX,1 copy 6.json,28384
1931,dạ dày cá basa,bao tử heo,pork stomach,bao tử cá basa,high,Dạ cá là bao tử cá,1,Dạ cá basa khìa nước dừa,HAS_FIX,1 copy 6.json,28421
1932,chả cá măng,măng,bamboo shoots,chả cá măng,high,,1,"Chả Cá, Trứng Cút Chiên Sốt Cà Chua Chấm Rau Sống",HAS_FIX,1 copy 6.json,28457
1933,cà chua beef cắt múi,thịt bò,beef,cà chua beef,high,,1,"Chả Cá, Trứng Cút Chiên Sốt Cà Chua Chấm Rau Sống",HAS_FIX,1 copy 6.json,28461
1934,tủy heo,thịt heo,pork,tủy heo,high,,1,Tủy heo hấp lá chuối,HAS_FIX,1 copy 6.json,28522
1935,cây nấm theo ý thích mình dùng nấm đông cô và đùi gà,nấm hương,shiitake mushroom,nấm đông cô và nấm đùi gà,high,,1,Mì gói xào thịt bò nấm,HAS_FIX,1 copy 6.json,28541
1936,Tàu hũ ky lá,lá,leaves,tàu hũ ky lá,high,,1,Thịt trộn củ sen cuộn tàu hũ ky,HAS_FIX,1 copy 6.json,28559
1937,Xốt salad,salad,salad,sốt salad,high,,1,Salad cải kale rau mầm,HAS_FIX,1 copy 6.json,28617
1938,xốt mè rang,sốt,sauce,sốt mè rang,high,,1,Salad cải kale rau mầm,HAS_FIX,1 copy 6.json,28618
1939,râu mực,mực,squid,râu mực,high,,1,Râu mực nướng,HAS_FIX,1 copy 6.json,28651
1940,hành tỏi xay,tỏi,garlic,hành tỏi xay,high,,1,"Má heo, mõm heo khìa nước dừa",HAS_FIX,1 copy 6.json,28661
1941,lá rau quế,lá,leaves,lá quế,high,,1,Râu mực xào lá quế,HAS_FIX,1 copy 6.json,28685
1942,kicap,mùi tây,parsley,nước tương,high,Kicap/Kecap là nước tương,1,Râu mực xào lá quế,HAS_FIX,1 copy 6.json,28686
1943,tương lạt,tương ớt,chili sauce,tương lạt,high,,1,Râu Mực Luộc Sả Mắm Ăn Kèm Bí Ngòi Áp Chảo,HAS_FIX,1 copy 6.json,28722
1944,ường bột nêmnước mắm,Bột (chung),flour,"đường, hạt nêm và nước mắm",high,Lỗi gõ phím dính chữ,1,Ruốc cá hồi bổ dưỡng cho cả nhà,HAS_FIX,1 copy 6.json,28734
1945,nước cốt chanh leo,chanh,lime,nước cốt chanh dây,high,Chanh leo là chanh dây,1,Cá hồi áp chảo sốt chanh leo,HAS_FIX,1 copy 6.json,28736
1946,kim chi su hào hoặc kim chi cải thảo kim chi củ cải vv,su su,chayote,kim chi các loại,high,,1,Canh Kim Chi Râu Mực,HAS_FIX,1 copy 6.json,28743
1947,tương đậu Hàn Quốc,miso,miso,tương đậu Hàn Quốc,high,,1,Canh Kim Chi Râu Mực,HAS_FIX,1 copy 6.json,28746
1948,rau cải cay,rau cải đắng,bitter greens,rau cải cay,high,,1,Cá Chim Trắng Biển Hấp Gừng Kèm Rau Củ,HAS_FIX,1 copy 6.json,28793
1949,cáy còng đỏ ba khía,giò heo,pork hock,cáy hoặc ba khía,high,,1,Canh mùng tơi rau đay nấu cáy còng đỏ (ba khía),HAS_FIX,1 copy 6.json,28826
1950,muông canh mè trăng,Mè (Vừng),sesame seeds,mè trắng,high,Lỗi gõ phím dính chữ,1,Cá chạch chiên mè trắng,HAS_FIX,1 copy 6.json,28869
1951,cá đùi gà,đùi gà,chicken drumstick,cá đùi gà,high,,1,Cá đùi gà chiên giòn,HAS_FIX,1 copy 6.json,28873
1952,cá tép đồng,tép,small shrimp,cá và tép đồng,high,,1,Cá tép đồng ôm dưa cải chua,HAS_FIX,1 copy 6.json,28888
1953,nước dashi hoặc nước lọc,nước,water,nước dashi,high,,1,"Cơm Nát, Cá chưng nước tương cho bé",HAS_FIX,1 copy 6.json,28897
1954,Cá chưng nước tương,cá,fish,cá chưng nước tương,high,,1,"Cơm Nát, Cá chưng nước tương cho bé",HAS_FIX,1 copy 6.json,28898
1955,ớt chuông vàng cho ớt chuông vàng ăn đỡ ngấy hơn nhiều đó nha,ớt,chili pepper,ớt chuông vàng,high,,1,Trứng Cá Chép Chiên Trứng Thì Là,HAS_FIX,1 copy 6.json,28920
1956,chả ram,chả,sausage,chả ram,high,,1,Chả Ram Tôm Đất Cuốn Rau Sống,HAS_FIX,1 copy 6.json,28922
1957,t chuông vàng ớt chuông đỏ,ớt,chili pepper,ớt chuông,high,Lỗi gõ phím thiếu chữ ớt,1,Mực xào ớt chuông 😋,HAS_FIX,1 copy 6.json,28937
1958,cần tây hành Tây,hành tây,onion,cần tây và hành tây,high,,1,Mực xào ớt chuông 😋,HAS_FIX,1 copy 6.json,28938
1959,Rau sống các loại xà lách diếp cá húng lũi,rau xà lách,lettuce,rau sống các loại,high,,1,CÁ TAI TƯỢNG chiên xù,HAS_FIX,1 copy 6.json,28952
1960,rau chuối bào,hoa chuối,banana blossom,rau chuối bào,high,,1,Bún cá tầm Sapa,HAS_FIX,1 copy 6.json,28990
1961,cá đùi gà nắng,đùi gà,chicken drumstick,khô cá đùi gà,high,Cá nắng thường là cá khô/một nắng,1,Cá đùi gà kho keo,HAS_FIX,1 copy 6.json,29004
1962,Rau củ quả các loại bạn thích loại nào thì dùng loại đó nhen Nhiều hay ít,rau sống,fresh herbs,rau củ quả,high,,1,Mì udon trộn sốt teriyaki và rau củ xào,HAS_FIX,1 copy 6.json,29014
1963,ớt bột HQ hoặc tương ớt HQ,ớt,chili pepper,ớt bột hoặc tương ớt Hàn Quốc,high,,1,Mì udon trộn sốt teriyaki và rau củ xào,HAS_FIX,1 copy 6.json,29017
1964,hành tỏi khô,tỏi,garlic,hành tỏi khô,high,,1,Mì udon trộn sốt teriyaki và rau củ xào,HAS_FIX,1 copy 6.json,29019
1965,Thịt lợn thịt bò thái mỏng,thịt bò,beef,thịt lợn hoặc thịt bò,high,,1,Mì tôm thịt,HAS_FIX,1 copy 6.json,29021
1966,cà bát tương ứng quả,cà tím,eggplant,cà bát,high,,1,Cà bát luộc chấm mắm tôm,HAS_FIX,1 copy 6.json,29044
1967,Nước ngâm cà khử độc,cà tím,eggplant,nước muối loãng,medium,Nước ngâm khử độc thường là muối,1,Cà Bát Xanh Muối Xổi Trộn Mắm Tôm,HAS_FIX,1 copy 6.json,29058
1968,Sốt Bolognese,sốt,sauce,sốt Bolognese,high,,1,Nui Sò Lớn Sốt Bò Bằm Bolognese & Phô Mai Burrata,HAS_FIX,1 copy 6.json,29092
1969,cà chín tới,cà tím,eggplant,cà chua,high,Cà trong sốt cá là cà chua,1,Cá thu sốt cà phiên bản lười,HAS_FIX,1 copy 6.json,29102
1970,nước uống,nước,water,nước lọc,high,,1,Canh cà chua đậu hũ non,HAS_FIX,1 copy 6.json,29107
1971,súp Hảo Hảo,súp,soup,gia vị súp Hảo Hảo,high,,1,Thịt băm sốt nấm cà chua,HAS_FIX,1 copy 6.json,29111
1972,ầu hành lá,hành lá,green onion,đầu hành lá,high,Lỗi gõ phím thiếu chữ đ,1,Gỏi xơ mít trộn tôm và tai heo,HAS_FIX,1 copy 6.json,29121
1973,cồi sò điệp tách sẵn,sò,clam,cồi sò điệp,high,,1,Cồi sò điệp xào rau muống,HAS_FIX,1 copy 6.json,29148
1974,bánh canh bột gạo loại có sẵn ngoài chợ,Bột (chung),flour,bánh canh bột gạo,high,,1,Bánh canh gà nấm :):),HAS_FIX,1 copy 6.json,29182
1975,lạc,đậu phộng,peanut,lạc rang,high,Lạc là đậu phộng,1,"Nộm thịt heo, giá đỗ, rau răm",HAS_FIX,1 copy 6.json,29234
1976,tương ớt tỉ lệ thìa nước,ớt,chili pepper,tương ớt,high,,1,Cá khô rim mặn ngọt,HAS_FIX,1 copy 6.json,29285
1977,Bún hoặc phở,bún,rice vermicelli,bún hoặc phở,high,,1,Phở trộn thịt gà xào,HAS_FIX,1 copy 6.json,29314
1978,Rau thơm các loại nhất định phải có rau kinh giới và rau ngổ ngò,rau om,rice paddy herb,rau thơm các loại,high,,1,Nộm rau muống tép,HAS_FIX,1 copy 6.json,29340
1979,mắm tôm đặc,Tôm muối,Salted shrimp,mắm tôm,high,,1,Nộm rau muống tép,HAS_FIX,1 copy 6.json,29343
1980,hành tím cọng hành lá,hành lá,green onion,hành tím và hành lá,high,,1,Trứng chiên với thịt heo và lá lốt,HAS_FIX,1 copy 6.json,29353
1981,Lạc vừng đã rang,đậu phộng,peanut,lạc và vừng rang,high,,1,Nộm rau muống,HAS_FIX,1 copy 6.json,29356
1982,Mắm chanh ớt tỏi,ớt,chili pepper,nước mắm chua ngọt,medium,Hỗn hợp mắm chanh ớt tỏi,1,Nộm rau muống,HAS_FIX,1 copy 6.json,29357
1983,Mắm tôm mắm,Tôm muối,Salted shrimp,mắm tôm,high,,1,Nộm rau muống,HAS_FIX,1 copy 6.json,29358
1984,Hành khô tỏi bột nghệ,tỏi,garlic,"hành khô, tỏi và bột nghệ",high,,1,Cơm chiên rau củ,HAS_FIX,1 copy 6.json,29363
1985,Rau thơm lạc rang nếu có,đậu phộng,peanut,rau thơm và lạc rang,high,,1,Gỏi rau tiến vua tôm thịt,HAS_FIX,1 copy 6.json,29367
1986,củ cà rốt củ khoai tây củ hành tây,rau tạp,mixed greens,"cà rốt, khoai tây và hành tây",high,,1,Cơm cà ri bò kiểu Nhật,HAS_FIX,1 copy 6.json,29383
1987,tôm xay,tôm thẻ loại to,shrimp,tôm xay,high,,1,Chả giò thịt tôm và rau củ,HAS_FIX,1 copy 6.json,29410
1988,bột chiên xù nhỏ,Bột (chung),flour,bột chiên xù,high,,1,Thịt thăn heo chiên xù,HAS_FIX,1 copy 6.json,29427
1989,hành khô quả trứng,Trứng gà,Chicken Egg,hành khô và trứng,high,,1,Thịt thăn heo chiên xù,HAS_FIX,1 copy 6.json,29428
1990,bún ml nước bát,bún,rice vermicelli,bún,high,,1,Bún cá mùa hè,HAS_FIX,1 copy 6.json,29436
1991,Rau cải quả cà chua rau thì là hành ngò gai của tùng gia đình vài lát gừng,cà chua,tomato,rau và gia vị nêm,medium,,1,Bún cá mùa hè,HAS_FIX,1 copy 6.json,29437
1992,kg khổ hoa mướp đắng,mướp,luffa,khổ qua,high,Khổ hoa là khổ qua/mướp đắng,1,Lẩu chả cá thác lác khổ qua,HAS_FIX,1 copy 6.json,29449
1993,Khoai sọ gram khoảng củ nhỡ,khoai mỡ,purple yam,khoai sọ,high,,1,Canh xương khoai sọ rau muống,HAS_FIX,1 copy 6.json,29466
1994,rau thơm ngò ôm ngò gai,rau thơm,herbs,ngò om và ngò gai,high,,1,Canh chua nấm linh chi nâu,HAS_FIX,1 copy 6.json,29485
1995,lá cải Beet,lá,leaves,lá cải cầu vồng,medium,Beet thường là cải cầu vồng/củ dền,1,Rau Cải Biển (Sea Beet) Xào Thịt Bò,HAS_FIX,1 copy 6.json,29490
1996,quả ớt sừng,ớt,chili pepper,ớt sừng,high,,1,Cua Hấp Bia,HAS_FIX,1 copy 6.json,29509
1997,gram Thịt vai ba chỉ,thịt nạc dăm,pork shoulder,thịt vai hoặc ba chỉ,high,,1,Củ sen kho thịt,HAS_FIX,1 copy 6.json,29513
1998,ường dầu ăn mắm dầu hào,nước mắm,fish sauce,gia vị tổng hợp,high,Lỗi gõ dính chữ đường,1,Gà kho nấm hương chua ngọt,HAS_FIX,1 copy 6.json,29542
1999,Màu lá dứa và nếp cẩm,dứa,pineapple,lá dứa và nếp cẩm,high,,1,Rau câu pha lê,HAS_FIX,1 copy 6.json,29556
2000,Rau thơm rau cải xanh,cải bẹ xanh,mustard greens,rau thơm và cải xanh,high,,1,Cuốn tôm thịt,HAS_FIX,1 copy 6.json,29577
2001,Nước chấm đơn giản,nước,water,Nước chấm,high,,1,Cuốn tôm thịt,HAS_FIX,1 copy 38.json,29580
2002,Sốt mè,sốt,sauce,Sốt mè,high,,1,Cuốn tôm thịt,HAS_FIX,1 copy 38.json,29581
2003,Sốt sữa chua thì là,thì là,dill,"Sữa chua, thì là",high,,1,Salad Thanh Cua Dâu Tây Sốt Sữa Chua Thì Là,HAS_FIX,1 copy 38.json,29587
2004,cà chua,cà chua,tomato,Cà chua,high,,1,Salad trái cây: chuối + dưa leo + xà lách + phô mai con bò cười vị dâu + 1 ít sữa đặc,HAS_FIX,1 copy 38.json,29616
2005,nước sốt me,me,tamarind,Nước sốt me,high,,1,Bò sốt phô mai,HAS_FIX,1 copy 38.json,29656
2006,Sốt me sả,sả,lemongrass,"Sốt me, sả",high,,1,Đậu hũ chiên sốt me sả,HAS_FIX,1 copy 38.json,29659
2007,Cốt me muỗng canh hoặc hơn tuỳ độ chua,me,tamarind,Nước cốt me,high,,1,Đậu hũ chiên sốt me sả,HAS_FIX,1 copy 38.json,29661
2008,chục lá chanh non,chanh,lime,Lá chanh,high,,1,"Vào bếp cùng con: thịt lợn gác bếp cuốn rau mọc ven đường Sải Duần, tươi xanh mơn mởn!",HAS_FIX,1 copy 38.json,29675
2009,sa tế tôm,satế,chili satay,Sa tế tôm,high,,1,"Vào bếp cùng con: thịt lợn gác bếp cuốn rau mọc ven đường Sải Duần, tươi xanh mơn mởn!",HAS_FIX,1 copy 38.json,29682
2010,lá quế húng quế,lá,leaves,"Lá quế, húng quế",high,,1,Thịt băm xào lá quế kiểu Thái,HAS_FIX,1 copy 38.json,29684
2011,lá ngò dùng để trang trí,lá,leaves,Lá ngò,high,,1,Nấm Mỡ Kho Sa Tế,HAS_FIX,1 copy 38.json,29723
2012,Nước trộn rau,nước,water,Nước trộn gỏi,high,,1,Rau tần ô trộn,HAS_FIX,1 copy 38.json,29739
2013,chả cá rựa,chả cá,fish cake,Chả cá rựa,high,,1,Canh chua chả cá rựa,HAS_FIX,1 copy 38.json,29748
2014,Dọc mùng cần nước giá đỗ,giá,bean sprouts,"Dọc mùng, cần nước, giá đỗ",high,,1,Bún tôm Quảng Ninh,HAS_FIX,1 copy 38.json,29770
2015,Riềng sả ớt,ớt,chili pepper,"Riềng, sả, ớt",high,,1,Thịt lợn giả cầy không cần mẻ,HAS_FIX,1 copy 38.json,29782
2016,ớt cay nước tương,nước tương,Soy sauce,"Ớt, nước tương",high,,1,Mực hấp nhồi thịt 🦑,HAS_FIX,1 copy 38.json,29792
2017,Sốt tương dầu hành,sốt,sauce,Sốt tương dầu hành,high,,1,🌱 Đậu Hủ Chiên Sốt Tương Dầu Hành Chay (Vegan),HAS_FIX,1 copy 38.json,29794
2018,thịt nạc dê,nạc heo,lean pork,Thịt dê,high,,1,Cháo thịt dê đậu xanh,HAS_FIX,1 copy 38.json,29814
2019,măng lươi,măng,bamboo shoots,Măng tươi,high,Lỗi chính tả 'lươi' thành 'tươi',1,Canh Giò Heo Nấu Măng Tươi,HAS_FIX,1 copy 38.json,29826
2020,cá nục nướng than hoa Nghệ An con,củ nghệ,turmeric root,Cá nục,high,"Nghệ An là địa danh, không phải nghệ",1,Cá nục Nghệ An nướng than hoa sốt cà chua Thanh Hoá,HAS_FIX,1 copy 38.json,29830
2021,Riêu tôm thịt xay sẵn,tôm thẻ loại to,shrimp,"Tôm, thịt xay",high,,1,"Bún Riêu không cần cua vẫn thơm ngon, siêu dễ",HAS_FIX,1 copy 38.json,29843
2022,Súp Lơ,súp,soup,Súp lơ,high,,1,Rau Củ Quả Hầm Kem (Chay),HAS_FIX,1 copy 38.json,29852
2023,Sữa Bò,sữa,milk,Sữa bò,high,,1,Rau Củ Quả Hầm Kem (Chay),HAS_FIX,1 copy 38.json,29854
2024,củ khoai sọ sót lại,khoai mỡ,purple yam,Khoai sọ,high,,1,Gân bò hầm khoai sọ,HAS_FIX,1 copy 38.json,29885
2025,cá bò to,thịt bò,beef,Cá bò,high,,1,Cá bò nướng muối ớt,HAS_FIX,1 copy 38.json,29902
2026,thịt xoay con tôm,tôm thẻ loại to,shrimp,"Thịt xay, tôm",high,,1,Lẩu cua nấu bầu,HAS_FIX,1 copy 38.json,29946
2027,Nấm bào ngư nấm sò,nấm bào ngư,oyster mushroom,"Nấm bào ngư, nấm sò",high,,1,Món chay dễ làm| Gỏi rau má,HAS_FIX,1 copy 38.json,29949
2028,Nước cốt chanh tắc hoặc dấm,chanh,lime,"Nước cốt chanh, tắc, giấm",high,,1,Món chay dễ làm| Gỏi rau má,HAS_FIX,1 copy 38.json,29954
2029,Sốt dầu hào,sốt,sauce,Sốt dầu hào,high,,1,Đậu bắp nhồi thịt sốt dầu hào,HAS_FIX,1 copy 38.json,29960
2030,hạt sen tươi,sen,lotus,Hạt sen tươi,high,,1,Chè táo đỏ nấm tuyết hạt sen mộc nhĩ phổ tai,HAS_FIX,1 copy 38.json,29964
2031,Hành lá Hành tím,hành lá,green onion,"Hành lá, hành tím",high,,1,Nấu canh nấm kim châm siêu ngon cho ngày thanh mát,HAS_FIX,1 copy 38.json,29989
2032,su hào to,su su,chayote,Su hào,high,,1,"Hà xào su hào, rau cần",HAS_FIX,1 copy 38.json,30012
2033,hoa tỏi ba góc onion weed tỏi hoa ng three cornered leek,hành lá,green onion,Hoa tỏi,high,,1,Cá John Dory (Cá Dây Nhật) Nướng Bơ & Hoa Tỏi Ba Góc,HAS_FIX,1 copy 38.json,30022
2034,bột khoai tây bột bắp,Bột (chung),flour,"Bột khoai tây, bột bắp",high,,1,BÒ viên,HAS_FIX,1 copy 38.json,30028
2035,Tương ớt xí muội,ớt,chili pepper,Tương ớt xí muội,high,,1,Cà tím cuộn thịt chiên giòn,HAS_FIX,1 copy 38.json,30070
2036,cá ngừ cá thu,cá thu,mackerel,"Cá ngừ, cá thu",high,,1,Bún Cá Ngừ,HAS_FIX,1 copy 38.json,30071
2037,Quả quất,tắc,kumquat,Quả quất (tắc),high,,1,Cá chìa vôi nướng mọi,HAS_FIX,1 copy 38.json,30078
2038,mỡ gáy heo,thịt heo,pork,Mỡ gáy heo,high,,1,Bún riêu cua tóp mỡ,HAS_FIX,1 copy 38.json,30105
2039,trai dưa tươi lây nươc,dưa,pickles,Nước dừa tươi,high,Lỗi chính tả 'trai dưa',1,Thịt ram,HAS_FIX,1 copy 38.json,30114
2040,dầu mè đen chia lần,Mè (Vừng),sesame seeds,Dầu mè đen,high,,1,Tự làm ruốc tôm ngon hơn hàng!,HAS_FIX,1 copy 38.json,30128
2041,rong biển rắc cơm,cơm,cooked rice,Rong biển,high,,1,Cơm Viên Cá Ngừ Phô Mai,HAS_FIX,1 copy 38.json,30141
2042,Cải,bông cải,broccoli,Rau cải,high,,1,Nui xào bò trứng,HAS_FIX,1 copy 38.json,30162
2043,cu Cà rôthanh lahanh tim,cà tím,eggplant,"Củ cà rốt, hành lá, hành tím",high,Lỗi chính tả,1,Giò sống trộn nấm hương chiên,HAS_FIX,1 copy 38.json,30177
2044,mực lá g,lá,leaves,Mực lá,high,,1,Bún riêu hải sản,HAS_FIX,1 copy 38.json,30179
2045,sốt me,me,tamarind,Sốt me,high,,1,Bún riêu hải sản,HAS_FIX,1 copy 38.json,30189
2046,răm thìa là tỏi gia vị,tỏi,garlic,"Rau răm, thì là, tỏi",high,,1,Bún riêu hải sản,HAS_FIX,1 copy 38.json,30194
2047,tôm sông,tôm thẻ loại to,shrimp,Tôm sông,high,,1,Cá lòng tong và tôm sông kho khô,HAS_FIX,1 copy 38.json,30206
2048,Rau sống rau xà lách tía tô rau húng,rau xà lách,lettuce,Rau sống,high,,1,Cá diêu hồng chiên giòn chấm mắm nêm cá cơm,HAS_FIX,1 copy 38.json,30222
2049,rau rocket,nước,water,Rau rocket,high,,1,Beef & Reef Salad,HAS_FIX,1 copy 38.json,30231
2050,Trái bơ mềm,bơ,butter,Trái bơ,high,,1,Beef & Reef Salad,HAS_FIX,1 copy 38.json,30232
2051,Sốt cà ri Thái đỏ,sốt,sauce,Sốt cà ri đỏ,high,,1,Mực Lá Xào Sốt Cà Ri Thái Đỏ,HAS_FIX,1 copy 38.json,30244
2052,lá chanh hoặc lá lốt,chanh,lime,"Lá chanh, lá lốt",high,,1,Cá bống đồng chiên giòn,HAS_FIX,1 copy 38.json,30291
2053,thịt ba chỉ xay,Thịt băm,Minced pork,Thịt ba chỉ xay,high,,1,Ốc nhồi thịt nướng sả,HAS_FIX,1 copy 38.json,30294
2054,Hành băm,hành tỏi,garlic and onion,Hành tím băm,high,,1,Ốc nhồi thịt nướng sả,HAS_FIX,1 copy 38.json,30295
2055,Giấm táo hoặc giấm gạo,táo,apple,"Giấm táo, giấm gạo",high,,1,SP.0750 - Mực Nhúng Giấm,HAS_FIX,1 copy 38.json,30307
2056,bông Onion weed three cornered leek wild garlic tỏi ba góc tỏi hoang dã,tỏi,garlic,Hoa tỏi ba góc,high,,1,🌱 Canh Đậu Hủ Bông Tỏi Ba Góc (Three-cornered Leek),HAS_FIX,1 copy 38.json,30314
2057,bơ mặn,bơ,butter,Bơ mặn,high,,1,💚 Nấm Bào Ngư & Bơ Mặn Nướng Giấy Bạc (Vegetarian),HAS_FIX,1 copy 38.json,30318
2058,Rau xà lách rau thơm,rau xà lách,lettuce,"Rau xà lách, rau thơm",high,,1,Ram cuốn rau sống (Nem cuốn rau sống),HAS_FIX,1 copy 38.json,30452
2059,Hành ngò lá lốt ngò tây,hành lá,green onion,"Hành, ngò, lá lốt, ngò tây",high,,1,Canh chua thịt bò,HAS_FIX,1 copy 38.json,30472
2060,Cải chíp,cải thìa,bok choy,Cải chíp,high,,1,Cải chíp sốt nấm hương,HAS_FIX,1 copy 38.json,30494
2061,ầu hành lá boa rô,hành lá,green onion,"Đầu hành lá, hành boa rô",high,Lỗi chính tả 'ầu',1,Nấm bào ngư xào giá hẹ (Món chay),HAS_FIX,1 copy 38.json,30503
2062,Mùi tàu ngò gai,ngò gai,culantro,"Mùi tàu, ngò gai",high,,1,Canh bầu tôm nõn,HAS_FIX,1 copy 38.json,30513
2063,Mì trứng cho người ăn,Trứng gà,Chicken Egg,Mì trứng,high,,1,Mì xào bò viên rau củ,HAS_FIX,1 copy 38.json,30516
2064,Rau củ cắt sẵn đông lạnh,rau sống,fresh herbs,Rau củ hỗn hợp,high,,1,Mì xào bò viên rau củ,HAS_FIX,1 copy 38.json,30518
2065,ớt chuông thái lát,ớt,chili pepper,Ớt chuông,high,,1,Mì chùm ngây với nấm & rau củ,HAS_FIX,1 copy 38.json,30528
2066,hải sản tuỳ chọn prefer mực và tôm,tôm thẻ loại to,shrimp,Hải sản,high,,1,Seafood Pasta - 15 phút!,HAS_FIX,1 copy 38.json,30537
2067,mì ý sợi linguine,mì,noodles,Mì Ý Linguine,high,,1,Crab meat linguine,HAS_FIX,1 copy 38.json,30572
2068,Bánh mì sandwich,sandwich,sandwich,Bánh mì sandwich,high,,1,Bánh mì sandwich bọc rau củ,HAS_FIX,1 copy 38.json,30579
2069,bò bằm,thịt bò,beef,Thịt bò băm,high,,1,Bún Trộn Bò Cuốn Lá Lốt Xiên Que Nướng,HAS_FIX,1 copy 38.json,30614
2070,Rau củ dùng kèm tuỳ chọn,rau sống,fresh herbs,Rau củ,high,,1,Bún Trộn Bò Cuốn Lá Lốt Xiên Que Nướng,HAS_FIX,1 copy 38.json,30618
2071,Rau quế,rau thơm,herbs,Rau quế,high,,1,Bún riêu tôm khô,HAS_FIX,1 copy 38.json,30662
2072,rổ rau càng cua to,cua,crab,Rau càng cua,high,,1,Rau càng cua trộn ruốc xào & trứng luộc,HAS_FIX,1 copy 38.json,30683
2073,Móng giò heo sườn heo đuôi heo,sườn heo,pork ribs,"Móng giò, sườn heo, đuôi heo",high,,1,"Khổ qua nhỏ hầm móng, giò, đuôi heo 😋",HAS_FIX,1 copy 38.json,30691
2074,bò kho sốt,sốt,sauce,Xốt bò kho,high,,1,SP.0739 - Phở Bò Kho,HAS_FIX,1 copy 38.json,30704
2075,hũ cà chua sốt,xốt cà chua,tomato sauce,Sốt cà chua,high,,1,SP.0739 - Phở Bò Kho,HAS_FIX,1 copy 38.json,30708
2076,sốt ướp thịt xá xíu,sốt,sauce,Sốt ướp thịt xá xíu,high,,1,SP.0738 - Bún Bì Thịt Khìa,HAS_FIX,1 copy 38.json,30718
2077,Dầu ăn dầu hào dầu mè,Mè (Vừng),sesame seeds,"Dầu ăn, dầu hào, dầu mè",high,,1,SP.0738 - Bún Bì Thịt Khìa,HAS_FIX,1 copy 38.json,30727
2078,Húng thơm húng quế húng lủi,quế,Cinnamon,"Húng thơm, húng quế, húng lủi",high,,1,SP.0738 - Bún Bì Thịt Khìa,HAS_FIX,1 copy 38.json,30729
2079,Gia vị pizza hương thảo lá xô thơm húng tây khô,bánh pizza,pizza,Lá gia vị Ý khô,high,"Gồm hương thảo, húng tây...",1,Pizza đế mỏng kiểu Florence (vị nấm),HAS_FIX,1 copy 38.json,30747
2080,Tôm nõn băm nhuyễn,tôm thẻ loại to,shrimp,Tôm nõn,high,,1,Chả tôm thịt rong biển,HAS_FIX,1 copy 38.json,30758
2081,bắp Ngô nếp tách hạt giã dập,gạo nếp,glutinous rice,Bắp nếp,high,,1,Chả tôm thịt rong biển,HAS_FIX,1 copy 38.json,30761
2082,Bột khoai Tây,Bột (chung),flour,Bột khoai tây,high,,1,Chả tôm thịt rong biển,HAS_FIX,1 copy 38.json,30763
2083,chanh me,chanh,lime,"Chanh, me",high,,1,Canh cá hồi nấu ngót,HAS_FIX,1 copy 38.json,30772
2084,bún gạo lứt,bún,rice vermicelli,Bún gạo lứt,high,,1,Bún cá ngừ gạo lứt,HAS_FIX,1 copy 38.json,30784
2085,thịt heo bò bằm,thịt bò,beef,"Thịt heo, thịt bò băm",high,,1,"Canh su hào, cà rốt, thịt bằm",HAS_FIX,1 copy 38.json,30789
2086,tỏi hành tím băm,tỏi,garlic,"Tỏi, hành tím",high,,1,"Canh su hào, cà rốt, thịt bằm",HAS_FIX,1 copy 38.json,30790
2087,Pha mắm trộn,nước mắm,fish sauce,Nước mắm trộn,high,,1,Rau muống trộn,HAS_FIX,1 copy 38.json,30803
2088,Tôm rảo mỏng vỏ,tôm thẻ loại to,shrimp,Tôm rảo,high,,1,Tôm rang chao lá chanh,HAS_FIX,1 copy 38.json,30812
2089,Thịt nạc vai xay,thịt nạc dăm,pork shoulder,Thịt nạc vai xay,high,,1,Làm thịt xay giả Pate trứng,HAS_FIX,1 copy 38.json,30815
2090,hành củ thái mỏng,Hành,Scallion,Hành củ,high,,1,Làm thịt xay giả Pate trứng,HAS_FIX,1 copy 38.json,30817
2091,Hanh lahanh tim,hành tím,shallot,"Hành lá, hành tím",high,Lỗi chính tả 'Hanh',1,Cà tím cuộn thịt heo xay và giò sống chiên xù,HAS_FIX,1 copy 38.json,30837
2092,qua chanh dây,chanh,lime,Chanh dây,high,,1,Cá hồi xốt chanh dây,HAS_FIX,1 copy 38.json,30865
2093,tim cật heo,thịt heo,pork,Tim cật heo,high,,1,Miến xào tim cật heo,HAS_FIX,1 copy 38.json,30880
2094,súp rau củ cô đặc,viên súp rau củ,vegetable bouillon cube,Súp rau củ cô đặc,high,,1,🌱 Canh Bắp Cải Trắng Hầm Nấm Khô (Vegan),HAS_FIX,1 copy 38.json,30886
2095,Bánh đa nem bánh chả rế,bánh tráng,rice paper,"Bánh đa nem, bánh chả rế",high,,1,Chả nem tôm thịt,HAS_FIX,1 copy 38.json,30904
2096,thịt lợn lạc,đậu phộng,peanut,Thịt heo nạc,high,Lỗi chính tả 'lạc' thành 'nạc',1,Thịt cuốn rau củ tẩm bột rán,HAS_FIX,1 copy 38.json,30905
2097,su hào vừađịnh mua đỗ xanh mà không có hixhix,su su,chayote,Su hào,high,,1,Thịt cuốn rau củ tẩm bột rán,HAS_FIX,1 copy 38.json,30907
2098,Lá tỏi gấu,tỏi,garlic,Lá tỏi gấu,high,,1,🌱 Canh Lá Tỏi Gấu Đậu Hủ (Vegan),HAS_FIX,1 copy 38.json,30916
2099,Sốt truffle ponzu,sốt,sauce,Sốt Truffle Ponzu,high,,1,Cơm Bò Truffle Ponzu,HAS_FIX,1 copy 38.json,30973
2100,dầu nấm truffle,Nấm Truffle,Truffle mushroom,Dầu nấm Truffle,high,,1,Cơm Bò Truffle Ponzu,HAS_FIX,1 copy 38.json,30976
2101,nước tương nhật kikkoman,nước,water,Nước tương Nhật,high,,1,Cơm Bò Truffle Ponzu,HAS_FIX,1 copy 29.json,30978
2102,húng quế tây basil,Mè (Vừng),sesame seeds,Húng quế Tây,high,Basil là húng quế Tây,1,Cua Đi Picnic,HAS_FIX,1 copy 29.json,30995
2103,cá thu trứng,cá,fish,Cá thu Nhật có trứng,high,Loại cá thu có trứng bên trong,1,Cá thu trứng Nhật kho khô,HAS_FIX,1 copy 29.json,31002
2104,tôm tầm,tôm thẻ loại to,shrimp,Tôm,medium,Tôm tầm thường là cách gọi loại tôm nhỏ,1,Cháo tôm cùng cà rốt,HAS_FIX,1 copy 29.json,31013
2105,dâu hao chay,chay,vegetarian,Dầu hào chay,high,Lỗi gõ 'dâu' thay cho 'dầu',1,Rau củ kho chay,HAS_FIX,1 copy 29.json,31123
2106,tôm tươi bóc vỏ,tôm thẻ loại to,shrimp,Tôm tươi,high,,1,"Nấm đông cô xào cải thảo, tôm",HAS_FIX,1 copy 29.json,31148
2107,Nước xương hầm sao cho còn đúng l Nếu cạn thì châm cho đủ l,nước,water,Nước dùng xương,high,,1,"Nui xương, nui thịt bằm ăn sáng",HAS_FIX,1 copy 29.json,31187
2108,cá trèn,cá ngạnh,catfish,Cá trèn,high,,1,Cá trèn chiên giòn,HAS_FIX,1 copy 29.json,31224
2109,gram thịt mỡ lẫn ít nạc,nạc heo,lean pork,Thịt mỡ,high,,1,Chả cá mực,HAS_FIX,1 copy 29.json,31236
2110,cá điêu hồng khoảng khoanh,cá hồng,snapper,Cá điêu hồng,high,,1,Cá điêu hồng kho lạt,HAS_FIX,1 copy 29.json,31250
2111,thìa là hành lá,hành lá,green onion,,,,1,Chả cá trắm thìa là ăn dặm cho bé 7m,MISSING,MISSING,31274
2112,Xà lách gr,bún,rice vermicelli,Rau xà lách,high,,1,Xà Lách Trộn Thịt Bò,HAS_FIX,1 copy 29.json,31275
2113,lá húng quế trắng,lá,leaves,Lá húng quế trắng,high,Còn gọi là lá é,1,Canh Đu Đủ Nấu Thịt Bằm,HAS_FIX,1 copy 29.json,31303
2114,mì rau củ,lá mì,cassava leaves,Mì rau củ,high,,1,Mì Rau Củ Chay 🥦🥕,HAS_FIX,1 copy 29.json,31312
2115,cá chim lây phân đuôi,cá chim,pomfret,Đuôi cá chim,high,Lỗi gõ 'lây phân' là 'lấy phần',1,Cá chim chiên giòn,HAS_FIX,1 copy 29.json,31322
2116,gia vị cà ri,gia vị,seasoning,Bột cà ri,high,,1,Lạ miệng với món lợn sốt vang,HAS_FIX,1 copy 29.json,31335
2117,khoảng thìa café bột rau câu dẻo,Bột (chung),flour,Bột rau câu dẻo,high,,1,Flan rau câu không cần hấp,HAS_FIX,1 copy 29.json,31348
2118,Rau thơm như húng bạc hà húng Hà Nội rau mùi ta,bạc hà,mint,Rau thơm,high,,1,Salad xoài rau xanh dầu dấm,HAS_FIX,1 copy 29.json,31356
2119,Tỏi dầu,tỏi,garlic,Tỏi và dầu ăn,high,,1,Đậu nưa xào bông cải đậu bắp thịt bằm,HAS_FIX,1 copy 29.json,31388
2120,cá rô bí,bí ngòi vàng,yellow zucchini,Cá rô bí,high,Cá rô con,1,Cá Rô Bí Kho Tiêu,HAS_FIX,1 copy 29.json,31393
2121,hỗn hợp hành tím tỏi gừng băm nhuyễn,tỏi,garlic,"Hành tím, tỏi, gừng",high,,1,Thịt Heo Xào Cải Xá Bấu,HAS_FIX,1 copy 29.json,31401
2122,cá nhồng đã nạo,cá nhòng,anchovy,Thịt cá nhồng nạo,high,,1,Canh chua chả cá nhồng,HAS_FIX,1 copy 29.json,31403
2123,cá măng g,măng,bamboo shoots,Cá măng,high,,1,Cá Măng Chiên Giòn,HAS_FIX,1 copy 29.json,31408
2124,Rau mầm đá,rau mầm,microgreens,Rau mầm đá,high,,1,Mầm đá xào nấm đông cô,HAS_FIX,1 copy 29.json,31425
2125,tai to Nấm đông cô tươi,nấm hương,shiitake mushroom,Nấm đông cô tươi,high,,1,Mầm đá xào nấm đông cô,HAS_FIX,1 copy 29.json,31426
2126,sợi bánh canh,bánh,cake,Sợi bánh canh,high,,1,Bánh canh cá lóc chả cua,HAS_FIX,1 copy 29.json,31449
2127,Cần tây cần tàu,cần tây,celery,Cần tây và cần tàu,high,,1,Món chay dễ làm | Hủ tiếu nấm,HAS_FIX,1 copy 29.json,31502
2128,củ đậu củ sắn,củ đậu,jicama,Củ đậu,high,Củ sắn là tên miền Nam của củ đậu,1,Món chay dễ làm | Hủ tiếu nấm,HAS_FIX,1 copy 29.json,31506
2129,chả lá,lá,leaves,Chả lụa,medium,Chả lá có thể là chả gói lá chuối,1,Bún mắm nêm thịt quay,HAS_FIX,1 copy 29.json,31509
2130,Rau thơm xà lách,rau xà lách,lettuce,Rau thơm và xà lách,high,,1,Bún mắm nêm thịt quay,HAS_FIX,1 copy 29.json,31511
2131,Bò bằm,thịt bò,beef,Thịt bò băm,high,,1,Sandwich bò bằm,HAS_FIX,1 copy 29.json,31526
2132,chà bông heo,thịt heo,pork,Chà bông heo,high,,1,Đậu hũ non chiên chà bông,HAS_FIX,1 copy 29.json,31537
2133,xốt majonnaise,sốt,sauce,Sốt Mayonnaise,high,,1,Đậu hũ non chiên chà bông,HAS_FIX,1 copy 29.json,31540
2134,lá nem bánh tráng,bánh tráng,rice paper,Bánh tráng,high,,1,Cá kho chay,HAS_FIX,1 copy 29.json,31543
2135,su hào thái con chì,su su,chayote,Su hào,high,,1,Canh thịt viên (món canh chung cho các loại rau củ),HAS_FIX,1 copy 29.json,31554
2136,Tinh bột khoai tây,Bột (chung),flour,Tinh bột khoai tây,high,,1,Nui Xào Bò - Ướp Bò Mềm và Sốt Xào,HAS_FIX,1 copy 29.json,31592
2137,củ hành trắng nhỏ,Hành,Scallion,Hành tây trắng,high,,1,Cá bơn - halibut hấp tương hột,HAS_FIX,1 copy 29.json,31608
2138,thịt lợn sữa ngon lượng mỡ vừa phải đỡ ngấy,thịt heo,pork,Thịt lợn sữa,high,,1,Thịt lợn sữa nướng cháy cạnh nckd,HAS_FIX,1 copy 29.json,31616
2139,Chả cá thác lác,chả cá,fish cake,Chả cá thác lác,high,,1,Chả cá thác lác rim,HAS_FIX,1 copy 29.json,31621
2140,Nước ép lá dứa,dứa,pineapple,Nước cốt lá dứa,high,Lá dứa để tạo mùi thơm,1,Thạch rau câu sợi lá dứa – cốt dừa – café,HAS_FIX,1 copy 29.json,31652
2141,Nước tương Maggi thanh dịu,nước,water,Nước tương,high,,1,Nấm nướng giấy bạc eat clean,HAS_FIX,1 copy 29.json,31669
2142,chanh quất,chanh,lime,Chanh và quất,high,,1,Da heo bóp,HAS_FIX,1 copy 29.json,31697
2143,Thịt gà lóc xương,xương gà,chicken bones,Thịt gà lọc xương,high,,1,Thịt gà sốt nước tương,HAS_FIX,1 copy 29.json,31748
2144,Sốt ướp thịt,sốt,sauce,Sốt ướp thịt,high,,1,Thịt ba chỉ nướng ngũ vị hương,HAS_FIX,1 copy 29.json,31754
2145,dầu điều nhà làm,hạt điều,cashew,Dầu màu điều,high,,1,Thịt ba chỉ nướng ngũ vị hương,HAS_FIX,1 copy 29.json,31755
2146,bột ngũ vị hương gói hiệu con Nai Vàng,Bột (chung),flour,Bột ngũ vị hương,high,,1,Thịt ba chỉ nướng ngũ vị hương,HAS_FIX,1 copy 29.json,31756
2147,dâu hào,dầu hào,oyster sauce,Dầu hào,high,Lỗi gõ 'dâu',1,Mực ống xào mướp và nấm bào ngư,HAS_FIX,1 copy 29.json,31763
2148,xúp mì tôm,xúp mì,noodle soup,Gói gia vị mì tôm,high,Xúp ở đây là gói gia vị,1,Cá trắm chiên giòn,HAS_FIX,1 copy 29.json,31795
2149,cá chim lây phân đâu cá,cá chim,pomfret,Đầu cá chim,high,Lỗi gõ 'lây phân đâu' là 'lấy phần đầu',1,Canh cá chim nấu cà chua,HAS_FIX,1 copy 29.json,31796
2150,nước ép lê hoặc nước ép táo cam nước Coca,táo,apple,Nước ép hoa quả,high,,1,Sườn Heo Nướng,HAS_FIX,1 copy 29.json,31815
2151,đậu phụ g,đậu hũ,tofu,Đậu phụ,high,,1,두부강정 (đậu phụ sốt tương cà),HAS_FIX,1 copy 29.json,31828
2152,cật heo tươi,thịt heo,pork,Cật heo,high,,1,Mì Cật Bò Viên,HAS_FIX,1 copy 29.json,31835
2153,khô cá ngộ nướng,cá ngộ,mullet (small-scale),Khô cá ngộ,high,,1,Mì Cật Bò Viên,HAS_FIX,1 copy 29.json,31841
2154,thịt heo quay,thịt heo,pork,Thịt heo quay,high,,1,Thịt heo quay kho chao,HAS_FIX,1 copy 29.json,31879
2155,khoai sáp vàng đã gọt sạch,khoai lang,sweet potato,Khoai sáp,high,,1,Thịt heo quay kho chao,HAS_FIX,1 copy 29.json,31881
2156,nạm bò và gân,nạm bò,beef brisket,Nạm bò và gân bò,high,,1,"Nạm bò, gân bò hầm",HAS_FIX,1 copy 29.json,31900
2157,nguyệt quế,quế,Cinnamon,Lá nguyệt quế,high,Bay leaf,1,"Nạm bò, gân bò hầm",HAS_FIX,1 copy 29.json,31909
2158,sốt cà pasta của,nui,pasta,Sốt cà chua,high,Sốt cà dùng cho pasta,1,Mý Ý Thịt Viên Sốt Cà Chuẩn Từ Đầu Bếp Trưởng Vùng Sicily Ý,HAS_FIX,1 copy 29.json,31976
2159,Rau củ nướng,rau tạp,mixed greens,Rau củ,high,,1,Thịt Nướng Hàn Quốc,HAS_FIX,1 copy 29.json,31996
2160,Rau xà lách dưa leo cà rốt lá mè,rau sống,fresh herbs,Rau sống tổng hợp,high,,1,Thịt Nướng Hàn Quốc,HAS_FIX,1 copy 29.json,32005
2161,Kẹp gắp kéo cắt cọ quét,cọ,palm fruit,,low,Đây là dụng cụ nấu ăn,1,Thịt Nướng Hàn Quốc,UNCERTAIN,1 copy 29.json,32009
2162,t sừng giá rau sống,giá,bean sprouts,"Ớt sừng, giá, rau sống",high,Lỗi gõ 't sừng',1,Bún bò xào Phan thiết,HAS_FIX,1 copy 29.json,32018
2163,cải và cà rốt,cà rốt,carrot,Rau cải và cà rốt,high,,1,Bún bò xào Phan thiết,HAS_FIX,1 copy 29.json,32019
2164,mắm tôm nguyên chất,nước mắm,fish sauce,Mắm tôm,high,,1,Chả cá Lã Vọng với cá basa,HAS_FIX,1 copy 29.json,32036
2165,chanh không hạt,chanh,lime,Chanh không hạt,high,,1,Chả cá Lã Vọng với cá basa,HAS_FIX,1 copy 29.json,32038
2166,ô bánh mì,bánh mì,bread,Ổ bánh mì,high,,1,Sườn heo nấu đậu,HAS_FIX,1 copy 29.json,32051
2167,gan vịt béo fois gras de canard,thịt vịt,duck,Gan vịt béo,high,,1,Đĩa phô mai thịt nguội ăn chơi,HAS_FIX,1 copy 29.json,32060
2168,Gà tôm mực mỗi loại,tôm thẻ loại to,shrimp,"Thịt gà, tôm, mực",high,,1,"Gà, tôm, mực chiên xù 🍗🦐🦑",HAS_FIX,1 copy 29.json,32064
2169,Dầu dấm,dấm,vinegar,Nước sốt dầu giấm,high,,1,Rau Càng Cua Trộn Cá Mòi,HAS_FIX,1 copy 29.json,32100
2170,ậu nưa,nước,water,Đậu nưa,high,Lỗi gõ 'ậu' là 'đậu',1,Đậu nưa trộn thịt bằm sốt bbq,HAS_FIX,1 copy 29.json,32127
2171,Hành củ hành lá ngò,hành lá,green onion,Hành và ngò,high,,1,Mực ống xào,HAS_FIX,1 copy 29.json,32136
2172,Sốt tỏi ô liu,tỏi,garlic,Sốt tỏi ô liu,high,,1,Đĩa phô mai thịt nguội với bánh mì chua và sốt chấm tỏi ô liu,HAS_FIX,1 copy 29.json,32155
2173,Mắm hành,nước mắm,fish sauce,Mắm hành,high,,1,Đậu Hũ Chiên Chà Bông Mắm Hành,HAS_FIX,1 copy 29.json,32162
2174,Tôm càng,tôm thẻ loại to,shrimp,Tôm càng,high,,1,Gỏi Củ Cải Tôm Càng Nướng,HAS_FIX,1 copy 29.json,32208
2175,men dinh dưỡng tuỳ chọn,men,yeast,Men dinh dưỡng,high,Nutritional yeast,1,Chả nấm rau củ,HAS_FIX,1 copy 29.json,32220
2176,nấm đông cô khô ngâm nở,nấm hương,shiitake mushroom,Nấm đông cô khô,high,,1,Cải Thìa Nấm Đông Cô Xào Dầu Hào,HAS_FIX,1 copy 29.json,32249
2177,lá tàu hủ ki chiên giòn bóp nhỏ,lá,leaves,Tàu hũ ki,high,,1,Bánh Bột Lọc Nấm Chay,HAS_FIX,1 copy 29.json,32265
2178,nước cốt lá dứa,dứa,pineapple,Nước cốt lá dứa,high,,1,RAU CÂU lá dứa-sữa dừa-cà phê,HAS_FIX,1 copy 29.json,32293
2179,nước cafe đen đậm đặc,nước,water,Nước cà phê đen,high,,1,RAU CÂU lá dứa-sữa dừa-cà phê,HAS_FIX,1 copy 29.json,32295
2180,tôm đất hấp chín,tôm thẻ loại to,shrimp,Tôm đất,high,,1,Gỏi Bạc Hà Tôm Đất,HAS_FIX,1 copy 29.json,32311
2181,lon cream soda,kem,cream,Nước ngọt Cream Soda,high,,1,"Bò sốt vang, cream soda",HAS_FIX,1 copy 29.json,32321
2182,Rau mùi tàu mùi ta ngò rí ngò gai,rau ngò rí,coriander leaves,Hỗn hợp ngò,high,Gồm ngò rí và ngò gai,1,Chả ngô nấm (ver.2),HAS_FIX,1 copy 29.json,32378
2183,Nước ngâm chua ngọt,nước,water,Nước ngâm chua ngọt,high,,1,DƯA đầu heo chua ngọt,HAS_FIX,1 copy 29.json,32399
2184,giấm ăn giấm nuôi giấm gạo,gạo,rice,Giấm,high,,1,DƯA đầu heo chua ngọt,HAS_FIX,1 copy 29.json,32400
2185,tôm đã lột vỏ,tôm thẻ loại to,shrimp,Tôm,high,,1,Chả cá lòng tong,HAS_FIX,1 copy 29.json,32426
2186,Nước luộc chân giò thảo mộc,giò,pork sausage,Nước dùng thảo mộc,high,,1,Mỳ chân giò / mỳ bò thảo mộc,HAS_FIX,1 copy 29.json,32431
2187,Chân giò hầm thảo mộc thịt bò tươi,thịt bò,beef,Chân giò và thịt bò,high,,1,Mỳ chân giò / mỳ bò thảo mộc,HAS_FIX,1 copy 29.json,32434
2188,bông chuối,chuối,banana,Bắp chuối,high,Lỗi gõ 'bông chuối',1,"Salad bông chuối, cải mầm ngọt, và cá hồi",HAS_FIX,1 copy 29.json,32440
2189,cải mầm ngọt,cải ngọt,choy sum,Rau cải mầm,high,,1,"Salad bông chuối, cải mầm ngọt, và cá hồi",HAS_FIX,1 copy 29.json,32441
2190,Dầu ăn hoặc bơ ghee,bơ,butter,Dầu ăn hoặc bơ Ghee,high,,1,Cà Ri Cá Ngừ Hộp Masala,HAS_FIX,1 copy 29.json,32473
2191,bột gia vị Masala,Bột (chung),flour,Bột Masala,high,,1,Cà Ri Cá Ngừ Hộp Masala,HAS_FIX,1 copy 29.json,32475
2192,Rau thơm các loại rau răm húng quế,rau răm,vietnamese coriander,Rau thơm,high,,1,Nộm (Gỏi) Hoa Chuối Tôm Thịt,HAS_FIX,1 copy 29.json,32528
2193,Thịt heo đầu rồng,thịt heo,pork,Thịt heo đầu rồng,high,Phần thịt nằm ở đầu miếng thăn,1,Thịt Xiên Nướng,HAS_FIX,1 copy 29.json,32567
2194,sả hành tỏi riềng,tỏi,garlic,Gia vị sả hành tỏi,high,,1,Thịt Xiên Nướng,HAS_FIX,1 copy 29.json,32569
2195,sốt mì bolognese,sốt,sauce,Sốt Bolognese,high,,1,Mì Ý ớt chuông + hành tây + cá basa,HAS_FIX,1 copy 29.json,32583
2196,đầu hành boa rô băm nhỏ,Tỏi tây (Hành Boaro),leek,Đầu hành boa rô,high,,1,Bò Bía Chay,HAS_FIX,1 copy 29.json,32595
2197,ồ chua củ cải cà rốt ngâm chua ngọt,cà chua,tomato,Đồ chua,high,Lỗi gõ 'ồ chua',1,Bò Bía Chay,HAS_FIX,1 copy 29.json,32596
2198,Bột Nghệ,Bột (chung),flour,Bột nghệ,high,,1,Salmon with whipping cream sauce (cá hồi sốt kem tươi),HAS_FIX,1 copy 29.json,32610
2199,Sa tế sò điệp,satế,chili satay,Sa tế sò điệp,high,,1,Tôm chiên sauce sa tế sò điệp,HAS_FIX,1 copy 29.json,32634
2200,Rau củ gồm,rau sống,fresh herbs,Rau củ,high,,1,Canh soup nấu thịt gà,HAS_FIX,1 copy 29.json,32639
2201,Dầu điều có thể thay dầu ăn,hạt điều,cashew,Dầu màu điều,high,,1,Thịt ba rọi xá xíu,HAS_FIX,1 copy 21.json,32673
2202,Kem wheeping,kem,cream,Kem whipping,high,Tên chuẩn là Whipping cream,1,Mỳ ý thịt xông khói sốt kem thơm béo !!!,HAS_FIX,1 copy 21.json,32678
2203,rau basil khô hoặc rau ngò,Mè (Vừng),sesame seeds,Lá húng tây hoặc ngò,high,Basil là húng tây,1,Mỳ ý thịt xông khói sốt kem thơm béo !!!,HAS_FIX,1 copy 21.json,32679
2204,Rau sống xà lách rau thơm,rau xà lách,lettuce,"Rau sống, xà lách, rau thơm",high,,1,Bì Cuốn Nấm Chay,HAS_FIX,1 copy 21.json,32696
2205,con tôm lớn,tôm thẻ loại to,shrimp,Tôm lớn,high,,1,Bún khế chả cá,HAS_FIX,1 copy 21.json,32701
2206,nấm đông cô ngâm nở,nấm hương,shiitake mushroom,Nấm đông cô,high,,1,Bún khế chả cá,HAS_FIX,1 copy 21.json,32703
2207,Làm bột cái bánh bò,Bột (chung),flour,Bột cái bánh bò,high,Phần men mồi để làm bánh bò,1,Bánh BÒ nướng chảo,HAS_FIX,1 copy 21.json,32708
2208,Dâu ăndâu haohat nêmtiêuđươngtỏihanh lá,lá,leaves,"Dầu ăn, dầu hào, gia vị, hành lá",high,Chuỗi từ viết dính nhau,1,Thịt bò xào súp lơ xanh,HAS_FIX,1 copy 21.json,32730
2209,cá nục hấp,cá nục,mackerel,Cá nục hấp,high,,1,Cá Nục Hấp Kho Cà Bằng Nồi Áp Suất,HAS_FIX,1 copy 21.json,32735
2210,Tinh bột bắp,Bột (chung),flour,Tinh bột bắp,high,,1,KHOAI TÂY CUỘN TÔM - st mẹ Bún,HAS_FIX,1 copy 21.json,32815
2211,thìa cafe dầu mè,Mè (Vừng),sesame seeds,Dầu mè,high,,1,Ruốc nấm đùi gà chay,HAS_FIX,1 copy 21.json,32842
2212,thìa cafe dầu hào chay tạo màu vàng đẹp,chay,vegetarian,Dầu hào chay,high,,1,Ruốc nấm đùi gà chay,HAS_FIX,1 copy 21.json,32843
2213,sốt bơ đậu,sốt,sauce,Sốt bơ đậu phộng,high,,1,Đậu hũ chiên giòn chấm sốt bơ đậu phộng,HAS_FIX,1 copy 21.json,32849
2214,cà rôt mini,cà tím,eggplant,Cà rốt mini,high,,1,Bánh canh gà và nấm,HAS_FIX,1 copy 21.json,32853
2215,lòng heo tim gan cật,thịt heo,pork,"Lòng, tim, gan, cật heo",high,,1,Lòng Heo Xào Thập Cẩm,HAS_FIX,1 copy 21.json,32861
2216,bột canh tùy sở thích,Bột (chung),flour,Bột canh,high,,1,Lòng Heo Xào Thập Cẩm,HAS_FIX,1 copy 21.json,32872
2217,nước mía,mía,sugarcane,Nước mía,high,,1,Cá Ngừ Kho Thịt,HAS_FIX,1 copy 21.json,32879
2218,chả mực,chả,sausage,Chả mực,high,,1,Bún cua chả mực ăn sáng,HAS_FIX,1 copy 21.json,32902
2219,Bánh đa gạo lứt tuỳ ăn nhiều ít,bánh phở,pho noodles,Bánh đa gạo lứt,high,,1,Bánh đa gạo lứt nấu đậu hũ non,HAS_FIX,1 copy 21.json,32915
2220,chả mực hoặc mực viên,thịt viên,meatballs,Chả mực hoặc mực viên,high,,1,Súp nấm hương rau củ thịt nguội,HAS_FIX,1 copy 21.json,32927
2221,thìa canh bột canh,Bột (chung),flour,Bột canh,high,,1,Cá cơm chay (cá ruội chay) rim mặn ngọt,HAS_FIX,1 copy 21.json,32940
2222,mực lá lớn hoặc mực nang mực ống lớn nhỏ gì cũng được tuỳ lượng người dùng,lá,leaves,Mực lá hoặc mực nang,high,,1,Mực Lá Xào Hành Tây,HAS_FIX,1 copy 21.json,32947
2223,Mắm cô gái thái,nước mắm,fish sauce,Mắm cá cơm Thái,high,Thương hiệu mắm Thái nổi tiếng,1,Somtum Mực - Gỏi đu đủ mắm Thái + Mực,HAS_FIX,1 copy 21.json,32964
2224,Mướp đắng,mướp,luffa,Khổ qua,high,Mướp đắng là khổ qua,1,Somtum Mực - Gỏi đu đủ mắm Thái + Mực,HAS_FIX,1 copy 21.json,32966
2225,hành lớn hoặc củ nhỏ,Hành,Scallion,Hành tây hoặc hành tím,medium,"Hành lớn (tây), củ nhỏ (tím)",1,Cá Hồi Áp Chảo Sốt Kem Nấm Fake Healthy,HAS_FIX,1 copy 21.json,32969
2226,men loại instant men khô không cần kích hoạt,cần tây,celery,Men nở Instant,high,,1,Bánh mì mềm cuộn thịt,HAS_FIX,1 copy 21.json,32977
2227,Súp lơ,bông cải,broccoli,Bông cải,high,Súp lơ là bông cải,1,Mực mai (mực nang) xào súp lơ xanh,HAS_FIX,1 copy 21.json,33000
2228,Cần tây tỏi tươi,tỏi,garlic,"Cần tây, tỏi",high,,1,Mực mai (mực nang) xào súp lơ xanh,HAS_FIX,1 copy 21.json,33004
2229,đỏ,Trứng gà,Chicken Egg,Lòng đỏ trứng muối,high,Dựa vào món Tôm sốt trứng muối,1,Tôm sốt trứng muối,HAS_FIX,1 copy 21.json,33010
2230,giò chả hoặc cái xúc xích,giò,pork sausage,Giò chả hoặc xúc xích,high,,1,"Cơm rang trứng Dương Châu | nhiều rau củ, tốt cho sức khỏe",HAS_FIX,1 copy 21.json,33045
2231,thịt băm chay,chay,vegetarian,Thịt băm chay,high,,1,Bún gạo lức xào bò tôm mực (CHAY),HAS_FIX,1 copy 21.json,33159
2232,tôm chay,tôm,shrimp,Tôm chay,high,,1,Bún gạo lức xào bò tôm mực (CHAY),HAS_FIX,1 copy 21.json,33160
2233,bún gạo lức khô,bún,rice vermicelli,Bún gạo lứt khô,high,,1,Bún gạo lức xào bò tôm mực (CHAY),HAS_FIX,1 copy 21.json,33167
2234,cộng đỗ cu ve,đậu que,green beans,Đậu que,high,Cộng đỗ cu ve là đậu que,1,Bún gạo lức xào bò tôm mực (CHAY),HAS_FIX,1 copy 21.json,33168
2235,Rau xà lách rau mùi thơm,rau xà lách,lettuce,"Xà lách, rau mùi",high,,1,Bún gạo lức xào bò tôm mực (CHAY),HAS_FIX,1 copy 21.json,33169
2236,gân bò đã luộc chín,thịt bò,beef,Gân bò,high,,1,Dưa Chua Kho Gân Bò,HAS_FIX,1 copy 21.json,33179
2237,tôm càng sông,tôm thẻ loại to,shrimp,Tôm càng sông,high,,1,Tôm Càng Sốt Trứng Muối,HAS_FIX,1 copy 21.json,33187
2238,dạ dày heo g,thịt heo,pork,Dạ dày heo,high,,1,Vào bếp cùng con: phá lấu lòng heo đơn giản,HAS_FIX,1 copy 21.json,33222
2239,Hải sản tôm mực thanh cua,cua,crab,Hải sản,high,"Tôm, mực, thanh cua",1,Trứng hấp hải sản,HAS_FIX,1 copy 21.json,33242
2240,dầu đậu nành,đậu nành,soybeans,Dầu đậu nành,high,,1,Bún chả cá chay,HAS_FIX,1 copy 21.json,33262
2241,Súp lơ lấy phần vừa ăn thui nha,súp,soup,Bông cải,high,,1,Mì xào trứng rau củ,HAS_FIX,1 copy 21.json,33275
2242,bắp hoa,nước,water,Bắp bò hoa,high,,1,Phở Bắp Bò,HAS_FIX,1 copy 21.json,33282
2243,cá mờm,cá cơm,anchovy,Cá mờm,high,,1,Trứng chiên cá mờm,HAS_FIX,1 copy 21.json,33294
2244,nước nắm,nước,water,Nước mắm,high,Lỗi gõ phím 'nắm' -> 'mắm',1,Thịt ram,HAS_FIX,1 copy 21.json,33303
2245,rau ngũ gia bì,rau sống,fresh herbs,Rau ngũ gia bì,high,,1,Rau ngũ gia bì xào trứng,HAS_FIX,1 copy 21.json,33305
2246,lá vón vén,rau vón,herb,Lá vón vén,high,Lá chua rừng thường nấu vó bò,1,Vó bò hầm lá vón vén,HAS_FIX,1 copy 21.json,33311
2247,Lòng trắng trứng gà,Trứng gà,Chicken Egg,Lòng trắng trứng,high,,1,Tôm Sốt Trái Thơm Mayonaise,HAS_FIX,1 copy 21.json,33317
2248,Giò heo,thịt heo,pork,Giò heo,high,,1,Bánh canh cua giò heo,HAS_FIX,1 copy 21.json,33337
2249,Vài con tôm bóc vỏ,tôm thẻ loại to,shrimp,Tôm bóc vỏ,high,,1,Bánh canh cua giò heo,HAS_FIX,1 copy 21.json,33339
2250,bỗng rượu,rượu,cooking wine,Hỗng rượu,high,Bỗng rượu dùng nấu canh chua,1,Canh Cá Chua,HAS_FIX,1 copy 21.json,33355
2251,thìa cafe dầu hào chay,chay,vegetarian,Dầu hào chay,high,,1,Cải thìa xào nấm hương,HAS_FIX,1 copy 21.json,33370
2252,bột báng ngâm nởluộc chín rửa sạch,Bột (chung),flour,Bột báng,high,,1,Súp cua trân châu,HAS_FIX,1 copy 21.json,33382
2253,Vỏ bánh đậu xanh cuốn chả giò Tìm mua dễ dàng tại các cửa hàng tạp hoá Giá giao động kbịch Mua bịch là đủ,đậu xanh,mung beans,Bánh tráng đậu xanh,high,Loại vỏ gói chả giò,1,Chả giò tôm thịt béo thơm đơn giản ❤️,HAS_FIX,1 copy 21.json,33413
2254,lá Lá rong biển cuốn cơm,cơm,cooked rice,Rong biển cuộn cơm,high,,1,Kimbap Cá Ngừ Ngâm Dầu,HAS_FIX,1 copy 21.json,33459
2255,tỏi tây,tỏi,garlic,Tỏi tây,high,Hành baro,1,Thịt bò dần xào dứa,HAS_FIX,1 copy 21.json,33471
2256,Hương Thảo,lá hương thảo,rosemary,Lá hương thảo,high,,1,Cá Diêu Hồng hấp không ướp gia vị,HAS_FIX,1 copy 21.json,33477
2257,mì gói không lấy các gói gia vị,gia vị,seasoning,Mì gói,high,,1,Mì Gói Xào Nấm Rơm Sốt Dầu Hào,HAS_FIX,1 copy 21.json,33487
2258,ớp cá,gia vị,seasoning,Gia vị ướp cá,medium,Lỗi gõ phím 'ớp' -> 'ướp',1,Cá hú kho khô,HAS_FIX,1 copy 21.json,33507
2259,tỏi hành bằm nhỏ,tỏi,garlic,"Tỏi, hành băm",high,,1,Cá hú kho khô,HAS_FIX,1 copy 21.json,33509
2260,rau mùi mùi tàu,ngò gai,culantro,"Ngò rí, ngò gai",high,"Rau mùi (ngò rí), mùi tàu (ngò gai)",1,"Đậu phụ nhồi rau, nấm sốt cà chua",HAS_FIX,1 copy 21.json,33537
2261,hoăc muông muôi tôm,Tôm muối,Salted shrimp,Muối tôm,high,Lỗi gõ phím 'muông muôi' -> 'muỗng muối',1,Thơm Thái lắc muối tôm 🍍🍍🍍,HAS_FIX,1 copy 21.json,33542
2262,bìa đậu hủ,đậu khuôn trắng lớn hoặc bìa đậu nhỏ,tofu,Đậu hũ bìa,high,,1,Đậu hủ nhồi thịt sốt cà,HAS_FIX,1 copy 21.json,33581
2263,cá rô,cá rô phi,tilapia,Cá rô đồng,high,Phân biệt với rô phi,1,Cá rô chiên giòn,HAS_FIX,1 copy 21.json,33637
2264,Gạo lứt đỏ,gạo,rice,Gạo lứt đỏ,high,,1,Tôm rang gạo lứt cải thìa chả cá,HAS_FIX,1 copy 21.json,33641
2265,Tôm đất nguyên vỏ,tôm thẻ loại to,shrimp,Tôm đất,high,,1,Tôm rang gạo lứt cải thìa chả cá,HAS_FIX,1 copy 21.json,33644
2266,tép tỏi khô,tỏi,garlic,Tép tỏi,high,,1,Canh rau muống nấu ghẹ,HAS_FIX,1 copy 21.json,33649
2267,ớt chuông vàng cam đỏ,ớt,chili pepper,Ớt chuông,high,,1,Thịt Bò Xào Ớt Trái Cây,HAS_FIX,1 copy 21.json,33652
2268,Màu cốt dừa g bột gạo,Bột (chung),flour,"Nước cốt dừa, bột gạo",high,,1,Bánh da lợn nước cốt dừa,HAS_FIX,1 copy 21.json,33658
2269,su hào nhỏ,su su,chayote,Su hào,high,,1,Rau củ xào giò nấm chay,HAS_FIX,1 copy 21.json,33673
2270,trái ớt chuông,ớt,chili pepper,Ớt chuông,high,,1,Rau củ xào giò nấm chay,HAS_FIX,1 copy 21.json,33674
2271,Nươc mămtoiơt chanh,chanh,lime,Nước mắm tỏi ớt,high,Nước chấm bánh xèo,1,"Bánh xèo tôm,thịt, mực và trứng cút",HAS_FIX,1 copy 21.json,33726
2272,boaro,nấm mèo,wood ear mushroom,Hành baro,high,Boaro là tỏi tây/hành baro,1,"Miến xào măng, nấm",HAS_FIX,1 copy 21.json,33731
2273,Màu sắc Bột nghệ dầu điều,Bột (chung),flour,"Bột nghệ, dầu điều",high,,1,Bún cá trộn Thái Bình,HAS_FIX,1 copy 21.json,33738
2274,hành lá rau mùi,hành lá,green onion,"Hành lá, ngò rí",high,Rau mùi là ngò rí,1,Viên đậu hũ xúc xích,HAS_FIX,1 copy 21.json,33749
2275,tương ớt chua ngọt cholimex,ớt,chili pepper,Tương ớt chua ngọt,high,,1,Cá diêu hồng phi lê chiên giòn sốt chua ngọt,HAS_FIX,1 copy 21.json,33763
2276,cá ngư đai dương,cá ngừ,tuna,Cá ngừ đại dương,high,,1,Cá ngừ đại dương chiên,HAS_FIX,1 copy 21.json,33886
2277,muông cafe nươc côt chanh,chanh,lime,Nước cốt chanh,high,,1,Cá ngừ đại dương chiên,HAS_FIX,1 copy 21.json,33893
2278,thịt bò khô,thịt bò,beef,Thịt bò khô,high,,1,"Nhập môn Mỳ ăn liền căn bản với thịt, trứng, khoai, rau,",HAS_FIX,1 copy 21.json,33910
2279,nhỏ lá hẹ,lá,leaves,Lá hẹ,high,,1,Bánh Xếp Mandu Nhân Thịt & Kim Chi Cay Chiên Nước,HAS_FIX,1 copy 21.json,33920
2280,Nước tương dấm mè chấm mandu,dấm,vinegar,"Nước tương, giấm, dầu mè",high,,1,Bánh Xếp Mandu Nhân Thịt & Kim Chi Cay Chiên Nước,HAS_FIX,1 copy 21.json,33928
2281,c gà,thịt gà,chicken,Ức gà,high,Lỗi gõ thiếu chữ 'Ứ',1,Ức gà áp chảo vị chanh cùng rau củ,HAS_FIX,1 copy 21.json,33997
2282,cá ngừ đóng hộp,hộp cá ngừ,canned tuna,Cá ngừ đóng hộp,high,,1,Dưa Leo Kẹp Cá Ngừ,HAS_FIX,1 copy 21.json,34008
2283,Lá thơm,lá,leaves,Lá thơm,medium,Thường là lá nguyệt quế (bay leaf) trong món hầm,1,Thịt Heo Hầm Đậu Trắng,HAS_FIX,1 copy 21.json,34067
2284,tỏi hành khô,tỏi,garlic,"Tỏi, hành khô",high,,1,Thịt nướng sốt sa tế mật ong,HAS_FIX,1 copy 21.json,34072
2285,hành lá mùi,hành lá,green onion,"Hành lá, ngò",high,,1,Canh bí đỏ tôm thịt,HAS_FIX,1 copy 21.json,34081
2286,Rau thơm xà lach giá,giá,bean sprouts,"Xà lách, giá, rau thơm",high,,1,Bún cá- chả cá - sứa Nha Trang,HAS_FIX,1 copy 21.json,34102
2287,băp cai hanh lá,lá,leaves,"Bắp cải, hành lá",high,,1,Bún cá- chả cá - sứa Nha Trang,HAS_FIX,1 copy 21.json,34103
2288,ngo rí hanh tim,hành tím,shallot,"Ngò rí, hành tím",high,,1,Bún cá- chả cá - sứa Nha Trang,HAS_FIX,1 copy 21.json,34104
2289,măm tôm,Tôm muối,Salted shrimp,Mắm tôm,high,,1,Bún cá- chả cá - sứa Nha Trang,HAS_FIX,1 copy 21.json,34106
2290,Rượu thiệu hưng bia,rượu,cooking wine,"Rượu Thiệu Hưng, bia",high,,1,Thịt viên tứ hỉ (thịt viên đầu sư tử),HAS_FIX,1 copy 21.json,34113
2291,gừng tỏi khô,tỏi,garlic,"Gừng, tỏi",high,,1,Thịt viên tứ hỉ (thịt viên đầu sư tử),HAS_FIX,1 copy 21.json,34115
2292,Dầu ăn gia vị cơ bản,gia vị,seasoning,"Dầu ăn, gia vị",high,,1,Thịt viên tứ hỉ (thịt viên đầu sư tử),HAS_FIX,1 copy 21.json,34118
2293,Lá lốt dùng gói chả rau ghém hành lá mùi tàu hành khô,hành lá,green onion,"Lá lốt, hành, ngò gai, hành khô",high,,1,Bánh đa cua Hải Phòng,HAS_FIX,1 copy 21.json,34129
2294,táo mật,táo tàu,jujube,Táo mật,high,Một loại táo tàu khô ngọt,1,Canh cải khô sườn heo,HAS_FIX,1 copy 21.json,34135
2295,cá,cá bống,goby fish,Cá bống đục,high,,1,Cá bống đục kho tiêu,HAS_FIX,1 copy 21.json,34147
2296,Sa tế ớt,ớt,chili pepper,Sa tế ớt,high,,1,Đậu hủ nấu nấm,HAS_FIX,1 copy 21.json,34163
2297,mực ông,mực,squid,Mực ống,high,Lỗi gõ phím 'ông' -> 'ống',1,Mực Hấp Chấm Mắm Gừng,HAS_FIX,1 copy 21.json,34170
2298,Sa,cá ba sa,pangasius fish,Sả,medium,Lỗi gõ phím 'Sa' -> 'Sả' trong món bún bò,1,Bún Bò Huế(Xương Bò),HAS_FIX,1 copy 21.json,34184
2299,mực nang nhỏ hoặc mực ống mực lá nhỏ đều được,lá,leaves,"Mực nang, mực ống, mực lá",high,,1,Bún Mực Nang Baby,HAS_FIX,1 copy 21.json,34221
2300,riêu tôm thịt,tôm thẻ loại to,shrimp,Riêu tôm thịt,high,,1,"Bánh canh bột xắt nấu thịt gà,riêu tôm thịt",HAS_FIX,1 copy 21.json,34239
2301,Mì gói gói,mì,noodles,Mì tôm,high,Mì gói là tên gọi thông dụng của mì ăn liền,1,"Mì xào bò,cần nước",HAS_FIX,1 copy 13.json,34244
2302,Mì dẹp Tagliatelle mực đen đủ cho người dùng,mì,noodles,Mì Ý Tagliatelle mực đen,high,,1,Mì Dẹp Đen Xào Mực Ống,HAS_FIX,1 copy 13.json,34264
2303,Ruột heo ruột già,thịt heo,pork,Ruột già heo,high,,1,Ruột Heo Khìa Nước Dừa,HAS_FIX,1 copy 13.json,34274
2304,Phi lê cá basa cá lóc,cá lóc,snakehead fish,Phi lê cá basa,high,Dựa vào tên món chiên xù cá basa,1,Phi-lê cá chiên xù,HAS_FIX,1 copy 13.json,34293
2305,ầu cá cá chép tươi cá rô phi,cá rô phi,tilapia,Đầu cá chép,high,Lỗi gõ 'ầu cá' là đầu cá,1,Canh cá nấu chua,HAS_FIX,1 copy 13.json,34305
2306,chả cá thác lác,chả cá,fish cake,Cá thác lác nạo,high,Dùng nấu lẩu thường là thịt cá nạo chưa chiên,1,Lẩu cá thác lác,HAS_FIX,1 copy 13.json,34326
2307,xương heo có nạc,thịt heo,pork,Xương heo,high,,1,Canh Xương Heo Hầm Bông Cải Tím,HAS_FIX,1 copy 13.json,34377
2308,bông cải súp lơ,bông cải,broccoli,Bông cải,high,Bông cải và súp lơ là một,1,Canh Xương Heo Hầm Bông Cải Tím,HAS_FIX,1 copy 13.json,34378
2309,nấm đông cô nấm mèo,nấm mèo,wood ear mushroom,"Nấm đông cô, nấm mèo",high,,1,Bánh đúc thịt gà cháy,HAS_FIX,1 copy 13.json,34385
2310,Dứa khốm cà chua hành tây,cà chua,tomato,"Dứa, cà chua, hành tây",high,,1,Bún chả cá thác lác,HAS_FIX,1 copy 13.json,34391
2311,thịt ba chỉ hoặc nạc đùi,nạc heo,lean pork,Thịt ba chỉ,high,,1,Thịt mè xiên que nướng NCKD,HAS_FIX,1 copy 13.json,34400
2312,cật heo quả thận heo,thịt heo,pork,Cật heo,high,,1,Cật Heo Xào Bí Ngòi,HAS_FIX,1 copy 13.json,34420
2313,thịt heo có phần da,bì heo,pork skin,Thịt heo có da,high,,1,Thịt nướng giòn da (NCKD),HAS_FIX,1 copy 13.json,34427
2314,cá mặn tầm gr,cá tầm,sturgeon,Cá khô mặn,high,Cá mặn trong gỏi xoài là cá khô mặn,1,Gỏi xoài cá mặn,HAS_FIX,1 copy 13.json,34480
2315,Xem công thức nước sốt trộn gỏi ở đây,sốt,sauce,Sốt trộn gỏi,high,,1,Gỏi xoài cá mặn,HAS_FIX,1 copy 13.json,34485
2316,Nấm mèo nấm đông cô,nấm mèo,wood ear mushroom,"Nấm mèo, nấm đông cô",high,,1,Cá hấp nấm,HAS_FIX,1 copy 13.json,34491
2317,bột mỳ,Bột (chung),flour,Bột mì,high,,1,Ếch chiên xào bơ hành sả,HAS_FIX,1 copy 13.json,34509
2318,thịt ba chỉ hoặc thịt vai,thịt nạc dăm,pork shoulder,Thịt ba chỉ,high,Phổ biến nhất cho món cuốn bánh tráng,1,Thịt luộc quấn bánh tráng,HAS_FIX,1 copy 13.json,34518
2319,mũi heo,thịt heo,pork,Mũi heo,high,,1,Phá lấu tai mũi heo,HAS_FIX,1 copy 13.json,34540
2320,nước sauce nêm gourmet hay oyster,hàu,oyster,Dầu hào,high,Oyster sauce là dầu hào,1,Cơm tấm thịt ba chỉ nướng,HAS_FIX,1 copy 13.json,34550
2321,Thính gạo,gạo,rice,Thính gạo,high,,1,Nấm thính cuốn lá sung,HAS_FIX,1 copy 13.json,34569
2322,Tỏi ớt chanh,ớt,chili pepper,"Tỏi, ớt, chanh",high,,1,"Bánh tôm, bánh tép",HAS_FIX,1 copy 13.json,34593
2323,phô mai con bò cười tán nhuyễn,thịt bò,beef,Phô mai miếng,high,,1,Mì thịt bằm bí ẩn,HAS_FIX,1 copy 13.json,34609
2324,gói súp bột của mì tôm,Bột (chung),flour,Gói súp mì tôm,high,,1,Mì thịt bằm bí ẩn,HAS_FIX,1 copy 13.json,34610
2325,Hành lá Ngò rí,hành lá,green onion,"Hành lá, ngò rí",high,,1,Súp cua trứng Bắc thảo,HAS_FIX,1 copy 13.json,34633
2326,bột ngọtmì chính,Bột (chung),flour,Bột ngọt,high,,1,"Cá diêu hồng kho cà chua, dứa",HAS_FIX,1 copy 13.json,34641
2327,chả cá thác lác bào sẵn,chả cá,fish cake,Chả cá thác lác,high,,1,Chả cá thác lác chiên,HAS_FIX,1 copy 13.json,34652
2328,Bột rau câu,Bột (chung),flour,Bột rau câu,high,,1,Rau câu dừa,HAS_FIX,1 copy 13.json,34666
2329,Phi lê cá biển loại bất kỳ,lườn cá,fish fillet,Phi lê cá biển,high,,1,Canh cá miso,HAS_FIX,1 copy 13.json,34683
2330,màu dầu điều có thể thay bằng mcf bột nghệ,Bột (chung),flour,Dầu màu điều,high,,1,Món chay dễ làm| Đậu phụ xào ngải cứu,HAS_FIX,1 copy 13.json,34750
2331,Nhân thịt và rau củ,rau sống,fresh herbs,Thịt và rau củ,high,,1,Bánh Mặn Mini Nhân Thịt & Rau Củ,HAS_FIX,1 copy 13.json,34754
2332,trứng gà lòng trắng,Trứng gà,Chicken Egg,Lòng trắng trứng gà,high,,1,Bánh Mặn Mini Nhân Thịt & Rau Củ,HAS_FIX,1 copy 13.json,34760
2333,Nước tương Hàn Quốc,nước,water,Nước tương,high,,1,Thịt Chiên Giòn Sốt Chua Ngọt Hàn Quốc (Tangsuyuk),HAS_FIX,1 copy 13.json,34778
2334,gourmet sauce,sốt,sauce,Nước sốt,high,,1,Cá bông lau kho tộ với nước trà,HAS_FIX,1 copy 13.json,34816
2335,nhúm lá trà xanh ngâm lấy nước,lá,leaves,Nước trà xanh,high,,1,Cá bông lau kho tộ với nước trà,HAS_FIX,1 copy 13.json,34818
2336,nước lọc chừng chén ăn cơm nước,cơm,cooked rice,Nước lọc,high,,1,Đậu hũ chiên sốt cà chua chay,HAS_FIX,1 copy 13.json,34837
2337,thịt tôm bằm,tôm thẻ loại to,shrimp,Thịt tôm băm,high,,1,Bánh Bột Lọc Nhân Tôm Thịt,HAS_FIX,1 copy 13.json,34869
2338,canh,chanh,lime,Chén,medium,Lỗi gõ 'canh' thay cho 'chén' hoặc đơn vị đo,1,Gỏi Cá Cơm Khô,HAS_FIX,1 copy 13.json,34876
2339,Rau ngô,rau om,rice paddy herb,Rau ngổ,high,Rau ngô là cách gọi khác của rau ngổ,1,"Canh chua chay đậu hủ trắng,nấm kim châm và cà chua",HAS_FIX,1 copy 13.json,34890
2340,Tôm nõn bóc vỏ lấy chỉ lưngbụng,tôm thẻ loại to,shrimp,Tôm nõn,high,,1,Tôm nõn chiên giòn,HAS_FIX,1 copy 13.json,34902
2341,nước soda hoặc bia lạnh,nước,water,Nước soda hoặc bia,high,,1,Tôm nõn chiên giòn,HAS_FIX,1 copy 13.json,34903
2342,Lá húng quế đủ dùng nhúng lẩu,lá,leaves,Lá húng quế,high,,1,Lẩu Gà Nấm Mỡ Lá Quế,HAS_FIX,1 copy 13.json,34914
2343,Bún ngải cứu khô,bún,rice vermicelli,Bún ngải cứu khô,high,,1,Món healthy: Bún ngải cứu sốt thịt bằm cà chua,HAS_FIX,1 copy 13.json,34923
2344,xốt xào chua ngọt,sốt,sauce,Sốt xào chua ngọt,high,,1,Đậu hủ ma bà (ít cay),HAS_FIX,1 copy 13.json,34933
2345,đâu hàu,dầu hào,oyster sauce,Dầu hào,high,Lỗi gõ 'đâu hàu' là dầu hào,1,Đậu hủ ma bà (ít cay),HAS_FIX,1 copy 13.json,34935
2346,Cốt bánh,bánh,cake,Cốt bánh,medium,Thành phần chính của bánh,1,Bánh trung thu rau câu,HAS_FIX,1 copy 13.json,34945
2347,cà phê hòa tan,cà tím,eggplant,Cà phê hòa tan,high,,1,Bánh trung thu rau câu,HAS_FIX,1 copy 13.json,34949
2348,cá trạch to,cá chạch,loach,Cá chạch,high,,1,Cá trạch kho tương,HAS_FIX,1 copy 13.json,34968
2349,gia vị thuốc bắc,gia vị,seasoning,Gia vị thuốc bắc,high,,1,Canh bò hầm thuốc bắc,HAS_FIX,1 copy 13.json,34973
2350,Hành khô củ nhỏ,Hành,Scallion,Hành khô,high,,1,Canh bò hầm thuốc bắc,HAS_FIX,1 copy 13.json,34976
2351,Mã thầy củ sen gram,củ sen,lotus root,"Mã thầy, củ sen",high,,1,Canh bò hầm thuốc bắc,HAS_FIX,1 copy 13.json,34979
2352,bánh đa nướng sẵn,bánh,cake,Bánh đa nướng,high,,1,Nấm xúc bánh đa,HAS_FIX,1 copy 13.json,34999
2353,sa tế ớt,ớt,chili pepper,Sa tế,high,,1,Rau củ nấu chao (món chay),HAS_FIX,1 copy 13.json,35028
2354,t chanh,chanh,lime,Chanh,high,Lỗi gõ 't chanh' là trái chanh,1,Rau củ nấu chao (món chay),HAS_FIX,1 copy 13.json,35033
2355,tôm biển hoang dã hoặc tôm gì cũng được,tôm viên,shrimp balls,Tôm biển,high,,1,Salad Cà Chua Tôm Biển,HAS_FIX,1 copy 13.json,35058
2356,lá basil húng tây,Mè (Vừng),sesame seeds,Lá húng tây,high,Basil là húng tây,1,Salad Cà Chua Tôm Biển,HAS_FIX,1 copy 13.json,35061
2357,muống bột mì,Bột (chung),flour,Muỗng bột mì,high,,1,Tôm phô mai bỏ lò,HAS_FIX,1 copy 13.json,35067
2358,súp lơ xanh,súp,soup,Súp lơ xanh,high,,1,Tôm Xào Súp Lơ Xanh,HAS_FIX,1 copy 13.json,35086
2359,mc dầu olive,ô liu,olive,Dầu olive,high,,1,🌱 Nấm Bào Ngư Sốt Tương Hồi Xiên Que Nướng BBQ Chay (Vegan),HAS_FIX,1 copy 13.json,35097
2360,rau thơm tía tô diếp cá,tía tô,perilla leaves,"Tía tô, diếp cá, rau thơm",high,,1,Cá lóc nướng nckd,HAS_FIX,1 copy 13.json,35109
2361,dứa gai thơm,dứa,pineapple,Dứa,high,"Dứa gai, thơm là tên gọi khác của dứa",1,Cá lóc nướng nckd,HAS_FIX,1 copy 13.json,35111
2362,Mắm tép hoặc chai mắm nêm,tép,small shrimp,Mắm tép hoặc mắm nêm,high,,1,Cá lóc nướng nckd,HAS_FIX,1 copy 13.json,35112
2363,gia vị lẩu bò gồm các vị thuốc bắc táo tàu,táo,apple,Gia vị lẩu bò thuốc bắc,high,,1,Lẩu Bò Thuốc Bắc Ngày Mưa 🌧,HAS_FIX,1 copy 13.json,35132
2364,hạt nên phở bò Aji quick,thịt bò,beef,Gia vị phở bò,high,Hạt nêm vị phở bò,1,Lẩu Bò Thuốc Bắc Ngày Mưa 🌧,HAS_FIX,1 copy 13.json,35133
2365,Vỏ Banh Trung Thu Rau Câu,thạch rau câu,agar jelly,Vỏ rau câu,high,,1,Bánh Trung Thu Rau Câu Nhân Flan,HAS_FIX,1 copy 13.json,35141
2366,Nươc côt lá câm tím,lá,leaves,Nước cốt lá cẩm,high,,1,Bánh Trung Thu Rau Câu Nhân Flan,HAS_FIX,1 copy 13.json,35151
2367,Nươc côt hoa đâu biêc,nước,water,Nước cốt hoa đậu biếc,high,,1,Bánh Trung Thu Rau Câu Nhân Flan,HAS_FIX,1 copy 13.json,35153
2368,gio heo it da heo,bì heo,pork skin,Giò heo,high,,1,Canh bún giò heo,HAS_FIX,1 copy 13.json,35156
2369,măm tôm,nước mắm,fish sauce,Mắm tôm,high,,1,Canh bún giò heo,HAS_FIX,1 copy 13.json,35166
2370,Rau củ nấu kèm,rau sống,fresh herbs,Rau củ,high,,1,"Canh chân giò hầm với cà tím, đậu ve, và rau cải mầm",HAS_FIX,1 copy 13.json,35202
2371,Phô mai bột,Bột (chung),flour,Phô mai bột,high,,1,Mỳ Spaghetti Kem Nấm Gà Bao Ngon Cực Dễ,HAS_FIX,1 copy 13.json,35257
2372,tôm con tôm nhỏ,tôm thẻ loại to,shrimp,Tôm nhỏ,high,,1,Tôm viên sốt teriyaki cho bé >1y,HAS_FIX,1 copy 13.json,35260
2373,dấm balsamic,dấm,vinegar,Giấm Balsamic,high,,1,"Salad Bò Xào, Cải Rocket, Trái Cây & Phô Mai Burrata Sốt Balsamic Mù Tạt",HAS_FIX,1 copy 13.json,35277
2374,lòng trắng,Trứng gà,Chicken Egg,Lòng trắng trứng,high,,1,Bánh bò xốp làm từ lòng trắng,HAS_FIX,1 copy 13.json,35280
2375,Khoai sọ vừa,khoai môn,taro,Khoai sọ,high,,1,Canh cua-khoai sọ-rau muống,HAS_FIX,1 copy 13.json,35303
2376,tôm cang xanh,tôm thẻ loại to,shrimp,Tôm càng xanh,high,,1,Canh chua tôm càng xanh hoa chuối,HAS_FIX,1 copy 13.json,35349
2377,ậu bắp dưa leo,dưa leo,cucumber,"Đậu bắp, dưa leo",high,,1,Vú heo nướng chao,HAS_FIX,1 copy 13.json,35372
2378,đậu bé,đậu hũ,tofu,Đậu hũ,high,Cách gọi đậu hũ miếng nhỏ,1,Đậu hũ xào mướp đắng,HAS_FIX,1 copy 13.json,35390
2379,mướp đắng to,mướp,luffa,Mướp đắng,high,Khổ qua,1,Đậu hũ xào mướp đắng,HAS_FIX,1 copy 13.json,35391
2380,rong nho khô,rong biển,seaweed,Rong nho khô,high,,1,Nấm xào rong nho,HAS_FIX,1 copy 13.json,35396
2381,Bột điều tạo màu,Bột (chung),flour,Bột màu điều,high,,1,Dẻ sườn bò om sấu Hà Nội,HAS_FIX,1 copy 13.json,35414
2382,nước nhà em thích ăn lỏng,nước,water,Nước,high,,1,Cháo nhuyễn xèo thịt bò,HAS_FIX,1 copy 13.json,35419
2383,bột Hành,Bột (chung),flour,Bột hành,high,,1,Tôm rim tiêu,HAS_FIX,1 copy 13.json,35485
2384,chanh giấm,chanh,lime,Giấm,high,,1,Nem thính nấm đùi gà (món chay),HAS_FIX,1 copy 13.json,35519
2385,muông cà phê hat nêm,cà tím,eggplant,Hạt nêm,high,,1,Chả nấm chay,HAS_FIX,1 copy 13.json,35528
2386,bong ca chay,chay,vegetarian,Bóng cá chay,high,,1,Bóng cá chay chiên giòn mè rang,HAS_FIX,1 copy 13.json,35533
2387,me rang,me,tamarind,Mè rang,high,,1,Bóng cá chay chiên giòn mè rang,HAS_FIX,1 copy 13.json,35534
2388,rau xa lach xoong nhât va rau ngot nhât,rau xoong,watercress,"Xà lách xoong Nhật, rau ngót Nhật",high,,1,Canh chay đậu hủ nấu mướp và rau,HAS_FIX,1 copy 13.json,35541
2389,vĩ cá bống trứng,cá,fish,Cá bống trứng,high,,1,Cá bống trứng kho tiêu,HAS_FIX,1 copy 13.json,35550
2390,tỏi hành băm,tỏi,garlic,"Hành, tỏi băm",high,,1,Mì Quảng Tôm -Mực,HAS_FIX,1 copy 13.json,35580
2391,rau tập tàng các loại rau rau đay rau ngót rau bình bát cải trời rau dền,cải,mustard greens,Rau tập tàng,high,,1,Canh Rau Tập Tàng Nấu Mướp,HAS_FIX,1 copy 13.json,35603
2392,khoai tây,khoai tây,potato,Khoai tây,medium,Nấm mỡ có hình dạng giống khoai tây,1,Chè nấm mỡ,HAS_FIX,1 copy 13.json,35620
2393,Bột tỏi bột gừng,tỏi,garlic,"Bột tỏi, bột gừng",high,,1,Cá hồi sốt nước tương,HAS_FIX,1 copy 13.json,35698
2394,hoa thiên ly,nước,water,Hoa thiên lý,high,,1,Thịt bò xào hoa thiên lý,HAS_FIX,1 copy 13.json,35700
2395,bột sắn dây,Bột (chung),flour,Bột sắn dây,high,,1,Bún Riêu Nấu Nấm Đông Trùng Hạ Thảo,HAS_FIX,1 copy 13.json,35709
2396,chả lụa ớt,ớt,chili pepper,Chả lụa ớt,high,,1,Bún Riêu Nấu Nấm Đông Trùng Hạ Thảo,HAS_FIX,1 copy 13.json,35717
2397,tôm biển hấp,tôm viên,shrimp balls,Tôm biển,high,,1,Bún Riêu Nấu Nấm Đông Trùng Hạ Thảo,HAS_FIX,1 copy 13.json,35719
2398,Nước vừa đủ bạn ăn,nước,water,Nước,high,,1,Canh rau má Nấu tôm và chả cá,HAS_FIX,1 copy 13.json,35752
2399,ế pizza spirulina cho hai bánh,tảo xoắn,spirulina,Đế pizza tảo xoắn,high,,1,Pizza Cá Ngừ Hộp & Mozzarella Tươi,HAS_FIX,1 copy 13.json,35754
2400,hộp cà chua cô đặc hoặc sốt cà chua cho pizza,bánh pizza,pizza,Sốt cà chua cô đặc,high,,1,Pizza Cá Ngừ Hộp & Mozzarella Tươi,HAS_FIX,1 copy 13.json,35756
2401,mít,mít non,young jackfruit,mít chín,high,Dựa trên món thạch rau câu,1,Thạch rau câu mít :,HAS_FIX,1 copy 5.json,35766
2402,bịch bột rau câu dẻo,Bột (chung),flour,bột rau câu dẻo,high,,1,Thạch rau câu mít :,HAS_FIX,1 copy 5.json,35767
2403,Rau xà lách các loại rau thơm và rau cải đắng,rau cải đắng,bitter greens,rau sống các loại,high,,1,Phở cuốn thịt bò,HAS_FIX,1 copy 5.json,35771
2404,bông súp lơ,bông cải,broccoli,súp lơ trắng,high,Súp lơ thường là súp lơ trắng,1,Súp lơ xào thịt gà eatclean,HAS_FIX,1 copy 5.json,35787
2405,Táo tàu,táo,apple,táo tàu,high,,1,Canh đuôi heo củ sen,HAS_FIX,1 copy 5.json,35814
2406,ớt chuông đỏ vàng cam,ớt,chili pepper,ớt chuông,high,,1,Bò Xào Thập Cẩm,HAS_FIX,1 copy 5.json,35825
2407,t trái bỏ hạt,đậu,beans,ớt sừng,medium,Thường là ớt sừng bỏ hạt trong sốt,1,Tàu hủ và thịt sốt sa tế,HAS_FIX,1 copy 5.json,35842
2408,Nấm đông cô miếng,nấm hương,shiitake mushroom,nấm đông cô,high,,1,Tàu hủ và thịt sốt sa tế,HAS_FIX,1 copy 5.json,35844
2409,nấm đông cô có nấm mỡ sẽ ngon hơn,nấm hương,shiitake mushroom,nấm mỡ,high,,1,"Nấm đông cô, đậu gà, cà rốt xào bơ tỏi thơm ngon",HAS_FIX,1 copy 5.json,35848
2410,Gia vị trộn salad,salad,salad,gia vị trộn salad,high,,1,"💚 Salad Nui Ống, Nấm, Cà Chua, Olive & Fêta Healthy (Vegetarian)",HAS_FIX,1 copy 5.json,35860
2411,nấm đông cô nấm hương,nấm hương,shiitake mushroom,nấm đông cô,high,,1,Súp bắp tôm đường đen,HAS_FIX,1 copy 5.json,35915
2412,Thịt nạc vai hoặc ba chỉ nhiều nạc hoặc mông vừa đủ cho người ăn g,thịt nạc dăm,pork shoulder,thịt heo,high,,1,Thịt sốt cà chua siêu nhanh gọn đưa cơm,HAS_FIX,1 copy 5.json,35924
2413,mỡ chai,mỡ,lard,mỡ chài,high,,1,Thịt bò nướng mỡ chài,HAS_FIX,1 copy 5.json,35929
2414,Bún gạo lức,bún,rice vermicelli,bún gạo lứt,high,,1,Cuốn đậu hũ eatclean,HAS_FIX,1 copy 5.json,35956
2415,Bơ đậu phộng tương đen,đậu đen,black beans,bơ đậu phộng và tương đen,high,,1,Cuốn đậu hũ eatclean,HAS_FIX,1 copy 5.json,35957
2416,cà ri Nhật,cà tím,eggplant,viên cà ri Nhật,high,,1,Cơm thịt heo chiên xù và cà ri Nhật (curry katsu),HAS_FIX,1 copy 5.json,35962
2417,Bánh đa ngâm nước cho mềm,bánh,cake,bánh đa,high,,1,Bánh đa cua,HAS_FIX,1 copy 5.json,35967
2418,bánh tráng gạo lức,gạo,rice,bánh tráng gạo lứt,high,,1,Bò lá lốt (eatclean-nckd),HAS_FIX,1 copy 5.json,35974
2419,dầu olive để quét khay nướng,ô liu,olive,dầu olive,high,,1,Lườn Cá Hồi Teriyaki Nướng Cuốn Tỏi & Tía Tô,HAS_FIX,1 copy 5.json,35987
2420,Gia vị ướp cá,cá hồi,salmon,gia vị ướp cá,high,,1,Lườn Cá Hồi Teriyaki Nướng Cuốn Tỏi & Tía Tô,HAS_FIX,1 copy 5.json,35988
2421,Nước tương Nhật Kikkoman,nước,water,nước tương Nhật,high,,1,Lườn Cá Hồi Teriyaki Nướng Cuốn Tỏi & Tía Tô,HAS_FIX,1 copy 5.json,35992
2422,Sốt tương đen,sốt,sauce,sốt tương đen,high,,1,Bò Bía,HAS_FIX,1 copy 5.json,36018
2423,Rau củ xào,rau sống,fresh herbs,rau củ xào,high,,1,Bò Bía,HAS_FIX,1 copy 5.json,36025
2424,Hoa lý,hoa thiên lý,tonkin jasmine flower,hoa thiên lý,high,,1,Mực xào hoa lý,HAS_FIX,1 copy 5.json,36039
2425,bông cải xanh,bông cải,broccoli,bông cải xanh,high,,1,Rau củ chiên xù và salad rau củ,HAS_FIX,1 copy 5.json,36056
2426,tỏi gà tây vừa,tỏi,garlic,đùi gà tây,high,Tỏi gà là cách gọi đùi gà tỏi,1,Chân gà tây nấu nấm hương,HAS_FIX,1 copy 5.json,36061
2427,chân gà tây,chân gà,chicken feet,chân gà tây,high,,1,Chân gà tây nấu nấm hương,HAS_FIX,1 copy 5.json,36062
2428,Thịt nạc bò heo trâu,thịt bò,beef,thịt nạc,high,,1,Trứng cút thịt viên phiên bản nâng cấp món thịt kho tàu,HAS_FIX,1 copy 5.json,36080
2429,nước ăn cơm,cơm,cooked rice,nước lọc,high,,1,Trứng cút thịt viên phiên bản nâng cấp món thịt kho tàu,HAS_FIX,1 copy 5.json,36086
2430,Cà rốt măng tây nấm đùi gà tất cả cắt hạt lựu,măng,bamboo shoots,măng tây,high,,1,Súp Tôm và Gà,HAS_FIX,1 copy 5.json,36089
2431,sốt Bulgogi,sốt,sauce,sốt Bulgogi,high,,1,Bún trộn nấm nướng,HAS_FIX,1 copy 5.json,36096
2432,Hành khô củ to,Hành,Scallion,hành khô,high,,1,Cá lóc kho tộ,HAS_FIX,1 copy 5.json,36110
2433,Nguyên liệu nước tương,nước,water,nước tương,high,,1,Ganjang Gejang- Cua ngâm tương,HAS_FIX,1 copy 5.json,36119
2434,bắp xà lách mỡ,mỡ,lard,xà lách mỡ,high,,1,Salad Thịt Băm Rang Tương Cà,HAS_FIX,1 copy 5.json,36137
2435,thịt băm rang mộc nhĩ,Thịt băm,Minced pork,thịt băm và mộc nhĩ,high,,1,Nấm Mỡ To Nhồi Thịt Băm Rang Mộc Nhĩ,HAS_FIX,1 copy 5.json,36146
2436,Hành tươi,hành tỏi,garlic and onion,hành lá,high,Hành tươi thường là hành lá,1,Canh sấu thịt băm rang,HAS_FIX,1 copy 5.json,36160
2437,Tôm đất hoặc tôm bạc nhỏ,tôm thẻ loại to,shrimp,tôm đất,high,,1,Mì Quảng Gà Tôm Trứng,HAS_FIX,1 copy 5.json,36164
2438,khoai tây củ cà rốt,cà rốt,carrot,khoai tây và cà rốt,high,,1,Nui thịt bằm,HAS_FIX,1 copy 5.json,36182
2439,Hành lá hành phi,hành lá,green onion,hành lá và hành phi,high,,1,Nui thịt bằm,HAS_FIX,1 copy 5.json,36183
2440,Rau răm hành cà chua,rau răm,vietnamese coriander,"rau răm, hành và cà chua",high,,1,Canh cá Diếc (lỗi 😂),HAS_FIX,1 copy 5.json,36187
2441,Nấm kim châm nấm hương cũng đc,nấm kim châm,enoki mushroom,nấm kim châm hoặc nấm hương,high,,1,Canh cá Diếc (lỗi 😂),HAS_FIX,1 copy 5.json,36188
2442,cá rô to khoanh cá basa,cá rô,perch,cá rô hoặc cá basa,high,,1,Món cá kho ăn cơm với nộm (gỏi) rau muống 👏,HAS_FIX,1 copy 5.json,36193
2443,dưa chuột nhỏ to thì quả,dưa,pickles,dưa chuột,high,,1,Salad bò cải mầm,HAS_FIX,1 copy 5.json,36239
2444,Nước sốt salad,salad,salad,nước sốt salad,high,,1,Salad bò cải mầm,HAS_FIX,1 copy 5.json,36240
2445,nước sốt dầu đấm,sốt,sauce,nước sốt dầu giấm,high,Dầu đấm là lỗi gõ của dầu giấm,1,Salad bò cải mầm,HAS_FIX,1 copy 5.json,36241
2446,rau củ quả cắt sẵn ở siêu thị,cải,mustard greens,rau củ hỗn hợp,high,,1,Súp chay rau củ,HAS_FIX,1 copy 5.json,36251
2447,Xanh,đậu xanh,mung beans,lá dứa,medium,Bánh da lợn màu xanh thường từ lá dứa,1,Bánh bò da lợn,HAS_FIX,1 copy 5.json,36268
2448,Cải canh,rau cải đắng,bitter greens,cải canh,high,,1,Canh cải nấu thịt băm rang,HAS_FIX,1 copy 5.json,36293
2449,rau nhút,rau sống,fresh herbs,rau nhút,high,,1,Canh cá rô,HAS_FIX,1 copy 5.json,36298
2450,chân giò lấy khúc đùi phía trên,giò,pork sausage,chân giò heo,high,,1,Giò heo nướng ngũ vị và khoai tây nghiền,HAS_FIX,1 copy 5.json,36311
2451,sươn ga chay,chay,vegetarian,sườn gà chay,high,,1,Cải thìa sốt nấm đông cô và sườn gà chay,HAS_FIX,1 copy 5.json,36319
2452,Nươc tương boa rô đươnghat nêm chaytiêu,gia vị,seasoning,gia vị chay,high,,1,Cải thìa sốt nấm đông cô và sườn gà chay,HAS_FIX,1 copy 5.json,36320
2453,thịt ba chỉ hoặc nạc vai nên có chút mỡ ăn sẽ ngon hơn,thịt nạc dăm,pork shoulder,thịt ba chỉ hoặc nạc vai,high,,1,Cà tím nấu thịt ba chỉ và đậu phụ đưa cơm cho ngày mát/ lạnh/ rét,HAS_FIX,1 copy 5.json,36334
2454,mướp đắng,mướp,luffa,mướp đắng,high,,1,Mướp đắng đúc trứng thịt,HAS_FIX,1 copy 5.json,36422
2455,Xả ớt,ớt,chili pepper,sả và ớt,high,,1,Cá Ninja Xào Sả Ớt !!!,HAS_FIX,1 copy 5.json,36446
2456,rau ngỗ,rau om,rice paddy herb,rau ngổ,high,,1,Cá Ninja Xào Sả Ớt !!!,HAS_FIX,1 copy 5.json,36449
2457,sươn gia heo,thịt heo,pork,sườn già heo,high,,1,Canh sườn già heo hầm đu đủ,HAS_FIX,1 copy 5.json,36454
2458,thịt mọc chiên,mọc viên,pork balls,mọc chiên,high,,1,Bún sấu với thịt nạc xay và mọc chiên,HAS_FIX,1 copy 5.json,36471
2459,tôm băm,tôm thẻ loại to,shrimp,tôm băm,high,,1,Khoai tây nhân thịt chiên xù,HAS_FIX,1 copy 5.json,36495
2460,miến đậu xanh bún tàu,đậu xanh,mung beans,miến đậu xanh,high,,1,Miến Đậu Xanh Xào Mực Nang & Rau Củ,HAS_FIX,1 copy 5.json,36539
2461,lá xà lách mỡ Iceberg,lá,leaves,xà lách mỡ,high,,1,Salad Tôm Xào Tỏi Rau Quả Sốt Mù Tạt,HAS_FIX,1 copy 5.json,36569
2462,Tôm xào tỏi,tỏi,garlic,tôm,high,,1,Salad Tôm Xào Tỏi Rau Quả Sốt Mù Tạt,HAS_FIX,1 copy 5.json,36573
2463,sườn heo Iberico,sườn heo,pork ribs,sườn heo Iberico,high,,1,Sườn Heo Iberico Nướng,HAS_FIX,1 copy 5.json,36608
2464,lá parsley khô hoặc xô thơm hương thảo kinh giới,mùi tây,parsley,lá thảo mộc khô,high,,1,Sườn Heo Iberico Nướng,HAS_FIX,1 copy 5.json,36609
2465,lá chanh thơm,chanh,lime,lá chanh,high,,1,Canh chay: chả cá khế thìa là,HAS_FIX,1 copy 5.json,36619
2466,lươn ca hôi,lươn,eel,lườn cá hồi,high,,1,Lườn cá hồi kho hành ớt,HAS_FIX,1 copy 5.json,36633
2467,ơt bột,Bột (chung),flour,ớt bột,high,,1,Lườn cá hồi kho hành ớt,HAS_FIX,1 copy 5.json,36635
2468,lá tảo biển,rong biển,seaweed,tảo biển,high,,1,Giò heo hầm thảo mộc Hàn Quốc,HAS_FIX,1 copy 5.json,36649
2469,cá cơm khô nếu có,cá cơm,anchovy,cá cơm khô,high,,1,Giò heo hầm thảo mộc Hàn Quốc,HAS_FIX,1 copy 5.json,36653
2470,Nước tương HQ,nước,water,nước tương Hàn Quốc,high,,1,Giò heo hầm thảo mộc Hàn Quốc,HAS_FIX,1 copy 5.json,36656
2471,bột nghệ chỉ làm màu vàng thêm chút xíu cho đẹp,Bột (chung),flour,bột nghệ,high,,1,🌱 Đậu Hủ Trắng Chiên Sả Ớt,HAS_FIX,1 copy 5.json,36665
2472,Tôm biển,tôm viên,shrimp balls,tôm biển,high,,1,Cháo tôm mix cà chua (7m28d),HAS_FIX,1 copy 5.json,36667
2473,Gừng riềng,gừng,ginger,gừng và riềng,high,,1,Cá trắm kho trám,HAS_FIX,1 copy 5.json,36684
2474,Nước nắm,nước,water,nước mắm,high,Lỗi gõ nắm thành mắm,1,Cá trắm kho trám,HAS_FIX,1 copy 5.json,36685
2475,thià cf bột canh,Bột (chung),flour,bột canh,high,,1,Cá trắm kho trám,HAS_FIX,1 copy 5.json,36686
2476,nươc măm chay,chay,vegetarian,nước mắm chay,high,,1,Canh chua chay nấm rơm,HAS_FIX,1 copy 5.json,36751
2477,heo xay,Thịt băm,Minced pork,thịt heo xay,high,,1,Rong biển cuộn nấm kim châm,HAS_FIX,1 copy 5.json,36766
2478,cải vàng ngâm chua ngọt,cải ngọt,choy sum,củ cải vàng,high,Thường là củ cải vàng muối,1,Gỏi Cuốn Ức Gà & Rau Củ Ngũ Sắc,HAS_FIX,1 copy 5.json,36779
2479,bột canh tuỳ sở thích,Bột (chung),flour,bột canh,high,,1,Nuớc Rau Muống Luộc Dầm Sấu,HAS_FIX,1 copy 5.json,36787
2480,vải,chè vải,lychee dessert,trái vải,high,,1,Rau câu vải nước dừa,HAS_FIX,1 copy 5.json,36797
2481,bột rau câu con cá Thái Lan,Bột (chung),flour,bột rau câu,high,,1,Rau câu vải nước dừa,HAS_FIX,1 copy 5.json,36798
2482,Tỏi hành lá nước tương,hành lá,green onion,"hành, tỏi và nước tương",high,,1,Cá ngừ kho cà,HAS_FIX,1 copy 5.json,36809
2483,cá trô biển,cá trôi,carp,cá trê biển,medium,Cá trô có thể là lỗi của cá trê,1,Bún cá cuốn,HAS_FIX,1 copy 5.json,36842
2484,Mắm chua ngọt,nước mắm,fish sauce,nước mắm chua ngọt,high,,1,"Bánh ít Trần nhân đậu xanh, thịt băm",HAS_FIX,1 copy 5.json,36856
2485,Giấm táo,táo,apple,giấm táo,high,,1,Cơm thịt ram chua ngọt,HAS_FIX,1 copy 5.json,36861
2486,rau ăn kèm,lá lốt,betel leaves,rau sống ăn kèm,high,,1,Cơm thịt ram chua ngọt,HAS_FIX,1 copy 5.json,36863
2487,chả ram tôm đất,ram tôm,shrimp rolls,chả ram tôm đất,high,,1,Chả Ram Tôm Đất,HAS_FIX,1 copy 5.json,36864
2488,Rau sống các loại,rau sống,fresh herbs,rau sống,high,,1,Chả Ram Tôm Đất,HAS_FIX,1 copy 5.json,36866
2489,Mắm tỏi ớt,ớt,chili pepper,nước mắm tỏi ớt,high,,1,Chả Ram Tôm Đất,HAS_FIX,1 copy 5.json,36869
2490,hạt nem rau cu dưới tuổi bỏ qua,hạt niêm,seasoning granules,hạt nêm rau củ,high,,1,MƯỚP HẤP TÔM (Baby food),HAS_FIX,1 copy 5.json,36962
2491,rau cải xanh cải cay,cải bẹ xanh,mustard greens,rau cải bẹ xanh,high,,1,Bún Cá Giòn Hà Nội,HAS_FIX,1 copy 5.json,36996
2492,ậu hũ trắng,đậu hũ trứng,egg tofu,đậu hũ trắng,high,,1,Đậu hũ rong biển,HAS_FIX,1 copy 5.json,37016
2493,Lạc vừng rang sẵn,đậu phộng,peanut,lạc và vừng rang,high,,1,Nộm nấm đùi gà hoa chuối,HAS_FIX,1 copy 5.json,37102
2494,Rau sống xà lách cải con húng lủi giá cây bắp chuối diếp cá lá hẹ quê,bắp cải,cabbage,rau sống các loại,high,,1,Mì Quảng Cá Lóc,HAS_FIX,1 copy 5.json,37130
2495,hành cả củ và lá,hành lá,green onion,hành lá,high,,1,Đậu xào nấm (chay eatclean) (106kcal),HAS_FIX,1 copy 5.json,37146
2496,Bột cacao,Bột (chung),flour,bột cacao,high,,1,Pate nấm chay 🍄🥪,HAS_FIX,1 copy 5.json,37157
2497,cơm gạo lứt,gạo,rice,cơm gạo lứt,high,,1,Eatclean cơm gạo lứt+ bò lúc lắc,HAS_FIX,1 copy 5.json,37183
2498,Nấm đông cô khô tươi,nấm hương,shiitake mushroom,nấm đông cô,high,,1,Bún gạo lứt xào rau củ,HAS_FIX,1 copy 5.json,37192
2499,Hành boaro,nấm mèo,wood ear mushroom,hành boaro,high,,1,Bún gạo lứt xào rau củ,HAS_FIX,1 copy 5.json,37194
2500,mì lứt hoặc mì rau củ,gạo lứt,brown rice,mì gạo lứt hoặc mì rau củ,high,,1,Mì lứt tôm sốt bơ lạnh 🍤🥑🧄,HAS_FIX,1 copy 5.json,37214
2501,dừa tươi,nước dừa,coconut water,Dừa tươi,high,,1,Canh khổ qua chả cá thác lác:,HAS_FIX,1 copy 37.json,37253
2502,măng tây hoặc loại rau nào tuỳ thích,măng,bamboo shoots,Măng tây,high,,1,Cơm gạo lức với cá hộp,HAS_FIX,1 copy 37.json,37269
2503,Gia vị nêm và ít mè trắng,gia vị,seasoning,Mè trắng,high,,1,Cơm gạo lức với cá hộp,HAS_FIX,1 copy 37.json,37271
2504,Bột hành bột tỏi,tỏi,garlic,"Bột hành, bột tỏi",high,,1,Đậu hũ sốt bí đỏ thịt xay,HAS_FIX,1 copy 37.json,37276
2505,me rang hoăc đâu phông rang,me,tamarind,Mè rang hoặc đậu phộng rang,high,Lỗi chính tả 'me' thành 'mè',1,Gỏi nấm bào ngư chay,HAS_FIX,1 copy 37.json,37291
2506,xương cá hoặc xương heo,thịt heo,pork,Xương cá hoặc xương heo,high,,1,Bún cá cay,HAS_FIX,1 copy 37.json,37293
2507,má đùi gà lọc bỏ xương,xương gà,chicken bones,Má đùi gà,high,,1,Mì Ý sốt kem gà nấm,HAS_FIX,1 copy 37.json,37341
2508,Bơ lạt bơ thực vật dầu olive dầu ăn có gì xài đó,bơ,butter,Chất béo nấu ăn,high,"Gồm bơ, dầu olive, dầu ăn",1,Mì Ý sốt kem gà nấm,HAS_FIX,1 copy 37.json,37346
2509,khoang cà rốt to bằng khoanh đậu hũ,đậu hũ,tofu,Cà rốt,high,,1,Đậu hũ trứng nhồi tôm cho bé,HAS_FIX,1 copy 37.json,37387
2510,Nước luộc cá,nước dùng,broth,Nước luộc cá,high,,1,Cá Đuối Luộc Chấm Mắm Tỏi Ớt,HAS_FIX,1 copy 37.json,37396
2511,Kem tươi yến mạch,kem,cream,Kem tươi yến mạch,high,,1,Mì Ý Tôm Sốt Kem Phômai Bơ,HAS_FIX,1 copy 37.json,37472
2512,Rau húng quế,rau húng chó,mint,Rau húng quế,high,,1,🌱 Canh Chua Nấm Vị Tomyum Cay (Chay),HAS_FIX,1 copy 37.json,37523
2513,bia giúp bánh giòn hơn,bánh,cake,Bia,high,,1,Bánh xèo nấm chay,HAS_FIX,1 copy 37.json,37606
2514,rong biên ăn liên,rong biển,seaweed,Rong biển ăn liền,high,Lỗi chính tả,1,Burger cơm rong biển thịt gà rau củ,HAS_FIX,1 copy 37.json,37706
2515,bột mì số,Bột (chung),flour,Bột mì số 8,high,Bột làm bánh chuyên dụng,1,Hamburger thanh long kẹp tôm trứng,HAS_FIX,1 copy 37.json,37716
2516,Cà chua dưa leo,cà chua,tomato,"Cà chua, dưa leo",high,,1,Hamburger thanh long kẹp tôm trứng,HAS_FIX,1 copy 37.json,37721
2517,Xốt Leekumkee,sốt,sauce,Xốt Lee Kum Kee,high,Thương hiệu gia vị,1,Burger thịt nướng xốt trứng,HAS_FIX,1 copy 37.json,37758
2518,bánh hamburger,bánh,cake,Bánh mì hamburger,high,,1,Bánh mì hamburger thịt băm,HAS_FIX,1 copy 37.json,37796
2519,bột rau câu nước dừa,Bột (chung),flour,Bột rau câu,high,,1,Rau câu nước dừa thanh long,HAS_FIX,1 copy 37.json,37830
2520,ớt ngọt,ớt,chili pepper,Ớt ngọt (ớt chuông),high,,1,"Salad Nui Trộn Ức Gà Xé, Rau Củ & Sữa Chua Healthy",HAS_FIX,1 copy 37.json,37839
2521,bột cumin,Bột (chung),flour,Bột Cumin (Bột thì là Ý),high,,1,"Salad Nui Trộn Ức Gà Xé, Rau Củ & Sữa Chua Healthy",HAS_FIX,1 copy 37.json,37846
2522,Thịt heo gà,thịt heo,pork,"Thịt heo, thịt gà",high,,1,Chả Giò Rế Tôm Thịt với nckd,HAS_FIX,1 copy 37.json,37880
2523,đỗ xanh,đậu xanh,mung beans,Đậu xanh,high,Đỗ xanh là đậu xanh,1,Cháo cá song (mú),HAS_FIX,1 copy 37.json,37890
2524,Muốiường dầu ăn dầu hào nước tương,nước,water,Gia vị tổng hợp,high,"Gồm muối, đường, dầu hào...",1,MÓN PHILIPPIN: MIẾN XÀO GÀ HEO KIỂU PHILIPPIN 🇵🇭,HAS_FIX,1 copy 37.json,37905
2525,lá húng quế trắng hoặc hành ngò,hành lá,green onion,"Húng quế trắng, hành ngò",high,,1,Canh Đu Đủ Nấu Giò Heo,HAS_FIX,1 copy 37.json,37912
2526,đùi tỏi,tỏi,garlic,Đùi gà tỏi,high,Phần đùi gà phía dưới,1,Đùi gà chiên (nhưng bên trong thịt rất mọng nước),HAS_FIX,1 copy 37.json,37939
2527,rau quế,rau húng chó,mint,Rau quế,high,,1,Lagu sườn bò,HAS_FIX,1 copy 37.json,37954
2528,Phô mai parmesan bào nhuyễn,phô mai,cheese,Phô mai Parmesan,high,,1,Mì Ý (Spaghetti) Thịt Trai Đen Sốt Cà Chua,HAS_FIX,1 copy 37.json,37962
2529,Cá ngừ hộp,hộp cá ngừ,canned tuna,Cá ngừ hộp,high,,1,Cá ngừ dưa leo,HAS_FIX,1 copy 37.json,38009
2530,trứng tuỳ số lượng người ăn luộc chín lột vỏ,Trứng gà,Chicken Egg,Trứng gà hoặc trứng vịt,high,,1,Khao Kha Moo - Giò Heo Hầm (Thailand),HAS_FIX,1 copy 37.json,38011
2531,cải Kana rửa sạch tách từng lá Riêng phần thân thì cắt xéo,lá,leaves,Cải Kana,high,Loại cải làn/cải rổ,1,Khao Kha Moo - Giò Heo Hầm (Thailand),HAS_FIX,1 copy 37.json,38013
2532,Cà chua me ớt,cà chua,tomato,"Cà chua, me, ớt",high,,1,Canh chua cá mú ăn kèm giá chần,HAS_FIX,1 copy 37.json,38041
2533,Gia vị cơ bản hành khô,gia vị,seasoning,Hành khô và gia vị,high,,1,Canh chua cá mú ăn kèm giá chần,HAS_FIX,1 copy 37.json,38043
2534,Giá khổ qua rau đắng rau muống chẻ,rau muống,water spinach,Rau ăn kèm lẩu,high,"Gồm giá, khổ qua, rau đắng...",1,Bắp bò nhúng ớt,HAS_FIX,1 copy 37.json,38064
2535,Mì trứng Bún gạo,mỳ trứng,egg noodles,"Mì trứng, bún gạo",high,,1,Bắp bò nhúng ớt,HAS_FIX,1 copy 37.json,38065
2536,tôm càng xanh lột,tôm thẻ loại to,shrimp,Tôm càng xanh,high,,1,Tôm càng lột sốt trứng muối,HAS_FIX,1 copy 37.json,38066
2537,Hành hoa thì là,thì là,dill,"Hành hoa, thì là",high,,1,Cá song (mú) nấu kiểu chả cá Lã Vọng,HAS_FIX,1 copy 37.json,38070
2538,Mắm tôm mẻ,mắm tôm,shrimp paste,"Mắm tôm, mẻ",high,,1,Cá song (mú) nấu kiểu chả cá Lã Vọng,HAS_FIX,1 copy 37.json,38071
2539,Lạc rang sẵn,đậu phộng,peanut,Lạc (đậu phộng) rang,high,,1,Cá song (mú) nấu kiểu chả cá Lã Vọng,HAS_FIX,1 copy 37.json,38072
2540,Mẻ mắm tôm,nước mẻ,fermented rice sauce,"Mẻ, mắm tôm",high,,1,Cá song nướng riềng mẻ,HAS_FIX,1 copy 37.json,38075
2541,bột chiên xù hoặc vụn bánh mì keto thì bỏ phần này,Bột (chung),flour,Bột chiên xù,high,,1,Thịt bọc trứng (Scotch egg),HAS_FIX,1 copy 37.json,38135
2542,bột ngọtđường,Bột (chung),flour,"Bột ngọt, đường",high,,1,Tàu hủ non sauce nấm,HAS_FIX,1 copy 37.json,38147
2543,Khoai lang,khoai lang,sweet potato,Khoai lang,high,,1,Đậu hũ nhồi nấm rim nước tương,HAS_FIX,1 copy 37.json,38151
2544,Bánh đa nem mỏng,bánh tráng,rice paper,Bánh đa nem,high,,1,Nem rế nấm hải sản,HAS_FIX,1 copy 37.json,38155
2545,Nấm đùi gà mục nhĩ nấm hương,nấm đùi gà,king oyster mushroom,Nấm tổng hợp,high,"Gồm nấm đùi gà, mộc nhĩ...",1,Nem rế nấm hải sản,HAS_FIX,1 copy 37.json,38157
2546,Hành tây cà rốt,cà rốt,carrot,"Hành tây, cà rốt",high,,1,Nem rế nấm hải sản,HAS_FIX,1 copy 37.json,38158
2547,Bề bề ghẹ vụn tôm nõn,tôm thẻ loại to,shrimp,Hải sản tổng hợp,high,"Gồm bề bề, ghẹ, tôm",1,Nem rế nấm hải sản,HAS_FIX,1 copy 37.json,38161
2548,thịt nạc vai hoặc thịt ba rọi,thịt nạc dăm,pork shoulder,Thịt nạc vai hoặc ba chỉ,high,,1,Thịt Kho Nấm Rơm,HAS_FIX,1 copy 37.json,38218
2549,kem tươi đặc crème frache,kem,cream,Kem tươi đặc (Crème fraîche),high,,1,Bento - Mì Ý Sốt Kem Rau Chân Vịt Topping Cá Hồi Xông Khói,HAS_FIX,1 copy 37.json,38231
2550,đậu côve,đậu que,green beans,Đậu cô ve,high,,1,Chả tôm quinoa bọc đậu côve (baby food),HAS_FIX,1 copy 37.json,38259
2551,Bột tỏi và nước tương,tỏi,garlic,"Bột tỏi, nước tương",high,,1,Nui sốt kem khoai tây phô mai và thịt bò,HAS_FIX,1 copy 37.json,38270
2552,bột cốt dừa,Bột (chung),flour,Bột cốt dừa,high,,1,Xôi Thịt Kho Trứng,HAS_FIX,1 copy 37.json,38322
2553,Thịt kho trứng,bột gia vị,seasoning powder,Thịt kho trứng,high,Món dùng ăn kèm xôi,1,Xôi Thịt Kho Trứng,HAS_FIX,1 copy 37.json,38324
2554,Cá mackerel dòng biển như cá bạc má cá ngân cá saba nhật cá ngừ,cá thu,mackerel,Cá biển (loại mackerel),high,"Nhóm cá thu, bạc má...",1,Cá Mackerel Chiên Nước Mắm Tỏi Ớt,HAS_FIX,1 copy 37.json,38335
2555,húng quế bạn có thể dùng lá tươi hay khô đều được,lá,leaves,Húng quế,high,,1,Cà ri tôm,HAS_FIX,1 copy 37.json,38365
2556,hạt hạnh nhân xay mịn cùng với ml sữa,sữa,milk,"Hạnh nhân, sữa",high,,1,Hoàn thánh cá hồi sốt kem hạnh nhân,HAS_FIX,1 copy 37.json,38367
2557,Mì Quảng,mì,noodles,Bánh mì Quảng,high,,1,Mì Quảng Tôm Thịt Sườn Trứng,HAS_FIX,1 copy 37.json,38372
2558,Nước nhưn,nước,water,Nước nhưn (nước dùng),high,Thuật ngữ miền Trung,1,Mì Quảng Tôm Thịt Sườn Trứng,HAS_FIX,1 copy 37.json,38373
2559,trứng cút trứng gà,trứng cút,quail eggs,"Trứng cút, trứng gà",high,,1,Mì Quảng Tôm Thịt Sườn Trứng,HAS_FIX,1 copy 37.json,38377
2560,bắp chuối bào thân chuối non bào,chuối,banana,"Bắp chuối, thân chuối non",high,,1,Mì Quảng Tôm Thịt Sườn Trứng,HAS_FIX,1 copy 37.json,38393
2561,Dầu mè mật ong nước tương dầu hào,dầu hào,oyster sauce,Sốt tổng hợp,high,"Dầu mè, mật ong, nước tương...",1,Hoàn thánh tôm thịt sốt tỏi tương,HAS_FIX,1 copy 37.json,38405
2562,Nước sốt trộn gỏi,sốt,sauce,Nước sốt trộn gỏi,high,,1,Nộm đu đủ ngó sen tôm thịt,HAS_FIX,1 copy 37.json,38442
2563,Hanh lahanh tim băm nươc mămtiêubôt ngotdâu ăn,hành tím,shallot,Gia vị tổng hợp,high,"Hành, mắm, tiêu, đường...",1,Trứng chiên nấm mối đen,HAS_FIX,1 copy 37.json,38504
2564,Cần tỏi tây,tỏi,garlic,"Cần tây, tỏi tây",high,,1,Thịt ba chỉ gác bếp xào hành tây,HAS_FIX,1 copy 37.json,38531
2565,bột bánh bò Vĩnh Thuận,Bột (chung),flour,Bột bánh bò,high,,1,Bánh bò nướng truyền thống,HAS_FIX,1 copy 37.json,38547
2566,Nước trộn bánh tráng,bánh tráng,rice paper,Nước trộn bánh tráng,high,,1,Bánh tráng trộn cá viên chiên,HAS_FIX,1 copy 37.json,38551
2567,Dấm ăn dấm táo ok,táo,apple,Giấm ăn,high,,1,Cá Mackerel Nướng Dấm,HAS_FIX,1 copy 37.json,38583
2568,Nguyên liệu và định lượng làm sốt cây chua ngọt,sốt,sauce,Sốt cay chua ngọt,high,,1,MÓN NUI THỊT VIÊN KÈM SỐT CAY CHUA NGỌT 🍋,HAS_FIX,1 copy 37.json,38617
2569,chén bột chiên xù Topvalu,Bột (chung),flour,Bột chiên xù,high,,1,Đậu hủ trứng chà bông (baby food),HAS_FIX,1 copy 37.json,38628
2570,lá Kombu,hành tím,shallot,Lá Kombu (Tảo biển),high,,1,SANPAIJIRU - SOUPS KHOAI TÂY CÁ HỒI,HAS_FIX,1 copy 37.json,38630
2571,cải trắng bào vỏ chẻ dọc và cắt lát dầy cm,cải thảo,napa cabbage,Củ cải trắng,high,,1,SANPAIJIRU - SOUPS KHOAI TÂY CÁ HỒI,HAS_FIX,1 copy 37.json,38633
2572,Bột chùm ngây hoặc rau tuỳ thích,Bột (chung),flour,Bột chùm ngây,high,,1,Soup khoai tây yến mạch rau chùm ngây,HAS_FIX,1 copy 37.json,38650
2573,Hành tím gừng,gừng,ginger,"Hành tím, gừng",high,,1,Bao tử heo luộc,HAS_FIX,1 copy 37.json,38659
2574,Hoa cúc tần Pâquerette,hoa cúc,chrysanthemum,Hoa cúc tần,high,,1,Canh Tôm Hoa Cúc Tần (Soup de Crevettes aux Pâquerette),HAS_FIX,1 copy 37.json,38664
2575,ớp thịt,thịt nạc dăm,pork shoulder,Gia vị ướp thịt,high,Lỗi chính tả 'ớp',1,Tôm Rang Thịt Nạc Vai Đưa Cơm Cực Kỳ,HAS_FIX,1 copy 37.json,38688
2576,Tôm nhỏ bóc vỏ sẵn,tôm thẻ loại to,shrimp,Tôm nhỏ,high,,1,Canh Cải Non Nấu Tôm,HAS_FIX,1 copy 37.json,38691
2577,Bưởi,nem bưởi,grapefruit roll,Bưởi,high,,1,Gỏi bưởi tôm thịt,HAS_FIX,1 copy 37.json,38693
2578,Tôm thẻ sú,tôm thẻ loại to,shrimp,Tôm thẻ hoặc tôm sú,high,,1,Gỏi bưởi tôm thịt,HAS_FIX,1 copy 37.json,38694
2579,Chanh tỏi ớt,ớt,chili pepper,"Chanh, tỏi, ớt",high,,1,Bánh đúc tôm thịt,HAS_FIX,1 copy 37.json,38710
2580,nồi nước lẩu thái chua cay,nước,water,Nước lẩu Thái,high,,1,"Lẩu Thái Hải Sản, Bò, Gà",HAS_FIX,1 copy 37.json,38713
2581,sò mía,mía,sugarcane,Sò mía,high,Loại động vật thân mềm,1,"Lẩu Thái Hải Sản, Bò, Gà",HAS_FIX,1 copy 37.json,38720
2582,Tim heo xào sẵn còn dư từ hôm nấu cháo tim,thịt heo,pork,Tim heo,high,,1,Đậu Co Ve Xào Tim Heo,HAS_FIX,1 copy 37.json,38724
2583,tôm tươi đã làm sạch sẽ,tôm thẻ loại to,shrimp,Tôm tươi,high,,1,Canh Rau Tập Tàng Nấu Tôm,HAS_FIX,1 copy 37.json,38766
2584,Rau ngỗ đầu hành lá,hành lá,green onion,"Rau ngổ, đầu hành lá",high,Lỗi chính tả 'ngỗ',1,Canh khoai mỡ nấu tôm tươi,HAS_FIX,1 copy 37.json,38833
2585,t tỏi sả bột nghệ,tỏi,garlic,"Tỏi, sả, bột nghệ",high,,1,Cá hú nướng nồi chiên không dầu,HAS_FIX,1 copy 37.json,38835
2586,bột bắp mc nước,Bột (chung),flour,Bột bắp,high,,1,Bí Ngòi Nhồi Thịt Bò Bằm Sốt Tỏi Gấu,HAS_FIX,1 copy 37.json,38859
2587,bún bún khô sợ thì nắm vừa tay,bún,rice vermicelli,Bún khô,high,,1,Bún xào bò kim châm eatclean,HAS_FIX,1 copy 37.json,38878
2588,Hành tím tỏi hành lá ớt,hành lá,green onion,"Hành tím, tỏi, hành lá, ớt",high,,1,Thịt ba rọi kho măng,HAS_FIX,1 copy 37.json,38883
2589,Nước tương nhật,nước,water,Nước tương Nhật,high,,1,Cuốn Maki Bơ & Cá Ngừ,HAS_FIX,1 copy 37.json,38896
2590,cá cơm rim,cơm,cooked rice,Cá cơm rim,high,,1,Bánh tráng trộn cá cơm rim,HAS_FIX,1 copy 37.json,38913
2591,nhỏ lá chanh,chanh,lime,Lá chanh,high,,1,Lạp Bò Lào - Gỏi Bò Lào 🇱🇦,HAS_FIX,1 copy 37.json,38932
2592,thịt ba rọi,Thịt ba chỉ,pork belly,Thịt ba chỉ,high,Ba rọi là ba chỉ,1,Bún mắm nêm thịt heo quay,HAS_FIX,1 copy 37.json,38944
2593,Hành lá hành tím băm,hành lá,green onion,"Hành lá, hành tím",high,,1,Đậu hủ nhồi thịt rim mắm,HAS_FIX,1 copy 37.json,38968
2594,thịt nạc vai lợn xay nhuyễn,thịt nạc dăm,pork shoulder,Thịt nạc vai heo,high,,1,Bánh bao nhân thịt,HAS_FIX,1 copy 37.json,38985
2595,thịt chỉ,Thịt ba chỉ,pork belly,Thịt ba chỉ,high,Cách gọi tắt 'thịt chỉ',1,Thịt sốt xì dầu,HAS_FIX,1 copy 37.json,38994
2596,sa,cá ba sa,pangasius fish,Sả,high,Lỗi chính tả 'sa' thành 'sả',1,Thịt băm rang sả,HAS_FIX,1 copy 37.json,39008
2597,bún tàu miến đậu xanh,đậu xanh,mung beans,Bún tàu (miến),high,,1,Cá Tuyết Hấp (Chưng) Bún Tàu & Lá Tỏi Gấu,HAS_FIX,1 copy 37.json,39016
2598,củ hành tây củ cải trắng,hành tây,onion,"Hành tây, củ cải trắng",high,,1,Sườn cay Thái Lan (xương heo hầm ớt hiểm),HAS_FIX,1 copy 37.json,39042
2599,ậu bắp bạc hà,bạc hà,mint,"Đậu bắp, bạc hà",high,Lỗi chính tả 'ậu',1,Canh chua cá Basa,HAS_FIX,1 copy 37.json,39051
2600,Nấm kim,nấm kim châm,enoki mushroom,Nấm kim châm,high,Cách gọi tắt 'nấm kim',1,Bún hải sản,HAS_FIX,1 copy 37.json,39063
2601,sườn,sườn heo,pork ribs,thịt chân giò,high,Raw name ghi sườn nhưng món ăn là chân giò,1,Thịt chân giò chiên nước mắm,HAS_FIX,1 copy 28.json,39070
2602,Mắm nêm hoặc mắm cái,nước mắm,fish sauce,mắm nêm,high,,1,Chả Giò Cá Cuốn Bánh Tráng Chấm Mắm Cái,HAS_FIX,1 copy 28.json,39084
2603,Sốt thơm,sốt,sauce,thơm,medium,Sốt thơm ở đây thường là dứa (thơm) băm,1,Bánh đúc yến mạch thịt băm rang,HAS_FIX,1 copy 28.json,39091
2604,bơ chín tới,bơ,butter,quả bơ,high,,1,"Salad Cá Hồi Xông Khói, Quả Bơ & Nụ Bạch Hoa",HAS_FIX,1 copy 28.json,39094
2605,Tỏi băm sả băm,tỏi,garlic,tỏi sả băm,high,,1,"Bún thịt xiên nướng, chả giò",HAS_FIX,1 copy 28.json,39100
2606,Bột chiên xù Topvalu,Bột (chung),flour,bột chiên xù,high,,1,Chả tôm chiên xù (ăn dặm),HAS_FIX,1 copy 28.json,39136
2607,Hành tím hoặc dùng bột hành bột tỏi Hành tây múi cau,tỏi,garlic,hành tây,high,Wrong mapping vào tỏi trong khi có hành tây,1,Chả tôm chiên xù (ăn dặm),HAS_FIX,1 copy 28.json,39139
2608,bột cà ri hữu cơ,Bột (chung),flour,bột cà ri,high,,1,Nui gà sốt cà ri rau củ,HAS_FIX,1 copy 28.json,39142
2609,Rau củ ăn kèm tuỳ ý,rau sống,fresh herbs,rau củ,high,,1,Nui gà sốt cà ri rau củ,HAS_FIX,1 copy 28.json,39148
2610,thịt lạc,đậu phộng,peanut,thịt nạc,high,Lạc ở đây là nạc (phát âm địa phương),1,Thịt chiên,HAS_FIX,1 copy 28.json,39167
2611,Gia vị ướp mắm dầu hào mật ong tỏi băm,tỏi,garlic,gia vị ướp,medium,,1,Ếch sốt bơ tỏi,HAS_FIX,1 copy 28.json,39184
2612,Sốt ướp thịt nướng,sốt,sauce,sốt ướp thịt nướng,high,,1,Bánh hỏi - bò nướng,HAS_FIX,1 copy 28.json,39195
2613,Bánh tráng gạo vừa đủ cho hai người,gạo,rice,bánh tráng gạo,high,,1,Bánh Tráng Trộn Tôm Rim,HAS_FIX,1 copy 28.json,39198
2614,Sốt tôm rim,ram tôm,shrimp rolls,sốt tôm rim,high,,1,Bánh Tráng Trộn Tôm Rim,HAS_FIX,1 copy 28.json,39205
2615,cải xà lách xoong cải xoong,cải xoong,watercress,xà lách xoong,high,,1,Canh Xà Lách Xoong Nấm Mỡ & Cồi Sò Điệp,HAS_FIX,1 copy 28.json,39213
2616,súp nêm vị gà,súp,soup,hạt nêm vị gà,high,Súp nêm thường là hạt nêm,1,Canh Xà Lách Xoong Nấm Mỡ & Cồi Sò Điệp,HAS_FIX,1 copy 28.json,39216
2617,sốt tương đen,sốt,sauce,tương đen,high,,1,Đậu phụ sốt tương đen,HAS_FIX,1 copy 28.json,39218
2618,Nước sốt dầu dấm,dấm,vinegar,sốt dầu giấm,high,,1,Vào bếp cùng con: salad rau hỗn hợp,HAS_FIX,1 copy 28.json,39251
2619,giò heo bắp trên,thịt heo,pork,giò heo,high,,1,Giò heo nạc kho trứng,HAS_FIX,1 copy 28.json,39258
2620,Xà lách rau húng cải tím,cải,mustard greens,xà lách húng cải tím,high,,1,Gỏi bò,HAS_FIX,1 copy 28.json,39280
2621,bột chiên xù Miwon,Bột (chung),flour,bột chiên xù,high,,1,Thịt lợn chiên giòn,HAS_FIX,1 copy 28.json,39296
2622,bột chiên xù Topvalu,Bột (chung),flour,bột chiên xù,high,,1,Khoai tây bọc tôm chiên xù (baby food),HAS_FIX,1 copy 28.json,39320
2623,ml nước cốt dừa cream yến mạch,sữa dừa,coconut milk,cream yến mạch,high,,1,Soup bắp hải sản (không bột năng),HAS_FIX,1 copy 28.json,39326
2624,Dầu hào bột canh dầu ăn g lạc rang,Bột (chung),flour,lạc rang,medium,G lạc rang là gram lạc rang,1,Thịt đùi gà xào lăn,HAS_FIX,1 copy 28.json,39375
2625,Lá tỏi gấu non mùa xuân,tỏi,garlic,lá tỏi gấu,high,,1,Lá Tỏi Gấu Cuộn Bò Bằm Xiên Que Nướng,HAS_FIX,1 copy 28.json,39380
2626,Mắm tôm pha chấm cuốn,nước mắm,fish sauce,mắm tôm,high,,1,Lá Tỏi Gấu Cuộn Bò Bằm Xiên Que Nướng,HAS_FIX,1 copy 28.json,39388
2627,hành tím dầu ăn,hành tím,shallot,hành tím,high,,1,Gỏi xoài tôm khô,HAS_FIX,1 copy 28.json,39409
2628,lá cẩm,lá,leaves,lá cẩm,high,,1,Rau câu sữa dừa lá cẩm,HAS_FIX,1 copy 28.json,39423
2629,Sốt ướp BBQ brown sugar,đường,sugar,sốt BBQ,high,,1,Dẻ sườn bò nướng,HAS_FIX,1 copy 28.json,39430
2630,Nấm kim châm bông cải,nấm kim châm,enoki mushroom,nấm kim châm và bông cải,high,,1,Dẻ sườn bò nướng,HAS_FIX,1 copy 28.json,39431
2631,hành tây củ gừng nhỏ,gừng,ginger,hành tây và gừng,high,,1,Cháo mực,HAS_FIX,1 copy 28.json,39455
2632,Gừng hành tím tỏi ớt,ớt,chili pepper,hành tím và tỏi,high,Wrong mapping bỏ qua hành tỏi,1,Da heo luộc chấm mắm nêm,HAS_FIX,1 copy 28.json,39483
2633,Phô mai emmental,phô mai,cheese,phô mai Emmental,high,,1,Bánh Mì Thịt Nguội Và Phô Mai Emmental,HAS_FIX,1 copy 28.json,39509
2634,Bơ salted butter,bơ,butter,bơ mặn,high,Salted butter là bơ mặn,1,Bánh Mì Thịt Nguội Và Phô Mai Emmental,HAS_FIX,1 copy 28.json,39511
2635,t không cần nếu nhà có bé nhỏ,cần tây,celery,tiêu,medium,Lỗi gõ 't' trong bối cảnh cá kho thường là tiêu,1,Cá lóc kho,HAS_FIX,1 copy 28.json,39513
2636,bì đậu hũ,đậu hũ,tofu,đậu hũ,high,Bì đậu hũ là cách gọi khác,1,Thịt kho măng đậu hũ,HAS_FIX,1 copy 28.json,39516
2637,mì mama Thái chua cay,mì,noodles,mì gói,high,,1,Mì Gói Mama Tôm Cà Chua & Ớt Sa Tế Siêu Cay 🌶,HAS_FIX,1 copy 28.json,39530
2638,nhỏ,bắp cải,cabbage,,low,Từ 'nhỏ' không định danh được nguyên liệu,1,Cơm bò bolgogi,UNCERTAIN,1 copy 28.json,39546
2639,cải Endive lớn hoặc cây nhỏ Endive còn được gọi là rau diếp trắng,cải diếp,lettuce,rau diếp xoăn,high,Endive là diếp xoăn,1,Salad Rau Diếp Xoăn Trắng (Endive) Táo & Thịt Nguội,HAS_FIX,1 copy 28.json,39547
2640,giá đỗ,giá,bean sprouts,giá đỗ,high,,1,Món chay: Canh rau ngót giá đỗ,HAS_FIX,1 copy 28.json,39563
2641,mướp hương,mướp,luffa,mướp hương,high,,1,Món chay: Canh rau ngót giá đỗ,HAS_FIX,1 copy 28.json,39564
2642,Tôm size nhỡ ăn sẽ ngon hơn tôm to,tôm thẻ loại to,shrimp,tôm,high,,1,Bún Tôm Hải Phòng Keto,HAS_FIX,1 copy 28.json,39571
2643,Cần tây tỏi tây củ hành tây điểm cà rốt,tỏi,garlic,tỏi tây,high,,1,Mực xào cần tỏi tây,HAS_FIX,1 copy 28.json,39585
2644,Boa rô rau mùi ta ngò rí,rau ngò rí,coriander leaves,hành boa rô,high,,1,Bánh canh nấm,HAS_FIX,1 copy 28.json,39615
2645,nấm sò,nấm bào ngư,oyster mushroom,nấm sò,high,,1,Mì Soba Súp Bò Nấm,HAS_FIX,1 copy 28.json,39619
2646,súp lơ,súp,soup,súp lơ,high,,1,Sandwich cua nướng (baby food),HAS_FIX,1 copy 28.json,39664
2647,Hành lá ngò thơm,hành lá,green onion,ngò thơm,high,,1,Hủ Tiếu Măng Gà Nấm,HAS_FIX,1 copy 28.json,39712
2648,Húng Quế,rau húng chó,mint,húng quế,high,,1,Cơm Chiên Rau Xanh,HAS_FIX,1 copy 28.json,39734
2649,Thịt,thịt nạc dăm,pork shoulder,thịt,high,,1,Trứng hấp sốt tôm thịt cho bé,HAS_FIX,1 copy 28.json,39753
2650,Tỏi hành lá ớt xắt nhỏ,hành lá,green onion,tỏi và ớt,high,,1,Đậu hũ sa tế,HAS_FIX,1 copy 28.json,39780
2651,Bột ớt,ớt,chili pepper,bột ớt,high,,1,Canh thịt heo (돼지국밥),HAS_FIX,1 copy 28.json,39786
2652,mắm hàn quốc,nước mắm,fish sauce,mắm Hàn Quốc,high,,1,Canh thịt heo (돼지국밥),HAS_FIX,1 copy 28.json,39788
2653,Mì quảng,mì,noodles,bánh mì quảng,high,Nguyên liệu làm mì quảng,1,Mì quảng ếch,HAS_FIX,1 copy 28.json,39795
2654,chanh ưu tiên chanh vàng,chanh,lime,chanh vàng,high,,1,Surf n Turf (Steak và hải sản),HAS_FIX,1 copy 28.json,39814
2655,bột số,bột mì,wheat flour,bột mì số 11,medium,"Gõ thiếu, thường là bột mì số 11 hoặc 13",1,Mushroom Bun 🍄 bánh mì ngọt hình nấm 🍄,HAS_FIX,1 copy 28.json,39820
2656,Giò nhỏ,giò,pork sausage,giò heo,medium,"Trong súp gà nấm, giò thường là giò heo",1,Súp gà nấm bổ dưỡng,HAS_FIX,1 copy 28.json,39830
2657,cải đỏ cà rốt,cà rốt,carrot,củ cải đỏ,high,,1,"Hủ Tíu Ức Gà, Nấm & Rau Củ",HAS_FIX,1 copy 28.json,39856
2658,bao tử cá lóc,cá lóc,snakehead fish,bao tử cá lóc,high,,1,Lòng cá lóc xào dưa chua,HAS_FIX,1 copy 28.json,39891
2659,rau ôm ngò gai,ngò gai,culantro,rau ôm,high,,1,Lòng cá lóc xào dưa chua,HAS_FIX,1 copy 28.json,39895
2660,thịt xay ướp hoặc thịt thái nhỏ ướp,Thịt băm,Minced pork,thịt heo,high,,1,Nui sao xào thịt rau củ,HAS_FIX,1 copy 28.json,39897
2661,Khuôn rau câu silicon me bông conkhuôn nho va lơn,me,tamarind,khuôn silicon,high,"Đây là dụng cụ, không phải me",1,Rau câu bắp 2 lớp,HAS_FIX,1 copy 28.json,39909
2662,đùi tỏi gà,tỏi,garlic,đùi gà,high,Tỏi gà là cách gọi đùi gà tỏi,1,"Combo món chiên: đùi gà chiên, tôm chiên, khoai lang chiên",HAS_FIX,1 copy 28.json,39910
2663,Mắm cá cơm nguyên,cơm,cooked rice,mắm cá cơm,high,,1,Cá nục hấp hành cuốn rau muống do lướt tóp tóp quá nhiều,HAS_FIX,1 copy 28.json,39928
2664,Rau củ ớt chuông đậu que bắp,ớt,chili pepper,rau củ hỗn hợp,high,,1,Pizza khoai tây hải sản,HAS_FIX,1 copy 28.json,39945
2665,Rau củ hỗn hợp,cải,mustard greens,rau củ hỗn hợp,high,,1,Cơm nắm ruốc cá hồi,HAS_FIX,1 copy 28.json,39952
2666,Hat nêmdâu ănbôt ngotmăm ruôchanh tim,hành tím,shallot,mắm ruốc,high,Lỗi dính chữ 'măm ruô',1,Canh rau lang nấu tôm tươi,HAS_FIX,1 copy 28.json,39973
2667,ớt chuông đỏ xanhvàng,ớt,chili pepper,ớt chuông,high,,1,Ớt chuông xào thịt bò,HAS_FIX,1 copy 28.json,39998
2668,quenelle vegetarian,chay,vegetarian,quenelle chay,high,,1,💚 Quenelle Vegetarian Sốt Nấm Đút Lò,HAS_FIX,1 copy 28.json,40014
2669,Sốt cà ri đặc kiểu hủ cà ri dầu hiệu ng Chà Và ở VN,sốt,sauce,sốt cà ri dầu,high,,1,💚 Quenelle Vegetarian Sốt Nấm Đút Lò,HAS_FIX,1 copy 28.json,40018
2670,lá ngò hoặc rau răm rau húng lủi,rau răm,vietnamese coriander,ngò hoặc húng lủi,high,,1,Nấm Bào Ngư Hấp Sả Chấm Mắm Gừng,HAS_FIX,1 copy 28.json,40027
2671,khoai lang mật à Lạt,mật ong,Honey,khoai lang mật,high,,1,Cà ri cà tím khoai lang mật và đậu hũ non chay,HAS_FIX,1 copy 28.json,40065
2672,Nước đậu nành,sữa đậu nành,soy milk,nước đậu nành,high,,1,Đậu hũ trứng chiên giòn,HAS_FIX,1 copy 28.json,40078
2673,hành lá ngò thơm,hành lá,green onion,ngò thơm,high,,1,Canh Bí Đao Bào Nấu Tôm Tươi,HAS_FIX,1 copy 28.json,40084
2674,Khay rau củ thập cẩm mua siêu thị,rau sống,fresh herbs,rau củ thập cẩm,high,,1,Cơm chiên rau củ thập cẩm,HAS_FIX,1 copy 28.json,40115
2675,Cá hồng,cá diêu hồng,tilapia,cá hồng,high,,1,Cá hồng biển chiên,HAS_FIX,1 copy 28.json,40118
2676,lá chua me đất,lá me,tamarind leaves,lá chua me đất,high,,1,Canh cá nấu chua me đất,HAS_FIX,1 copy 28.json,40130
2677,đuôi cá Monkfish nhỏ,cá mặt quỷ,stonefish,cá monkfish,high,Monkfish là cá thầy tu,1,Món Pháp - Cá Thầy Tu Bọc Bacon Nướng Lá Thơm,HAS_FIX,1 copy 28.json,40134
2678,sả ớt băm,ớt,chili pepper,sả băm,high,,1,Sườn chay dồn thịt chiên,HAS_FIX,1 copy 28.json,40149
2679,thịt cốt lết Iberico,cốt lết,pork chop,thịt cốt lết Iberico,high,,1,Thịt Cốt Lếch Iberico Ram,HAS_FIX,1 copy 28.json,40154
2680,Boa rô dâu ăn hat nêm chay muôi ngo ri,chay,vegetarian,hành boa rô,high,,1,"Canh chay rong biển đậu hủ,nấm hương và tàu hủ ky",HAS_FIX,1 copy 28.json,40232
2681,sươn chay ga,chay,vegetarian,sườn chay và gà chay,high,,1,"Bánh canh chay sườn chay gà,đậu hủ và nấm bào ngư",HAS_FIX,1 copy 28.json,40233
2682,nâm bao ngư,cá,fish,nấm bào ngư,high,Lỗi gõ 'nâm bao ngư',1,"Bánh canh chay sườn chay gà,đậu hủ và nấm bào ngư",HAS_FIX,1 copy 28.json,40235
2683,Chanh ơt trai,chanh,lime,ớt trái,high,,1,"Bánh bột lọc chay nhân tàu hủ ky,nấm mèo và cà rốt",HAS_FIX,1 copy 28.json,40253
2684,dầu ăn mình dùng dầu mè loại dùng cho nấu nướng,Mè (Vừng),sesame seeds,dầu mè,high,,1,🌱 Đậu Hủ Sốt Cà (Vegan),HAS_FIX,1 copy 28.json,40277
2685,Hanh láhanh tim băm nho,hành tím,shallot,hành lá,high,,1,Cá thác lác trộn thịt heo chiên,HAS_FIX,1 copy 28.json,40282
2686,agar,rau câu,agar / agar-agar,bột rau câu agar,high,,1,Khổ qua dồn cá thác lác,HAS_FIX,1 copy 28.json,40293
2687,jelly,bột rau câu,agar powder,bột rau câu dẻo,high,Jelly thường chỉ bột rau câu dẻo,1,Khổ qua dồn cá thác lác,HAS_FIX,1 copy 28.json,40294
2688,vani,vani,vanilla,vani,high,,1,Khổ qua dồn cá thác lác,HAS_FIX,1 copy 28.json,40295
2689,miêng sươn chay,chay,vegetarian,sườn chay,high,,1,"Sườn chay,đậu hủ chiên,xào giá và cà rốt",HAS_FIX,1 copy 28.json,40326
2690,gia,gia vị,seasoning,giá,high,"Trong món xào giá cà rốt, gia là giá",1,"Sườn chay,đậu hủ chiên,xào giá và cà rốt",HAS_FIX,1 copy 28.json,40328
2691,nươc côt chanh,chanh,lime,nước cốt chanh,high,,1,Cá trê chiên giòn,HAS_FIX,1 copy 28.json,40336
2692,Mắm gia vị,gia vị,seasoning,nước mắm,medium,Mắm gia vị thường là nước mắm,1,Canh sườn bò củ cải,HAS_FIX,1 copy 28.json,40360
2693,xôi nguội còn dư,xôi,sticky rice,xôi,high,,1,Cháo Sườn Nấm - Món Dễ Ăn Cho Người Bệnh,HAS_FIX,1 copy 28.json,40390
2694,con tôm,tôm thẻ loại to,shrimp,tôm,high,,1,Canh Khoai Môn Bào Nấu Tôm Thịt,HAS_FIX,1 copy 28.json,40413
2695,Tương ớt dầu hào nước tương,ớt,chili pepper,tương ớt và dầu hào,high,,1,SP.0696 - Thịt Rim Xốt Cay,HAS_FIX,1 copy 28.json,40420
2696,Vi cá,cá,fish,vi cá,high,,1,Súp Vi Cá,HAS_FIX,1 copy 28.json,40436
2697,Hat nêmdâu ănmuôitiêuhanh timhanh lá,lá,leaves,hành tím và hành lá,high,,1,Canh rong biển nấu đậu hủ và thịt bằm,HAS_FIX,1 copy 28.json,40450
2698,nấm hương và mộc nhĩ,nấm hương,shiitake mushroom,nấm hương và mộc nhĩ,high,,1,Chả nem tôm cua bề bề,HAS_FIX,1 copy 28.json,40460
2699,thịt lợn nửa nạc nửa mỡ,nạc heo,lean pork,thịt ba chỉ,medium,Nửa nạc nửa mỡ thường chỉ ba chỉ,1,Nem lụi/ Chạo heo bọc sả,HAS_FIX,1 copy 28.json,40497
2700,a nem,bánh tráng,rice paper,lá nem,high,Lỗi gõ 'a nem',1,Nem lụi/ Chạo heo bọc sả,HAS_FIX,1 copy 28.json,40503
2701,hạt sen,sen,lotus,hạt sen,high,,1,Đậu hũ non từ hạt sen sốt cam,HAS_FIX,1 copy 20.json,40518
2702,bánh đa canh,bánh phở,pho noodles,bánh đa,high,,1,Canh cua đồng mồng tơi,HAS_FIX,1 copy 20.json,40544
2703,Rau húng hà nội hoặc húng bạc hà,bạc hà,mint,rau húng,high,,1,Gỏi sứa xoài xanh rau húng,HAS_FIX,1 copy 20.json,40548
2704,Măng tây,măng,bamboo shoots,măng tây,high,,1,Măng tây sốt nấm (ver.2),HAS_FIX,1 copy 20.json,40564
2705,cải trắng mình dùng cải tròn navet,cải thảo,napa cabbage,củ cải trắng,high,Cải navet là củ cải tròn trắng,1,Thịt Kho Tiêu & Củ Cải Trắng,HAS_FIX,1 copy 20.json,40567
2706,rau nêm canh chua tỏi phi gia vị,tỏi,garlic,rau nêm canh chua,high,,1,🔸️CANH CHUA CÁ HÚ BẮP CẢI,HAS_FIX,1 copy 20.json,40574
2707,đậu hủ lụa hoặc đậu hủ chiên càng ngon,đậu non,silken tofu,đậu hũ,high,,1,🌱 Canh Chua Bắp Chuối & Nấm Chay (Vegan),HAS_FIX,1 copy 20.json,40585
2708,Rau canh chua ngò om ngò gai hành lá,hành lá,green onion,rau canh chua,high,"Gồm ngò om, ngò gai, hành lá",1,🌱 Canh Chua Bắp Chuối & Nấm Chay (Vegan),HAS_FIX,1 copy 20.json,40587
2709,nui sao,nui,pasta,nui sao,high,,1,Nui sao thịt bằm rau củ,HAS_FIX,1 copy 20.json,40590
2710,Rau củ tuỳ ý,rau sống,fresh herbs,rau củ,high,,1,Nui sao thịt bằm rau củ,HAS_FIX,1 copy 20.json,40594
2711,Hành tím tép tỏi cây hành lá,hành lá,green onion,"hành, tỏi",high,,1,"Món Kho quẹt kết hợp rau luộc, cơm cháy",HAS_FIX,1 copy 20.json,40603
2712,nước tương hành lá gia vị nêm nếm,hành lá,green onion,"nước tương, hành lá, gia vị",high,,1,🔸️THỊT BA CHỈ RIM CHAO,HAS_FIX,1 copy 20.json,40652
2713,bơ sáp,bơ,butter,quả bơ,high,,1,Vào bếp cùng con: Taco tôm với tortilla từ bột mì và sốt salsa xoài,HAS_FIX,1 copy 20.json,40661
2714,ớt hành lá,hành lá,green onion,"ớt, hành lá",high,,1,Cá chỉ vàng kho tiêu,HAS_FIX,1 copy 20.json,40684
2715,Gia vị ướp cá,cá,fish,gia vị ướp,high,,1,Cá hồi lăn vụn dừa,HAS_FIX,1 copy 20.json,40692
2716,rau củ,rau sống,fresh herbs,rau củ,high,,1,Cá hồi lăn vụn dừa,HAS_FIX,1 copy 20.json,40693
2717,cà ri dầu,bột cà ri,Curry powder,dầu cà ri,high,,1,Phá lấu sách bò,HAS_FIX,1 copy 20.json,40718
2718,bột nấu bò kho,Bột (chung),flour,gia vị bò kho,high,,1,Phá lấu sách bò,HAS_FIX,1 copy 20.json,40719
2719,hành tỏi gia vị nêm nếm,tỏi,garlic,"hành, tỏi, gia vị",high,,1,🔸️THỊT BĂM RANG TÔM MẶN NGỌT,HAS_FIX,1 copy 20.json,40737
2720,c trứng vịt c trứng gà,trứng vịt,duck egg,"trứng gà, trứng vịt",high,,1,🔸️THỊT CHƯNG TRỨNG & NẤM RƠM,HAS_FIX,1 copy 20.json,40739
2721,hành ngò gia vị nêm nếm,hành ngò,scallion cilantro,"hành ngò, gia vị",high,,1,🔸️CANH BÍ ĐỎ THỊT BĂM,HAS_FIX,1 copy 20.json,40749
2722,sả băm mcp ớt băm,ớt,chili pepper,"sả băm, ớt băm",high,,1,🔸️ỨC GÀ XÀO SẢ ỚT VỚI NẤM ĐÙI GÀ BABY,HAS_FIX,1 copy 20.json,40759
2723,củ hành tím cây hành lá,hành lá,green onion,"hành tím, hành lá",high,,1,Thịt ba chỉ rang cháy cạnh,HAS_FIX,1 copy 20.json,40764
2724,ớt chuông xanh gr,ớt,chili pepper,ớt chuông xanh,high,,1,🔸️ỚT CHUÔNG XANH XÀO THỊT BĂM,HAS_FIX,1 copy 20.json,40765
2725,tương ớt Hàn Quốc,ớt,chili pepper,tương ớt Hàn Quốc,high,,1,Mực khô xào cay Hàn Quốc (진미채 볶음),HAS_FIX,1 copy 20.json,40802
2726,thịt nạc gà hoặc ức đùi cánh lườn gì cũng được,cánh gà,chicken wings,thịt gà,high,,1,Thịt Gà Kho Rau Răm,HAS_FIX,1 copy 20.json,40817
2727,Súp lơ xanh không bắt buộc,súp,soup,súp lơ xanh,high,,1,Canh sườn nấm rong biển,HAS_FIX,1 copy 20.json,40827
2728,Mơ hanh,mơ,apricot,mỡ hành,high,Gõ sai từ mỡ hành,1,Bánh tráng kẹp bánh ít nhân tôm thịt,HAS_FIX,1 copy 20.json,40845
2729,thịt heo bằm,Thịt băm,Minced pork,thịt heo bằm,high,,1,Cháo Thịt Bằm Nấu Từ Nước Luộc Gà,HAS_FIX,1 copy 20.json,40867
2730,trai tim heo,thịt heo,pork,tim heo,high,,1,"Tim heo xào bông cải xanh,su su và bắp cải",HAS_FIX,1 copy 20.json,40899
2731,Hanh lahanh tim băm nho,tim heo,pork heart,"hành lá, hành tím",high,,1,"Tim heo xào bông cải xanh,su su và bắp cải",HAS_FIX,1 copy 20.json,40900
2732,trứng gà ta mẹ Măng dùng trứng chim trĩ,măng,bamboo shoots,trứng gà hoặc trứng chim trĩ,high,,1,Bí ngô hấp tôm yến mạch (baby food),HAS_FIX,1 copy 20.json,40932
2733,bạc hà cắt mỏng,bạc hà,mint,dọc mùng,high,Miền Nam gọi dọc mùng là bạc hà,1,Canh chua cá bớp,HAS_FIX,1 copy 20.json,40939
2734,ớt chuông cam cắt mỏng,ớt,chili pepper,ớt chuông cam,high,,1,Canh chua cá bớp,HAS_FIX,1 copy 20.json,40941
2735,Dầu ăn dầu mè dầu hào,Mè (Vừng),sesame seeds,"dầu ăn, dầu mè, dầu hào",high,,1,Phở xào vét tủ super rau,HAS_FIX,1 copy 20.json,40958
2736,hoa rô thái nhỏ,nước,water,hành baro,medium,Gõ sai từ boaro/boa rô,1,"Cơm Chiên Cá Thu, Cá Hồi & Rong Biển",HAS_FIX,1 copy 20.json,40960
2737,Rau cải bông xanh cải bông trắng,bông cải,broccoli,"súp lơ xanh, súp lơ trắng",high,,1,Cơm gà nghệ nấu nấm hương,HAS_FIX,1 copy 20.json,40975
2738,măng tây cắt thành từng khúc nhỏ,măng,bamboo shoots,măng tây,high,,1,Cơm bò xào măng tây,HAS_FIX,1 copy 20.json,40977
2739,nước tương đen,nước,water,nước tương đen,high,,1,Cơm bò xào măng tây,HAS_FIX,1 copy 20.json,40978
2740,Cá chiên,cá mặt quỷ,stonefish,cá chiên,high,,1,Cá Thầy Tu (Monkfish) Chiên Kèm Bún Tàu Xào Tương Hột,HAS_FIX,1 copy 20.json,41012
2741,tinh bột bắp,Bột (chung),flour,tinh bột bắp,high,,1,Cá Thầy Tu (Monkfish) Chiên Kèm Bún Tàu Xào Tương Hột,HAS_FIX,1 copy 20.json,41014
2742,Bún tàu xào tương hột,bún,rice vermicelli,bún tàu,high,,1,Cá Thầy Tu (Monkfish) Chiên Kèm Bún Tàu Xào Tương Hột,HAS_FIX,1 copy 20.json,41016
2743,sách bò hoặc nguyên liệu nấu phá lấu,thịt bò,beef,sách bò,high,,1,Sách bò xào gia vị phá lấu,HAS_FIX,1 copy 20.json,41024
2744,Tỏi tây có,tỏi,garlic,tỏi tây,high,,1,"Thịt bò xào khoai tây, cần tây",HAS_FIX,1 copy 20.json,41031
2745,nước tương nhật tôi dùng hiệu kikkoman,nước dùng,broth,nước tương nhật,high,,1,Thịt Kho Đài Loan,HAS_FIX,1 copy 20.json,41053
2746,Nước tương em bé,nước,water,nước tương cho bé,high,,1,Thịt heo normandy và phô mai,HAS_FIX,1 copy 20.json,41065
2747,boa rô to hoặc cây nhỏ cả lá,lá,leaves,hành boa rô,high,,1,Súp Miso Rong Biển Đậu Hủ Nấm Mỡ,HAS_FIX,1 copy 20.json,41082
2748,tỏi củ hành tím,tỏi,garlic,"tỏi, hành tím",high,,1,Mì Quảng tôm càng,HAS_FIX,1 copy 20.json,41116
2749,Sốt tương trộn,sốt,sauce,sốt tương,high,,1,Rice Bowl - Cơm Quinoa Trộn Ức Gà Xé & Rau Quả Tươi,HAS_FIX,1 copy 20.json,41123
2750,hành tỏi phi,tỏi,garlic,hành tỏi phi,high,,1,Rice Bowl - Cơm Quinoa Trộn Ức Gà Xé & Rau Quả Tươi,HAS_FIX,1 copy 20.json,41124
2751,nước tương nhật,nước,water,nước tương nhật,high,,1,Rice Bowl - Cơm Quinoa Trộn Ức Gà Xé & Rau Quả Tươi,HAS_FIX,1 copy 20.json,41125
2752,Nước tương dùng kèm,nước dùng,broth,nước tương,high,,1,Tô Cơm Trộn Cá Ngừ (Tuna Rice Bowl),HAS_FIX,1 copy 20.json,41140
2753,Hành tây tỏi băm,tỏi,garlic,"hành tây, tỏi",high,,1,Thịt viên Thuỵ Điển,HAS_FIX,1 copy 20.json,41162
2754,bột mì đa dụng,Bột (chung),flour,bột mì đa dụng,high,,1,Thịt viên Thuỵ Điển,HAS_FIX,1 copy 20.json,41169
2755,thìa cafe hắc xì dầuhoặc nước hàng,nước,water,hắc xì dầu,high,,1,Thịt kho đậu,HAS_FIX,1 copy 20.json,41176
2756,Nước hầm xương cô đặc,nước,water,cốt nước hầm xương,high,,1,"Mì, hủ tiếu giò heo",HAS_FIX,1 copy 20.json,41213
2757,Hành gừng,gừng,ginger,"hành, gừng",high,,1,Thịt luộc,HAS_FIX,1 copy 20.json,41220
2758,Dầu gạo,dầu ăn,Vegetable Oil,dầu gạo,high,,1,SP.0692 - Rau Đắng Xào Tỏi,HAS_FIX,1 copy 20.json,41225
2759,dầu bào ngư,dầu hào,oyster sauce,dầu hào,high,Bào ngư là nguyên liệu của dầu hào,1,SP.0691 - Thăn Heo Xào Ngồng Tỏi,HAS_FIX,1 copy 20.json,41229
2760,su hào non mới,su su,chayote,su hào,high,,1,"Tôm nấu su hào, cà rốt bào",HAS_FIX,1 copy 20.json,41246
2761,vỏ tôm này tết mình làm tôm khô nên mình giữ lại vỏ tôm cho ngọt nước,Tôm khô,Dried shrimp,vỏ tôm,high,,1,Bánh canh ghẹ chả cá,HAS_FIX,1 copy 20.json,41278
2762,Cà rốt củ cải trắng,cà rốt,carrot,"cà rốt, củ cải trắng",high,,1,Bánh canh ghẹ chả cá,HAS_FIX,1 copy 20.json,41279
2763,Hành lá hành củ rau răm chanh ớt,hành lá,green onion,"hành, rau răm, chanh, ớt",high,,1,Bánh canh ghẹ chả cá,HAS_FIX,1 copy 20.json,41280
2764,Cà rốt hành lá,hành lá,green onion,"cà rốt, hành lá",high,,1,Chạo mực bọc xả,HAS_FIX,1 copy 20.json,41295
2765,Rau củ tuỳ thích,rau sống,fresh herbs,rau củ,high,,1,Thịt viên rau củ sốt me,HAS_FIX,1 copy 20.json,41304
2766,bột chùm ngây,Bột (chung),flour,bột chùm ngây,high,,1,Cơm chiên rau chùm ngây tôm,HAS_FIX,1 copy 20.json,41311
2767,Mì,bánh mì,bread,mì ý,high,Theo dish_example,1,Mì ý sốt cà chua nhân thịt,HAS_FIX,1 copy 20.json,41320
2768,ế Bánh,bánh,cake,đế bánh pizza,high,,1,"Pizza Đế Mỏng Với Sốt Cà Homemade, Nấm, & Thịt Nguội",HAS_FIX,1 copy 20.json,41360
2769,ớt chuông xắt hạt lựu,ớt,chili pepper,ớt chuông,high,,1,Salad trứng trộn rau củ,HAS_FIX,1 copy 20.json,41398
2770,thịt ức gà đã lọc xương da rửa sạch thái miếng vừa ăn,xương gà,chicken bones,ức gà,high,,1,Mì Ý xốt kem gà nấm,HAS_FIX,1 copy 20.json,41403
2771,tôm xám trứng,tôm thẻ loại to,shrimp,tôm,high,,1,Tôm Xám Trứng Ram Mặn,HAS_FIX,1 copy 20.json,41419
2772,củ hành trắng,Hành,Scallion,hành tây,high,Hành trắng thường chỉ hành tây,1,Ba rọi bò xào củ hành,HAS_FIX,1 copy 20.json,41438
2773,Lá nem,lá,leaves,bánh đa nem,high,,1,Cá diêu hồng hấp bia,HAS_FIX,1 copy 20.json,41470
2774,Bánh canh mua hoặc tự làm,bánh,cake,bánh canh,high,,1,Bánh Canh Tôm Nấm,HAS_FIX,1 copy 20.json,41477
2775,Thịt ướp gia vị,gia vị,seasoning,thịt heo,high,Dựa vào dish_example Scotch Eggs,1,Scotch Eggs - Thịt Bọc Trứng Lòng Đào,HAS_FIX,1 copy 20.json,41485
2776,bột hành khô,Bột (chung),flour,bột hành,high,,1,Scotch Eggs - Thịt Bọc Trứng Lòng Đào,HAS_FIX,1 copy 20.json,41488
2777,T tương ớt,ớt,chili pepper,tương ớt,high,,1,Tôm rim cay ngọt,HAS_FIX,1 copy 20.json,41495
2778,sốt terriyaki màu dừa nước tương,nước dừa,coconut water,sốt teriyaki,high,,1,Lươn kho bầu nấm,HAS_FIX,1 copy 20.json,41507
2779,Thịt nạc chiên xá,nạc heo,lean pork,thịt xá xíu,high,Thịt nạc làm xá xíu,1,"Cơm Chiên Thập Cẩm (Tỏi, Trứng, Thịt Xá Xíu)",HAS_FIX,1 copy 20.json,41549
2780,phi lê cá bơn Limande,lườn cá,fish fillet,phi lê cá bơn,high,,1,Gỏi Cuốn Phi Lê Cá Bơn Chiên Giòn,HAS_FIX,1 copy 20.json,41555
2781,Lá vỏ sủi cảo mua sẵn ngoài tiệm,lá,leaves,vỏ sủi cảo,high,,1,Súp Sủi Cảo Tôm Hầm Nấm,HAS_FIX,1 copy 20.json,41598
2782,Tôm,bánh phồng tôm,shrimp crackers,tôm,high,,1,Tôm chiên phồng,HAS_FIX,1 copy 20.json,41601
2783,Bột nổi,Bột (chung),flour,bột nổi,high,,1,Tôm chiên phồng,HAS_FIX,1 copy 20.json,41603
2784,tương ớt ăn kèm,ớt,chili pepper,tương ớt,high,,1,Tôm chiên phồng,HAS_FIX,1 copy 20.json,41605
2785,Ngò rí ớt,ớt,chili pepper,"ngò rí, ớt",high,,1,Súp bồ câu củ sen nấm đông trùng hạ thảo,HAS_FIX,1 copy 20.json,41616
2786,Rau củ hỗn hợp tùy ý,rau sống,fresh herbs,rau củ hỗn hợp,high,,1,Canh chả cua rau củ,HAS_FIX,1 copy 20.json,41619
2787,nước tắc nước cốt chanh,chanh,lime,"nước tắc, nước cốt chanh",high,,1,Mực Nhồi Thịt Sốt Sate,HAS_FIX,1 copy 20.json,41648
2788,Mì nưa,mì,noodles,mì nưa,high,,1,Mì nưa xào rau nấm,HAS_FIX,1 copy 20.json,41675
2789,nước tươngxì dầu,nước,water,nước tương,high,Nước tương và xì dầu là một,1,Mì nưa xào rau nấm,HAS_FIX,1 copy 20.json,41679
2790,gio heo,thịt heo,pork,giò heo,high,,1,Bún Bò Huế Giò Heo Huyết Chả,HAS_FIX,1 copy 20.json,41713
2791,thịt giò heo,thịt heo,pork,thịt giò heo,high,,1,Thịt Nấu Đông,HAS_FIX,1 copy 20.json,41728
2792,Sốt cà,sốt,sauce,sốt cà chua,high,,1,Cá lóc chiên xù sốt chua ngọt cho bé,HAS_FIX,1 copy 20.json,41746
2793,bột cà ri n,Bột (chung),flour,bột cà ri,high,,1,Cà ri rau củ,HAS_FIX,1 copy 20.json,41790
2794,Rau thơm rau húng quế Vietnamese mint and basil,bạc hà,mint,rau húng quế,high,,1,Bún bò chua cay,HAS_FIX,1 copy 20.json,41827
2795,Bún Rice noodles,gạo,rice,bún,high,,1,Bún bò chua cay,HAS_FIX,1 copy 20.json,41828
2796,nước ép thơm,nước ép dứa,pineapple juice,nước ép dứa,high,Thơm là cách gọi dứa ở miền Nam,1,Bò xào cần tây ớt chuông,HAS_FIX,1 copy 20.json,41843
2797,Hành khô hoặc boaro,nấm mèo,wood ear mushroom,hành khô hoặc boa rô,high,,1,Đậu hủ Tứ Xuyên (nấm),HAS_FIX,1 copy 20.json,41856
2798,sốt spaghetti,mì spaghetti,spaghetti,sốt spaghetti,high,,1,Nui spaghetti bò-instant pot,HAS_FIX,1 copy 20.json,41875
2799,củ hành trắng băm nhỏ,Hành,Scallion,hành tây,high,Củ hành trắng là hành tây,1,Nui spaghetti bò-instant pot,HAS_FIX,1 copy 20.json,41877
2800,xương đuôi lợn hoặc gói cốt xương heo gà mua sẵn,xương gà,chicken bones,xương đuôi heo,high,,1,Bún cá Hải Phòng,HAS_FIX,1 copy 20.json,41881
2801,Dầu ăn g bơ nhạt để chiên cá cho thơm,bơ,butter,Bơ nhạt,high,,1,Bún cá Hải Phòng,HAS_FIX,1 copy 12.json,41883
2802,bột sư tử cho cá vàng đẹp thơm,Bột (chung),flour,Bột sư tử,high,,1,Bún cá Hải Phòng,HAS_FIX,1 copy 12.json,41886
2803,hành củ tỏi gia vị,tỏi,garlic,"Hành, tỏi",high,,1,Cá nướng riềng mẻ,HAS_FIX,1 copy 12.json,41940
2804,lát ham,thịt nguội,ham,Thịt giăm bông,high,,1,Cá kho rau củ,HAS_FIX,1 copy 12.json,41980
2805,nghệ hoặc bột saffron tuỳ thích,Bột (chung),flour,Nghệ hoặc bột saffron,high,,1,Thịt Gà Luộc,HAS_FIX,1 copy 12.json,41993
2806,suờn heo,thịt heo,pork,Sườn heo,high,,1,Măng Hầm Sườn Heo,HAS_FIX,1 copy 12.json,42001
2807,hành tím và tỏi,tỏi,garlic,"Hành tím, tỏi",high,,1,Măng Hầm Sườn Heo,HAS_FIX,1 copy 12.json,42003
2808,lá ngò trang để trang trí,lá,leaves,Ngò rí,high,Lá ngò dùng để trang trí,1,Tôm Hấp Sả,HAS_FIX,1 copy 12.json,42007
2809,vi cá khô,cá,fish,Vi cá,high,,1,Súp Gà Vi Cá,HAS_FIX,1 copy 12.json,42011
2810,Hài cốt gà xương cục xương,xương gà,chicken bones,Xương gà,high,Hài cốt gà là cách gọi vui cho xương gà,1,Bún hải sản mẹ Nga!,HAS_FIX,1 copy 12.json,42030
2811,Sốt mayone không cần nêm gia vị,cần tây,celery,Sốt mayonnaise,high,,1,Nem hải sản !,HAS_FIX,1 copy 12.json,42042
2812,rượu vang đỏ,rượu,cooking wine,Rượu vang đỏ,high,,1,Món Pháp - Bourguignon De Boeuf (Bò Hầm Rượu Vang Đỏ),HAS_FIX,1 copy 12.json,42049
2813,dầu đậu phộng,đậu phộng,peanut,Dầu đậu phộng,high,,1,Canh Chuối Chát Nấu Giò Heo,HAS_FIX,1 copy 12.json,42059
2814,Bột xá xíu muỗng canh đầy,Bột (chung),flour,Bột xá xíu,high,,1,Xá xíu nấm đùi gà,HAS_FIX,1 copy 12.json,42064
2815,ăn,rau sống,fresh herbs,,low,"Từ 'ăn' quá mơ hồ, không rõ nguyên liệu",1,Thịt Bò Xào Hành Tây Lá Lốt,UNCERTAIN,1 copy 12.json,42075
2816,lá hương thảo xạ hương,lá hương thảo,rosemary,"Hương thảo, xạ hương",high,Rosemary và Thyme,1,Bò beefsteak sốt kem nấm,HAS_FIX,1 copy 12.json,42082
2817,Sốt Tương xào,sốt,sauce,Sốt tương xào,high,,1,Nui Trộn Thịt Vẹm & Rau Củ Sốt Tương Xào,HAS_FIX,1 copy 12.json,42104
2818,Móng giò rút xương luộc sẵn,giò,pork sausage,Móng giò heo,high,,1,Móng giò rau tiến vua ngâm mắm,HAS_FIX,1 copy 12.json,42117
2819,nắm,bắp cải,cabbage,Nấm,medium,Gõ sai 'nấm' thành 'nắm',1,Móng giò rau tiến vua ngâm mắm,HAS_FIX,1 copy 12.json,42121
2820,Hành tỏi ớt băm,ớt,chili pepper,"Hành, tỏi, ớt",high,,1,Mực nướng sa tế - heo rừng nướng chao,HAS_FIX,1 copy 12.json,42141
2821,Sữa đặc ông thọ,sữa,milk,Sữa đặc,high,,1,Bánh ướt thịt nướng,HAS_FIX,1 copy 12.json,42152
2822,hanh tim băm nho,hành tím,shallot,Hành tím,high,,1,Tôm rim thịt,HAS_FIX,1 copy 12.json,42159
2823,nươc dưa tươi hoăc nươc loc,dưa,pickles,Nước dừa tươi,high,Lỗi gõ 'nươc dưa' là nước dừa,1,Rau câu sữa bắp nước cốt dừa,HAS_FIX,1 copy 12.json,42169
2824,dâu mè,Mè (Vừng),sesame seeds,Dầu mè,high,,1,Bún thịt nướng xiên que,HAS_FIX,1 copy 12.json,42228
2825,Thịt ram ngũ vị,nạc thăn,pork tenderloin,Thịt heo xá xíu,high,Thịt ram ngũ vị tương đương xá xíu,1,Mì Trộn Nước Tương Tỏi Ớt & Thịt Thăn Heo Ram,HAS_FIX,1 copy 12.json,42254
2826,Sốt Teriyaki Teriyaki sauce,sốt,sauce,Sốt Teriyaki,high,,1,Salad cá hồi chín tái sốt teriyaki (Salad with medium-rare teriyaki salmon),HAS_FIX,1 copy 12.json,42272
2827,Lá cải salad leaves,lá,leaves,Xà lách,high,Salad leaves là lá xà lách,1,Salad cá hồi chín tái sốt teriyaki (Salad with medium-rare teriyaki salmon),HAS_FIX,1 copy 12.json,42277
2828,rau ngò ôm,rau ngò rí,coriander leaves,Rau ngổ,high,Ngò ôm là tên gọi khác của rau ngổ,1,Canh Chua Cá Đuối,HAS_FIX,1 copy 12.json,42296
2829,Bún tàu miến,bún,rice vermicelli,Miến,high,Bún tàu là tên gọi khác của miến,1,Chả cua thịt trứng,HAS_FIX,1 copy 12.json,42307
2830,Pha sốt,sốt,sauce,Sốt hấp cá,medium,,1,Cá hấp tương,HAS_FIX,1 copy 12.json,42313
2831,mỳ chính bột canh iốt,Bột (chung),flour,Bột canh,high,,1,Mỳ tôm rau ngót,HAS_FIX,1 copy 12.json,42324
2832,Nếu bạn thích ăn béo có thể vừa bắp giò vừa ba chỉ,giò,pork sausage,Thịt bắp giò,high,,1,Thịt kho đông,HAS_FIX,1 copy 12.json,42333
2833,mực ghim sữa Phú Yên,sữa,milk,Mực ghim sữa,high,,1,Mực Ghim Sữa Nướng Sả Ớt,HAS_FIX,1 copy 12.json,42392
2834,Bột rau câu dòn,Bột (chung),flour,Bột rau câu giòn,high,,1,Rau câu Chép Koi,HAS_FIX,1 copy 12.json,42409
2835,Dừa tươi,nước dừa,coconut water,Dừa tươi,high,,1,Rau câu Chép Koi,HAS_FIX,1 copy 12.json,42410
2836,Nước cốt chanh dây,chanh,lime,Nước cốt chanh dây,high,,1,Rau câu Chép Koi,HAS_FIX,1 copy 12.json,42412
2837,Nước cốt dâu,nước cốt,extract,Nước cốt dâu,high,,1,Rau câu Chép Koi,HAS_FIX,1 copy 12.json,42413
2838,Cà phê hoà tan,café,coffee,Cà phê hòa tan,high,,1,Rau câu Chép Koi,HAS_FIX,1 copy 12.json,42414
2839,Rau củ,cải,mustard greens,Rau củ,high,,1,Bánh mì khô kẹp phomai lăn rau củ,HAS_FIX,1 copy 12.json,42418
2840,Khoai lang cà rốt củ sen hạt sen nấm đông cô táo đỏ,cà rốt,carrot,Rau củ hỗn hợp,high,Danh sách nhiều loại rau củ hạt,1,Miến canh dừa rau củ chay (Lẩu sen dừa chay),HAS_FIX,1 copy 12.json,42483
2841,bột ngọttuỳ sở thích,mỳ chính,MSG,Bột ngọt,high,,1,Canh Mực Lá Nấu Ngót,HAS_FIX,1 copy 12.json,42495
2842,ca cơm tươi,cơm,cooked rice,Cá cơm tươi,high,,1,Cá cơm chiên giòn xóc mắm tỏi,HAS_FIX,1 copy 12.json,42539
2843,bột khoai tây,Bột (chung),flour,Bột khoai tây,high,,1,Chả Mực,HAS_FIX,1 copy 12.json,42551
2844,Topping chả lụa xúc xích tôm thịt tuỳ ý,topping,topping,Đồ nhân,high,Topping trong bánh xèo là phần nhân,1,Bánh xèo rau củ,HAS_FIX,1 copy 12.json,42564
2845,sốt Chuno Chuno sauce,sốt,sauce,Sốt Chuno,high,,1,Giản dị Okonomiyaki với đậu phụ (Simple okonomiyaki with tofu),HAS_FIX,1 copy 12.json,42589
2846,Tôm,ram tôm,shrimp rolls,Tôm,high,,1,Chả ram tôm,HAS_FIX,1 copy 12.json,42601
2847,Ram,ram,fried spring rolls,Bánh tráng cuốn,high,Ram dùng để cuốn chả,1,Chả ram tôm,HAS_FIX,1 copy 12.json,42603
2848,Rau thơm nửa quả chanh tương ớt,ớt,chili pepper,"Chanh, tương ớt, rau thơm",high,,1,Bún thịt heo,HAS_FIX,1 copy 12.json,42609
2849,Sốt kem nấm,nấm,mushroom,Sốt kem nấm,high,,1,Cá Hồi Nướng Sốt Kem Nấm,HAS_FIX,1 copy 12.json,42621
2850,Hành tây bột hành tây,Bột (chung),flour,"Hành tây, bột hành tây",high,,1,Bánh mực cho bé,HAS_FIX,1 copy 12.json,42650
2851,ớt chuông đỏ rửa sạch bổ đôi bỏ hột cắt sợi,ớt,chili pepper,Ớt chuông đỏ,high,,1,Gỏi cuốn rau mầm cải đỏ,HAS_FIX,1 copy 12.json,42656
2852,xà lách mỡ rửa sạch để ráo,mỡ,lard,Xà lách mỡ,high,,1,Gỏi cuốn rau mầm cải đỏ,HAS_FIX,1 copy 12.json,42658
2853,thạch cao phi,gia vị,seasoning,Thạch cao phi,high,,1,Mứt rau câu,HAS_FIX,1 copy 12.json,42677
2854,Rau thơm húng lủi mùi bạc hà,bạc hà,mint,Húng lủi,high,,1,Bắp bò ngâm mắm trộn gỏi xoài,HAS_FIX,1 copy 12.json,42681
2855,Gừng sả,sả,lemongrass,"Gừng, sả",high,,1,Bắp bò ngâm mắm,HAS_FIX,1 copy 12.json,42684
2856,ngao biển,nghêu,clam,Ngao,high,,1,Canh Rau Mồng Tơi Nấu Ngao Mát Lành,HAS_FIX,1 copy 12.json,42686
2857,Tỏi ngâm ớt,ớt,chili pepper,Tỏi ngâm ớt,high,,1,Thịt Vịt Luộc Chấm Nước Mắm Gừng Tỏi Ớt,HAS_FIX,1 copy 12.json,42691
2858,cá phèn,cá phèn hồng,red mullet,Cá phèn,high,,1,Cá phèn kho,HAS_FIX,1 copy 12.json,42724
2859,dưa cải lá súp lơ,dưa cải,pickled mustard greens,Lá súp lơ muối chua,high,,1,Dưa Cải Chua Lá Súp Lơ Trộn Tôm Khô Chua Ngọt,HAS_FIX,1 copy 12.json,42735
2860,Lá ngò trang trí không bắt buộc,lá,leaves,Ngò rí,high,,1,Cà Chua Nhồi Thịt Nướng & Cơm Nóng,HAS_FIX,1 copy 12.json,42758
2861,Rau xanh ăn kèm tuỳ chọn,rau mầm,microgreens,Rau ăn kèm,high,,1,Cà Chua Nhồi Thịt Nướng & Cơm Nóng,HAS_FIX,1 copy 12.json,42759
2862,sả củ tỏi củ hành nhánh gừng bằng ngón tay cái,tỏi,garlic,"Sả, tỏi, hành, gừng",high,,1,Thịt bò nhúng mẻ,HAS_FIX,1 copy 12.json,42765
2863,Lá estragon khô,lá,leaves,Lá Estragon,high,Ngải giấm,1,Nui Ống Sốt Thịt Heo Xào Cà Chua,HAS_FIX,1 copy 12.json,42777
2864,nước luộc gà,thịt gà,chicken,Nước luộc gà,high,,1,Mì Tôm Trứng Các Loại Giò Và Nước Ninh Gà,HAS_FIX,1 copy 12.json,42793
2865,t tươi chanh,chanh,lime,Chanh,high,Lỗi gõ dư chữ 't tươi',1,Bún bò xào sả,HAS_FIX,1 copy 12.json,42813
2866,sốt dầu trứng,mayonnaise,mayonnaise,Sốt dầu trứng,high,,1,Bánh mì ciabatta kẹp cá ngừ bò sốt mayonnaise và quả tầm bóp (thù lù),HAS_FIX,1 copy 12.json,42826
2867,lá móc mật,mật ong,Honey,Lá móc mật,high,,1,Thịt heo quay lá móc mật,HAS_FIX,1 copy 12.json,42828
2868,basil,Mè (Vừng),sesame seeds,Lá húng tây,high,Basil là húng tây,1,Thịt heo lụi tỏi,HAS_FIX,1 copy 12.json,42837
2869,Vài cọng măng tây,măng,bamboo shoots,Măng tây,high,,1,Thịt heo lụi tỏi,HAS_FIX,1 copy 12.json,42841
2870,cu ca rôt rau răm,rau răm,vietnamese coriander,"Cà rốt, rau răm",high,,1,Gỏi đu đủ tôm thịt,HAS_FIX,1 copy 12.json,42872
2871,Nươc mămđương chanh,chanh,lime,"Nước mắm, đường, chanh",high,,1,Gỏi đu đủ tôm thịt,HAS_FIX,1 copy 12.json,42873
2872,âu phông rang gia nho mè rang hanh phiơttỏi,Mè (Vừng),sesame seeds,"Đậu phộng, mè, hành phi",high,Lỗi gõ 'âu phông' là đậu phộng,1,Gỏi đu đủ tôm thịt,HAS_FIX,1 copy 12.json,42874
2873,Rau thơm ngò gai húng quế rau ngo om,rau thơm,herbs,"Ngò gai, húng quế, ngổ",high,,1,Canh chua cá linh bông điên điển,HAS_FIX,1 copy 12.json,42887
2874,Lá súp lơ trắng,súp,soup,Lá súp lơ trắng,high,,1,Lá Bông Cải Trắng (Súp Lơ) Xào Bò Bằm,HAS_FIX,1 copy 12.json,42890
2875,cốt chanh dây,chanh,lime,Nước cốt chanh dây,high,,1,Cá điêu hồng chiên sốt chanh dây + cải bó xôi,HAS_FIX,1 copy 12.json,42899
2876,Tỏi sả thì là,tỏi,garlic,"Tỏi, sả, thì là",high,,1,Cá điêu hồng chiên sốt chanh dây + cải bó xôi,HAS_FIX,1 copy 12.json,42902
2877,Tỏi ớt đâm nhuyễn,hành tỏi ớt,garlic chili mix,"Tỏi, ớt",high,,1,Khô Cá Haddock (Cá Tuyết Chấm Đen) Chiên Giòn Chấm Mắm Me,HAS_FIX,1 copy 12.json,42959
2878,Cá basa phi lê cắt,cá ba sa,pangasius fish,Cá basa phi lê,high,,1,Chả cá Lã Vọng Hà Nội,HAS_FIX,1 copy 12.json,42960
2879,Hành lá hành tây,hành lá,green onion,"Hành lá, hành tây",high,,1,Chả cá Lã Vọng Hà Nội,HAS_FIX,1 copy 12.json,42963
2880,Cơm đã nấu chín nguội cũng được không cần hâm lại vì khi quay trong lò vi sóng sẽ như cơm mới nấu,cần tây,celery,Cơm nguội,high,,1,Rice Bowl - Cơm Cá Ngừ Sốt Miso Phủ Trứng,HAS_FIX,1 copy 12.json,42984
2881,thịt ba chỉ xắt lát mỏng,lát,galangal,Thịt ba chỉ,high,,1,Cải xanh xào thịt,HAS_FIX,1 copy 12.json,42990
2882,Khoai lang mật,mật ong,Honey,Khoai lang mật,high,,1,Thịt nướng rau củ nckd,HAS_FIX,1 copy 12.json,43003
2883,Dâu hao đương hat nêm nươc tương mât ong dâu mè,Mè (Vừng),sesame seeds,Gia vị ướp tổng hợp,high,"Gồm dầu hào, hạt nêm, mật ong...",1,Bún thịt nướng từ nồi chiên không dầu,HAS_FIX,1 copy 12.json,43028
2884,nươc dưa tươi co thê thêm nươc dưa,dưa,pickles,Nước dừa tươi,high,Lỗi gõ 'nươc dưa' là nước dừa,1,Rau câu dừa ly,HAS_FIX,1 copy 12.json,43038
2885,sốt cà chua basil,Mè (Vừng),sesame seeds,Sốt cà chua húng tây,high,,1,Lasagne Sốt Bò Bằm Bolonaise,HAS_FIX,1 copy 12.json,43075
2886,Bột rau câu giòn,Bột (chung),flour,Bột rau câu giòn,high,,1,Rau câu cafe cốt dừa,HAS_FIX,1 copy 12.json,43081
2887,Rau mùi tàu rau thì là,thì là,dill,"Ngò gai, thì là",high,Mùi tàu là ngò gai,1,Canh cá,HAS_FIX,1 copy 12.json,43106
2888,lá rau tần dày,thảo mộc,herbs,Lá tần dày lá,high,Lá húng chanh,1,Nấm Rơm Nấu Lá Me,HAS_FIX,1 copy 12.json,43113
2889,Phần topping,topping,topping,Nhân ăn kèm,high,,1,"Súp Bắp 3 Loại Nấm (Nấm Mỡ, Nấm Hương, Nấm Bào Ngư) - Vegetarian",HAS_FIX,1 copy 12.json,43145
2890,cá phèn đổng,cá đổng,threadfin bream,Cá phèn đổng,high,,1,Cá phèn đổng kho,HAS_FIX,1 copy 12.json,43150
2891,tôm và càng tôm hùm đã luộc chín,tôm hùm,lobster,Tôm hùm,high,,1,Udon hải sản,HAS_FIX,1 copy 12.json,43162
2892,lá ngò để trang trí,lá,leaves,Ngò rí,high,,1,Đậu Hũ Kho Nấm,HAS_FIX,1 copy 12.json,43168
2893,Hành tây tỏi hành tím hành ngò,tỏi,garlic,"Hành, tỏi, ngò",high,,1,Cơm chiên kimchi bò xúc xích 🍳,HAS_FIX,1 copy 12.json,43199
2894,Tương đen tương ớt ăn phở,ớt,chili pepper,"Tương đen, tương ớt",high,,1,Phở Tái Đơn Giản Với Viên Súp Phở Bò 🍲,HAS_FIX,1 copy 12.json,43209
2895,Thịt lợn,thịt heo,pork,Thịt lợn,high,,1,Thịt rang lá mắc mật,HAS_FIX,1 copy 12.json,43211
2896,Tỏi gừng,tỏi,garlic,"Tỏi, gừng",high,,1,Cá điêu hồng chưng tương,HAS_FIX,1 copy 12.json,43218
2897,chân giò cái chân trước,giò,pork sausage,Chân giò heo,high,,1,Thịt Chân Giò Nấu Đông - Món Ngon Cho Ngày Tết Cổ Truyền 🧧 🧧,HAS_FIX,1 copy 12.json,43220
2898,Phô mai cheddar,phô mai,cheese,Phô mai Cheddar,high,,1,"Pizza Thịt Nguội, Phô Mai và Olive",HAS_FIX,1 copy 12.json,43227
2899,Olive,dầu ô liu,olive oil,Quả olive,high,,1,"Pizza Thịt Nguội, Phô Mai và Olive",HAS_FIX,1 copy 12.json,43229
2900,nui sò lớn,nui,pasta,Nui sò,high,,1,Nui Sò Nhồi Bò Bằm Sốt BBQ Phủ Phô Mai,HAS_FIX,1 copy 12.json,43236
2901,Nem rế,nem,spring rolls,bánh tráng rế,high,Vỏ nem rế dùng làm nem,1,Nem rế hải sản,HAS_FIX,1 copy 4.json,43285
2902,Bột điều,Bột (chung),flour,bột màu điều,high,,1,Món chay: Chả đậu hũ tía tô,HAS_FIX,1 copy 4.json,43289
2903,Gừng xả,gừng,ginger,gừng và sả,high,,1,Cá hồi sốt terayaki,HAS_FIX,1 copy 4.json,43290
2904,khô cá dứa,dứa,pineapple,khô cá dứa,high,,1,Eatclean - Canh Chua Cá Hú + Khô Cá Dứa Chiên,HAS_FIX,1 copy 4.json,43308
2905,chao,nước chao,fermented tofu sauce,chao,high,,1,Đậu hũ chiên sốt chao,HAS_FIX,1 copy 4.json,43311
2906,cà ri Nhật caycay,cà tím,eggplant,viên cà ri Nhật,high,,1,Cà Ri Bò Nhật Bản 🍛,HAS_FIX,1 copy 4.json,43324
2907,hành trắng cắt mỏng và nhánh hành lá cắt khúc,hành lá,green onion,hành tây và hành lá,high,Hành trắng thường là hành tây,1,Bò xào lăn,HAS_FIX,1 copy 4.json,43334
2908,Tỏi và hành tím băm,tỏi,garlic,tỏi và hành tím,high,,1,Bò xào lăn,HAS_FIX,1 copy 4.json,43335
2909,Hành tây hành tím,hành tím,shallot,hành tây và hành tím,high,,1,Mực Xào Sa Tế,HAS_FIX,1 copy 4.json,43340
2910,Mực lá,lá,leaves,mực lá,high,,1,Mực lá hấp gừng,HAS_FIX,1 copy 4.json,43378
2911,Gia vị dùng bằng bột để ướp thịt,Bột (chung),flour,bột gia vị ướp thịt,high,,1,Thịt chiên nước mắm,HAS_FIX,1 copy 4.json,43408
2912,Dầu ăn mè trắng,dầu ăn,Vegetable Oil,dầu ăn và mè trắng,high,,1,Nấm đùi gà sốt bát vị,HAS_FIX,1 copy 4.json,43419
2913,hộp cá ngừ vị cà chua gr,cà chua,tomato,cá ngừ đóng hộp,high,,1,Nui Xào Cá Ngừ Hộp & Cà Chua Phủ Phô Mai,HAS_FIX,1 copy 4.json,43424
2914,Tôm rim,ram tôm,shrimp rolls,tôm rim,high,,1,"Bagels Bacon, Trứng, Phô Mai và Tôm",HAS_FIX,1 copy 4.json,43431
2915,bột Rau câu giòn,Bột (chung),flour,bột rau câu giòn,high,,1,Rau câu bánh sinh nhật,HAS_FIX,1 copy 4.json,43447
2916,Tương ớt tương xí muội dầu mè,ớt,chili pepper,"tương ớt, tương xí muội và dầu mè",high,,1,SP.0681 - Thịt Heo Saute,HAS_FIX,1 copy 4.json,43486
2917,mực lá tươi,lá,leaves,mực lá,high,,1,Mực Xào Chua Ngọt,HAS_FIX,1 copy 4.json,43534
2918,nước vo gạo,gạo,rice,nước vo gạo,high,,1,Canh kim chi nấm chay,HAS_FIX,1 copy 4.json,43563
2919,Hành lá mùi ta,hành lá,green onion,hành lá và ngò rí,high,Mùi ta là ngò rí,1,"CANH THỊT BÒ HẦM KHOAI TÂY, CÀ RỐT",HAS_FIX,1 copy 4.json,43568
2920,chân giò khoang kg,giò,pork sausage,chân giò heo,high,,1,Giò heo giả cầy,HAS_FIX,1 copy 4.json,43622
2921,Các loại hạt đậu ngự đậu đỏ hạt lớn đậu trắng hạt lớn,đậu ngự,lima beans,các loại đậu hạt lớn,high,,1,Gà hầm táo và rau củ,HAS_FIX,1 copy 4.json,43641
2922,rau Cha om rau thối rau gai pắc nam,rau thơm,herbs,rau thối,high,Cha om là rau thối/rau gai,1,Miến Đậu Xanh Xào Sò Điệp & Rau Gai,HAS_FIX,1 copy 4.json,43644
2923,Chanh rau răm ngo ri,rau răm,vietnamese coriander,"chanh, rau răm và ngò rí",high,,1,Gỏi bò bóp thấu,HAS_FIX,1 copy 4.json,43684
2924,Hành tím tỏi lạc rang ớt,ớt,chili pepper,"hành tím, tỏi, lạc rang và ớt",high,,1,Gỏi bò bóp thấu,HAS_FIX,1 copy 4.json,43685
2925,Dưa leo ca rôt trang tri tuy y thich,dưa leo,cucumber,dưa leo và cà rốt,high,,1,Gỏi bò bóp thấu,HAS_FIX,1 copy 4.json,43686
2926,Cà rốt susu nấm đùi gà khoai tây đậu hũ tuỳ thích,đậu hũ,tofu,rau củ và đậu hũ,high,,1,Mì ý sốt bơ và rau củ nướng chay,HAS_FIX,1 copy 4.json,43692
2927,dầu ăn và mc tỏi băm,tỏi,garlic,dầu ăn và tỏi băm,high,,1,Mực xào bắp cải và cà chua,HAS_FIX,1 copy 4.json,43711
2928,tép tỏi băm nhỏ,tỏi,garlic,tỏi băm,high,,1,Bún Đậu Mắm Tôm Combo Cơ Bản,HAS_FIX,1 copy 4.json,43719
2929,Nguyên liệu pha mắm nêm,nước mắm,fish sauce,mắm nêm,high,,1,Gỏi cuốn tôm thịt - Mắm nêm,HAS_FIX,1 copy 4.json,43728
2930,Trứng luộc Boiled eggs,Trứng gà,Chicken Egg,trứng luộc,high,,1,Salad Cobb với bánh cá 🥗 (Cobb salad with fish cake),HAS_FIX,1 copy 4.json,43746
2931,lá cải salad leaves,lá,leaves,xà lách,high,Salad leaves là lá xà lách,1,Salad Cobb với bánh cá 🥗 (Cobb salad with fish cake),HAS_FIX,1 copy 4.json,43752
2932,nước tương bần,nước,water,tương bần,high,,1,Thịt heo kho tương bần,HAS_FIX,1 copy 4.json,43768
2933,Gan bò,thịt bò,beef,gan bò,high,,1,Gan bò rim,HAS_FIX,1 copy 4.json,43795
2934,Phân ăn kem,kem,cream,nước cốt dừa,medium,Ăn kèm chè trôi nước thường là cốt dừa,1,Chè trôi nước 4 màu tự nhiên từ rau củ quả,HAS_FIX,1 copy 4.json,43824
2935,Hat nêmdâu điêuhanh tim băm nhoit muôibôt ngot,hành tím,shallot,gia vị tổng hợp,high,"Gồm hạt nêm, dầu điều, hành...",1,Bánh canh giò heo và giò sống,HAS_FIX,1 copy 4.json,43832
2936,ớt chuông chín,ớt,chili pepper,ớt chuông chín,high,,1,Salad rau củ,HAS_FIX,1 copy 4.json,43853
2937,Dầu mè hoặc dầu olive,dầu vừng,sesame oil,dầu mè hoặc dầu olive,high,,1,Súp gà nấm hương,HAS_FIX,1 copy 4.json,43894
2938,dưa leo quả cà chua,cà chua,tomato,dưa leo và cà chua,high,,1,Eatclean - Cá nục nướng + Salad dầu giấm sốt mè rang + cơm gạo lứt,HAS_FIX,1 copy 4.json,43897
2939,hành ớt băm,ớt,chili pepper,hành và ớt băm,high,,1,Eatclean - Cá nục nướng + Salad dầu giấm sốt mè rang + cơm gạo lứt,HAS_FIX,1 copy 4.json,43899
2940,hành nướng gừng nướng hành tây,gừng,ginger,"hành nướng, gừng nướng và hành tây",high,,1,Phở Bò Chuẩn Mùi Vị Tiệm (phake không dùng xương),HAS_FIX,1 copy 4.json,43911
2941,Rau ngò tàu húng quế ngò rí bạc hà hành tây thái lát mỏng giá,rau ngò rí,coriander leaves,các loại rau thơm,high,,1,Phở Bò Chuẩn Mùi Vị Tiệm (phake không dùng xương),HAS_FIX,1 copy 4.json,43913
2942,xương đuôi heo có xương bò càng ngon,thịt bò,beef,xương đuôi heo,high,,1,Phở (bánh đa) bò,HAS_FIX,1 copy 4.json,43926
2943,rau bầu đất,bầu,bottle gourd,rau bầu đất,high,,1,Canh Rau Bầu Đất Nấu Tôm,HAS_FIX,1 copy 4.json,43935
2944,lá húng quế,rau húng chó,mint,lá húng quế,high,,1,Đậu đũa muối chua xào thịt bằm,HAS_FIX,1 copy 4.json,43941
2945,Tôm,tôm viên,shrimp balls,tôm,high,,1,Canh cải cúc nấu tôm viên,HAS_FIX,1 copy 4.json,43959
2946,cá vừa vừa khoảng kg,cá lóc,snakehead fish,cá quả,high,,1,Cá quả kho tiêu 🐟🐟,HAS_FIX,1 copy 4.json,43973
2947,tỏi củ hành khô trái ớt,ớt,chili pepper,"tỏi, hành khô và ớt",high,,1,Cá quả kho tiêu 🐟🐟,HAS_FIX,1 copy 4.json,43974
2948,gia vị tiềm bò,thịt bò,beef,gia vị tiềm bò,high,,1,Lẩu Bò Tiềm (Bò Nạm và Bò Viên),HAS_FIX,1 copy 4.json,43982
2949,Cá điêu hồng,cá hồng,snapper,cá điêu hồng,high,,1,Cá điêu hồng nấu ngót,HAS_FIX,1 copy 4.json,44001
2950,Rau cần tàu,cần tây,celery,cần tàu,high,Cần tàu khác cần tây lớn,1,Cá điêu hồng nấu ngót,HAS_FIX,1 copy 4.json,44003
2951,nấm xào xả ớt,ớt,chili pepper,nấm xào sả ớt,high,,1,Eatclean - Bún rau củ nước tương,HAS_FIX,1 copy 4.json,44028
2952,Hành ngò lá,hành lá,green onion,hành và ngò,high,,1,Cháo cá chép,HAS_FIX,1 copy 4.json,44052
2953,Chân giò hầm nấm,chân nấm,mushroom stem,chân giò heo,high,,1,Chân giò hầm nấm ăn kèm bánh mỳ,HAS_FIX,1 copy 4.json,44059
2954,Bánh mỳ nhiều vỏ mỏng ruột,vỏ bánh,dough wrapper,bánh mì,high,,1,Chân giò hầm nấm ăn kèm bánh mỳ,HAS_FIX,1 copy 4.json,44060
2955,me chín hoặc quả sấu lá me non,lá me,tamarind leaves,me chín hoặc sấu,high,,1,Canh Chua Cá Mú,HAS_FIX,1 copy 4.json,44072
2956,lá tầng dầy,lá,leaves,lá húng chanh,high,Tần dày lá là húng chanh,1,Canh Chua Cá Mú,HAS_FIX,1 copy 4.json,44075
2957,tôm bạc biển,tôm thẻ loại to,shrimp,tôm bạc biển,high,,1,Tôm Cháy Tỏi,HAS_FIX,1 copy 4.json,44090
2958,chao đỏ,chao,fermented tofu,chao đỏ,high,,1,SP.0675 - Thịt Heo Hấp Chao Đỏ,HAS_FIX,1 copy 4.json,44117
2959,sữa bắp,sữa,milk,sữa bắp,high,,1,Rau câu sữa bắp lá dứa,HAS_FIX,1 copy 4.json,44120
2960,Hành vàng Yellow Onion,hành tây,onion,hành tây,high,,1,Galbijjim | Thịt kho hàn quốc nấu trong nồi cơm điện (Korean braised meat with ricecooker),HAS_FIX,1 copy 4.json,44127
2961,Hành tỏi khô dầu ăn dầu điều dầu hào gia vị,tỏi,garlic,gia vị tổng hợp,high,,1,Cơm rang dưa bò,HAS_FIX,1 copy 4.json,44166
2962,Phần bột Croissants,Bột (chung),flour,bột làm bánh Croissants,high,,1,💚 Bánh Sừng Bò Ngàn Lớp Kiểu Pháp Cỡ Nhỏ (Mini French Croissants),HAS_FIX,1 copy 4.json,44170
2963,dầu ăn mc tỏi băm và mc hành tím băm,tỏi,garlic,hành tỏi băm và dầu ăn,high,,1,Tôm ram mặn,HAS_FIX,1 copy 4.json,44180
2964,rau cang cua,cua,crab,rau càng cua,high,,1,🍀Rau Càng Cua Trộn Thịt Bò Miền Trung🍀,HAS_FIX,1 copy 4.json,44190
2965,mực mực nang mực ống mực lá lớn nhỏ đều ok,lá,leaves,mực,high,,1,Bún Tàu Xào Mực & Rau Cha Om (ชะอม),HAS_FIX,1 copy 4.json,44197
2966,Thịt xay,thịt bò,beef,thịt xay,high,,1,Mì thịt bò,HAS_FIX,1 copy 4.json,44229
2967,Tỏi củ hành tây,tỏi,garlic,tỏi và hành tây,high,,1,Su Hào Xào Thịt Bò - Món Xào Đưa Cơm Mùa Lạnh,HAS_FIX,1 copy 4.json,44256
2968,hộp cá ngừ hộp cà chua khô,cà chua,tomato,cá ngừ đóng hộp,high,,1,Nui Xào Cà Chua & Cá Ngừ Hộp Gia Vị Ý,HAS_FIX,1 copy 4.json,44257
2969,Gia vị khô Italian,gia vị,seasoning,gia vị Ý,high,,1,Nui Xào Cà Chua & Cá Ngừ Hộp Gia Vị Ý,HAS_FIX,1 copy 4.json,44262
2970,Súp lơ xanh,súp,soup,súp lơ xanh,high,,1,Súp lơ xào tôm,HAS_FIX,1 copy 4.json,44264
2971,bột bắp pha với mc nước,Bột (chung),flour,bột bắp,high,,1,Súp lơ xào tôm,HAS_FIX,1 copy 4.json,44268
2972,là,thì là,dill,thì là,high,Viết thiếu chữ 'thì',1,Cá điêu hồng om dưa,HAS_FIX,1 copy 4.json,44333
2973,cá ngác cá lóc cá rô nhỏ,cá lóc,snakehead fish,cá các loại,medium,Danh sách các loại cá kho,1,Cá kho tiêu nước tương,HAS_FIX,1 copy 4.json,44337
2974,Thịt heo rừng,thịt heo,pork,thịt heo rừng,high,,1,Thịt heo rừng chiên giòn,HAS_FIX,1 copy 4.json,44351
2975,Lá mắc mật,mật ong,Honey,lá mắc mật,high,,1,Thịt heo rừng chiên giòn,HAS_FIX,1 copy 4.json,44353
2976,t bột t sa tế,Bột (chung),flour,ớt bột và sa tế,medium,Dựa trên ngữ cảnh món súp,1,Súp Tôm Gà Vỏ Bưởi,HAS_FIX,1 copy 4.json,44360
2977,cá thu xông khói,cá thu,mackerel,cá thu xông khói,high,,1,Spaghetti Sốt Kem Tươi Vị Chanh & Cá Hồi Xông Khói,HAS_FIX,1 copy 4.json,44419
2978,nấm đông cơ tươi,nấm hương,shiitake mushroom,nấm đông cô tươi,high,Lỗi chính tả đông cơ,1,Eatclean / Cháo Yến Mạch Thịt Bằm Nấm + Trứng Lòng Đào,HAS_FIX,1 copy 4.json,44441
2979,bột mì nguyên cám hữu cơ,Bột (chung),flour,bột mì nguyên cám,high,,1,Xíu mại nguyên cám nhân cua thịt,HAS_FIX,1 copy 4.json,44446
2980,hành tây,tôm thẻ loại to,shrimp,hành tây,high,,1,Cơm lứt rang mực,HAS_FIX,1 copy 4.json,44453
2981,Rau thơm tía tô húng quế húng lủi húng cây,tía tô,perilla leaves,các loại rau thơm,high,,1,Bánh Hỏi Heo Quay,HAS_FIX,1 copy 4.json,44504
2982,Nguyên liệu làm bún cho máy Philips,bún,rice vermicelli,nguyên liệu làm bún,high,,1,Bún Thịt Viên Nướng,HAS_FIX,1 copy 4.json,44513
2983,bột gạo nguyên cám,Bột (chung),flour,bột gạo nguyên cám,high,,1,Bún Thịt Viên Nướng,HAS_FIX,1 copy 4.json,44514
2984,xathan gum,dứa,pineapple,phụ gia Xanthan gum,high,Lỗi chính tả Xanthan,1,Bún Thịt Viên Nướng,HAS_FIX,1 copy 4.json,44516
2985,Tỏi ớt gừng,tỏi gừng,garlic ginger,"tỏi, ớt và gừng",high,,1,Bì heo chiên giòn,HAS_FIX,1 copy 4.json,44548
2986,Sả băm ớt băm,ớt,chili pepper,sả và ớt băm,high,,1,Cá kèo chay sả ớt,HAS_FIX,1 copy 4.json,44556
2987,nước cốt hủ tíu mua sẵn,nước cốt,extract,nước cốt hủ tiếu,high,,1,Bún cá Thu Nhật 15p,HAS_FIX,1 copy 4.json,44558
2988,t bột ăn siêu cay,Bột (chung),flour,ớt bột siêu cay,high,T bột trong món cay thường là ớt,1,Canh Kim Chi Bò Bằm Siêu Cay,HAS_FIX,1 copy 4.json,44567
2989,Chao,nước chao,fermented tofu sauce,chao,high,,1,Khô heo chay,HAS_FIX,1 copy 4.json,44576
2990,tỏi hành lá,hành lá,green onion,tỏi và hành lá,high,,1,Bắp xào bơ tôm - chà bông,HAS_FIX,1 copy 4.json,44609
2991,ớt bột hàn mc nước tương,ớt,chili pepper,ớt bột và nước tương,high,,1,Bắp xào bơ tôm - chà bông,HAS_FIX,1 copy 4.json,44612
2992,Dưa leo nấm nấm đông cô,nấm hương,shiitake mushroom,dưa leo và nấm,high,,1,Gỏi nấm chay Trung,HAS_FIX,1 copy 4.json,44613
2993,Mè dầu mè tương ớt nước tương đậu nành,ớt,chili pepper,gia vị trộn,high,"Gồm mè, tương ớt, nước tương...",1,Gỏi nấm chay Trung,HAS_FIX,1 copy 4.json,44615
2994,Súp lơ trắng,súp,soup,súp lơ trắng,high,,1,Thịt Heo Xông Khói Xào Rau,HAS_FIX,1 copy 4.json,44630
2995,bánh tráng Vietsuisse,bánh tráng,rice paper,bánh tráng,high,,1,Cơm chiên rau củ sốt Singapore và Nem Cua Rán,HAS_FIX,1 copy 4.json,44634
2996,Rau củ tuỳ ý hấp và luộc ăn kèm,rau sống,fresh herbs,rau củ ăn kèm,high,,1,Cơm gạo lứt với Tôm càng xanh sốt me,HAS_FIX,1 copy 4.json,44648
2997,Rau củ quả tuỳ ý ăn kèm,rau sống,fresh herbs,rau củ quả ăn kèm,high,,1,Cơm Hàu Nấm Chiên Trứng,HAS_FIX,1 copy 4.json,44657
2998,Thịt ba chỉ nạc dăm,nạc heo,lean pork,thịt ba chỉ hoặc nạc dăm,high,,1,Thịt xào chua ngọt,HAS_FIX,1 copy 4.json,44665
2999,Nước chấm mắm nêm,nước mắm,fish sauce,mắm nêm,high,,1,Vào bếp cùng con: gỏi cuốn cá chim biển trắng,HAS_FIX,1 copy 4.json,44692
3000,Cà chua hành hoa,cà chua,tomato,cà chua và hành lá,high,Hành hoa là hành lá,1,Canh nấm tươi cho người thích ăn nấm,HAS_FIX,1 copy 4.json,44700
3001,Basil khô,Mè (Vừng),sesame seeds,Lá húng tây khô,high,Basil là húng tây,1,Ravioli Sốt Kem Nấm Topping Cá Hồi Xông Khói & Trứng Cá Caviar,HAS_FIX,1 copy 36.json,44727
3002,Hành khô ớt,ớt,chili pepper,"Hành khô, ớt",high,,1,Lòng lợn xào rau răm,HAS_FIX,1 copy 36.json,44735
3003,trái ớt chuông nhỏ,ớt,chili pepper,Ớt chuông,high,,1,Bánh Mì Pita Nhân Thịt Cừu Nướng Sốt BBQ,HAS_FIX,1 copy 36.json,44743
3004,mcf bột thì là,Bột (chung),flour,Bột thì là,high,,1,Bánh Mì Pita Nhân Thịt Cừu Nướng Sốt BBQ,HAS_FIX,1 copy 36.json,44747
3005,Hành tây cà rốt hành lá,hành lá,green onion,"Hành tây, cà rốt, hành lá",high,,1,Mì xào bò,HAS_FIX,1 copy 36.json,44773
3006,Dầu điều đỏ hoặc bột điều khô,Bột (chung),flour,Dầu màu điều,high,,1,Mắm tép chưng thịt bao ngon ngày đông,HAS_FIX,1 copy 36.json,44796
3007,nước cốt dừa nhỏ,nước dừa,coconut water,Nước cốt dừa,high,,1,Tôm thịt um nước cốt dừa,HAS_FIX,1 copy 36.json,44807
3008,ớt chuông bào sợi,ớt,chili pepper,Ớt chuông,high,,1,Gỏi xoài và cá chiên xù kiểu Thái (phiên bản dành cho em bé),HAS_FIX,1 copy 36.json,44810
3009,cá basa hoặc cá trê Phụng dùng cá basa,cá trê,catfish,Cá basa hoặc cá trê,high,,1,Gỏi xoài và cá chiên xù kiểu Thái (phiên bản dành cho em bé),HAS_FIX,1 copy 36.json,44812
3010,cải trắng Navet,cải thảo,napa cabbage,Củ cải trắng,high,Navet là củ cải trắng Pháp,1,Món Pháp - Pot au Feu (Bò Hầm Rau Củ),HAS_FIX,1 copy 36.json,44824
3011,dầu hẹ,hẹ,chives,Dầu hẹ,high,,1,Bánh Bột Lọc Nhân Tôm,HAS_FIX,1 copy 36.json,44841
3012,Khuôn lợn cá,gia vị,seasoning,Khuôn bánh,high,"Khuôn hình lợn, cá",1,"Bánh nướng trung thu con lợn, con cá - Nồi chiên không dầu - Airfrier",HAS_FIX,1 copy 36.json,44854
3013,mì tôm kim chi,kim chi,kimchi,Mì tôm kim chi,high,,1,"Mì Kim Chi Cay, Trứng Và Tôm",HAS_FIX,1 copy 36.json,44879
3014,mcf bột thì là cumin,Bột (chung),flour,Bột thì là Cumin,high,,1,Falafel - Chả Đậu Gà & Tôm Áp Chảo,HAS_FIX,1 copy 36.json,44889
3015,Tôm áp chảo,tôm thẻ loại to,shrimp,Tôm,high,Tôm đã qua chế biến áp chảo,1,Falafel - Chả Đậu Gà & Tôm Áp Chảo,HAS_FIX,1 copy 36.json,44898
3016,Sốt Rau củ ăn kèm,xốt salad,salad dressing,Sốt rau củ,high,,1,Falafel - Chả Đậu Gà & Tôm Áp Chảo,HAS_FIX,1 copy 36.json,44901
3017,Lá chuối rau răm,rau răm,vietnamese coriander,"Lá chuối, rau răm",high,,1,Chả cá nướng từ NCKD,HAS_FIX,1 copy 36.json,44923
3018,Rau củ kết hợp tuỳ ý,rau sống,fresh herbs,Rau củ,high,,1,Mì Trứng Xào Cá Ngừ Hộp,HAS_FIX,1 copy 36.json,44933
3019,mi Nước Lọc,nước,water,Nước lọc,high,Lỗi chính tả 'mi',1,Cá Hú Kho Dưa Cải Chua,HAS_FIX,1 copy 36.json,44939
3020,Nấm cà rốt đậu que hành tây hành tím,nấm,mushroom,"Nấm, cà rốt, đậu que, hành tây, hành tím",high,,1,Nấm nướng,HAS_FIX,1 copy 36.json,44970
3021,tôm xay băm,tôm thẻ loại to,shrimp,Tôm xay,high,,1,"Hoành thánh nhân tôm thịt, tôm lăn bột, bò viên chiên. Món ăn vặt con nít và người lớn đều mê",HAS_FIX,1 copy 36.json,44974
3022,tôm tươi lôt vo căt nho,tôm thẻ loại to,shrimp,Tôm tươi,high,Lỗi chính tả lột vỏ cắt nhỏ,1,Hoành thánh tôm thịt sườn non,HAS_FIX,1 copy 36.json,44988
3023,Vài đầu lobster giả lấy nước vì mình lobster hấp beer rồi,tôm hùm,lobster,Đầu tôm hùm,high,,1,"Canh mồng tơi, thịt kho tiêu xanh, rau cải muối",HAS_FIX,1 copy 36.json,44997
3024,húng quế khô Phụng dùng loại rắc,quế,Cinnamon,Húng quế khô,high,,1,Mỳ ý sốt kem húng quế và tôm càng xanh sốt phô mai,HAS_FIX,1 copy 36.json,45006
3025,cải vàng parsnip,cải,mustard greens,Củ cải vàng,high,Parsnip là củ cải vàng,1,Nui Xoắn & Thịt Trai (Vẹm Đen) Sốt Cà Chua Provençal,HAS_FIX,1 copy 36.json,45015
3026,lá thơm khô vùng Provence,lá,leaves,Lá thơm Herbs de Provence,high,Hỗn hợp lá thơm Pháp,1,Nui Xoắn & Thịt Trai (Vẹm Đen) Sốt Cà Chua Provençal,HAS_FIX,1 copy 36.json,45018
3027,Bánh ướt,bánh,cake,Bánh ướt,high,,1,Cá sa ba nướng giấy bạc,HAS_FIX,1 copy 36.json,45029
3028,vẹm Newzealand,rau thơm,herbs,Vẹm,high,,1,Lẩu Hải Sản,HAS_FIX,1 copy 36.json,45057
3029,Món ăn kèm Bún tươi hoặc miến,bún,rice vermicelli,Bún tươi hoặc miến,high,,1,Lẩu Hải Sản,HAS_FIX,1 copy 36.json,45077
3030,cá hanh,cá tráp,sea bream,Cá hanh,high,,1,Cá hanh hấp,HAS_FIX,1 copy 36.json,45078
3031,Rau sống dưa leo chuối khế,rau sống,fresh herbs,"Rau sống, dưa leo, chuối chát, khế",high,,1,Cá hanh hấp,HAS_FIX,1 copy 36.json,45081
3032,Hoành thánh tôm thịt,tôm thẻ loại to,shrimp,Hoành thánh tôm thịt,high,,1,Súp Nấm Hương Hoành Thánh Tôm Thịt,HAS_FIX,1 copy 36.json,45083
3033,mỳ hải sản chua cay,hải sản,seafood,Mì hải sản,high,,1,"Mì Hải Sản (cá hồi, vẹm, tôm và mộc)",HAS_FIX,1 copy 36.json,45123
3034,Sốt Pesto,sốt,sauce,Sốt Pesto,high,,1,Blini (Bánh Xèo Nga) Với Cá Hồi Xông Khói,HAS_FIX,1 copy 36.json,45134
3035,Sốt Madame Lok hoặc cream cheese,phô mai,cheese,Sốt phô mai,high,,1,Blini (Bánh Xèo Nga) Trứng Tôm Muối,HAS_FIX,1 copy 36.json,45142
3036,tôm hùm đất,tôm hùm,lobster,Tôm hùm đất,high,,1,"Bào Ngư, Sò Điệp, Vẹm Xanh, Ốc Bulot, Tôm Hùm Đất- Sốt Cajun Bơ Tỏi",HAS_FIX,1 copy 36.json,45162
3037,ốc bulot,ốc,snail,Ốc Bulot,high,,1,"Bào Ngư, Sò Điệp, Vẹm Xanh, Ốc Bulot, Tôm Hùm Đất- Sốt Cajun Bơ Tỏi",HAS_FIX,1 copy 36.json,45166
3038,bắp mỹ,bắp ngọt,sweet corn,Bắp Mỹ,high,,1,"Bào Ngư, Sò Điệp, Vẹm Xanh, Ốc Bulot, Tôm Hùm Đất- Sốt Cajun Bơ Tỏi",HAS_FIX,1 copy 36.json,45167
3039,bột cajun,Bột (chung),flour,Bột gia vị Cajun,high,,1,"Bào Ngư, Sò Điệp, Vẹm Xanh, Ốc Bulot, Tôm Hùm Đất- Sốt Cajun Bơ Tỏi",HAS_FIX,1 copy 36.json,45168
3040,Xốt mè rang,sốt,sauce,Sốt mè rang,high,,1,Salad nấm hầu thủ,HAS_FIX,1 copy 36.json,45182
3041,bột phô mai,Bột (chung),flour,Bột phô mai,high,,1,Mì ý Cua (phiên bản Pizza 4P’s),HAS_FIX,1 copy 36.json,45191
3042,hành lá ớt,hành lá,green onion,"Hành lá, ớt",high,,1,Cá nục xốt cà,HAS_FIX,1 copy 36.json,45199
3043,vẹm đã tách vỏ,rau thơm,herbs,Thịt vẹm,high,,1,Mì Xào Thịt Trai (Vẹm Đen) Sốt Ớt Siêu Cay,HAS_FIX,1 copy 36.json,45211
3044,ớt chuông xanh đỏ vàng hành tây,ớt,chili pepper,"Ớt chuông, hành tây",high,,1,Bò Lúc Lắc Tuổi Thơ,HAS_FIX,1 copy 36.json,45226
3045,Tỏi sả,tỏi,garlic,"Tỏi, sả",high,,1,Kim chi nấu cá viên,HAS_FIX,1 copy 36.json,45235
3046,Rau quế,quế,Cinnamon,Rau quế,high,,1,Kim chi nấu cá viên,HAS_FIX,1 copy 36.json,45237
3047,Bò lát chay loại làm từ lúa mạch,chay,vegetarian,Bò lát chay,high,,1,Bò lát chay nướng lá mắc mật,HAS_FIX,1 copy 36.json,45239
3048,Sả tắc ớt cốt me lá chanh,sả,lemongrass,Gia vị lắc,high,"Sả, tắc, ớt, me, lá chanh",1,Nấm bào ngư xám lắc sả tắc,HAS_FIX,1 copy 36.json,45253
3049,Cà chua cherry,trái cherry,cherry,Cà chua bi,high,Cherry tomato là cà chua bi,1,Eat Clean với ức gà chiên bằng nồi chiên không dầu - bún gạo lức - rau luộc,HAS_FIX,1 copy 36.json,45262
3050,lá cải trắng,cải thảo,napa cabbage,Lá cải trắng,high,,1,Cơm Bò Xào Lá Cải Trắng,HAS_FIX,1 copy 36.json,45279
3051,Riềng xả ớt khô lá chanh hành tím tỏi chanhdầu màu điều,hành lá,green onion,Gia vị Tom Yum,high,"Riềng, sả, lá chanh, tỏi...",1,Tom Yum,HAS_FIX,1 copy 36.json,45285
3052,Rau muống cọng Rau răm Tỏi ớt Xả lá chanh gừng,rau răm,vietnamese coriander,Nguyên liệu xào,high,"Rau muống, răm, tỏi, sả...",1,Ốc móng tay xào rau muống,HAS_FIX,1 copy 36.json,45288
3053,Nước tương chibi cho bé,nước,water,Nước tương em bé,high,,1,Bánh tôm khoai tây cho bé,HAS_FIX,1 copy 36.json,45311
3054,Tỏi hành tây Hành ngò lá thơm quế nếu có,hành lá,green onion,Gia vị thơm,high,"Tỏi, hành tây, ngò, quế",1,Phở xào tôm 🦐,HAS_FIX,1 copy 36.json,45338
3055,nước xá xị,nước,water,Nước sá xị,high,,1,Đuôi heo kho Sá xị(xá xị),HAS_FIX,1 copy 36.json,45357
3056,Hành khô tỏi khô,tỏi,garlic,"Hành khô, tỏi khô",high,,1,Thịt kho tàu (bằng coca),HAS_FIX,1 copy 36.json,45375
3057,phô mai tươi ricotta,phô mai,cheese,Phô mai Ricotta,high,,1,💚 Salad Rau Quả Mùa Thu & Phô Mai Ricotta,HAS_FIX,1 copy 36.json,45381
3058,Dấm nho balsamic,dấm,vinegar,Giấm Balsamic,high,Giấm nho đen,1,💚 Salad Rau Quả Mùa Thu & Phô Mai Ricotta,HAS_FIX,1 copy 36.json,45383
3059,Gia vị nước tương,gia vị,seasoning,Nước tương,high,,1,Món cho bé : Phile đùi gà kho nấm đùi gà,HAS_FIX,1 copy 36.json,45444
3060,Thịt mông,thịt nạc dăm,pork shoulder,Thịt mông heo,high,,1,Nem thịt thính gạo,HAS_FIX,1 copy 36.json,45459
3061,bì,chả bì,shredded pork roll,Da heo (Bì),high,,1,Nem thịt thính gạo,HAS_FIX,1 copy 36.json,45460
3062,Lá ổi,ổi,guava,Lá ổi,high,,1,Nem thịt thính gạo,HAS_FIX,1 copy 36.json,45461
3063,Hành tỏi ớt chanh,ớt,chili pepper,Gia vị nước chấm,high,"Hành, tỏi, ớt, chanh",1,Bún riêu cua đồng,HAS_FIX,1 copy 36.json,45479
3064,cần tầu,cần tây,celery,Cần tàu,high,,1,Canh cá nấu ngót,HAS_FIX,1 copy 36.json,45483
3065,rau mùi răng cưa ngò gai hành lá vừa đủ,hành lá,green onion,Rau thơm,high,"Ngò gai, hành lá",1,Miến xào thịt gà,HAS_FIX,1 copy 36.json,45497
3066,Rau muống nấm bào ngư rau má hành tây,rau má,pennywort,Rau lẩu,high,"Muống, nấm, rau má, hành tây",1,Lẩu gân bò măng cay,HAS_FIX,1 copy 36.json,45561
3067,Sốt Cà ri Thái ỏ,sốt,sauce,Sốt cà ri đỏ Thái,high,,1,Cà Ri Thái Đỏ Cay Với Tôm & Rau Củ,HAS_FIX,1 copy 36.json,45567
3068,Lưỡi và lòng heo luộc,thịt heo,pork,Lưỡi và lòng heo,high,,1,"Bún đậu mắm tôm Halloween với chả đậu hũ, lưỡi heo, và lòng non",HAS_FIX,1 copy 36.json,45576
3069,đế bánh,bánh,cake,Đế bánh pizza,high,,1,Seafood pizza,HAS_FIX,1 copy 36.json,45594
3070,Tôm cá ngừ mực nghêu tuỳ ý,tôm thẻ loại to,shrimp,Hải sản,high,"Tôm, cá ngừ, mực, nghêu",1,Seafood pizza,HAS_FIX,1 copy 36.json,45603
3071,lá cải kale,cải xoăn,kale,Cải kale,high,,1,Muffin tôm cải kale,HAS_FIX,1 copy 36.json,45638
3072,Cá lóc cả thảo tím,cá lóc,snakehead fish,"Cá lóc, cải thảo tím",high,Lỗi chính tả 'cả',1,Cá hấp cuốn bánh tráng (Cải thảo tím),HAS_FIX,1 copy 36.json,45640
3073,Nước tương hành lá,hành lá,green onion,"Nước tương, hành lá",high,,1,Món cho bé : Đậu hũ trứng sốt thịt,HAS_FIX,1 copy 36.json,45645
3074,Hành lá hành tím khô,hành lá,green onion,"Hành lá, hành tím",high,,1,XÔI đậu phộng - thịt băm,HAS_FIX,1 copy 36.json,45666
3075,Hành tỏi bằm nước tương,tỏi,garlic,"Hành tỏi băm, nước tương",high,,1,Nấm bạch tuyết xào nước tương,HAS_FIX,1 copy 36.json,45674
3076,Lá móc mật,thảo mộc,herbs,Lá mắc mật,high,,1,Thịt nướng lá móc mật,HAS_FIX,1 copy 36.json,45676
3077,bí non,bí đỏ,pumpkin,Bí ngòi non,high,,1,"Bí non, ớt chuông xào tim heo",HAS_FIX,1 copy 36.json,45678
3078,Mì Udon dẹp sợi bánh canh VN là ngon nhất ạ,bánh mì,bread,Sợi bánh canh (hoặc Mì Udon),high,,1,Bánh Canh Hẹ Cá Thu,HAS_FIX,1 copy 36.json,45687
3079,lá ngải thơm tươi hoặc khô estragon,lá,leaves,Lá ngải thơm (Estragon),high,,1,Nấm Mỡ To Nhồi Thịt Băm Lá Ngải Thơm (Estragon),HAS_FIX,1 copy 36.json,45702
3080,Rau muống thì là giá đỗ hoa chuối rau mùi,hoa chuối,banana blossom,Rau sống ăn lẩu,high,,1,Lẩu cá,HAS_FIX,1 copy 36.json,45716
3081,Nấm rơm gr cà rốt,cà rốt,carrot,"Nấm rơm, cà rốt",high,,1,Cháo nghệ rau củ (Emmy 10m+),HAS_FIX,1 copy 36.json,45719
3082,Dầu ăn em bé bộ nghệ củ hành tím,hành tím,shallot,"Dầu ăn, bột nghệ, hành tím",high,,1,Cháo nghệ rau củ (Emmy 10m+),HAS_FIX,1 copy 36.json,45720
3083,Sa tế gia vị,gia vị,seasoning,"Sa tế, gia vị",high,,1,"Mực xào ớt chuông, bông cải 🥦",HAS_FIX,1 copy 36.json,45726
3084,gia vị gà,gia vị,seasoning,Gia vị gà,high,,1,Gà Tiềm Nấm 🍄 🍗,HAS_FIX,1 copy 36.json,45736
3085,Lá ngò thơm,lá,leaves,Lá ngò,high,,1,Gà Tiềm Nấm 🍄 🍗,HAS_FIX,1 copy 36.json,45737
3086,Mỳ nui hoặc mỳ Barila số,nui,pasta,Mì Ý hoặc nui,high,,1,Mỳ Ý sốt kem nấm phiên bản dành cho em bé,HAS_FIX,1 copy 36.json,45743
3087,Giò heo gân,thịt heo,pork,"Giò heo, gân heo",high,,1,Bún bò giò nạm,HAS_FIX,1 copy 36.json,45744
3088,Gừng hành khô,gừng,ginger,"Gừng, hành khô",high,,1,Canh Rau Cải Cay Nấu Thịt Bằm,HAS_FIX,1 copy 36.json,45760
3089,Sả Tỏi,tỏi,garlic,"Sả, tỏi",high,,1,Mì Spaghetti thịt bò,HAS_FIX,1 copy 36.json,45781
3090,Mì mình xài mì nghệ cọng to,củ nghệ,turmeric root,Mì nghệ,high,Mì có pha bột nghệ,1,Mì Nghệ Xào Thịt Trai (Vẹm Đen),HAS_FIX,1 copy 36.json,45790
3091,Thịt bò,thịt bò,beef,Bột yến mạch,low,Dùng làm bánh bò healthy,1,Bánh bò yến mạch,HAS_FIX,1 copy 36.json,45798
3092,chanh to,chanh,lime,Chanh vàng,high,Chanh to thường là chanh vàng,1,Eatclean/ Salad Cá Ngừ,HAS_FIX,1 copy 36.json,45836
3093,thanh cua cắt nhỏ,cua,crab,Thanh cua,high,,1,Salad Lựu Rau Mầm,HAS_FIX,1 copy 36.json,45840
3094,Phần nhân thịt gà ruốc nấm,ruốc nấm,mushroom floss,"Thịt gà, ruốc nấm",high,,1,Bánh bao nhân thịt gà ruốc nấm healthy,HAS_FIX,1 copy 36.json,45858
3095,Italian seasoning,gia vị,seasoning,Gia vị Ý,high,Italian seasoning,1,Thịt Ram Siêu Nhanh Cho Ngày Bận Rộn,HAS_FIX,1 copy 36.json,45862
3096,gia vị gà tiềm,gia vị,seasoning,Gia vị gà tiềm,high,,1,Lẩu gà tiềm nấu nấm,HAS_FIX,1 copy 36.json,45868
3097,Mì soba,mì,noodles,Mì Soba,high,,1,Mì Soba Súp Dashi Thịt Heo Nấm Đông Cô,HAS_FIX,1 copy 36.json,45876
3098,Dầu ăn dầu mè thơm,Mè (Vừng),sesame seeds,Dầu mè,high,,1,Mì Soba Súp Dashi Thịt Heo Nấm Đông Cô,HAS_FIX,1 copy 36.json,45883
3099,topping ớt chuông nấm dứa hành tây,topping,topping,Topping rau củ,high,"Ớt chuông, nấm, dứa, hành",1,Pizza bò băm dứa,HAS_FIX,1 copy 36.json,45894
3100,Tôm Cay,tôm thẻ loại to,shrimp,Tôm,high,Tôm nấu vị cay,1,Mì Ý Tôm Cay - Spicy Prawns Aglio e Olio Tagliolini,HAS_FIX,1 copy 36.json,45895
3101,Mì với Tỏi Dầu Olive Aglio e Olio Pasta,nui,pasta,mì Ý,high,Pasta ở đây là mì Ý dạng sợi Tagliolini,1,Mì Ý Tôm Cay - Spicy Prawns Aglio e Olio Tagliolini,HAS_FIX,1 copy 27.json,45900
3102,Hành Tây cà rốt khoai tây,cà rốt,carrot,"hành tây, cà rốt và khoai tây",high,,1,Bò sốt vang,HAS_FIX,1 copy 27.json,45917
3103,Rễ mùi rau thơm hành khô hành lá ớt gia vị,hành lá,green onion,hỗn hợp rau thơm và gia vị,high,,1,Bánh canh giò heo,HAS_FIX,1 copy 27.json,45932
3104,ế bánh pizza không men mỏng giòn,bánh pizza,pizza,đế bánh pizza,high,,1,Pizza Đế Mỏng Giòn Nhân Cá Hồi Xông Khói,HAS_FIX,1 copy 27.json,45945
3105,cream cheese,phô mai,cheese,phô mai kem,high,Cream cheese là phô mai kem,1,Pizza Đế Mỏng Giòn Nhân Cá Hồi Xông Khói,HAS_FIX,1 copy 27.json,45950
3106,chả quết,chả,sausage,giò sống,high,Chả quết thường chỉ giò sống để cuộn,1,Bò cuốn lá lốt,HAS_FIX,1 copy 27.json,45958
3107,Topping ớt tươi xắt hành lá và tỏi phi,topping,topping,"ớt, hành lá và tỏi phi",high,,1,Hủ Tiếu Xương Bò-Tôm,HAS_FIX,1 copy 27.json,45972
3108,Gia vị cari bột dầu,Bột (chung),flour,gia vị cà ri,high,,1,Bún cà ri hải sản 🦐🦑,HAS_FIX,1 copy 27.json,45976
3109,tôm loại vừa,tôm thẻ loại to,shrimp,tôm,high,,1,Tôm rim trứng,HAS_FIX,1 copy 27.json,45987
3110,Lá persil khô,lá,leaves,ngò tây khô,high,Persil là ngò tây (parsley),1,Bí Đỏ Nhồi Thịt Chiên,HAS_FIX,1 copy 27.json,45995
3111,mc nước tương,nước,water,nước tương,high,mc là muỗng canh,1,Khô Bò Nguyên Miếng,HAS_FIX,1 copy 27.json,46000
3112,mc bột ngũ vị hương,Bột (chung),flour,bột ngũ vị hương,high,,1,Khô Bò Nguyên Miếng,HAS_FIX,1 copy 27.json,46002
3113,Tôm nhỏ đã bóc vỏ,tôm thẻ loại to,shrimp,tôm nõn,high,,1,Bắp Xào Bơ & Tôm Nhỏ,HAS_FIX,1 copy 27.json,46010
3114,tỏi trái ớt sừng,ớt,chili pepper,tỏi và ớt sừng,high,,1,Mắm Cá Thu Chưng,HAS_FIX,1 copy 27.json,46034
3115,Nhân Heo xay Kimchi cái,Thịt băm,Minced pork,thịt heo và kim chi,high,,1,2 Loại Sủi Cảo Nhật nhân Heo Xay - Pork Gyoza 2 Ways,HAS_FIX,1 copy 27.json,46044
3116,nhãn nhục,nhãn,longan,nhãn nhục,high,,1,Chè thơm rau câu nhãn nhục,HAS_FIX,1 copy 27.json,46065
3117,cà rốt bắp ngọt bí ngòi,cà rốt,carrot,"cà rốt, bắp ngọt và bí ngòi",high,,1,Cơm risotto tôm,HAS_FIX,1 copy 27.json,46084
3118,củ hành tím củ tỏi băm nhỏ,tỏi,garlic,hành tím và tỏi,high,,1,Cơm Tấm Thịt Khìa Long Xuyên,HAS_FIX,1 copy 27.json,46094
3119,Lá dứa nấu với gạo tấm,dứa,pineapple,lá dứa,high,,1,Cơm Tấm Thịt Khìa Long Xuyên,HAS_FIX,1 copy 27.json,46098
3120,Nước chấm cơm tấm,cơm,cooked rice,nước mắm chua ngọt,high,Nước chấm cơm tấm là nước mắm pha,1,Cơm Tấm Thịt Khìa Long Xuyên,HAS_FIX,1 copy 27.json,46103
3121,pecorino mozzarella,Phô mai Mozzarella,mozzarella,phô mai Pecorino và Mozzarella,high,,1,Pizza Mỏng Giòn nhân Heo Muối & Trứng Chần - Carbonara-style Flatbread Pizza,HAS_FIX,1 copy 27.json,46116
3122,nước đá nếu cần,cần tây,celery,nước đá,high,,1,Pizza Mỏng Giòn nhân Heo Muối & Trứng Chần - Carbonara-style Flatbread Pizza,HAS_FIX,1 copy 27.json,46120
3123,Tôm,chả tôm,shrimp cake,tôm,high,,1,Chả tôm rong biển,HAS_FIX,1 copy 27.json,46159
3124,Rau củ tuỳ thích,cải,mustard greens,rau củ,high,,1,Chả tôm rong biển,HAS_FIX,1 copy 27.json,46161
3125,tôm càng xanh,tôm,shrimp,tôm càng xanh,high,,1,Tôm càng xanh hấp nước dừa,HAS_FIX,1 copy 27.json,46187
3126,sữa đặc đặc,sữa,milk,sữa đặc,high,,1,Tôm càng xanh hấp nước dừa,HAS_FIX,1 copy 27.json,46190
3127,tỏi củ hành tím cọng hành lá,hành lá,green onion,"tỏi, hành tím và hành lá",high,,1,Cá bống kho,HAS_FIX,1 copy 27.json,46203
3128,Tóp mỡ hành tỏi,tỏi,garlic,"tóp mỡ, hành và tỏi",high,,1,Thịt bò tóp mỡ Súp lơ,HAS_FIX,1 copy 27.json,46209
3129,Dưa chuột baby,dưa,pickles,dưa chuột baby,high,,1,Rau Củ Khai Vị Yêu Thích 🤩,HAS_FIX,1 copy 27.json,46221
3130,ngũ vị hương bột ớt HQ,ngũ vị hương bột ớt Hàn Quốc,five spice,ngũ vị hương và bột ớt Hàn Quốc,high,,1,Thịt heo nướng da giòn,HAS_FIX,1 copy 27.json,46227
3131,dầu hào nước tương,nước,water,dầu hào và nước tương,high,,1,Thịt heo nướng da giòn,HAS_FIX,1 copy 27.json,46228
3132,cá thầy tu,cá mặt quỷ,stonefish,cá thầy tu,high,,1,Cá Thầy Tu (Monkfish) Nướng Thịt Xông Khói,HAS_FIX,1 copy 27.json,46242
3133,Cần Parley,cần tây,celery,ngò tây,high,Parley là lỗi chính tả của Parsley,1,Cá Thầy Tu (Monkfish) Nướng Thịt Xông Khói,HAS_FIX,1 copy 27.json,46246
3134,tóp mỡ heo,thịt heo,pork,tóp mỡ,high,,1,Bún cua thối đặc sản Pleiku (gia lai),HAS_FIX,1 copy 27.json,46269
3135,rau và cà chua,cà chua,tomato,rau và cà chua,high,,1,Cá hấp gừng kèm salad không dầu,HAS_FIX,1 copy 27.json,46319
3136,sốt Teriyaki hữu cơ,sốt,sauce,sốt Teriyaki,high,,1,Ếch Sốt Teriyaki (Bé 12m+),HAS_FIX,1 copy 27.json,46341
3137,sốt XO,sốt,sauce,sốt XO,high,,1,Drunken fish and condiments (chú thích ở dưới nha),HAS_FIX,1 copy 27.json,46351
3138,rượu Thiệu Hưng rượu nếp,gạo nếp,glutinous rice,rượu Thiệu Hưng và rượu nếp,high,,1,Drunken fish and condiments (chú thích ở dưới nha),HAS_FIX,1 copy 27.json,46352
3139,hẹ củ hành tây,hành tây,onion,hẹ và hành tây,high,,1,Salmon cake - bánh cá hồi 🤔,HAS_FIX,1 copy 27.json,46382
3140,Thịt nướng,heo quay,roast pork,thịt nướng,high,,1,Bánh bao kẹp thịt,HAS_FIX,1 copy 27.json,46388
3141,sốt ướp thịt,sốt,sauce,sốt ướp thịt,high,,1,Heo quay da giòn,HAS_FIX,1 copy 27.json,46398
3142,mơ pheomơ mâm xôi,mơ,apricot,mơ và mâm xôi,high,,1,Dồi heo luộc,HAS_FIX,1 copy 27.json,46410
3143,lươi heo,thịt heo,pork,lưỡi heo,high,,1,Dồi heo luộc,HAS_FIX,1 copy 27.json,46411
3144,Rau ômhanh lángo gai rau răm rau thơm quê,rau răm,vietnamese coriander,rau thơm tổng hợp,high,,1,Dồi heo luộc,HAS_FIX,1 copy 27.json,46412
3145,tỏi hành,tỏi,garlic,tỏi và hành,high,,1,Cá hồi sốt cà chua,HAS_FIX,1 copy 27.json,46418
3146,Mỡ,mỡ heo,lard,mỡ heo,high,,1,Rau Muống Xào Tỏi 🧄,HAS_FIX,1 copy 27.json,46471
3147,sốt BBQ,sốt,sauce,sốt BBQ,high,,1,BBĐL Nấm & Bắp Cải Trộn sốt Bơ Đậu Phộng - TW Bao with Mushrooms & Coleslaw in Peanut Butter Sauce,HAS_FIX,1 copy 27.json,46481
3148,Sốt Bơ ậu Phộng dùng nhiều lần,bơ,butter,sốt bơ đậu phộng,high,,1,BBĐL Nấm & Bắp Cải Trộn sốt Bơ Đậu Phộng - TW Bao with Mushrooms & Coleslaw in Peanut Butter Sauce,HAS_FIX,1 copy 27.json,46486
3149,giấm trắng hoặc giấm táo,táo,apple,giấm,high,,1,BBĐL Nấm & Bắp Cải Trộn sốt Bơ Đậu Phộng - TW Bao with Mushrooms & Coleslaw in Peanut Butter Sauce,HAS_FIX,1 copy 27.json,46489
3150,Hành tím hành tây gừng,gừng,ginger,"hành tím, hành tây và gừng",high,,1,Thịt Heo Quay (Quay Chảo),HAS_FIX,1 copy 27.json,46497
3151,Nước cốt hành tím tỏi,tỏi,garlic,nước cốt hành tỏi,high,,1,Thịt Heo Quay (Quay Chảo),HAS_FIX,1 copy 27.json,46500
3152,Có thể ít hoặc nhiều hơn tùy loại mắm mặn nhạt khác nhau,nước mắm,fish sauce,mắm,medium,Ám chỉ các loại mắm mặn/nhạt,1,Thịt trưng mắm tép (mắm ruốc),HAS_FIX,1 copy 27.json,46520
3153,gừng cỡ ngón tay cái tep tỏi hành lá,hành lá,green onion,"gừng, tỏi và hành lá",high,,1,Tuna mapo tofu - Đậu hũ Tứ Xuyên cá ngừ,HAS_FIX,1 copy 27.json,46525
3154,nước soup bò,súp,soup,nước dùng bò,high,,1,Mì soup bò,HAS_FIX,1 copy 27.json,46546
3155,ậu phộng rang cà bể,cà tím,eggplant,đậu phộng rang,high,Lỗi gõ 'ậu' thành 'đậu',1,Gỏi Củ Cần Tây Khô Bò Đen,HAS_FIX,1 copy 27.json,46561
3156,Sốt gỏi khô bò đen,thịt bò,beef,sốt gỏi khô bò,high,,1,Gỏi Củ Cần Tây Khô Bò Đen,HAS_FIX,1 copy 27.json,46563
3157,Gừng tỏi hành,tỏi,garlic,"gừng, tỏi và hành",high,,1,Cháo Gà Hầm Đậu và Rau Củ/ Chicken Risotto Slow Cooked with Beans,HAS_FIX,1 copy 27.json,46575
3158,lạng tôm biển,tôm viên,shrimp balls,tôm biển,high,,1,"Gỏi cuốn gà, tôm",HAS_FIX,1 copy 27.json,46590
3159,Phân nhân phô mai con bo cươi miêng,phô mai,cheese,phô mai Con Bò Cười,high,,1,Bánh papparoti nhân phô mai con bò cười,HAS_FIX,1 copy 27.json,46606
3160,Mắm ruốc huế,nước mắm,fish sauce,mắm ruốc Huế,high,,1,Bún bò Huế,HAS_FIX,1 copy 27.json,46633
3161,tôm thịt xay,tôm thẻ loại to,shrimp,tôm và thịt xay,high,,1,Trứng bắc thảo bọc thịt chiên giòn,HAS_FIX,1 copy 27.json,46642
3162,phi lê cá rô phi,cá rô phi,tilapia,phi lê cá rô phi,high,,1,Scotch eggs cá hồi,HAS_FIX,1 copy 27.json,46654
3163,hẹ rau mùi tỏi,tỏi,garlic,"hẹ, rau mùi và tỏi",high,,1,Scotch eggs cá hồi,HAS_FIX,1 copy 27.json,46655
3164,hương thảo và kinh giới khô,kinh giới,vietnamese balm,hương thảo và kinh giới khô,high,,1,Cá và rau củ nướng,HAS_FIX,1 copy 27.json,46662
3165,hành tây củ cải trắng,hành tây,onion,hành tây và củ cải trắng,high,,1,Phở bò viên 🍲,HAS_FIX,1 copy 27.json,46666
3166,mắm linh,nước mắm,fish sauce,mắm cá linh,high,,1,Mắm linh chưng thịt - Mắm chưng,HAS_FIX,1 copy 27.json,46698
3167,Gia vị bò kho,thịt bò,beef,gia vị bò kho,high,,1,Bò Kho Chay - ăn kèm bánh mì,HAS_FIX,1 copy 27.json,46706
3168,lit nươc hâm xương xương ga xương heo,thịt heo,pork,nước dùng xương,high,,1,Bún cá rô chả cá,HAS_FIX,1 copy 27.json,46720
3169,Rau thi lahanh lángo rihanh tim băm nhogưng,hành tím,shallot,hỗn hợp rau nêm và hành gừng,high,,1,Bún cá rô chả cá,HAS_FIX,1 copy 27.json,46723
3170,sauce,nước mắm,fish sauce,nước sốt,high,,1,"Fish dolma, focaccia and mayo",HAS_FIX,1 copy 27.json,46734
3171,lá cải nồi,lá,leaves,lá cải nồi,medium,Cải nồi thường chỉ cải bắp hoặc cải thảo,1,Canh chua tôm,HAS_FIX,1 copy 27.json,46760
3172,mầm đậu handful of bean sprout,đậu xanh,mung beans,giá đỗ,high,Bean sprout là giá đỗ,1,Súp ức gà với các loại rau (Chicken soup with vegetables),HAS_FIX,1 copy 27.json,46780
3173,phi lê ca cơ kiêm,lê,pear,phi lê cá cờ kiếm,high,,1,"Bánh canh cá cờ, đậu hủ từ cơm nguội, bột gạo, bột năng",HAS_FIX,1 copy 27.json,46789
3174,Hanh latiêuhanh tim băm nhoơt,hành tím,shallot,"hành lá, tiêu, hành tím và ớt",high,,1,"Bánh canh cá cờ, đậu hủ từ cơm nguội, bột gạo, bột năng",HAS_FIX,1 copy 27.json,46792
3175,củ hành ớt chuông,ớt,chili pepper,hành tây và ớt chuông,high,,1,Miến xào cua phô mai,HAS_FIX,1 copy 27.json,46823
3176,mắm cá trèn,nước mắm,fish sauce,mắm cá trèn,high,,1,Mắm cá trèn chưng trứng,HAS_FIX,1 copy 27.json,46842
3177,Sốt Tỏi Thì Là Chua,tỏi,garlic,sốt tỏi thì là chua,high,Tzatziki là sốt sữa chua thì là tỏi,1,Bánh Mì Vòng Heo Xé Sốt Tỏi Thì Là Chua - Tzatziki Aioli-inspired Pulled Pork Bagel,HAS_FIX,1 copy 27.json,46851
3178,Bột hành tỏi ngũ vị hương,tỏi,garlic,gia vị phá lấu,high,,1,Khấu đuôi heo phá lấu,HAS_FIX,1 copy 27.json,46882
3179,cá trắng phi lê,cá tuyết,cod,cá phi lê,high,,1,Cá Trắng Phi Lê Kho Tiêu,HAS_FIX,1 copy 27.json,46890
3180,Hành khô hành lá nước mắmdầu hào,hành lá,green onion,hành và gia vị,high,,1,Măng nứa xào thịt bò,HAS_FIX,1 copy 27.json,46915
3181,Gia vị muốiđường,gia vị,seasoning,muối và đường,high,,1,Canh kim chi nấu tôm,HAS_FIX,1 copy 27.json,46923
3182,thịt nạc vai xay nhỏ,thịt nạc dăm,pork shoulder,thịt nạc vai xay,high,,1,Bắp cải cuộn thịt,HAS_FIX,1 copy 27.json,46929
3183,Dầu ăn hạt tiêumuốinước mắmdầu hào,dầu ăn,Vegetable Oil,hỗn hợp gia vị dầu ăn,high,,1,Bắp cải cuộn thịt,HAS_FIX,1 copy 27.json,46933
3184,Bơ tỏi,tỏi,garlic,bơ tỏi,high,,1,Cơm rang bò,HAS_FIX,1 copy 27.json,46953
3185,Tôm bóc nõn,tôm thẻ loại to,shrimp,tôm nõn,high,,1,Canh Tôm Rau Diếp Cừu,HAS_FIX,1 copy 27.json,46960
3186,Thịt băm hành tây,Thịt băm,Minced pork,thịt băm và hành tây,high,,1,Bánh canh chả cá version pha ke,HAS_FIX,1 copy 27.json,46970
3187,Trứng Ngâm Nước Tương,Trứng gà,Chicken Egg,trứng ngâm nước tương,high,,1,Mì Xào Rau với Heo Da Giòn & Trứng Ngâm Tương - Soy Sauce Egg & Crispy Pork Noodles with Veggies,HAS_FIX,1 copy 27.json,46983
3188,bột nghệ nửa thìa ngũ vị hương,Bột (chung),flour,bột nghệ và ngũ vị hương,high,,1,Gà nấu xáo miền Trung thơm từ thịt ngọt từ gà,HAS_FIX,1 copy 27.json,46997
3189,lá chanh không có cũng được,chanh,lime,lá chanh,high,,1,Thịt heo bọc sả chiên dòn,HAS_FIX,1 copy 27.json,47007
3190,bột mì ngang,Bột (chung),flour,bột mì số 8,medium,Bột mì ngang thường là bột mì đa dụng,1,Bánh mì ngọt hình cua,HAS_FIX,1 copy 27.json,47017
3191,Hành tím tỏi băm nhuyễn,tỏi,garlic,hành tím và tỏi,high,,1,Lagu bò,HAS_FIX,1 copy 27.json,47030
3192,Rau nêm ngò gai hoặc rau ngổ ngò om hành lá,hành lá,green onion,rau nêm tổng hợp,high,,1,Canh khoai sọ tôm thịt bằm,HAS_FIX,1 copy 27.json,47040
3193,Bơ Tường An,bơ,butter,bơ thực vật,high,Bơ Tường An là bơ thực vật,1,Rau củ xào bơ,HAS_FIX,1 copy 27.json,47052
3194,rượu ngũ vị hương,bột ngũ vị hương,five spice powder,rượu ngũ vị hương,high,,1,Heo quay giòn bì,HAS_FIX,1 copy 27.json,47067
3195,bột heo quay,Bột (chung),flour,gia vị heo quay,high,,1,Heo quay giòn bì,HAS_FIX,1 copy 27.json,47068
3196,Hanh lahanh tim băm nho,hành tím,shallot,hành lá và hành tím,high,,1,Mì trứng xào mực và thịt xá xíu,HAS_FIX,1 copy 27.json,47083
3197,t bột cay,Bột (chung),flour,ớt bột,high,t bột cay là ớt bột,1,Cá kho keo,HAS_FIX,1 copy 27.json,47100
3198,Phô mai Parmesan,phô mai,cheese,phô mai Parmesan,high,,1,Mì Rigatoni Bò Sốt Kem Nấm / Creamy Beef Mushroom Stroganoff Rigatoni 🇷🇺,HAS_FIX,1 copy 27.json,47132
3199,bột thì là cumin,Bột (chung),flour,bột thì là,high,Cumin là thì là,1,Nacho Heo Xé & Dứa Chua Ngọt - Pulled Pork & Caramelized Pineapple Nachos,HAS_FIX,1 copy 27.json,47157
3200,thì là hành lá rau sống các loại,hành lá,green onion,"thì là, hành lá và rau sống",high,,1,Bún cá chấm,HAS_FIX,1 copy 27.json,47170
3201,cá chim đen,cá chim,pomfret,cá chim đen,high,,1,Cá chim đen chiên,HAS_FIX,1 copy 19.json,47171
3202,Ngô ngọt rau củ gia vị thịt nguội,bắp ngọt,sweet corn,"ngô ngọt, rau củ, thịt nguội",high,,1,Yến mạch chiên rau củ,HAS_FIX,1 copy 19.json,47173
3203,Gia vị ướp,gia vị,seasoning,gia vị ướp,high,,1,Heo Quay Đắp Muối Hột,HAS_FIX,1 copy 19.json,47184
3204,bột hạt ngò,Bột (chung),flour,bột hạt ngò,high,,1,Heo Quay Đắp Muối Hột,HAS_FIX,1 copy 19.json,47187
3205,Lá nếp,gạo nếp,glutinous rice,lá dứa,high,Lá nếp thường gọi là lá dứa (Pandanus),1,Bánh bò nướng chảo nhân dừa,HAS_FIX,1 copy 19.json,47225
3206,khuôn đậu,đậu hũ,tofu,đậu hũ,high,Khuôn đậu là cách gọi đậu hũ ở miền Trung,1,Bánh quy đậu phụ + bột mỳ nướng nồi chiên k dầu,HAS_FIX,1 copy 19.json,47231
3207,Cà rôt,cà tím,eggplant,cà rốt,high,,1,Thịt heo lai nướng,HAS_FIX,1 copy 19.json,47262
3208,t hiểm ớt ngọt,ớt,chili pepper,"ớt hiểm, ớt ngọt",high,,1,Thịt Heo Ngâm Mắm,HAS_FIX,1 copy 19.json,47268
3209,Tôm càng xanh,tôm,shrimp,tôm càng xanh,high,,1,Tôm càng xanh kho nước dừa,HAS_FIX,1 copy 19.json,47271
3210,Tỏi hành tím ớt băm hành lá,hành lá,green onion,"tỏi, hành tím, ớt, hành lá",high,,1,Tôm càng xanh kho nước dừa,HAS_FIX,1 copy 19.json,47273
3211,Dầu ăn dầu hào nước tương,nước,water,"dầu ăn, dầu hào, nước tương",high,,1,Miến trộn giò lụa rau củ,HAS_FIX,1 copy 19.json,47282
3212,nước cốt dừa mình dùng loại đóng hộp,nước dừa,coconut water,nước cốt dừa,high,,1,Bánh Canh Nước Cốt Dừa Tôm Thịt Miền Tây,HAS_FIX,1 copy 19.json,47285
3213,pasta hoặc mì trứng tuỳ ý,nui,pasta,mì Ý hoặc mì trứng,high,,1,Mì Bò Stroganoff - Beef Stroganoff Pasta,HAS_FIX,1 copy 19.json,47300
3214,kem whipping heavy hoặc sữa chua Hy Lạp hoặc kem chua,kem,cream,"kem whipping, sữa chua Hy Lạp hoặc kem chua",high,,1,Mì Bò Stroganoff - Beef Stroganoff Pasta,HAS_FIX,1 copy 19.json,47307
3215,hành lá hoặc ngò tây trang trí,hành lá,green onion,"hành lá, ngò tây",high,,1,Mì Bò Stroganoff - Beef Stroganoff Pasta,HAS_FIX,1 copy 19.json,47308
3216,Bột bánh cuốn,Bột (chung),flour,bột bánh cuốn,high,,1,Bánh Cuốn Tráng Chảo Nhân Thịt Băm Nấm Mèo,HAS_FIX,1 copy 19.json,47312
3217,com tôm,tôm thẻ loại to,shrimp,tôm,high,com tôm là lỗi đánh máy của con tôm,1,Súp tôm các loại củ,HAS_FIX,1 copy 19.json,47353
3218,Xương heo thịt bò,thịt bò,beef,"xương heo, thịt bò",high,,1,Bún bò đơn giản mùa dịch,HAS_FIX,1 copy 19.json,47381
3219,Hành tây hành tỏi,tỏi,garlic,"hành tây, hành, tỏi",high,,1,Bún bò đơn giản mùa dịch,HAS_FIX,1 copy 19.json,47384
3220,Vài ớt chuông đủ màu,ớt,chili pepper,ớt chuông,high,,1,Thịt gà xào ớt chuông,HAS_FIX,1 copy 19.json,47415
3221,Gia vị oyster nước tương gừng tỏi,hàu,oyster,"dầu hào, nước tương, gừng, tỏi",high,oyster ở đây là sốt dầu hào,1,Thịt gà xào ớt chuông,HAS_FIX,1 copy 19.json,47417
3222,Sốt tương,sốt,sauce,sốt tương,high,,1,Nấm đùi gà rim tương,HAS_FIX,1 copy 19.json,47434
3223,Giấm táo,dấm,vinegar,giấm táo,high,,1,Nấm đùi gà rim tương,HAS_FIX,1 copy 19.json,47439
3224,Hành Gia vị,gia vị,seasoning,"hành, gia vị",high,,1,"CHÁO THỊT NẠC BẰM, CẢI BÓ XÔI, CÀ RỐT",HAS_FIX,1 copy 19.json,47446
3225,Dầu ăn boa rô,dầu ăn,Vegetable Oil,"dầu ăn, hành boa rô",high,,1,Cháo rau bó xôi và tàu hũ ki,HAS_FIX,1 copy 19.json,47450
3226,cải nồi,cải,mustard greens,cải nồi,high,Một loại rau cải dùng trong canh chua,1,Canh chua cua bông điên điển,HAS_FIX,1 copy 19.json,47460
3227,thính gạo,gạo,rice,thính gạo,high,,1,Bì heo trộn thính,HAS_FIX,1 copy 19.json,47471
3228,Dầu ăn rau mùi ngò rí ngò gai,rau ngò rí,coriander leaves,"dầu ăn, rau mùi, ngò rí, ngò gai",high,,1,Cháo nấm củ sen,HAS_FIX,1 copy 19.json,47475
3229,Hành lá ngò hành tím,hành lá,green onion,"hành lá, ngò, hành tím",high,,1,Thịt rim tôm,HAS_FIX,1 copy 19.json,47490
3230,cơm rang nén chặt,cơm,cooked rice,cơm rang,high,,1,Cơm rang bọc trứng chiên rau chùm ngây,HAS_FIX,1 copy 19.json,47491
3231,Sốt BBQ hũ lớn dùng dần,sốt,sauce,sốt BBQ,high,,1,Heo Xé Trộn Sốt BBQ - BBQ Pulled Pork,HAS_FIX,1 copy 19.json,47497
3232,giấm gạo hoặc giấm táo,táo,apple,giấm gạo hoặc giấm táo,high,,1,Heo Xé Trộn Sốt BBQ - BBQ Pulled Pork,HAS_FIX,1 copy 19.json,47499
3233,bia hoặc Cocacola thêm nếu cần,cần tây,celery,bia hoặc cocacola,high,,1,Heo Xé Trộn Sốt BBQ - BBQ Pulled Pork,HAS_FIX,1 copy 19.json,47516
3234,Hành tây ngò hành lá hành tím,hành lá,green onion,"hành tây, ngò, hành lá, hành tím",high,,1,Bánh canh chả cá+ sườn non,HAS_FIX,1 copy 19.json,47521
3235,cốt dừa hộplon,dừa,coconut,nước cốt dừa,high,,1,Rau câu sợi - sữa dừa - hoa đậu biếc,HAS_FIX,1 copy 19.json,47533
3236,bí mini,bí nụ,pumpkin buds,bí đỏ mini,high,,1,Súp bí đỏ cá hồi,HAS_FIX,1 copy 19.json,47538
3237,mứt hạt sen,mứt,fruit preserve,mứt hạt sen,high,,1,Bánh trung thu con heo,HAS_FIX,1 copy 19.json,47561
3238,mứt bí,mứt,fruit preserve,mứt bí,high,,1,Bánh trung thu con heo,HAS_FIX,1 copy 19.json,47562
3239,mứt gừng,gừng,ginger,mứt gừng,high,,1,Bánh trung thu con heo,HAS_FIX,1 copy 19.json,47563
3240,mứt chanh,chanh,lime,mứt chanh,high,,1,Bánh trung thu con heo,HAS_FIX,1 copy 19.json,47564
3241,Sốt trộn nhân,sốt,sauce,sốt trộn nhân,high,,1,Bánh trung thu con heo,HAS_FIX,1 copy 19.json,47571
3242,rượu mai quế lộ,rượu,cooking wine,rượu mai quế lộ,high,,1,Bánh trung thu con heo,HAS_FIX,1 copy 19.json,47573
3243,Quét mặt bánh,bánh,cake,hỗn hợp quét mặt bánh,high,,1,Bánh trung thu con heo,HAS_FIX,1 copy 19.json,47577
3244,mực lá size nhỏ,lá,leaves,mực lá,high,,1,Hải Sản Nướng - Grilled SeaFood Plate 🦞 🐠 🦑 🦐,HAS_FIX,1 copy 19.json,47583
3245,rau câu dừa,dừa,coconut,rau câu dừa,high,,1,Rau câu dừa 🥥 đậu biếc đây😍,HAS_FIX,1 copy 19.json,47590
3246,Me trăng răc lên banh,me,tamarind,mè trắng,high,Me trăng là lỗi đánh máy mè trắng,1,Bánh Mì Nhân Gà Nấm,HAS_FIX,1 copy 19.json,47626
3247,Thịt heo xúc xích,thịt heo,pork,"thịt heo, xúc xích",high,,1,"Mì xào thịt heo, xúc xích",HAS_FIX,1 copy 19.json,47631
3248,Cải ngọt cải thảo Cà rốt,cà rốt,carrot,"cải ngọt, cải thảo, cà rốt",high,,1,Mì Trứng Xào Tôm Thịt,HAS_FIX,1 copy 19.json,47651
3249,Tôm thịt,tôm thẻ loại to,shrimp,"tôm, thịt",high,,1,Mì Trứng Xào Tôm Thịt,HAS_FIX,1 copy 19.json,47652
3250,Phần nước nhân,nước,water,nước nhân,high,,1,Mì Quảng tôm thịt trứng 😋😋😋,HAS_FIX,1 copy 19.json,47653
3251,Hành khô ớt bột gia vị,ớt,chili pepper,"hành khô, ớt bột, gia vị",high,,1,Mì Quảng tôm thịt trứng 😋😋😋,HAS_FIX,1 copy 19.json,47658
3252,mì quảng sợi,mì,noodles,sợi mì quảng,high,,1,Mì Quảng tôm thịt trứng 😋😋😋,HAS_FIX,1 copy 19.json,47660
3253,Rau sống xà lách rau thơm bắp cải bào mỏng ngò rí,rau ngò rí,coriander leaves,"rau sống, xà lách, rau thơm, bắp cải, ngò rí",high,,1,Mì Quảng tôm thịt trứng 😋😋😋,HAS_FIX,1 copy 19.json,47663
3254,q trứng ml mật ong,Trứng gà,Chicken Egg,"trứng, mật ong",high,,1,Bánh quy đậu hũ 🥖🥖,HAS_FIX,1 copy 19.json,47668
3255,bột gạo lứt,Bột (chung),flour,bột gạo lứt,high,,1,Bánh bao gạo lứt gà nấm 🐤🥕🍄,HAS_FIX,1 copy 19.json,47677
3256,lá Rau ngót,lá,leaves,rau ngót,high,,1,"CHÁO TÔM, RAU NGÓT,BÍ ĐỎ",HAS_FIX,1 copy 19.json,47688
3257,rau củ hỗn hợp cà rốt đậu que đậu hoà lan bắp mỹ,đậu que,green beans,rau củ hỗn hợp,high,,1,Bánh Xúc Xích Rau Củ Ngàn Lớp,HAS_FIX,1 copy 19.json,47727
3258,Nước tương dầu hào sốt xá xíu gừng hành tỏi,tỏi,garlic,"nước tương, dầu hào, sốt xá xíu, gừng, hành, tỏi",high,,1,Tai heo phá lấu và xoài xanh lắc,HAS_FIX,1 copy 19.json,47731
3259,Chân giò,giò,pork sausage,chân giò,high,,1,Bún mắm tôm,HAS_FIX,1 copy 19.json,47733
3260,Xà lách cà rốt bào sợi ớt chuông rau củ tuỳ mọi người thích cho loại nào,ớt,chili pepper,rau củ,high,"Gồm xà lách, cà rốt, ớt chuông",1,Burrito bò/gà,HAS_FIX,1 copy 19.json,47768
3261,Rau tần dầy húng quế trắng hành lá,hành lá,green onion,"rau tần dày lá, húng quế trắng, hành lá",high,,1,Canh Cá Bớp Nấu Lá Me,HAS_FIX,1 copy 19.json,47788
3262,bơ chín,bơ,butter,quả bơ,high,,1,Salad Bơ Tôm 🦐 🥑 🥚,HAS_FIX,1 copy 19.json,47796
3263,dưa chuột bỏ ruột xắt miếng,dưa,pickles,dưa chuột,high,,1,Gỏi mực Thái Lan,HAS_FIX,1 copy 19.json,47836
3264,Hành khô hành tươi ớt tươi gia vị,ớt,chili pepper,"hành khô, hành tươi, ớt, gia vị",high,,1,Tép khô rang thịt ba chỉ,HAS_FIX,1 copy 19.json,47848
3265,Làm gan gồm những nguyên liệu hộp bơ nhỏ,bơ,butter,bơ,high,Hộp bơ nhỏ trong món pate,1,Bánh mỳ pate gan heo,HAS_FIX,1 copy 19.json,47862
3266,nửa ổ bánh mỳ,bánh,cake,bánh mì,high,,1,Bánh mỳ pate gan heo,HAS_FIX,1 copy 19.json,47868
3267,củ Hành khô hành lá mùi gừng gia vị,hành lá,green onion,"hành khô, hành lá, ngò, gừng, gia vị",high,,1,Cháo cá ngon nhức nách từ cơm nguội,HAS_FIX,1 copy 19.json,47879
3268,gan bò có tim bò luôn càng ngon,thịt bò,beef,"gan bò, tim bò",high,,1,Khô Gan Bò Đen,HAS_FIX,1 copy 19.json,47914
3269,bột quế,Bột (chung),flour,bột quế,high,,1,Khô Gan Bò Đen,HAS_FIX,1 copy 19.json,47920
3270,Sốt tương chấm Gyoza,sốt,sauce,sốt tương chấm gyoza,high,,1,Bánh Xếp Nhật Gyoza Nhân Thịt Chiên Áp Chảo,HAS_FIX,1 copy 19.json,47940
3271,Hanh lango rihanh tim băm nho,hành tím,shallot,"hành lá, ngò rí, hành tím",high,,1,Cải thảo xào thịt bằm,HAS_FIX,1 copy 19.json,47979
3272,Dừa,nước dừa,coconut water,dừa,high,Ở đây có thể là cơm dừa hoặc nước dừa,1,Rau má đậu xanh tự làm tại nhà,HAS_FIX,1 copy 19.json,47982
3273,ường ăn kiêngbột tỏi bột ớt,bột tỏi,garlic powder,"đường ăn kiêng, bột tỏi, bột ớt",high,,1,Cá hồi sốt bơ tỏi phủ dứa 🐟🍍🧈🧄,HAS_FIX,1 copy 19.json,47989
3274,trứng gà và trứng vịt,Trứng gà,Chicken Egg,"trứng gà, trứng vịt",high,,1,Trứng chưng thịt,HAS_FIX,1 copy 19.json,48001
3275,ớt chuông đỏ to,ớt,chili pepper,ớt chuông đỏ,high,,1,Ratatouille - Món Rau Củ Hầm Nước Pháp 🇫🇷,HAS_FIX,1 copy 19.json,48016
3276,Sốt thịt băm,sốt,sauce,sốt thịt băm,high,,1,Hủ Tíu Mì Khô Sốt Thịt Băm,HAS_FIX,1 copy 19.json,48027
3277,cần tây hành lá,hành lá,green onion,"cần tây, hành lá",high,,1,Tôm xào bông cải,HAS_FIX,1 copy 19.json,48044
3278,Tỏi ớt hành lá,hành lá,green onion,"tỏi, ớt, hành lá",high,,1,Bánh Hỏi Thịt Ba Chỉ Nướng,HAS_FIX,1 copy 19.json,48050
3279,mì tương đen,mì,noodles,mì tương đen,high,,1,Mì Bò Tương Đen Hàn Quốc 🇰🇷,HAS_FIX,1 copy 19.json,48058
3280,thịt gram tôm và ml nước đậu xanh lá dứa,ram tôm,shrimp rolls,"tôm, nước đậu xanh lá dứa",medium,thịt gram tôm có thể là tôm khô/thịt ram,1,Xôi tôm thịt,HAS_FIX,1 copy 19.json,48072
3281,tỏi cô đơn xắt nhỏ,tỏi,garlic,tỏi cô đơn,high,,1,Pizza Rau Củ Sốt Cà Chua Cá Cơm - Veggies Pizza with Anchovy Tomato Base,HAS_FIX,1 copy 19.json,48083
3282,sốt cà chua,cà chua,tomato,sốt cà chua,high,,1,Pizza Rau Củ Sốt Cà Chua Cá Cơm - Veggies Pizza with Anchovy Tomato Base,HAS_FIX,1 copy 19.json,48084
3283,rượu trắng lit nước,nước,water,rượu trắng,high,,1,Chà bông heo Đài Loan 🇹🇼,HAS_FIX,1 copy 19.json,48102
3284,Nguyên liệu trộn thịt,chà bông,pork floss (Southern: chà bông / Northern: ruốc),gia vị trộn thịt,medium,Nguyên liệu để làm ra chà bông,1,Chà bông heo Đài Loan 🇹🇼,HAS_FIX,1 copy 19.json,48103
3285,Mỳ miến,mì,noodles,"mì, miến",high,,1,Mỳ kiểu Spaghetti sốt bò bằm,HAS_FIX,1 copy 19.json,48110
3286,Rau,cải,mustard greens,rau,medium,,1,Bánh bao gà nấm nguyên cám 🐥🍄,HAS_FIX,1 copy 19.json,48137
3287,kem cheese,phô mai,cheese,kem phô mai,high,Kem cheese là cream cheese,1,Nui Nơ Xào Tôm,HAS_FIX,1 copy 19.json,48145
3288,súp lơ xanh rau củ,rau sống,fresh herbs,"súp lơ xanh, rau củ",high,,1,Pizza yến mạch tôm 🍕(Emmy 9m+),HAS_FIX,1 copy 19.json,48150
3289,xả củ tỏi,tỏi,garlic,"sả, tỏi",high,,1,Ba chỉ heo nướng ngũ vị hương đậm đà,HAS_FIX,1 copy 19.json,48177
3290,xả hành tỏi băm nhuyễn,tỏi,garlic,"sả, hành, tỏi",high,,1,Bò kho,HAS_FIX,1 copy 19.json,48182
3291,bột cary ngũ vị hương,Bột (chung),flour,"bột cà ri, ngũ vị hương",high,,1,Bò kho,HAS_FIX,1 copy 19.json,48183
3292,Dầu mè ớt,ớt,chili pepper,"dầu mè, ớt",high,,1,Ramen thịt heo đơn giản,HAS_FIX,1 copy 19.json,48297
3293,nước ml nếu không có trứng,Trứng gà,Chicken Egg,nước,high,,1,"Bánh Ướt Trứng Nhân Tôm Thịt (Bột pha sẵn, bột tự pha và tráng bằng chảo)",HAS_FIX,1 copy 19.json,48368
3294,Nguyên liệu nấu nước luộc,nước,water,nguyên liệu nấu nước luộc,medium,"Thường là gừng, hành, gia vị",1,Thịt Luộc Bossam (보쌈) - Ẩm thực Hàn Quốc,HAS_FIX,1 copy 19.json,48541
3295,Nươc Loc,nước cốt,extract,nước lọc,high,,1,Giò Heo Tiềm Thuốc Bắc,HAS_FIX,1 copy 19.json,48630
3296,ương quy,xương heo,pork bones,đương quy,high,Vị thuốc bắc trong món tiềm,1,Giò Heo Tiềm Thuốc Bắc,HAS_FIX,1 copy 19.json,48637
3297,Bôt ngot,bột ngô,cornstarch,bột ngọt,high,,1,Giò Heo Tiềm Thuốc Bắc,HAS_FIX,1 copy 19.json,48640
3298,Bôt nănghat nêmbôt điêutỏi,Bột (chung),flour,"bột năng, gia vị, tỏi",medium,"Chuỗi từ dính: bột năng, hạt nêm, bột điều, tỏi",1,Bánh Mì Nhân Gà Nấm,HAS_FIX,1 copy 19.json,48645
3299,Phân quet măt banh mi,bánh mì,bread,hỗn hợp quét mặt bánh mì,high,,1,Bánh Mì Nhân Gà Nấm,HAS_FIX,1 copy 19.json,48649
3300,nươc côt tra xanh,bí xanh,winter melon,nước cốt trà xanh,high,,1,Chè trôi nước 4 màu tự nhiên từ rau củ quả,HAS_FIX,1 copy 19.json,48678
3301,toi bằm,Thịt băm,Minced pork,Tỏi băm,high,,1,Bún thịt nướng xiên que,HAS_FIX,1 copy 11.json,48696
3302,hung lui,húng láng,spearmint,Húng lủi,high,,1,Gỏi ngó sen tai heo,HAS_FIX,1 copy 11.json,48704
3303,goi bôt chiên xu,vụn bánh mì,breadcrumbs,Bột chiên xù,high,Gói bột chiên xù,1,Chả giò hải sản,HAS_FIX,1 copy 11.json,48710
3304,dâu hao,dầu hào,oyster sauce,Dầu hào,high,,1,Đậu hủ nhồi thịt xốt cà chua,HAS_FIX,1 copy 11.json,48778
3305,cai trăng got vo,cải thảo,napa cabbage,Củ cải trắng,high,,1,Hủ tiếu mì xương và thịt heo,HAS_FIX,1 copy 11.json,48794
3306,bôt năng,Bột (chung),flour,Bột năng,high,,1,"Bánh canh cá cờ, đậu hủ từ cơm nguội, bột gạo, bột năng",HAS_FIX,1 copy 11.json,48811
3307,muông canh dâu ăn,củ canh,root vegetable,Dầu ăn,high,,1,"Bánh canh cá cờ, đậu hủ từ cơm nguội, bột gạo, bột năng",HAS_FIX,1 copy 11.json,48812
3308,Sưa đăc ng Tho,sữa,milk,Sữa đặc Ông Thọ,high,,1,Thịt kho tàu,HAS_FIX,1 copy 11.json,48816
3309,sưa đăc,sữa,milk,Sữa đặc,high,,1,Tôm rim thịt,HAS_FIX,1 copy 11.json,48821
3310,t trai,ớt,chili pepper,Ớt trái,high,Viết tắt của ớt trái,1,Thịt kho tàu,HAS_FIX,1 copy 11.json,48827
3311,Hanh toi băm nhohanh la,hành lá nhánh hành tỏi củ,aromatics mix,"Hành tỏi băm, hành lá",high,,1,Mực xào bún mì rau củ,HAS_FIX,1 copy 11.json,48849
3312,Hành phi,hành lá,green onion,Hành phi,high,,1,Đậu hủ hấp xốt dầu hào,HAS_FIX,1 copy 11.json,48888
3313,muông cafe dâu hao,dầu hào,oyster sauce,Dầu hào,high,,1,Đậu hủ hấp xốt dầu hào,HAS_FIX,1 copy 11.json,48890
3314,muông cafe nươc tương,nước tương,Soy sauce,Nước tương,high,,1,Đậu hủ hấp xốt dầu hào,HAS_FIX,1 copy 11.json,48891
3315,goi gr bôt banh xeo co goi bôt nghê ơ bên trong,bánh xèo,pancake,Bột bánh xèo,high,,1,"Bánh xèo tôm,thịt, mực và trứng cút",HAS_FIX,1 copy 11.json,48906
3316,goi gr bôt chiên gion,Bột (chung),flour,Bột chiên giòn,high,,1,"Bánh xèo tôm,thịt, mực và trứng cút",HAS_FIX,1 copy 11.json,48907
3317,cu ca rôt cu cai trăng,cà rốt,carrot,"Cà rốt, củ cải trắng",high,,1,"Bánh xèo tôm,thịt, mực và trứng cút",HAS_FIX,1 copy 11.json,48912
3318,nươc côt dưaml bia,nước dừa,coconut water,"Nước cốt dừa, bia",high,Gõ lỗi 'dưaml bia' là dừa và bia,1,"Bánh xèo tôm,thịt, mực và trứng cút",HAS_FIX,1 copy 11.json,48921
3319,Hanh lamuôidâu ănhat nêm,hành lá,green onion,Gia vị tổng hợp,high,"Gồm hành lá, muối, dầu ăn, hạt nêm",1,"Bánh xèo tôm,thịt, mực và trứng cút",HAS_FIX,1 copy 11.json,48923
3320,ca rô khoang gr,cá rô phi,tilapia,,,,1,Bún cá rô chả cá,MISSING,MISSING,48924
3321,cân nươc lăt khuc rưa sach đê raoơt trai,cần tây,celery,"Cần nước, ớt trái",high,,1,Bún cá rô chả cá,HAS_FIX,1 copy 11.json,48928
3322,Dâu ănhat nêmbôt ngottiêumuôi,dầu ăn,Vegetable Oil,Gia vị tổng hợp,high,"Gồm dầu ăn, hạt nêm, bột ngọt, tiêu, muối",1,Bún cá rô chả cá,HAS_FIX,1 copy 11.json,48938
3323,hanh phi,hành tím,shallot,Hành phi,high,,1,Gỏi đu đủ khô cá chỉ vàng món ăn Việt Nam,HAS_FIX,1 copy 11.json,49002
3324,thit bo,Thịt băm,Minced pork,Thịt bò,high,,1,Hamburger Cơm Thịt Bò Bằm Áp Chảo,HAS_FIX,1 copy 11.json,49003
3325,Hanh to,hành tím,shallot,Hành tỏi,high,Gõ lỗi 'hanh to',1,Hamburger Cơm Thịt Bò Bằm Áp Chảo,HAS_FIX,1 copy 11.json,49004
3326,sốt ssamjang chấm thịt HQ,sốt,sauce,Sốt Ssamjang,high,,1,우삼겹 된장찌개 - Canh đậu tương thịt bò,HAS_FIX,1 copy 11.json,49057
3327,Hải sản tuỳ chọn mực tôm là must have,tôm thẻ loại to,shrimp,"Mực, tôm",high,,1,Cơm Ý mực đen,HAS_FIX,1 copy 11.json,49074
3328,Dâu mehat nêmmuôitiêubôt ngot,dầu vừng,sesame oil,Gia vị tổng hợp,high,"Gồm dầu mè, hạt nêm, muối, tiêu, bột ngọt",1,"Súp tóc tiên óc heo,thanh cua và tôm",HAS_FIX,1 copy 11.json,49085
3329,cu cai trăng,cải thảo,napa cabbage,Củ cải trắng,high,,1,Bún thịt nướng từ nồi chiên không dầu,HAS_FIX,1 copy 11.json,49091
3330,thit xa xiu,xốt thịt xá xíu,char siu sauce,Thịt xá xíu,high,,1,Mì trứng xào mực và thịt xá xíu,HAS_FIX,1 copy 11.json,49098
3331,âu phông rang gia nho,đậu phộng,peanut,Đậu phộng rang,high,,1,🥗Bún Thịt Nướng Chả Giò Miền Nam🥗,HAS_FIX,1 copy 11.json,49106
3332,giâm gao,dấm,vinegar,Giấm gạo,high,,1,Món Chay Cải Mầm Trộn Nấm Hương Và Tàu Hủ Ky,HAS_FIX,1 copy 11.json,49113
3333,cai mâm,tỏi,garlic,Cải mầm,high,,1,Món Chay Cải Mầm Trộn Nấm Hương Và Tàu Hủ Ky,HAS_FIX,1 copy 11.json,49121
3334,mlml nươc âm,nước mắm,fish sauce,Nước ấm,high,,1,Bánh tráng kẹp bánh ít nhân tôm thịt,HAS_FIX,1 copy 11.json,49126
3335,đâu hanh la,đậu hà lan,peas,Đầu hành lá,high,,1,"Cá mú hấp hành,gừng,xì dầu và dầu hào",HAS_FIX,1 copy 11.json,49167
3336,muông cafe nươc măm,nước mắm,fish sauce,Nước mắm,high,,1,Thịt băm rang mặn ngọt,HAS_FIX,1 copy 11.json,49187
3337,muông cafe bôt ngot,mỳ chính,MSG,Bột ngọt,high,,1,Thịt băm rang mặn ngọt,HAS_FIX,1 copy 11.json,49189
3338,It muôi muông cafe đương,đường,sugar,"Muối, đường",high,,1,Xôi lá cẩm thịt xá xíu,HAS_FIX,1 copy 11.json,49191
3339,măm xay măm linhmăm lócmăm sặc,nước mắm,fish sauce,"Mắm linh, mắm lóc, mắm sặc",high,Các loại mắm cá xay,1,Mắm chưng thịt bằm hột vịt,HAS_FIX,1 copy 11.json,49226
3340,củ hành để nướng,Hành,Scallion,Hành tím củ,high,Củ hành nướng trong món này thường là hành tím,1,Nấm Mỡ Nhồi Thịt Băm Húng Tây Nướng,HAS_FIX,1 copy 11.json,49289
3341,lá Basil trang trí,Mè (Vừng),sesame seeds,Lá húng tây,high,Basil là lá húng tây,1,Nấm Mỡ Nhồi Thịt Băm Húng Tây Nướng,HAS_FIX,1 copy 11.json,49291
3342,Tôm em dùng tôm nõn đông lạnh loại để trong khay xốp bán ở Wm,tôm thẻ loại to,shrimp,Tôm nõn,high,,1,Tôm nõn cùng nấm xào dứa và cà chua,HAS_FIX,1 copy 11.json,49312
3343,Gia vị nấu thìa bột ớt Hq thìa tương HQ thìa nước mơ ngâm HQ có thể thay bằng thìa mật ong chút dầu mè và vừng rang,ớt,chili pepper,Gia vị Hàn Quốc tổng hợp,high,"Gồm bột ớt, tương, nước mơ, mật ong, dầu mè, vừng",1,Mỳ trộn thịt xào kim chi Hàn Quốc,HAS_FIX,1 copy 11.json,49323
3344,lá lốt tía tô mùi tàu,lá lốt,betel leaves,"Lá lốt, tía tô, mùi tàu",high,,1,Lẩu Ếch Măng Cay,HAS_FIX,1 copy 11.json,49337
3345,xiu muôi,xíu mại,siu mai,Xí muội,high,Lỗi gõ 'xiu muôi',1,Rau Câu Chữ Tài Lộc Và Thỏi Vàng Cho Ngày Vía Thần Tài,HAS_FIX,1 copy 11.json,49347
3346,thit bo ba chi My,ba chỉ bò,beef belly,Ba chỉ bò Mỹ,high,,1,Thịt bò ba chỉ Mỹ cuộn rau củ nướng nồi chiên ko dầu,HAS_FIX,1 copy 11.json,49350
3347,qua chuôi chát,chuối,banana,Chuối chát,high,,1,Gỏi bò bóp thấu,HAS_FIX,1 copy 11.json,49356
3348,Bac ha,bạc hà,mint,Dọc mùng,high,Canh chua miền Bắc gọi bạc hà là dọc mùng,1,Canh chua đậu hủ chay,HAS_FIX,1 copy 11.json,49368
3349,bôt chiên gion,bột xù,breadcrumbs,Bột chiên giòn,high,,1,Cá cơm chiên giòn xóc mắm tỏi,HAS_FIX,1 copy 11.json,49373
3350,ca rôt căt hat lưu,cà rốt,carrot,Cà rốt,high,,1,Canh khổ qua dồn cá thác lác,HAS_FIX,1 copy 11.json,49380
3351,giâm,dấm,vinegar,Giấm,high,,1,Lườn cá hồi kho hành ớt,HAS_FIX,1 copy 11.json,49414
3352,muôitiêu,gia vị,seasoning,"Muối, tiêu",high,,1,Cá kình kho lạt(kho mẵn),HAS_FIX,1 copy 11.json,49436
3353,Nươc măm gưng,nước mắm,fish sauce,Nước mắm gừng,high,,1,Cháo chân bò hầm đậu xanh,HAS_FIX,1 copy 11.json,49459
3354,cai chân bo,thịt bò,beef,Chân bò,high,Gõ lỗi 'cai chân bo',1,Cháo chân bò hầm đậu xanh,HAS_FIX,1 copy 11.json,49469
3355,cai xanh con non,cải bẹ xanh,mustard greens,Cải xanh non,high,,1,Canh cải xanh non nấu thịt bò,HAS_FIX,1 copy 11.json,49472
3356,bôt chiên xù,vụn bánh mì,breadcrumbs,Bột chiên xù,high,,1,Cà tím cuộn thịt heo xay và giò sống chiên xù,HAS_FIX,1 copy 11.json,49488
3357,muông canh tương hôt,nước tương,Soy sauce,Tương hột,high,,1,Đậu hủ kho tương hột (món chay),HAS_FIX,1 copy 11.json,49501
3358,muông canh đương,củ canh,root vegetable,Đường,high,,1,Đậu hủ kho tương hột (món chay),HAS_FIX,1 copy 11.json,49502
3359,nước hầm bê từ bước trên,nước,water,Nước hầm bê,high,,1,Món Pháp Blanquette De Veau - Thịt Bê Hầm Cà Rốt Nấm Phủ Sốt Bơ Trứng,HAS_FIX,1 copy 11.json,49513
3360,muông cafe muôi,gia vị,seasoning,Muối,high,,1,"Chè bắp,khoai môn,nấm tuyết và lá cẩm",HAS_FIX,1 copy 11.json,49519
3361,lardon cắt hạt lựu,trái lựu,pomegranate,Thịt ba chỉ muối,high,Lardon là thịt ba chỉ xông khói/muối cắt sợi/lựu,1,"Pizza Lardon, Nấm Mỡ Full 3 Loại Phô Mai",HAS_FIX,1 copy 11.json,49531
3362,sốt ớt ngọt Thái Lẻn,ớt,chili pepper,Sốt ớt ngọt,high,,1,Cá Thu Sốt Cay (dùng sốt ớt ngọt Thái),HAS_FIX,1 copy 11.json,49569
3363,hành hoa cắt,nước,water,Hành hoa,high,,1,Cá Thu Sốt Cay (dùng sốt ớt ngọt Thái),HAS_FIX,1 copy 11.json,49573
3364,ăn canh nhỏ Bột bắp,Bột (chung),flour,Bột bắp,high,,1,Bún Đậu Mắm Tôm Nhà Làm Siêu Dễ,HAS_FIX,1 copy 11.json,49587
3365,ăn canh nhỏ mắm tôm,tôm thẻ loại to,shrimp,Mắm tôm,high,,1,Bún Đậu Mắm Tôm Nhà Làm Siêu Dễ,HAS_FIX,1 copy 11.json,49588
3366,đầu cổ cánh chân gà,cánh gà,chicken wings,Xương gà,high,"Đầu, cổ, cánh, chân để hầm nước dùng",1,Cháo Gà Nấm Lộc Nhung,HAS_FIX,1 copy 11.json,49591
3367,phi lê cá chọn loại nào dễ dắt thành miếng mỏng và ít xương,lườn cá,fish fillet,Phi lê cá,high,,1,Canh Cá Dưa Chua Tứ Xuyên nhái Hảo La Má La,HAS_FIX,1 copy 11.json,49608
3368,khô cá sặc bạn có thể thay nguyên liệu này bằng các loại khô khác hoặc cá hấp giỏ cũng được,cá sặc,snakehead fish,Khô cá sặc,high,,1,"Cà Pháo, Cà Đắng Giã Cá Khô",HAS_FIX,1 copy 11.json,49622
3369,cắt lát t,lát,galangal,Ớt,medium,Dựa trên ngữ cảnh món hấp cuốn thường có ớt,1,Cá Nục Hấp Cuốn Rau Muống và Phở Sắn,HAS_FIX,1 copy 11.json,49630
3370,It muôi,gia vị,seasoning,Muối,high,,1,Cháo đậu đỏ ăn kèm cá nục kho,HAS_FIX,1 copy 11.json,49645
3371,Hanh phihanh láhanh toi băm nho,hành lá nhánh hành tỏi củ,aromatics mix,"Hành phi, hành lá, hành tỏi băm",high,,1,Cháo hàu sữa và mực tươi,HAS_FIX,1 copy 11.json,49653
3372,chen gao,chao,fermented tofu,Gạo,high,Chén gạo nấu cháo,1,Cháo đậu đỏ ăn kèm cá nục kho,HAS_FIX,1 copy 11.json,49654
3373,cu nghê tươi tuy thuôc vao thich ăn nghê nhiêuit,củ nghệ,turmeric root,Củ nghệ tươi,high,,1,Cá trê kho nghệ tươi,HAS_FIX,1 copy 11.json,49661
3374,Bôt ngotơt traihanh toi băm nhohanh látiêu,mỳ chính,MSG,Gia vị tổng hợp,high,"Gồm bột ngọt, ớt, hành tỏi, hành lá, tiêu",1,Cá trê kho nghệ tươi,HAS_FIX,1 copy 11.json,49662
3375,Hanh phidâu ăn,dầu ăn,Vegetable Oil,"Hành phi, dầu ăn",high,,1,Salad cá ngừ ngâm dầu,HAS_FIX,1 copy 11.json,49666
3376,Dâu ăndâu haobôt nêmđươngnươc tươngtiêu,nước tương,Soy sauce,Gia vị tổng hợp,high,"Gồm dầu ăn, dầu hào, hạt nêm, đường, nước tương, tiêu",1,🍀Rau Càng Cua Trộn Thịt Bò Miền Trung🍀,HAS_FIX,1 copy 11.json,49670
3377,Dâu ănđươnghat nêmnươc mămnươc mau,dầu ăn,Vegetable Oil,Gia vị tổng hợp,high,"Gồm dầu ăn, đường, hạt nêm, nước mắm, nước màu",1,Cá trê kho nghệ tươi,HAS_FIX,1 copy 11.json,49672
3378,chuôi chatchuôi hôt,chuối,banana,"Chuối chát, chuối hột",high,,1,Mực Hấp Chấm Mắm Gừng,HAS_FIX,1 copy 11.json,49749
3379,Tương đen,nước tương,Soy sauce,Tương đen,high,,1,Bò Bía Chay,HAS_FIX,1 copy 11.json,49805
3380,miêng ca khô bo ep,cá,fish,Khô cá bò,high,,1,Cá bò khô xốt me,HAS_FIX,1 copy 11.json,49815
3381,rau ngón biển,măng tây biển,samphire,Rau ngón biển,high,Măng tây biển,1,Mì Gói Xào Rau Ngón Biển & Gà Xé,HAS_FIX,1 copy 11.json,49821
3382,t tabaco,ớt xanh,green chili,Sốt Tabasco,high,,1,Mì Gói Xào Rau Ngón Biển & Gà Xé,HAS_FIX,1 copy 11.json,49824
3383,ậu Hà Lan hoặc đậu cove,đậu que,green beans,"Đậu Hà Lan, đậu que",high,,1,Cơm chiên rau củ “ngọc bích “ (ngày 8),HAS_FIX,1 copy 11.json,49877
3384,trứng gà thay bằng Ngô ngọt nếu bạn không ăn trứng,Trứng gà,Chicken Egg,Bắp ngọt,high,,1,Cơm chiên rau củ “ngọc bích “ (ngày 8),HAS_FIX,1 copy 11.json,49879
3385,Cải xanh xà lách húng quế diếp cá húng cay lá cóc quế vị lá lụa đinh lăng,cóc,ambarella fruit,Rau rừng tổng hợp,high,Danh sách các loại rau rừng ăn bánh xèo,1,Bánh Xèo Rau Rừng,HAS_FIX,1 copy 11.json,49889
3386,cá đục cá bống đục,cá bống,goby fish,Cá đục,high,,1,Cá Đục Chiên Giòn Chấm Mắm Ngò,HAS_FIX,1 copy 11.json,49894
3387,bò nằm,thịt bò,beef,Thịt bò băm,high,Lỗi gõ 'bò nằm' là bò băm,1,Mì Ý Dẹt Malfadine Sốt Bò Bằm Cà Chua Cà Rốt,HAS_FIX,1 copy 11.json,49902
3388,lá húng tây khô Basil,Mè (Vừng),sesame seeds,Lá húng tây khô,high,Basil là húng tây,1,Mì Ý Dẹt Malfadine Sốt Bò Bằm Cà Chua Cà Rốt,HAS_FIX,1 copy 11.json,49907
3389,Rau ăn kèm xà lách lá cóc diếp cá húng quế,cóc,ambarella fruit,Rau ăn kèm,high,"Gồm xà lách, lá cóc, diếp cá, húng quế",1,Cá Sơn Thóc Nướng Sả,HAS_FIX,1 copy 11.json,49911
3390,gừng hành khô tỏi khô,tỏi,garlic,"Gừng, hành tím, tỏi",high,,1,Bánh canh nấu nấm và mọc tôm,HAS_FIX,1 copy 11.json,49926
3391,Tăm,hành tăm (củ nén),shallot,Hành tăm,high,Tên gọi khác là củ nén,1,Trứng chiên thanh cua tình yêu,HAS_FIX,1 copy 11.json,49938
3392,ớt chuông không có thì bỏ qua,ớt,chili pepper,Ớt chuông,high,,1,Trứng chiên thanh cua tình yêu,HAS_FIX,1 copy 11.json,49942
3393,bơ nhỏ vừa chín,bơ,butter,Quả bơ,high,Quả bơ chín trong món salad,1,"Salad Nui Mafalda, Jambon Khô & Rau Quả",HAS_FIX,1 copy 11.json,49947
3394,trưng cut,trứng cút,quail eggs,Trứng cút,high,Gõ lỗi 'trưng cut',1,Bánh Canh Bột Mì Cá Lóc,HAS_FIX,1 copy 11.json,49953
3395,muông cafe dâu ăn,dầu ăn,Vegetable Oil,Dầu ăn,high,,1,Nấm rơm kho nước tương,HAS_FIX,1 copy 11.json,49956
3396,Nươc mămhat nêmđươngơt traihanh tím,nước mắm,fish sauce,Gia vị tổng hợp,high,"Gồm nước mắm, hạt nêm, đường, ớt, hành tím",1,Thịt ba chỉ kho củ nghệ và lá nghệ,HAS_FIX,1 copy 11.json,49960
3397,bột hạt thì là cumin,Bột (chung),flour,Bột thì là,high,Cumin là bột hạt thì là,1,Thuyền Taco Gà & Rau Quả,HAS_FIX,1 copy 11.json,49998
3398,rau củ,rau tạp,mixed greens,Rau củ,high,,1,Phở xào thịt bò chuẩn vị nhà hàng,HAS_FIX,1 copy 11.json,50019
3399,cải cúc cá nhân mình thấy không cần thiết lắm Có hay k cũng được,cần tây,celery,Cải cúc,high,,1,Canh chả cá Hàn Quốc - món nhậu quốc dân,HAS_FIX,1 copy 11.json,50033
3400,Gia vị thông thường,gia vị,seasoning,Gia vị,high,"Muối, đường, hạt nêm...",1,Bún Riêu Cua Bắp Bò,HAS_FIX,1 copy 11.json,50056
3401,ớt chuông baby màu cam,ớt,chili pepper,ớt chuông baby,high,,1,Salad ớt chuông rau mầm,HAS_FIX,1 copy 3.json,50068
3402,thịt bò bắp nạm gân,nạm bò,beef brisket,thịt bò,high,"Gồm cả bắp, nạm và gân bò",1,Bò Kho Xốt Vang,HAS_FIX,1 copy 3.json,50075
3403,gia vị bò kho xốt vang,thịt bò,beef,gia vị bò kho,high,,1,Bò Kho Xốt Vang,HAS_FIX,1 copy 3.json,50077
3404,lá quế khô,lá,leaves,lá quế khô,high,,1,Bò Kho Xốt Vang,HAS_FIX,1 copy 3.json,50079
3405,Hành lá quế ngò gai bánh mì,hành lá,green onion,rau ăn kèm bò kho,high,"Gồm hành, quế, ngò gai, bánh mì",1,Bò Kho Xốt Vang,HAS_FIX,1 copy 3.json,50085
3406,Nhân tôm thịt,tôm thẻ loại to,shrimp,nhân tôm thịt,high,,1,Há Cảo Nhân Tôm Thịt,HAS_FIX,1 copy 3.json,50100
3407,n kèm tương ớt nước tương chua ngọt,ớt,chili pepper,nước chấm,high,"Gồm tương ớt, nước tương",1,Há Cảo Nhân Tôm Thịt,HAS_FIX,1 copy 3.json,50107
3408,súp lơ trắng xanh đều được,bông cải,broccoli,,,,1,Sụn lợn xào thập cẩm,MISSING,MISSING,50149
3409,Gia vị dầu oliu mắm dầu hào,gia vị,seasoning,gia vị tổng hợp,high,"Gồm dầu oliu, mắm, dầu hào",1,Sụn lợn xào thập cẩm,HAS_FIX,1 copy 3.json,50152
3410,Mỡ heo cắt nhỏ,thịt heo,pork,mỡ heo,high,,1,Bò Lá Lốt - Ẩm thực Việt,HAS_FIX,1 copy 3.json,50155
3411,hành tây ớt chuông đủ màu cắt nhỏmàu sắc,ớt,chili pepper,hành tây và ớt chuông,high,,1,Đậu Phụ Tứ Xuyên Mapo Tofu 麻婆豆腐,HAS_FIX,1 copy 3.json,50173
3412,hành khô vài cái đầu hành,hành tây,onion,hành khô và đầu hành,high,,1,Canh Khổ Qua Dồn Thịt,HAS_FIX,1 copy 3.json,50176
3413,Bún thường ngoài chợ bán theo ký người tầm nửa ký là vừa còn bún khô thì vắt cho người,thì là,dill,bún,high,Bún tươi hoặc bún khô,1,Bún rau củ chay,HAS_FIX,1 copy 3.json,50185
3414,Hat nêmdâu ăndâu hao,dầu ăn,Vegetable Oil,gia vị xào,high,"Hạt nêm, dầu ăn, dầu hào",1,Cải thảo xào thịt bằm,HAS_FIX,1 copy 3.json,50203
3415,gừng miếng riềng củ hành khô củ tỏi,tỏi,garlic,gia vị kho cá,high,"Gừng, riềng, hành, tỏi",1,Cá nục kho cà chua,HAS_FIX,1 copy 3.json,50207
3416,ngỗ ngò om,ngò gai,culantro,ngò om,high,Ngỗ là cách gọi khác của ngò om,1,Canh Chua Đầu Cá Mú Đen,HAS_FIX,1 copy 3.json,50226
3417,nâm meo ngâm nơ rưa sach đê rao va căt nho,mỡ,lard,nấm mèo,high,Lỗi chính tả của nấm mèo,1,Hoành thánh tôm thịt sườn non,HAS_FIX,1 copy 3.json,50234
3418,Bi đo nâu chin nghiên nhuyên tao mau vang,dầu vừng,sesame oil,bí đỏ,high,Dùng bí đỏ tạo màu vàng,1,Bánh rau câu sinh nhật,HAS_FIX,1 copy 3.json,50265
3419,Ca hôicai chua tau hu kiđâu hủcon gi nâu đo nha,đồ chua,pickled vegetables,cá hồi và rau củ,medium,"Hỗn hợp cá hồi, cải chua, đậu hũ",1,"Cơm chiên cá hồi,trứng,cải chua,đậu hủ và tàu hủ ki",HAS_FIX,1 copy 3.json,50325
3420,ca chi vang va ca ngân,sả,lemongrass,cá chỉ vàng và cá ngân,high,,1,Cá chỉ vàng và cá ngân chiên giòn,HAS_FIX,1 copy 3.json,50362
3421,roast red posk,xá xíu,char siu,thịt xá xíu,high,Roast red pork là xá xíu,1,Thịt ba chỉ khìa,HAS_FIX,1 copy 3.json,50368
3422,tương ăn phở,tương ớt,chili sauce,tương đen ăn phở,high,Thường là tương đen,1,Thịt ba chỉ khìa,HAS_FIX,1 copy 3.json,50369
3423,trai ca chua,xốt cà chua,tomato sauce,cà chua,high,,1,Đậu hủ chiên xốt cà chua,HAS_FIX,1 copy 3.json,50387
3424,Dâu ănmuôibôt ngotbôt nghê,dầu ăn,Vegetable Oil,gia vị ướp cá,high,"Muối, bột ngọt, bột nghệ",1,Cá chỉ vàng muối sả và nghệ chiên,HAS_FIX,1 copy 3.json,50389
3425,nươc côt bi đo,bí đỏ,pumpkin,nước cốt bí đỏ,high,,1,Rau câu hoa hồng 2 lớp,HAS_FIX,1 copy 3.json,50420
3426,bac ha,bạc hà,mint,dọc mùng,high,Miền Nam gọi dọc mùng là bạc hà,1,Cá mú nấu canh chua,HAS_FIX,1 copy 3.json,50431
3427,nươc cafe,café,coffee,nước cà phê,high,,1,Rau câu hoa hồng 2 lớp,HAS_FIX,1 copy 3.json,50433
3428,t đỏkhô tươi,ớt sừng,red chili,ớt đỏ,high,,1,Ganjang Gejang- Cua ngâm tương,HAS_FIX,1 copy 3.json,50468
3429,Dâu ănnươc tươngtoi băm dâu haođươngtiêu,dầu ăn,Vegetable Oil,gia vị xào thịt bò,high,,1,Thịt bò xào hoa thiên lý,HAS_FIX,1 copy 3.json,50482
3430,bông so đũa,bông bí,pumpkin flower,bông so đũa,high,,1,Lẩu cá thác lác,HAS_FIX,1 copy 3.json,50546
3431,rau sông rau thơm rau diêp caxa lach,rau thơm,herbs,rau sống,high,Hỗn hợp nhiều loại rau sống,1,"Bánh xèo tôm thịt,nấm bào ngư ăn kèm rau cải xanh và rau sống",HAS_FIX,1 copy 3.json,50555
3432,toi và ơt băm,hành tỏi ớt,garlic chili mix,tỏi và ớt băm,high,,1,"Bánh xèo tôm thịt,nấm bào ngư ăn kèm rau cải xanh và rau sống",HAS_FIX,1 copy 3.json,50557
3433,tép gạo hoặc tôm rảo tằm,tôm thẻ loại to,shrimp,tép,high,,1,Gỏi xoài tôm (tép),HAS_FIX,1 copy 3.json,50578
3434,đâu đâu ngựđâu đo hat tođâu hai mau,đậu ngự,lima beans,các loại đậu hạt,high,"Đậu ngự, đậu đỏ",1,Sườn heo nấu đậu,HAS_FIX,1 copy 3.json,50589
3435,Hành phi vừa đủ,hành tím,shallot,hành phi,high,,1,"Cháo nấm chay thơm ngon, mát bổ (ngày 1)",HAS_FIX,1 copy 3.json,50692
3436,nước tương đậu nành,đậu nành,soybeans,nước tương,high,,1,SP.0845 - Bò Xào Ngũ Sắc,HAS_FIX,1 copy 3.json,50703
3437,cà chua củ xả miếng riềng quả dứa,cà chua,tomato,nguyên liệu nấu lẩu,high,"Cà chua, sả, riềng, dứa",1,Lẩu cá tầm,HAS_FIX,1 copy 3.json,50709
3438,Lá ngò tây persil,lá,leaves,ngò tây,high,,1,🌱 Mì Ý Dẹp Capellini Xào Nấm Mỡ & Lá Súp Lơ Trắng (Vegan),HAS_FIX,1 copy 3.json,50721
3439,trắng,cơm,cooked rice,cơm trắng,high,Dựa trên tên món ăn,1,Cơm heo quay rim nước mắm,HAS_FIX,1 copy 3.json,50726
3440,toiơt,hành tỏi ớt,garlic chili mix,tỏi ớt,high,,1,Cá cờ chiên chấm nước mắm tỏi ớt,HAS_FIX,1 copy 3.json,50733
3441,Hành tím hành lá,hành lá,green onion,hành tím và hành lá,high,,1,Bún riêu cua tóp mỡ,HAS_FIX,1 copy 3.json,50751
3442,Món dùng kèm,rau sống,fresh herbs,đồ ăn kèm,low,Quá mơ hồ,1,Cơm heo quay rim nước mắm,HAS_FIX,1 copy 3.json,50754
3443,muông canh Nươc măm,nước mắm,fish sauce,nước mắm,high,,1,Cá cờ chiên chấm nước mắm tỏi ớt,HAS_FIX,1 copy 3.json,50759
3444,muông canh đương,đường,sugar,đường,high,,1,Cá cờ chiên chấm nước mắm tỏi ớt,HAS_FIX,1 copy 3.json,50760
3445,mực ống nhỏ mực sữa,sữa,milk,mực sữa,high,,1,Mực ống (mực sữa) xào cần tỏi,HAS_FIX,1 copy 3.json,50764
3446,thịt ba chỉ hoặc vai giòn luộc chín,thịt nạc dăm,pork shoulder,thịt heo luộc,high,Ba chỉ hoặc vai giòn,1,Gỏi đu đủ tôm chua Huế,HAS_FIX,1 copy 3.json,50772
3447,Tôm băm rối,tôm thẻ loại to,shrimp,tôm băm,high,,1,Canh bí ngòi tôm thịt - Hủ tiếu bí ngòi tôm thịt,HAS_FIX,1 copy 3.json,50791
3448,lá Ngò gai,lá,leaves,ngò gai,high,,1,Lẩu Đầu Cá Bớp Măng Chua,HAS_FIX,1 copy 3.json,50804
3449,dầu dừa hữu cơ,dầu ăn,Vegetable Oil,dầu dừa,high,,1,Thịt heo bằm chưng mắm tôm sả riềng ớt,HAS_FIX,1 copy 3.json,50811
3450,mỗi loại ớt chuông màu xanh đỏ vàng,ớt,chili pepper,ớt chuông,high,Đủ các màu xanh đỏ vàng,1,Thịt Bò Ớt Chuông Xiên Que Nướng NCKD,HAS_FIX,1 copy 3.json,50827
3451,lá cải diếp xà lách romaine,lá,leaves,xà lách romaine,high,,1,Salad Rau Diếp Cà Chua & Thịt Ba Rọi Rang Cháy Cạnh,HAS_FIX,1 copy 3.json,50837
3452,Sốt Ssamjang Hàn Quốc người,sốt,sauce,sốt Ssamjang,high,,1,Rau Diếp Cuốn Phi Lê Bò Áp Chảo & Kim Chi Chấm Sốt Ssamjang Hàn Quốc,HAS_FIX,1 copy 3.json,50843
3453,lá rau diếp non,rau xà lách,lettuce,rau diếp,high,,1,"Bún Trộn Thịt Ba Chỉ Nướng, Kim Chi & Rau Diếp Non Sốt Ssamjang",HAS_FIX,1 copy 3.json,50855
3454,vung sốt Ssamjang Hàn chấm thịt nướng link kèm bên dưới,sốt,sauce,sốt Ssamjang,high,,1,"Bún Trộn Thịt Ba Chỉ Nướng, Kim Chi & Rau Diếp Non Sốt Ssamjang",HAS_FIX,1 copy 3.json,50858
3455,súp lơ cắt miếng vừa ăn,bông cải,broccoli,súp lơ,high,,1,Nui Xào Tôm Súp Lơ,HAS_FIX,1 copy 3.json,50864
3456,lá rau diếp xoăn đỏ,lá,leaves,rau diếp xoăn đỏ,high,,1,Salad Cá Trích Xông Khói,HAS_FIX,1 copy 3.json,50870
3457,Phần sốt trộn,sốt,sauce,sốt trộn salad,high,,1,Salad Cá Trích Xông Khói,HAS_FIX,1 copy 3.json,50874
3458,rau spinach rau dền mồng tơi,cải bó xôi,spinach,rau xanh,high,"Spinach, rau dền, mồng tơi",1,Salad mix rau củ,HAS_FIX,1 copy 3.json,50901
3459,Trang trí thêm nếu muốn strawberry và blackberry snacks,dâu tây,strawberry,dâu tây và dâu tằm,high,Blackberry là dâu tằm/mâm xôi đen,1,Salad mix rau củ,HAS_FIX,1 copy 3.json,50908
3460,Hành Khô củ,Hành,Scallion,hành khô,high,,1,Thịt Heo Bọc Sả,HAS_FIX,1 copy 3.json,50911
3461,Rau nêm Húng quế hoặc rau mùi ngò gai ngò rí,rau ngò rí,coriander leaves,rau thơm nêm canh,high,"Húng quế, mùi, ngò gai",1,Canh măng củ muối nấu nấm,HAS_FIX,1 copy 3.json,50932
3462,cà chua beef,thịt bò,beef,cà chua beef,high,Đây là một giống cà chua,1,Bánh Xèo Nấm,HAS_FIX,1 copy 3.json,50940
3463,Rượu mai quế lộ,rượu,cooking wine,rượu mai quế lộ,high,,1,Giò Heo Hầm Tóc Tiên,HAS_FIX,1 copy 3.json,50952
3464,cá cơ căt lat,cá cờ,marlin,cá cờ,high,,1,Canh chua cá cờ,HAS_FIX,1 copy 3.json,50956
3465,lá chua dâm but,lá,leaves,lá chua dâm bụt,high,,1,Canh chua cá cờ,HAS_FIX,1 copy 3.json,50958
3466,bột curry sốt truyền thống ức,Bột (chung),flour,bột cà ri,high,,1,[Grill idea] Bí ngòi cuộn thịt,HAS_FIX,1 copy 3.json,50982
3467,lá thơm khô provence,lá,leaves,lá thơm Provence,high,Hỗn hợp thảo mộc khô Ý/Pháp,1,Tabouleh Couscous Rau Củ,HAS_FIX,1 copy 3.json,50985
3468,vừng rang hoặc lạc rang,đậu phộng,peanut,vừng hoặc lạc rang,high,,1,Salad rau xà lách và các loại rau thơm,HAS_FIX,1 copy 3.json,51022
3469,rau Húng Quế,quế,Cinnamon,rau húng quế,high,,1,Thịt Heo Xào Húng Quế,HAS_FIX,1 copy 3.json,51026
3470,gạo Nhật đã nấu chín,gạo,rice,cơm gạo Nhật,high,,1,Poke Bowl Cá Hồi & Xoài Sốt Tương Gochujang,HAS_FIX,1 copy 3.json,51032
3471,dầu hạt lanh hoặc dầu olive dầu óc chó dầu mè rang,ô liu,olive,dầu hạt,high,"Hạt lanh, óc chó, mè hoặc olive",1,Poke Bowl Cá Hồi & Xoài Sốt Tương Gochujang,HAS_FIX,1 copy 3.json,51040
3472,Nước tương nấu canh HQ,nước,water,nước tương Hàn Quốc,high,,1,고추참치 순두부찌개- Canh đậu hũ non cá ngừ cay,HAS_FIX,1 copy 3.json,51044
3473,nước tương Hàn Quốc,nước,water,nước tương Hàn Quốc,high,,1,제육볶음 Thịt xào cay kiểu Hàn,HAS_FIX,1 copy 3.json,51054
3474,tương ớt HQ,ớt,chili pepper,tương ớt Hàn Quốc,high,,1,제육볶음 Thịt xào cay kiểu Hàn,HAS_FIX,1 copy 3.json,51055
3475,thịt băm chay nhiều ít tuỳ mình,chay,vegetarian,thịt băm chay,high,,1,Thịt Bằm Chay Thailand (Lạp Thái),HAS_FIX,1 copy 3.json,51065
3476,rau húng quế bắt buộc phải có để tạo ra hương vị món này,quế,Cinnamon,rau húng quế,high,,1,Thịt Bằm Chay Thailand (Lạp Thái),HAS_FIX,1 copy 3.json,51066
3477,siro dâu tằm,siro,syrup,si rô dâu tằm,high,,1,Nước gạo lứt đỏ và thạch rau câu dâu tằm,HAS_FIX,1 copy 3.json,51088
3478,mẻ,nước mẻ,fermented rice sauce,mẻ,high,,1,"Đầu, đuôi cá lăng nấu canh chua",HAS_FIX,1 copy 3.json,51099
3479,thịt ba chỉ nạc vai thịt mông đều được nha có mỡ xíu xào sẽ ngon hơn,thịt nạc dăm,pork shoulder,thịt heo,high,"Ba chỉ, nạc vai hoặc mông",1,Thịt lợn xào kim chi chua ngọt,HAS_FIX,1 copy 3.json,51105
3480,Hoa giây hoa đâu biêc và hoa xuyên chi theo ý thich,nước,water,hoa trang trí,high,"Hoa giấy, đậu biếc, xuyên chi",1,Phở Cuốn Bò Xào,HAS_FIX,1 copy 3.json,51118
3481,nhỏ ngò Tây,hành ngò,scallion cilantro,ngò tây,high,,1,Tabouleh Couscous Rau Củ,HAS_FIX,1 copy 3.json,51124
3482,cây hung lui,húng láng,spearmint,húng lủi,high,,1,Phở Cuốn Bò Xào,HAS_FIX,1 copy 3.json,51133
3483,Nước tương dầu hào không có không dùng dầu hào cũng được,nước dùng,broth,gia vị nước tương dầu hào,high,,1,Nấm đùi gà xào bơ tỏi,HAS_FIX,1 copy 3.json,51138
3484,Nước xương hầm nước luộc gà,xương gà,chicken bones,nước dùng,high,Nước xương hầm hoặc luộc gà,1,Súp tôm ngô ngọt,HAS_FIX,1 copy 3.json,51143
3485,poro hành tím tỏi băm,tỏi,garlic,"hành boaro, hành tím, tỏi",high,Poro là hành boaro,1,Bún Chả Cá Chay Đơn Giản,HAS_FIX,1 copy 3.json,51152
3486,Rau thơm húng quế rau răm hành ngò,rau răm,vietnamese coriander,rau thơm các loại,high,,1,Bún Chả Cá Nha Trang,HAS_FIX,1 copy 3.json,51160
3487,tỏi ớt băm nhuyễn,ớt,chili pepper,tỏi ớt băm,high,,1,SP.0913 - Phở Thịt Luộc Mắm Nêm,HAS_FIX,1 copy 3.json,51167
3488,cá gáy cá chép biển,cá chép,carp,cá gáy,high,Cá gáy là cá chép biển,1,Cá Gáy (Cá Chép Biển) Nướng Sả,HAS_FIX,1 copy 3.json,51169
3489,hạnh nhân bột hoặc hạnh nhân bào lát,Bột (chung),flour,hạnh nhân,high,,1,SALAD bông cải xanh- thịt xông khói,HAS_FIX,1 copy 3.json,51194
3490,Nước hầm xương gà,xương gà,chicken bones,nước dùng gà,high,,1,Súp Bắp Cua,HAS_FIX,1 copy 3.json,51230
3491,Sốt thìa canh nước cốt tắc củ hành củ tỏi thìa canh mắm thìa canh mật mía,tỏi,garlic,hỗn hợp nước sốt,high,"Tắc, hành, tỏi, mắm, mật mía",1,Thịt heo sốt sả tắc,HAS_FIX,1 copy 3.json,51256
3492,rau củ cắt hạt lựu bắp cà rốt đậu que đậu hoà lan hành tây,đậu que,green beans,rau củ hỗn hợp,high,"Bắp, cà rốt, đậu que, đậu lan",1,Katsu Curry - Cơm Cà Ri Thịt Chiên Xù Nhật Bản,HAS_FIX,1 copy 3.json,51301
3493,Sốt cà ri nhật,sốt,sauce,sốt cà ri Nhật,high,,1,Katsu Curry - Cơm Cà Ri Thịt Chiên Xù Nhật Bản,HAS_FIX,1 copy 3.json,51303
3494,bột gia vị taco,Bột (chung),flour,bột gia vị taco,high,,1,💚 Cơm Taco Okinawa Chay Với Đậu Hủ (Vegan),HAS_FIX,1 copy 3.json,51315
3495,mứt mơ,mơ,apricot,mứt mơ,high,,1,💚 Cơm Taco Okinawa Chay Với Đậu Hủ (Vegan),HAS_FIX,1 copy 3.json,51321
3496,hành tây hành lá tỏi,hành tỏi,garlic and onion,"hành tây, hành lá, tỏi",high,,1,Cà tím bung với cá bông lau,HAS_FIX,1 copy 3.json,51331
3497,Hành tây hành lá rau răm,hành lá,green onion,"hành tây, hành lá, rau răm",high,,1,Mì Quảng gà cá tôm,HAS_FIX,1 copy 3.json,51345
3498,mắm tôm,mắm ruốc,shrimp paste,mắm tôm,high,,1,Thịt bắp giò (đùi heo) nấu giả cầy,HAS_FIX,1 copy 3.json,51349
3499,riềng sả xay,sả,lemongrass,riềng và sả,high,,1,Thịt bắp giò (đùi heo) nấu giả cầy,HAS_FIX,1 copy 3.json,51350
3500,scallops sò điệp,sò,clam,sò điệp,high,,1,"Wonton, seafood noodles, crispy chicken (hoành thánh, mì hải sản, gà giòn)",HAS_FIX,1 copy 3.json,51361
3501,ground pork thịt heo xay,thịt heo,pork,Thịt heo xay,high,,1,"Wonton, seafood noodles, crispy chicken (hoành thánh, mì hải sản, gà giòn)",HAS_FIX,1 copy 34.json,51363
3502,peanut butter bơ đậu phộng,đậu phộng,peanut,Bơ đậu phộng,high,,1,"Wonton, seafood noodles, crispy chicken (hoành thánh, mì hải sản, gà giòn)",HAS_FIX,1 copy 34.json,51367
3503,salami hoặc thay bằng thịt prosciutto,thịt nguội,ham,Salami hoặc thịt Prosciutto,high,,1,"Salad rau rocket, salami, táo, lê và Burrata",HAS_FIX,1 copy 34.json,51369
3504,phô mai Burrata tươi,phô mai,cheese,Phô mai Burrata,high,,1,"Salad rau rocket, salami, táo, lê và Burrata",HAS_FIX,1 copy 34.json,51370
3505,lê hoặc táo hoa quả biến tấu theo sở thích ưu tiên chọn quả có vị không quá ngọt như vải nhãn mít sầu riêng Mình hay dùng lê táo nho và quả bơ cho các loại salad,salad,salad,Hoa quả tươi,high,"Lê, táo, nho, bơ...",1,"Salad rau rocket, salami, táo, lê và Burrata",HAS_FIX,1 copy 34.json,51371
3506,bột cần tây không bắt buộc có để làm cá không còn mùi tanh,Bột (chung),flour,Bột cần tây,high,,1,Cá chiên popcorn,HAS_FIX,1 copy 34.json,51390
3507,lá rau mồng tơi hoặc chân vịt lá dứa,dứa,pineapple,Rau mồng tơi hoặc rau chân vịt,high,Lỗi mapping sang lá dứa,1,Cháo lá dứa thịt băm phi thơm,HAS_FIX,1 copy 34.json,51398
3508,cắt khúc Măng tây trắng,măng,bamboo shoots,Măng tây trắng,high,,1,Súp Bong Bóng Cá Măng Tây,HAS_FIX,1 copy 34.json,51409
3509,lá oreganonếu có,lá,leaves,Lá Oregano,high,,1,Cá chiên hoa cúc ngũ vị hương,HAS_FIX,1 copy 34.json,51421
3510,bột nhục đậu khấu,Bột (chung),flour,Bột nhục đậu khấu,high,,1,Quiche Boa Rô & Thịt Cua Nhện,HAS_FIX,1 copy 34.json,51432
3511,sốt chanh dây chanh leo,chanh,lime,Sốt chanh dây,high,,1,SALAD rau mầm với trứng,HAS_FIX,1 copy 34.json,51439
3512,củ hoặc poro nhánh Hành tím,hành tím,shallot,Hành tím hoặc hành boa rô,high,,1,Cải Rổ Xào Nấm Mèo Chay,HAS_FIX,1 copy 34.json,51442
3513,hòa tan với ml nước Bột bắp,Bột (chung),flour,Bột bắp,high,,1,Súp Sò Điệp Bong Bóng Cá,HAS_FIX,1 copy 34.json,51454
3514,hắc xì dầukhông có thì cho nhiều nước tương chút là được,thì là,dill,Hắc xì dầu,high,,1,Mỳ xào thịt xay,HAS_FIX,1 copy 34.json,51512
3515,Bông lơ xanh,bông cải,broccoli,Bông cải xanh,high,Bông lơ xanh là bông cải xanh,1,Hải Sản Nướng - Grilled SeaFood Plate 🦞 🐠 🦑 🦐,HAS_FIX,1 copy 34.json,51572
3516,Bắp bao tử,bắp ngọt,sweet corn,Bắp bao tử,high,,1,Hải Sản Nướng - Grilled SeaFood Plate 🦞 🐠 🦑 🦐,HAS_FIX,1 copy 34.json,51573
3517,Rau sống rau thơm kinh giới ngò diếp cá,kinh giới,vietnamese balm,"Rau sống, rau thơm",high,,1,Tôm Chiên Khoai Môn,HAS_FIX,1 copy 34.json,51612
3518,nacho chips,bánh,cake,Bánh Nachos,high,,1,Nacho Heo Xé & Dứa Chua Ngọt - Pulled Pork & Caramelized Pineapple Nachos,HAS_FIX,1 copy 34.json,51621
3519,t trái khô,ớt,chili pepper,Ớt khô,high,Lỗi viết tắt 't trái khô',1,Cá kho keo,HAS_FIX,1 copy 34.json,51625
3520,GIA V TIU NG MM MUI BT NGT,gia vị,seasoning,Gia vị,high,"Tiêu, đường, mắm, muối, bột ngọt",1,Trứng chiên thịt băm,HAS_FIX,1 copy 34.json,51627
3521,Hanh laơt traitiêu,gia vị,seasoning,Gia vị,high,"Hành lá, ớt, tiêu",1,Bánh canh giò heo và giò sống,HAS_FIX,1 copy 34.json,51663
3522,nguyên liệu nhúng lẩu,thịt,meat,Nguyên liệu nhúng lẩu,high,,1,Lẩu Hải Sản,HAS_FIX,1 copy 34.json,51709
3523,t traiơt bôt,bột ớt,chili powder,"Ớt trái, bột ớt",high,,1,Canh chua cá linh bông điên điển,HAS_FIX,1 copy 34.json,51793
3524,Rau xanh,cải,mustard greens,Rau xanh,high,,1,Miến canh dừa rau củ chay (Lẩu sen dừa chay),HAS_FIX,1 copy 34.json,51813
3525,Tương ơt va sôt mayonnais,tương ớt,chili sauce,Tương ớt và sốt Mayonnaise,high,,1,Khô cá bò ép miếng nướng nồi chiên không dầu,HAS_FIX,1 copy 34.json,51864
3526,rau susu,su su,chayote,Ngọn su su,high,Rau susu là ngọn su su,1,Lẩu mực 🦑 nước dừa,HAS_FIX,1 copy 34.json,51865
3527,Húng Lủi,húng láng,spearmint,Rau húng lủi,high,,1,Cơm Chiên Rau Xanh,HAS_FIX,1 copy 34.json,51896
3528,Hành khô hành tươi,hành lá,green onion,"Hành khô, hành lá",high,Hành tươi là hành lá,1,Đậu phụ non sốt thịt băm rang,HAS_FIX,1 copy 34.json,51923
3529,Dâu haodâu điêuhat nêmnươc mămđươngbôt ngottiêu,gia vị,seasoning,Gia vị,high,"Dầu hào, điều, mắm, tiêu...",1,Thịt băm rang sả,HAS_FIX,1 copy 34.json,51925
3530,rau ăn kèm các loại,lá lốt,betel leaves,Rau ăn kèm,high,,1,Cá Saba sốt Thái,HAS_FIX,1 copy 34.json,51930
3531,Dầu nên chọn dầu oliu,dầu bơ,Avocado oil,Dầu ô liu,high,,1,Cá hồi sốt chanh dừa,HAS_FIX,1 copy 34.json,52057
3532,Mỳ lấy lượng vừa ăn,nui,pasta,Mì Ý,high,,1,Mỳ Ý Hải sản sốt cà chua,HAS_FIX,1 copy 34.json,52066
3533,t tươi,mồng tơi,malabar spinach,Ớt tươi,high,Lỗi viết tắt 't tươi',1,🌱 Bún Bò Huế Chay Nấu Nhanh Với Viên Súp,HAS_FIX,1 copy 34.json,52119
3534,Bột sumac,Bột (chung),flour,Bột Sumac,high,,1,"Salad Xoài, Cà Chua & Thanh Cua",HAS_FIX,1 copy 34.json,52138
3535,ST CHOLIMEX musthave,sốt,sauce,Sốt Cholimex,high,,1,Thịt mè xiên que nướng NCKD,HAS_FIX,1 copy 34.json,52147
3536,Các loại rau ăn kèm,lá lốt,betel leaves,Rau ăn kèm,high,,1,Lẩu Bò Thuốc Bắc Ngày Mưa 🌧,HAS_FIX,1 copy 34.json,52166
3537,nguội để tủ lạnh qua đêm,thịt nguội,ham,Cơm nguội,high,Cơm để qua đêm,1,"Cơm rang trứng Dương Châu | nhiều rau củ, tốt cho sức khỏe",HAS_FIX,1 copy 34.json,52222
3538,u đủ chín ướp đá,đu đủ,papaya,Đu đủ chín,high,Lỗi chính tả 'u đủ',1,Cơm thịt nướng vui nhộn,HAS_FIX,1 copy 34.json,52268
3539,Rau thì nhà có j thì mình luộc ăn thêm á,rau tạp,mixed greens,Rau luộc,high,,1,Bánh đa gạo lứt nấu đậu hũ non,HAS_FIX,1 copy 34.json,52272
3540,Muôi,gia vị,seasoning,Muối,high,,1,Cá trích chiên giòn,HAS_FIX,1 copy 34.json,52277
3541,gio sông,giò,pork sausage,Giò sống,high,,1,Giò sống trộn nấm hương chiên,HAS_FIX,1 copy 34.json,52279
3542,Dâu ănhat nêmđươngtiêu,gia vị,seasoning,Gia vị,high,"Dầu ăn, hạt nêm, đường, tiêu",1,Giò sống trộn nấm hương chiên,HAS_FIX,1 copy 34.json,52280
3543,nụ hoa mươp,nước,water,Nụ hoa mướp,high,,1,Nụ hoa mướp xào thịt heo và nấm bào ngư,HAS_FIX,1 copy 34.json,52286
3544,ruốc khô hoặc tươi,tép,small shrimp,Ruốc (tép),high,Ruốc khô hoặc tươi,1,Rau càng cua trộn ruốc xào & trứng luộc,HAS_FIX,1 copy 34.json,52373
3545,Màu xanh,đậu xanh,mung beans,Màu thực phẩm xanh,high,Dùng cho bánh da lợn,1,Bánh da lợn cốm xanh,HAS_FIX,1 copy 34.json,52378
3546,t tươi,bột tỏi,garlic powder,Tỏi tươi,high,Lỗi viết tắt 't tươi',1,🌱 Bún Nấm Hương Chay (Vegan),HAS_FIX,1 copy 34.json,52380
3547,bột chiên gà,Bột (chung),flour,Bột chiên gà,high,,1,Tôm hùm (Lobster) tẩm bột chiên sốt nấm,HAS_FIX,1 copy 34.json,52396
3548,Hành xắt nhỏ,hành lá,green onion,Hành lá,high,Hành xắt nhỏ trong món hấp,1,Bí đỏ non hấp nhồi thịt,HAS_FIX,1 copy 34.json,52418
3549,tàu hu mêm,đậu hũ,tofu,Đậu hũ non,high,Tàu hũ mềm là đậu hũ non,1,Canh chay rong biển đậu hủ nấm kim châm,HAS_FIX,1 copy 34.json,52419
3550,mọc sống,giò,pork sausage,Mọc sống,high,,1,Bún ốc bò,HAS_FIX,1 copy 34.json,52425
3551,mọc tôm,tôm thẻ loại to,shrimp,Mọc tôm,high,,1,Canh bí đỏ nấu mọc tôm thịt,HAS_FIX,1 copy 34.json,52523
3552,mọc thịt mình thường mua thịt xay trộn gia vị và mộc nhĩ nấm hương viên sẵn để ngăn đá để tiện nấu,nấm,mushroom,Mọc thịt,high,,1,Mì nấu mọc thịt,HAS_FIX,1 copy 34.json,52527
3553,phô mai parmesan bột,Bột (chung),flour,Phô mai Parmesan bột,high,,1,Mì Ý Tôm Phô Mai Bỏ Lò,HAS_FIX,1 copy 34.json,52535
3554,t đen ăn phở,tương ớt,chili sauce,Tương đen,high,Lỗi viết tắt 't đen',1,🌱 Phở Chay Nấm Đậu Phụ (Vegan),HAS_FIX,1 copy 34.json,52552
3555,Tương bần,nước mắm,fish sauce,Tương bần,high,,1,Cá diếc kho tương,HAS_FIX,1 copy 34.json,52554
3556,đầu hành bằm,nấm mèo,wood ear mushroom,Đầu hành,high,,1,Cá bống biển kho keo,HAS_FIX,1 copy 34.json,52559
3557,Hành phi mua sẵn,hành lá,green onion,Hành phi,high,,1,Bánh canh chả cá phiên bản lười,HAS_FIX,1 copy 34.json,52561
3558,thìa là hành dăm,hành lá,green onion,Rau thơm,high,"Thì là, hành, rau răm",1,Canh riêu cá nấu măng chua,HAS_FIX,1 copy 34.json,52588
3559,ngò ôm,rau ngò rí,coriander leaves,Rau ngò ôm,high,,1,Canh tôm bông so đũa,HAS_FIX,1 copy 34.json,52592
3560,đui ga khoang gr gr,đùi gà,chicken drumstick,Đùi gà,high,,1,"Đùi gà nướng nồi chiên không dầu gồm má và đùi gà (da gà,thịt gà và xương gà)",HAS_FIX,1 copy 34.json,52626
3561,Giềng Xả t,sả ớt tỏi hành tím,aromatics mix,Gia vị,high,"Riềng, sả, ớt",1,Cá kho chuối xanh,HAS_FIX,1 copy 34.json,52639
3562,Nghệ tươi giã nhỏ hoặc bột nghệ,Bột (chung),flour,Nghệ tươi hoặc bột nghệ,high,,1,Đậu hũ Nhật xào lá lốt,HAS_FIX,1 copy 34.json,52675
3563,hoa atiso,nước,water,Hoa Atiso,high,,1,Hoa Atiso Hầm Đuôi Heo,HAS_FIX,1 copy 34.json,52770
3564,Muốicà phê,gia vị,seasoning,Muối,high,,1,Canh bầu nấu thịt,HAS_FIX,1 copy 34.json,52785
3565,bồng khoai đã tước vỏ,ngó khoai,taro stems,Bồng khoai,high,Thân ngó khoai,1,Canh bồng khoai nấu thịt,HAS_FIX,1 copy 34.json,52805
3566,Rem cuốnmua loại rem màu vàng chiên lên giòn ngon cực,vỏ bánh,dough wrapper,Vỏ nem (Ram) vàng,high,,1,Nem thịt dọn tủ,HAS_FIX,1 copy 34.json,52826
3567,Tỏi ớt gừng riềng chanh xả,ớt,chili pepper,Gia vị thơm,high,"Tỏi, ớt, gừng, riềng, chanh, sả",1,Mực thái,HAS_FIX,1 copy 34.json,52847
3568,mỳ ăn liền,mỳ hải sản,instant noodles,Mì ăn liền,high,,1,Mỳ trộn tôm thịt sốt cà,HAS_FIX,1 copy 34.json,52863
3569,lá cải xanh,cải bẹ xanh,mustard greens,Lá cải xanh,high,,1,Cải xanh cuộn thịt bò,HAS_FIX,1 copy 34.json,52876
3570,nhỏ măng tây hoang dã,măng,bamboo shoots,Măng tây rừng,high,,1,"Salad Tôm, Xoài Chín, Su Hào & Măng Tây Rừng Sốt Sữa Chua",HAS_FIX,1 copy 34.json,52884
3571,lá húng quế tây khô dried basil tuỳ ý,Mè (Vừng),sesame seeds,Lá húng tây khô (Basil),high,,1,Cá diêu hồng sốt cà,HAS_FIX,1 copy 34.json,52893
3572,hộp cream cheese mình dùng loại này rất ngon vì nó có vị tỏi trong đó cực hợp với món này,kem,cream,Phô mai kem (Cream cheese),high,,1,Pasta Phô Mai Kem Và Cá Ngừ,HAS_FIX,1 copy 34.json,52908
3573,mẻ chén ăn cơm,cơm,cooked rice,Mẻ,high,,1,Bò nhúng mẻ,HAS_FIX,1 copy 34.json,52910
3574,lá mùi tây khô,lá,leaves,Lá mùi tây khô,high,,1,Pizza thịt băm xúc xích ngô ngọt,HAS_FIX,1 copy 34.json,52947
3575,ức gà phi lê ka,lê,pear,Phi lê ức gà,high,,1,Mì gà trộn cay cùng với bắp cải và nấm,HAS_FIX,1 copy 34.json,52956
3576,tép hoặc tôm,tôm thẻ loại to,shrimp,Tép hoặc tôm,high,,1,Nộm tép (hoặc tôm),HAS_FIX,1 copy 34.json,53023
3577,rau thơm rau mùi tàu húng chó húng mèo rau ngổ,rau om,rice paddy herb,Rau thơm các loại,high,"Ngò gai, húng chó, ngổ...",1,Nộm tép (hoặc tôm),HAS_FIX,1 copy 34.json,53029
3578,rau bò khai đã nhặt sạch,thịt bò,beef,Rau bò khai,high,,1,Rau bò khai xào thịt băm,HAS_FIX,1 copy 34.json,53036
3579,nước luộc rau củ thịt tuỳ thích,nước,water,Nước dùng,high,Nước luộc rau củ thịt,1,Pasta sốt bí đỏ & cá hồi,HAS_FIX,1 copy 34.json,53080
3580,t chin su,su su,chayote,Tương ớt Chinsu,high,Lỗi viết tắt 't chin su',1,Ba chỉ sốt tắc (heo),HAS_FIX,1 copy 34.json,53083
3581,Húng quế húng lủi rau mùi,rau mùi,coriander leaves,Rau thơm,high,"Húng quế, húng lủi, ngò",1,"Gỏi rau, củ, quả và rong biển",HAS_FIX,1 copy 34.json,53091
3582,quả chay to,chay,vegetarian,Quả chay,high,,1,Cá nhâm dim chay,HAS_FIX,1 copy 34.json,53105
3583,mắmcá nhạt lên cần mắm đậm không cần,cần tây,celery,Nước mắm,high,Lỗi mapping sang cần tây,1,Cá nhâm dim chay,HAS_FIX,1 copy 34.json,53106
3584,rau muống vài cọng rau ngổ ngò,rau om,rice paddy herb,"Rau muống, rau ngổ, ngò",high,,1,Rau muống xào tóp mỡ,HAS_FIX,1 copy 34.json,53126
3585,rau thơm các loại Tía tô Kinh giới Húng quế Húng cây Diếp cá,kinh giới,vietnamese balm,Rau thơm các loại,high,,1,Mắm Cá Thu Muối Vùi Chưng Thịt Băm,HAS_FIX,1 copy 34.json,53149
3586,ớt chuông xanh đỏ,ớt,chili pepper,Ớt chuông,high,,1,Rau củ xào chay,HAS_FIX,1 copy 34.json,53188
3587,lá thơm provence,lá,leaves,Lá thơm Provence,high,,1,Mì Ý Bí Ngòi Tôm Phô Mai,HAS_FIX,1 copy 34.json,53203
3588,Mỗi thứ ít nấm đông cô kim châm nấm mèo kỷ tử,nấm hương,shiitake mushroom,Nấm và thảo mộc,high,"Đông cô, kim châm, kỷ tử",1,Cá Hồng hấp sen,HAS_FIX,1 copy 34.json,53211
3589,dưa hâu khoang kg,dưa,pickles,Dưa hấu,high,,1,Rau Câu Dưa Hấu,HAS_FIX,1 copy 34.json,53218
3590,nấm tiểu yến Hàn Quốc,nấm,mushroom,Nấm tiểu yến,high,,1,Mì Nấm Chay,HAS_FIX,1 copy 34.json,53240
3591,đậu bi chiên,đậu hũ,tofu,Đậu bi chiên,high,Loại đậu phụ viên nhỏ,1,Mì Nấm Chay,HAS_FIX,1 copy 34.json,53241
3592,Vài trái quất nên mua nhiều chút,tắc,kumquat,Quả quất (tắc),high,,1,Ba chỉ sốt tắc (heo),HAS_FIX,1 copy 34.json,53249
3593,rau diếp cỡ nhỏ,cải diếp,lettuce,Rau diếp,high,,1,Phở khô trộn nấm đông cô (món chay),HAS_FIX,1 copy 34.json,53253
3594,dưa chuột thái sợi,dưa,pickles,Dưa leo (dưa chuột),high,,1,Mì lạnh ăn kèm thịt nướng sốt bulgogi,HAS_FIX,1 copy 34.json,53276
3595,cá phèn hồng khô,cá hồng,snapper,Cá phèn hồng khô,high,,1,"Salad xoài, lựu và cá khô",HAS_FIX,1 copy 34.json,53289
3596,lựu,trái lựu,pomegranate,Quả lựu,high,,1,"Salad xoài, lựu và cá khô",HAS_FIX,1 copy 34.json,53290
3597,Nhân nhồi mực,mực,squid,"Nhân nhồi (thịt, tôm...)",high,,1,Mực Ống Nhỏ Nhồi Thịt Sốt Tương Dầu Hành,HAS_FIX,1 copy 34.json,53294
3598,thịt nạc dăm heo,thịt heo,pork,Thịt nạc dăm,high,,1,Mực Ống Nhỏ Nhồi Thịt Sốt Tương Dầu Hành,HAS_FIX,1 copy 34.json,53295
3599,nước tương maggi đậm đặc,nước,water,Nước tương Maggi,high,,1,Mực Ống Nhỏ Nhồi Thịt Sốt Tương Dầu Hành,HAS_FIX,1 copy 34.json,53306
3600,lá mùi gai,lá,leaves,Lá ngò gai,high,Mùi gai là ngò gai,1,Củ sen nhồi thịt hấp sốt tôm ớt,HAS_FIX,1 copy 34.json,53315
3601,n kèm Cá cơm rim dưa mắm trộn,cơm,cooked rice,cá cơm rim và dưa mắm,high,,1,CHÁO tôm khô,HAS_FIX,1 copy 26.json,53328
3602,mắm tép Hàn Quốc,tép,small shrimp,mắm tép Hàn Quốc,high,Saeujeot trong ẩm thực Hàn,1,순두부찌개- Canh đậu phụ non Hàn Quốc,HAS_FIX,1 copy 26.json,53345
3603,đầy hạt nêmđậm nhạt,hạt niêm,seasoning granules,hạt nêm,high,,1,Cá chép kho dưa tóp mỡ,HAS_FIX,1 copy 26.json,53365
3604,mỡ heo nước dầu ăn,dầu ăn,Vegetable Oil,mỡ heo và dầu ăn,high,,1,CUA đồng kho mặn,HAS_FIX,1 copy 26.json,53379
3605,trà túi lọc,trà xanh,green tea,trà túi lọc,high,Dùng khử mùi hoặc tạo màu cá kho,1,Cá TRẮM kho dưa cải,HAS_FIX,1 copy 26.json,53386
3606,Giò chay,chay,vegetarian,giò lụa chay,high,,1,Đậu hũ xào nghệ lá lốt,HAS_FIX,1 copy 26.json,53389
3607,Rau muống bào giá rau răm húng cây chanh ớt,rau răm,vietnamese coriander,rau nêm bún bò,high,,1,Bún bò giò heo mắm ruốc,HAS_FIX,1 copy 26.json,53405
3608,tàu hũ ky loại miếng dày thịt gà chay,chay,vegetarian,tàu hũ ky và gà chay,high,,1,Đậu gà & nấm đùi gà xào sả ớt,HAS_FIX,1 copy 26.json,53421
3609,noodle,xúp mì,noodle soup,mì,high,,1,Lẩu thịt rau củ,HAS_FIX,1 copy 26.json,53473
3610,Gia vị trộn salad,xốt salad,salad dressing,gia vị trộn salad,high,,1,"Salad Rau Diếp Xoăn, Bắp Cải Tím & Ức Gà Áp Chảo",HAS_FIX,1 copy 26.json,53479
3611,dầu hạt lanh,đậu,beans,dầu hạt lanh,high,,1,"Salad Rau Diếp Xoăn, Bắp Cải Tím & Ức Gà Áp Chảo",HAS_FIX,1 copy 26.json,53481
3612,nho đen,trái cây,fruit,nho đen,high,,1,"Gỏi nho đen, thịt vịt",HAS_FIX,1 copy 26.json,53512
3613,Rau cải mơ non,mơ,apricot,rau cải mơ,high,,1,Lẩu bò nhúng mẻ,HAS_FIX,1 copy 26.json,53527
3614,Hành tỏi khô hành lá gia vị,hành lá,green onion,hành tỏi và hành lá,high,,1,"Thịt bắp giò kho măng, nấm hương",HAS_FIX,1 copy 26.json,53544
3615,Canh ngót rau cần nước,cần tây,celery,rau cần nước,high,,1,Bún chả cá viên,HAS_FIX,1 copy 26.json,53576
3616,Bánh mì giònbánh mì bơ tỏi,tỏi,garlic,bánh mì,high,,1,Súp Kem Nấm Khoai Tây Thì Là,HAS_FIX,1 copy 26.json,53586
3617,tôm tươi đông lạnh,tôm thẻ loại to,shrimp,tôm,high,,1,Chả tôm mực viên chiên xù,HAS_FIX,1 copy 26.json,53588
3618,Knorr gà,hạt niêm,seasoning granules,hạt nêm vị gà,high,,1,Best ham hocks (Giò heo hầm),HAS_FIX,1 copy 26.json,53604
3619,Sốt cà homemade,sốt,sauce,sốt cà chua,high,,1,Nui Sốt Bò Bằm Bỏ Lò,HAS_FIX,1 copy 26.json,53638
3620,hơn sách bò,thịt bò,beef,sách bò,high,,1,Lòng bò xào cà ri,HAS_FIX,1 copy 26.json,53643
3621,cà ri Nị,cà tím,eggplant,bột cà ri Nị,high,Loại bột cà ri đặc trưng,1,Lòng bò xào cà ri,HAS_FIX,1 copy 26.json,53645
3622,lát hoài sơn,lát,galangal,hoài sơn,high,Một vị thuốc đông y,1,Đuôi Heo Hầm Sâm Ngọc Linh,HAS_FIX,1 copy 26.json,53664
3623,đỗ trọng,đậu,beans,đỗ trọng,high,Một vị thuốc đông y,1,Đuôi Heo Hầm Sâm Ngọc Linh,HAS_FIX,1 copy 26.json,53665
3624,lát cam thảo,cam,orange,cam thảo,high,,1,Đuôi Heo Hầm Sâm Ngọc Linh,HAS_FIX,1 copy 26.json,53666
3625,ớt chuông dùng loại màu xanh cho đẹp,ớt,chili pepper,ớt chuông xanh,high,,1,Tôm rim chua ngọt Hàn Quốc,HAS_FIX,1 copy 26.json,53694
3626,tương,tương ớt,chili sauce,tương hột,medium,Trong món Hàn thường là tương đậu,1,Cơm sốt tôm chua ngọt 칠리새우덮밥,HAS_FIX,1 copy 26.json,53748
3627,nước tương Maggi,nước,water,nước tương,high,,1,Ruốc Cá Nục,HAS_FIX,1 copy 26.json,53757
3628,Rau cần nước dọc mùng bạc hà nấm tươi đậu phụ chiên cá chay bún tươi,bạc hà,mint,rau củ và bún,high,,1,Lẩu cá chay,HAS_FIX,1 copy 26.json,53765
3629,hành baro thái khúc,nấm mèo,wood ear mushroom,hành boa rô,high,,1,Thịt lợn luộc kiểu Hàn,HAS_FIX,1 copy 26.json,53774
3630,tỏi ớt băm,ớt,chili pepper,tỏi và ớt,high,,1,Thịt Luộc Cà Pháo Mắm Nêm,HAS_FIX,1 copy 26.json,53783
3631,lá kim cuộn cơm,cơm,cooked rice,rong biển cuộn cơm,high,Lá kim là rong biển,1,Kimbap cuốn rau Eatclean,HAS_FIX,1 copy 26.json,53787
3632,củ hành tím củ gừng ớt trái,ớt,chili pepper,"hành tím, gừng và ớt",high,,1,Cá khoai nấu mẻ,HAS_FIX,1 copy 26.json,53808
3633,lá và hoa sen cạn,lá,leaves,hoa và lá sen cạn,high,,1,Gỏi Cuốn Thịt Xá Xíu & Hoa Sen Cạn,HAS_FIX,1 copy 26.json,53853
3634,giấm táo,táo,apple,giấm táo,high,,1,"Salad ổi, tôm khô sốt dâu tằm",HAS_FIX,1 copy 26.json,53910
3635,Húng quế Thái,rau húng chó,mint,húng quế,high,,1,Thịt heo xào húng Thái “Pad Krapow Moo” 🌿,HAS_FIX,1 copy 26.json,53974
3636,cà chua cherry cà chua thường hoặc cà chua bi,trái cherry,cherry,cà chua,high,,1,Salad tôm bóc nõn - #healthy,HAS_FIX,1 copy 26.json,53997
3637,Vị Cà phê,cà tím,eggplant,cà phê,high,,1,"Rau Câu 3 Màu (Lá Dứa, Cà Phê, Sữa Dừa)",HAS_FIX,1 copy 26.json,54020
3638,Vị Lá dứa,dứa,pineapple,lá dứa,high,,1,"Rau Câu 3 Màu (Lá Dứa, Cà Phê, Sữa Dừa)",HAS_FIX,1 copy 26.json,54022
3639,bánh gối,bánh,cake,vỏ bánh gối,high,Dùng làm vỏ cho Menbosha,1,Bánh sandwich tôm kiểu Hàn menbosa,HAS_FIX,1 copy 26.json,54024
3640,chân gà rút xương,xương gà,chicken bones,chân gà rút xương,high,,1,"Gỏi CHÂN GÀ, CÀ PHÁO với TÔM chua",HAS_FIX,1 copy 26.json,54045
3641,mắm tôm chua miền Tây,Tôm muối,Salted shrimp,mắm tôm chua,high,,1,"Gỏi CHÂN GÀ, CÀ PHÁO với TÔM chua",HAS_FIX,1 copy 26.json,54047
3642,gừng hành lá ớt chuông,hành lá,green onion,"gừng, hành và ớt chuông",high,,1,Thịt heo Đông Pha,HAS_FIX,1 copy 26.json,54063
3643,lá thơm khô tuỳ thích,lá,leaves,lá thơm khô,high,Thường là oregano/thyme/bay leaf,1,Bánh Mì Bò Phô Mai,HAS_FIX,1 copy 26.json,54115
3644,giấm chanh rượu trắng,chanh,lime,"giấm, chanh và rượu",high,,1,Bao tử CÁ BASA khìa nước dừa,HAS_FIX,1 copy 26.json,54148
3645,ngô tách hạt,đậu,beans,ngô hạt,high,,1,Ức gà áp chảo rau củ,HAS_FIX,1 copy 26.json,54158
3646,lá Chanh Kaffir,chanh,lime,lá chúc,high,Kaffir lime là lá chúc/chanh Thái,1,Cà Ri Đùi Ếch Chôm Chôm,HAS_FIX,1 copy 26.json,54189
3647,Lòng heo tim heo gan heo phèo bao tử dồi huyết đã luộc,thịt heo,pork,lòng heo tổng hợp,high,,1,Bún Đậu Mắm Tôm Lòng Heo Luộc,HAS_FIX,1 copy 26.json,54243
3648,bột cà ri masala,Bột (chung),flour,bột cà ri,high,,1,Mực Ống Xào Bông Cải Xanh Sốt Cà Ri Masala,HAS_FIX,1 copy 26.json,54257
3649,huyết heo,thịt heo,pork,huyết heo,high,,1,CHÁO huyết-da heo cuộn,HAS_FIX,1 copy 26.json,54275
3650,rau xà lách rau thơm các loại giá sống,giá,bean sprouts,rau sống và giá,high,,1,Bún BÒ xào Nam bộ,HAS_FIX,1 copy 26.json,54308
3651,đập dập t tươi,hành tỏi,garlic and onion,ớt tươi,medium,t tươi thường là ớt tươi,1,Nấm Bào Ngư Kho Nước Tương Chay,HAS_FIX,1 copy 26.json,54317
3652,hộp gr ậu hũ non,hộp nấm,canned mushrooms,đậu hũ non,high,Lỗi gõ mất chữ 'đ',1,Canh Nấm Bào Ngư Chay,HAS_FIX,1 copy 26.json,54336
3653,tôm đồng tươi làm sạch,tôm thẻ loại to,shrimp,tôm đồng,high,,1,Tôm đồng rang tóp mỡ,HAS_FIX,1 copy 26.json,54337
3654,cây hành hoa mùi,nước,water,hành hoa và ngò,high,,1,Phở sắn thịt băm sấu,HAS_FIX,1 copy 26.json,54355
3655,Chả quế,chả,sausage,chả quế,high,,1,SP.0995 - Bò Bía Mặn,HAS_FIX,1 copy 26.json,54360
3656,Hột gà,thịt gà,chicken,trứng gà,high,,1,SP.0995 - Bò Bía Mặn,HAS_FIX,1 copy 26.json,54362
3657,Mật dừa nước,nước dừa,coconut water,mật dừa nước,high,,1,SP.0995 - Bò Bía Mặn,HAS_FIX,1 copy 26.json,54364
3658,Rau xà lách xoong,rau xà lách,lettuce,xà lách xoong,high,,1,Bún Nấm Cá Thác Lác Khổ Qua,HAS_FIX,1 copy 26.json,54387
3659,thịt lợn thịt gà tôm xay nhuyễn ướp gia vị vừa ăn,tôm thẻ loại to,shrimp,thịt và tôm xay,high,,1,Ớt chuông Nhật nhồi tôm thịt,HAS_FIX,1 copy 26.json,54399
3660,bột chiên xù bread crumb,bánh mì,bread,bột chiên xù,high,,1,Hamburg Steak (Thịt bít tết bò băm kiểu Nhật),HAS_FIX,1 copy 26.json,54420
3661,Tôm mực tươi,tôm thẻ loại to,shrimp,tôm và mực,high,,1,Canh bồ ngót Nhật và tôm mực,HAS_FIX,1 copy 26.json,54448
3662,Hành tím tỏi băm Hành lá,hành lá,green onion,"hành tím, tỏi và hành lá",high,,1,Canh bồ ngót Nhật và tôm mực,HAS_FIX,1 copy 26.json,54449
3663,sốt mè rang loại gr,sốt,sauce,sốt mè rang,high,,1,Salad BÒ-ĐẬU RỒNG,HAS_FIX,1 copy 26.json,54475
3664,thịt ba rọi hoặc thịt nọng,Thịt ba chỉ,pork belly,thịt ba chỉ hoặc nọng heo,high,,1,Cá Kèo Kho Tiêu Với Thịt Ba Rọi,HAS_FIX,1 copy 26.json,54494
3665,Phần nước chan,nước,water,nước chan,medium,Nước dùng cho bánh trôi mặn,1,Bánh trôi nước nhân thịt gà nấm và đậu xanh,HAS_FIX,1 copy 26.json,54527
3666,t cắt lát,lát,galangal,ớt tươi,medium,t thường là viết tắt của ớt,1,Mì gói ăn với mực và rau muống siu ngonnnn,HAS_FIX,1 copy 26.json,54541
3667,bột ướp bò kho,Bột (chung),flour,bột gia vị bò kho,high,,1,Đuôi Heo Hầm Kiểu Bò Kho,HAS_FIX,1 copy 26.json,54547
3668,rượu Mai Quế Lộ,rượu,cooking wine,rượu mai quế lộ,high,,1,Cánh Gà Nấu Nấm Đông Cô Dầu Mè,HAS_FIX,1 copy 26.json,54570
3669,nấm chân dài nấm loa kèn nấm lọng sen,chân nấm,mushroom stem,nấm tươi,high,,1,Nấm Chân Dài Nướng,HAS_FIX,1 copy 26.json,54575
3670,chả cá thu cá măng,măng,bamboo shoots,chả cá,high,Cá măng là tên loại cá,1,Canh Khổ Qua Dồn Chả Cá,HAS_FIX,1 copy 26.json,54592
3671,t đỏ,ớt,chili pepper,ớt tươi,medium,t đỏ thường là ớt đỏ,1,Cá chuồn kho mít non,HAS_FIX,1 copy 26.json,54622
3672,Baoro hành ngò gai lá lốt rau ngổ saua,hành lá,green onion,hành ngò và rau thơm,high,,1,Canh chua nấu nấm,HAS_FIX,1 copy 26.json,54652
3673,cá bò kg làm sạch,thịt bò,beef,cá bò,high,,1,Cá bò kho nghệ,HAS_FIX,1 copy 26.json,54658
3674,ngò tây,cần tây,celery,ngò tây,high,,1,Canh chua chả cá rựa,HAS_FIX,1 copy 26.json,54719
3675,lá é trắng húng quế trắng,lá,leaves,lá é,high,,1,Bún Cá Ngừ Nấu Mẵn,HAS_FIX,1 copy 26.json,54760
3676,đỏ,bí đỏ,pumpkin,ớt,medium,Ớt đỏ trong sốt cà chua,1,Cá chuồn sốt cà chua,HAS_FIX,1 copy 26.json,54791
3677,Ngỗ,rau om,rice paddy herb,rau ngổ,high,,1,Canh Chua Cá Thu Lá Me,HAS_FIX,1 copy 26.json,54818
3678,Gừng hành tỏi,tỏi,garlic,"gừng, hành và tỏi",high,,1,Cá trắm sốt cà chua,HAS_FIX,1 copy 26.json,54889
3679,gừng củ hành củ tỏi quả ớt,hành tỏi ớt,garlic chili mix,"gừng, hành, tỏi và ớt",high,,1,"Cá thu ngừ kho gừng, hành, tỏi",HAS_FIX,1 copy 26.json,54892
3680,Gừng hành tỏi khô gia vị,tỏi,garlic,"gừng, hành và tỏi",high,,1,"Cá trắm cỏ, chả cá nấu canh chua",HAS_FIX,1 copy 26.json,54913
3681,Hành tỏi khô nước hàng gia vị,tỏi,garlic,hành tỏi và nước hàng,high,,1,"Thịt kho nước dừa, ngũ vị",HAS_FIX,1 copy 26.json,55009
3682,lap xương,lạp xưởng,chinese sausage,lạp xưởng,high,,1,Bánh trung thu con heo,HAS_FIX,1 copy 26.json,55113
3683,ường phèn viên nhỏ,cá viên,fish balls,đường phèn,high,,1,Bún cá cam,HAS_FIX,1 copy 26.json,55195
3684,ruốc ngon,chà bông,pork floss (Southern: chà bông / Northern: ruốc),mắm ruốc,high,Ăn kèm sả và thịt,1,Muối sả ruốc thịt ăn liền cho ngày mưa 🤤,HAS_FIX,1 copy 26.json,55259
3685,ậu cove,đậu que,green beans,đậu que,high,Đậu cove/que,1,Súp cua,HAS_FIX,1 copy 26.json,55261
3686,t sate,dầu sate,chili oil,ớt sa tế,high,,1,Cá chiên ớt sate,HAS_FIX,1 copy 26.json,55545
3687,Sườn nguyên tảng,sườn heo,pork ribs,sườn heo,high,,1,Sườn heo nướng nguyên tảng,HAS_FIX,1 copy 26.json,55594
3688,Phần mỳ,mỳ chính,MSG,mì Ý,high,Nui hoặc mì Ý,1,Mỳ Ý sốt kem nấm phiên bản dành cho em bé,HAS_FIX,1 copy 26.json,55598
3689,thià là,thì là,dill,thì là,high,,1,Sushi cá hồi sốt cay 🍣,HAS_FIX,1 copy 26.json,55762
3690,sườn sụn băm,sườn heo,pork ribs,sườn sụn,high,,1,Thịt sốt cà chua,HAS_FIX,1 copy 26.json,55763
3691,sate gia giảm theo độ ăn cay của nhà mình,dầu sate,chili oil,sa tế,high,,1,Mực nướng sate bằng nồi chiên không dầu,HAS_FIX,1 copy 26.json,55868
3692,Gia vịhạt nêm gàmuốiđườngtiêu,gia vị,seasoning,hỗn hợp gia vị,high,,1,Súp gà nấm hương,HAS_FIX,1 copy 26.json,56041
3693,Nguyên liệu phở sẵn lần Rang sẵn Chia ra gói nhỏ dùng dần,bánh phở,pho noodles,gia vị phở,high,"Gói quế, hồi, thảo quả...",1,Phở Bò Chuẩn Mùi Vị Tiệm (phake không dùng xương),HAS_FIX,1 copy 26.json,56042
3694,hành tươi to,hành lá,green onion,hành lá,high,,1,Cá chép hấp bia,HAS_FIX,1 copy 26.json,56126
3695,Phần rau ăn kèm,lá lốt,betel leaves,rau ăn kèm,high,,1,"Lẩu Kim Chi- Tôm Càng Xanh, Bò, Gà, Các Loại Nấm",HAS_FIX,1 copy 26.json,56131
3696,cỏ xạ hương,lá theme,thyme,cỏ xạ hương,high,,1,Khay rau củ nướng cỏ xạ hương,HAS_FIX,1 copy 26.json,56195
3697,t sở thích ăn cay,ớt,chili pepper,ớt,medium,Viết tắt của ớt tươi,1,Canh kim chi đậu phụ nấu tôm,HAS_FIX,1 copy 26.json,56360
3698,ậu cove,củ đậu,jicama,đậu que,high,Đậu cove,1,Bánh xèo rau củ,HAS_FIX,1 copy 26.json,56393
3699,Monkfish nhỏ,cá mặt quỷ,stonefish,cá thầy tu,high,,1,Cá Thầy Tu (Monkfish) Kho Gừng,HAS_FIX,1 copy 26.json,56467
3700,t tươi,giò heo,pork hock,ớt tươi,high,,1,Canh Chuối Chát Nấu Giò Heo,HAS_FIX,1 copy 26.json,56494
3701,Rau xanh ăn kèm,lá lốt,betel leaves,rau xanh,high,,1,Mì Cay Nongshim Nấm & Thịt Trai (Vẹm Đen),HAS_FIX,1 copy 18.json,56495
3702,muốihạt nêmtiêu ớt bột,ớt,chili pepper,"muối, hạt nêm, tiêu, ớt bột",high,,1,Mực tẩm bột chiên giòn đơn giản,HAS_FIX,1 copy 18.json,56531
3703,bột tỏi bột hành,tỏi,garlic,"bột tỏi, bột hành",high,,1,Mực tẩm bột chiên giòn đơn giản,HAS_FIX,1 copy 18.json,56532
3704,Hành khô,hành tây,onion,hành khô,high,,1,Cháo yến mạch bí đỏ nấm,HAS_FIX,1 copy 18.json,56641
3705,mọc nhỉ,nấm mèo,wood ear mushroom,mộc nhĩ,high,Sai chính tả 'mọc nhỉ',1,Bắp Cải Nhồi Thịt Hấp,HAS_FIX,1 copy 18.json,56650
3706,thơm xắt mỏng,rau thơm,herbs,dứa,high,Miền Nam gọi dứa là thơm,1,Canh chua cá bớp,HAS_FIX,1 copy 18.json,56828
3707,Dâu ănnươc mămtỏiơtđươngmuôi,gia vị,seasoning,"dầu ăn, nước mắm, tỏi, ớt, đường, muối",high,,1,Cá dìa chiên,HAS_FIX,1 copy 18.json,56837
3708,Hanh lango ritiêu,hành ngò,scallion cilantro,"hành lá, ngò rí, tiêu",high,,1,Canh rau lang nấu tôm tươi,HAS_FIX,1 copy 18.json,56879
3709,Maysone,mayonnaise,mayonnaise,mayonnaise,high,,1,Tôm xốt cốt dừa,HAS_FIX,1 copy 18.json,57221
3710,t,tôm,shrimp,tỏi,medium,Dựa trên dish_example chấm mắm tỏi ớt,1,Cá Đuối Luộc Chấm Mắm Tỏi Ớt,HAS_FIX,1 copy 18.json,57415
3711,Dầu hàoước tương,nước tương,Soy sauce,"dầu hào, nước tương",high,,1,MÓN PHILIPPIN: MIẾN XÀO GÀ HEO KIỂU PHILIPPIN 🇵🇭,HAS_FIX,1 copy 18.json,57496
3712,Kho quẹt,gia vị,seasoning,kho quẹt,high,,1,Nấm đùi gà kho cà tím,HAS_FIX,1 copy 18.json,57500
3713,khổ qua gr,mướp đắng,bitter melon,khổ qua,high,,1,Canh khổ qua chả cá thác lác:,HAS_FIX,1 copy 18.json,57583
3714,Ngán,thịt ngan,duck meat,con ngán,high,Một loại động vật thân mềm hai mảnh vỏ,1,Canh ngán rau muống,HAS_FIX,1 copy 18.json,57618
3715,Dầu hào dầu mè rượu trắng,Mè (Vừng),sesame seeds,"dầu hào, dầu mè, rượu trắng",high,,1,SP.0844 - Mực Hấp Cải Muỗng Xốt Dầu Hào,HAS_FIX,1 copy 18.json,57673
3716,hành ta,hành tăm (củ nén),shallot,hành tím,high,Hành ta thường là hành tím/hành khô,1,Chả Cốm Trứng (Phiên Bản Không Thịt),HAS_FIX,1 copy 18.json,57699
3717,tương kecap ngọt,nước tương,Soy sauce,nước tương ngọt,high,Kecap manis là nước tương ngọt Indo,1,Thịt Băm Rang Nước Mắm Mặn Ngọt,HAS_FIX,1 copy 18.json,57880
3718,ậu,đậu,beans,đậu,medium,Lỗi chữ 'ậu' thay cho 'đậu',1,Canh cá Diếc (lỗi 😂),HAS_FIX,1 copy 18.json,57884
3719,Cari dầu,sốt,sauce,dầu cà ri,high,,1,Ếch xào sả không ớt ;),HAS_FIX,1 copy 18.json,57978
3720,Rau húng lủi,húng láng,spearmint,húng lủi,high,,1,Cuốn Bún Đậu Hủ Chấm Mắm Tôm,HAS_FIX,1 copy 18.json,58070
3721,Salicorne rau ngón biển,rong biển,seaweed,rau ngón biển,high,Tên gọi khác của Salicorne/cải biển,1,Mì Ý Xào Tôm & Rau Ngón Biển,HAS_FIX,1 copy 18.json,58134
3722,t Hàn Quốc,gochujang,gochujang,ớt Hàn Quốc,high,Thường là ớt bột hoặc tương ớt,1,Nấm kim châm sốt cay,HAS_FIX,1 copy 18.json,58171
3723,bun cong to,bún,rice vermicelli,bún cọng to,high,,1,Bún Bò Huế(Xương Bò),HAS_FIX,1 copy 18.json,58207
3724,t ngọt,cải ngọt,choy sum,ớt ngọt,high,Sai chính tả 't ngọt',1,Gà áp chảo vị sa tế cùng với rau củ,HAS_FIX,1 copy 18.json,58261
3725,sườn thăn,sườn heo,pork ribs,sườn thăn,high,,1,Bánh Đa Cua Cà Mau,HAS_FIX,1 copy 18.json,58270
3726,lẩu thái,gói lẩu,hot pot mix,gia vị lẩu thái,high,,1,Lẩu gà và cá điêu hồng chua ngọt...🍅🌶🌽,HAS_FIX,1 copy 18.json,58361
3727,Rau muống và bắp chuối bào,rau muống,water spinach,"rau muống, bắp chuối",high,,1,Bún gân bắp bò mắm ruốc,HAS_FIX,1 copy 18.json,58415
3728,chả giò,giò,pork sausage,chả giò,high,,1,Bún thịt nướng chả giò,HAS_FIX,1 copy 18.json,58457
3729,t,thịt heo,pork,thịt,medium,,1,Mì Gói Khô Mực Nấm Đông Cô,HAS_FIX,1 copy 18.json,58600
3730,xạ hương,lá theme,thyme,lá xạ hương,high,,1,Đĩa phô mai thịt nguội với bánh mì chua và sốt chấm tỏi ô liu,HAS_FIX,1 copy 18.json,58601
3731,tương hột ít mặn,nước mắm,fish sauce,tương hột,high,,1,Cá bơn - halibut hấp tương hột,HAS_FIX,1 copy 18.json,58606
3732,nhỏ rau húng lủi,húng láng,spearmint,húng lủi,high,,1,Gỏi bưởi tai heo,HAS_FIX,1 copy 18.json,58678
3733,Nươc tươngdâu hào dâu ănhanh láđươngtoitiêu,dầu hào,oyster sauce,"nước tương, dầu hào, dầu ăn, hành lá, đường, tỏi, tiêu",high,,1,Bánh mì sandwich kèm thịt bò và khoai tây chiên,HAS_FIX,1 copy 18.json,58683
3734,chiên giòn nêm sẵn,Bột (chung),flour,bột chiên giòn,high,,1,Nấm hải sản chiên giòn - món chay,HAS_FIX,1 copy 18.json,58941
3735,Hanh timơt,hành tăm (củ nén),shallot,"hành tím, ớt",high,,1,Cá lòng tong và tôm sông kho khô,HAS_FIX,1 copy 18.json,59022
3736,rau diếp trắng,cải diếp,lettuce,rau diếp xoăn trắng,high,Thường là Chicory,1,Rau Diếp Xoăn Trắng & Nấm Mỡ Áp Chảo Sốt Dấm Mù Tạt,HAS_FIX,1 copy 18.json,59025
3737,đến g,gừng,ginger,đường,medium,Thường là viết tắt 'đến g' (đường),1,Sữa hạnh nhân bơ rau củ,HAS_FIX,1 copy 18.json,59033
3738,U phụ Non Thì ngon hơn nhé,đậu non,silken tofu,đậu phụ non,high,,1,Rau Củ Quả Hầm Kem (Chay),HAS_FIX,1 copy 18.json,59114
3739,hành baro cắt nhỏ,hành lá,green onion,hành boa rô,high,,1,Nấm Mỡ Kho Sa Tế,HAS_FIX,1 copy 18.json,59194
3740,Hanhtoitiêu,hành tỏi,garlic and onion,"hành, tỏi, tiêu",high,,1,Canh rạm rau đay,HAS_FIX,1 copy 18.json,59215
3741,xả,sả,lemongrass,sả,high,Sai chính tả 'xả',1,Lẩu mỳ tôm chay,HAS_FIX,1 copy 18.json,59365
3742,rau rừng các loại,rau sống,fresh herbs,rau rừng,high,,1,CÁ TAI TƯỢNG chiên xù,HAS_FIX,1 copy 18.json,59397
3743,súp lơ trắng,súp,soup,súp lơ trắng,high,,1,SP.0864 - Gà Viên Nấu Kem Nấm Súp Lơ,HAS_FIX,1 copy 18.json,59459
3744,ngò trang trí,Hành ngò,mixed herbs,ngò rí,high,,1,Bò xào bông bí,HAS_FIX,1 copy 18.json,59489
3745,xìa dầu,dầu sate,chili oil,xì dầu,high,Sai chính tả 'xìa dầu',1,Nấm Hải Sản Kho Sa Tế,HAS_FIX,1 copy 18.json,59574
3746,tương hàn quốc,nước mắm,fish sauce,tương Hàn Quốc,high,Thường là Doenjang hoặc Gochujang,1,Canh sườn bò Galbi Tang Hàn quốc,HAS_FIX,1 copy 18.json,59712
3747,rau chua rau chút chít rau dương đề thổ đại hoàng,rau sống,fresh herbs,rau chút chít,high,"Bao gồm rau chua, dương đề",1,Canh Rau Chua (Chút Chít) Nấu Mắm Tôm,HAS_FIX,1 copy 18.json,59780
3748,tương bần,nước tương,Soy sauce,tương bần,high,,1,🌱 Đậu Hủ Kho Tương Nếp Bần (Vegan),HAS_FIX,1 copy 18.json,59783
3749,Nước tương dằm ớt,ớt,chili pepper,"nước tương, ớt",high,,1,Ếch Xào Rau Cần Nước,HAS_FIX,1 copy 18.json,59855
3750,tương hột cay Vân Nam,tương ớt,chili sauce,tương hột Vân Nam,high,,1,SP.0776 - Cơm Trộn Tôm Cay,HAS_FIX,1 copy 18.json,59859
3751,dạ dày heo,thịt heo,pork,dạ dày heo,high,,1,Dạ dày heo và lòng heo luộc,HAS_FIX,1 copy 18.json,59875
3752,rau tập tàng,rau sống,fresh herbs,rau tập tàng,high,,1,Canh Rau Tập Tàng Nấu Cua,HAS_FIX,1 copy 18.json,59930
3753,khấu đuôi heo,thịt heo,pork,khấu đuôi heo,high,,1,SP.0867 - Đuôi Heo Tiềm Măng Trúc,HAS_FIX,1 copy 18.json,59937
3754,Mỳ ý gói,mì gói,instant noodles,mì Ý,high,,1,Mỳ ý tôm sốt kem,HAS_FIX,1 copy 18.json,60006
3755,Tàu hủ trắng,hộp đậu trắng,canned white beans,đậu phụ trắng,high,,1,Cá lóc muối sả (món chay),HAS_FIX,1 copy 18.json,60007
3756,sốt cà,sốt,sauce,sốt cà chua,high,,1,Phi lê cá diêu hồng sốt cà chua,HAS_FIX,1 copy 18.json,60047
3757,Bông so đũa,cá chai,flathead,bông so đũa,high,,1,Lẩu cá tầm măng chua,HAS_FIX,1 copy 18.json,60077
3758,Tỏi gừng dầu hào gia vị,tỏi,garlic,"tỏi, gừng, dầu hào, gia vị",high,,1,Đậu rồng xào thịt bò,HAS_FIX,1 copy 18.json,60101
3759,Dầu phụng,dầu ăn,Vegetable Oil,dầu phộng,high,,1,Mì Quảng tôm bò,HAS_FIX,1 copy 18.json,60165
3760,bông kim châm khô,nấm kim châm,enoki mushroom,hoa kim châm khô,high,,1,Bông Kim Châm Kho Rau Củ Chay,HAS_FIX,1 copy 18.json,60167
3761,Sụn xương bò,thịt bò,beef,sụn xương bò,high,,1,Mì gói sụn bò,HAS_FIX,1 copy 18.json,60184
3762,ba chỉ liền dải,ba chỉ bò,beef belly,thịt ba chỉ,high,,1,Thịt kho Đông Pha,HAS_FIX,1 copy 18.json,60250
3763,lá súp lơ trắng,bông cải trắng,cauliflower,lá súp lơ trắng,high,,1,🌱 Canh Nấm Mỡ Cà Rốt & Lá Súp Lơ Trắng,HAS_FIX,1 copy 18.json,60285
3764,ngô non,bắp ngọt,sweet corn,ngô non,high,,1,Nấm ngọc tẩm xào thịt gà,HAS_FIX,1 copy 18.json,60303
3765,Thơm chín,rau thơm,herbs,dứa,high,Thơm chín là dứa chín,1,Mẹt thịt heo luộc cuốn rau sống,HAS_FIX,1 copy 18.json,60305
3766,Dâu haohat nêmtoihanh tím,gia vị,seasoning,"dầu hào, hạt nêm, tỏi, hành tím",high,,1,Hoa thiên lý xào thịt bò tơ,HAS_FIX,1 copy 18.json,60358
3767,ngồng su hào,su su,chayote,ngồng su hào,high,,1,Ngồng su hào xào thịt bò,HAS_FIX,1 copy 18.json,60404
3768,Gia vị gừng tỏi,tỏi,garlic,"gừng, tỏi, gia vị",high,,1,Ngồng su hào xào thịt bò,HAS_FIX,1 copy 18.json,60405
3769,cần tây hành khô gia vị,hành tây,onion,"cần tây, hành khô, gia vị",high,,1,"Cần tây, ớt chuông xào thịt gà",HAS_FIX,1 copy 18.json,60412
3770,ba chỉ chia miếng,ba chỉ bò,beef belly,thịt ba chỉ,high,,1,Thịt nướng ngũ vị,HAS_FIX,1 copy 18.json,60507
3771,bắp vàng,bắp ngọt,sweet corn,ngô vàng,high,,1,TÀU HỦ KY cuốn tôm thịt chiên,HAS_FIX,1 copy 18.json,60570
3772,hành phi đậu phộng rang,đậu phộng,peanut,"hành phi, đậu phộng",high,,1,"Thịt bò bóp thấu với hành tây, dưa leo",HAS_FIX,1 copy 18.json,60598
3773,Lá rong biển cuốn cơm,cơm,cooked rice,lá rong biển,high,,1,"Rong biển cuộn tôm, thịt",HAS_FIX,1 copy 18.json,60638
3774,ngò tây trang trí,rau ngò rí,coriander leaves,ngò tây,high,,1,Súp Kem Bí Đỏ Cá Hồi,HAS_FIX,1 copy 18.json,60668
3775,bắp bao tử,bắp ngọt,sweet corn,ngô bao tử,high,,1,Bắp bao tử xào nấm kim châm,HAS_FIX,1 copy 18.json,60672
3776,dền cơm,cơm,cooked rice,rau dền cơm,high,,1,Rau dền cơm nấu ngao,HAS_FIX,1 copy 18.json,60792
3777,bắp non ngô bao tử,bắp ngọt,sweet corn,ngô bao tử,high,,1,VỊT tiềm nấm hương & bắp non,HAS_FIX,1 copy 18.json,60840
3778,Dầu mè loại thơm,Mè (Vừng),sesame seeds,dầu mè,high,,1,Cháo nấm tảo xoắn,HAS_FIX,1 copy 18.json,60854
3779,hành boaro,nấm mèo,wood ear mushroom,hành boa rô,high,,1,Phở Bắp Bò - Hương Vị Việt Tại Hà Lan,HAS_FIX,1 copy 18.json,60865
3780,bánh kaiser,bánh,cake,bánh mì kaiser,high,,1,"Bánh Kaiser Với Thịt Bò Viên, Trứng, Phô Mai Và Cà Chua",HAS_FIX,1 copy 18.json,60921
3781,chuôi chát,chuối,banana,chuối chát,high,,1,Cá Chốt Om Măng Chua Khế Chuối Chát,HAS_FIX,1 copy 18.json,61027
3782,phê bột cà ri,Bột (chung),flour,bột cà ri,high,,1,Cá Róc Chiên Cà Ri,HAS_FIX,1 copy 18.json,61041
3783,Tỏi gừng ớt sừng đầu hành lá,hành lá,green onion,"tỏi, gừng, ớt, đầu hành lá",high,,1,SP.0912 - Ba Rọi Heo Hồng Xíu,HAS_FIX,1 copy 18.json,61056
3784,Hanh latoi băm nươc mămđươngdâu ăntiêu,gia vị,seasoning,"hành lá, tỏi, nước mắm, đường, dầu ăn, tiêu",high,,1,Cá nục chuối chiên xốt cà chua,HAS_FIX,1 copy 18.json,61065
3785,lá dứa xay nhuyễn lấy ml,dứa,pineapple,lá dứa,high,Pandan leaves,1,Bánh bò lá dứa,HAS_FIX,1 copy 18.json,61103
3786,tôm nớt nhỏ tôm nhỏ vỏ sẽ mềm nên không phải bóc vỏ,tôm thẻ loại to,shrimp,tôm nhỏ,high,,1,"Canh bầu, rau dền nấu tôm",HAS_FIX,1 copy 18.json,61117
3787,lá rong biển cuộn cơm,cơm,cooked rice,lá rong biển,high,,1,Nấm Kim Châm Cuộn Rong Biển Chiên Giòn Chay,HAS_FIX,1 copy 18.json,61133
3788,gia vị lẩu thái,gia vị,seasoning,gia vị lẩu thái,high,,1,Bún thái hải sản,HAS_FIX,1 copy 18.json,61142
3789,nước luộc ngô,nước,water,nước luộc ngô,high,,1,Bún thái hải sản,HAS_FIX,1 copy 18.json,61143
3790,tôm bồ hóc,Tôm muối,Salted shrimp,mắm bò hóc,high,Đặc sản Khmer nấu từ cá/tôm,1,Tôm bồ hóc rim để dành,HAS_FIX,1 copy 18.json,61144
3791,Húng lủi húng quế rau mùi vừng rang gia vị,rau mùi,coriander leaves,"húng lủi, húng quế, rau mùi, vừng rang, gia vị",high,,1,"Gỏi bò cà pháo, lạp xưởng",HAS_FIX,1 copy 18.json,61156
3792,lá xà lách Romaine,lá,leaves,xà lách Romaine,high,,1,Bún Trộn Bò Ủ Áp Chảo & Xà Lách Romaine,HAS_FIX,1 copy 18.json,61158
3793,lá xà lách romaine,lá,leaves,xà lách Romaine,high,,1,Salad Cải Diếp Cà Rốt Thanh Cua Sốt Caesar,HAS_FIX,1 copy 18.json,61168
3794,rau bò khai,thịt bò,beef,rau bò khai,high,,1,"Rau bò khai xào tóp mỡ, tôm và bánh đa nắm Quỳnh Côi",HAS_FIX,1 copy 18.json,61187
3795,Hành củ gia vị,Hành,Scallion,"hành củ, gia vị",high,,1,"Rau bò khai xào tóp mỡ, tôm và bánh đa nắm Quỳnh Côi",HAS_FIX,1 copy 18.json,61189
3796,Hành khô dầu hào gia vị,gia vị,seasoning,"hành khô, dầu hào, gia vị",high,,1,Cải thìa xào nấm hương tươi,HAS_FIX,1 copy 18.json,61194
3797,sốt trộn gỏi,sốt,sauce,nước sốt trộn gỏi,high,,1,Cá ông cụ chiên sốt chua ngọt,HAS_FIX,1 copy 18.json,61196
3798,Lá húng quế ngò gai ngỗ hành lá,hành lá,green onion,"húng quế, ngò gai, ngò ôm, hành lá",high,ngỗ là ngò ôm,1,Cá Thu Nấu Bông Me,HAS_FIX,1 copy 18.json,61202
3799,cà rốt thơm gia vị,cà rốt,carrot,"cà rốt, dứa, gia vị",high,,1,Gỏi rau má chay,HAS_FIX,1 copy 18.json,61218
3800,màu cà phê,cà tím,eggplant,màu cà phê,high,,1,Rau câu mix,HAS_FIX,1 copy 18.json,61222
3801,lá hẹ lớn,lá,leaves,Hẹ,high,,1,"Canh hẹ nấu mọc thịt, đậu và nấm rơm",HAS_FIX,1 copy 10.json,61226
3802,nước cốt dừa dão,nước dừa,coconut water,Nước cốt dừa dão,high,Nước cốt dừa vắt lần thứ 2 trở đi,1,Thịt bò xào lá cách,HAS_FIX,1 copy 10.json,61249
3803,nạc cà chua xay,cà chua,tomato,Cà chua xay,high,,1,"Đùi Vịt Sốt Cà Chua, Nấm Mỡ & Olive Xanh",HAS_FIX,1 copy 10.json,61296
3804,bột cumin bột hạt thì là,Bột (chung),flour,Bột thì là,high,,1,"Đùi Vịt Sốt Cà Chua, Nấm Mỡ & Olive Xanh",HAS_FIX,1 copy 10.json,61299
3805,Gừng tỏi hành lá rau mùi gia vị,hành lá,green onion,"Hành, gừng, tỏi, rau mùi, gia vị",high,,1,"Thịt bò, vó bò xào bắp cải",HAS_FIX,1 copy 10.json,61321
3806,thơm bằm,rau thơm,herbs,Dứa băm,high,Thơm là tên gọi khác của dứa,1,Cá ngừ hấp,HAS_FIX,1 copy 10.json,61335
3807,dầu thực vật để chiên,dầu bơ,Avocado oil,Dầu thực vật,high,,1,Nấm Kim Châm Cuộn Rong Biển Chiên Giòn Chay,HAS_FIX,1 copy 10.json,61337
3808,Dầu thực vật để chiên,dầu bơ,Avocado oil,Dầu thực vật,high,,1,Thịt Xíu Hội An,HAS_FIX,1 copy 10.json,61341
3809,bánh canh khô bạn có thể dùng bánh canh tươi nhen,bánh,cake,Bánh canh,high,,1,"Bánh canh nấm, đậu và rong biển",HAS_FIX,1 copy 10.json,61382
3810,Cá măng cắt khúc,măng,bamboo shoots,Cá măng,high,,1,Cá măng (cá nhồng) sốt cà,HAS_FIX,1 copy 10.json,61384
3811,chả bì ớt xiêm xanh,ớt,chili pepper,Chả bì ớt xiêm xanh,high,,1,Lẩu Riêu Cua Đồng Bắp Bò Ngày Quốc Khánh 2/9,HAS_FIX,1 copy 10.json,61409
3812,Rau sống rau đắng húng quế diếp cá cải non tía tô hẹ rau càng cua rau muống chẽ ngò rídưa leo,cua,crab,Rau sống các loại,high,,1,Bánh Xèo Tôm Mực,HAS_FIX,1 copy 10.json,61443
3813,Nấm ớt chuông Tảo chile,ớt,chili pepper,"Tảo Chile, nấm, ớt chuông",high,,1,Tảo Chile xào nấm và ớt chuông,HAS_FIX,1 copy 10.json,61454
3814,rau thơm các loại Tía tô Kinh giới Húng lủi Húng quế Ngò gai,kinh giới,vietnamese balm,Rau thơm các loại,high,,1,Bún Đậu Thịt Luộc Mắm Tôm,HAS_FIX,1 copy 10.json,61465
3815,Hanh lahanh timtoitiêu,gia vị,seasoning,"Hành lá, hành tím, tỏi, tiêu",high,,1,Canh tôm và mộc nấu khổ qua,HAS_FIX,1 copy 10.json,61489
3816,ngọt tuỳ sở thích,đường,sugar,Đường,medium,Gia vị tạo độ ngọt,1,Nui Nấu Tôm Thịt,HAS_FIX,1 copy 10.json,61496
3817,lá dứa g lá dứa,dứa,pineapple,Lá dứa,high,,1,Bánh da lợn vân thủy,HAS_FIX,1 copy 10.json,61502
3818,cà chua cherry đủ màu,trái cherry,cherry,Cà chua bi,high,,1,Nấm Mỡ Xào Cà Chua Bi (Vegan),HAS_FIX,1 copy 10.json,61521
3819,tôm đã lột vỏ bỏ đầu đuôi,tôm thẻ loại to,shrimp,Tôm lột vỏ,high,,1,Mì GÓI xào giòn với tôm-mực,HAS_FIX,1 copy 10.json,61530
3820,mắm cá rò,nước mắm,fish sauce,Mắm cá rò,high,,1,Trứng Luộc Mắm Cá Rò,HAS_FIX,1 copy 10.json,61564
3821,tôm nõn đã bóc vỏ,tôm thẻ loại to,shrimp,Tôm nõn,high,,1,Mì Gói Nấu Tôm Nõn & Cải Xoăn Kale,HAS_FIX,1 copy 10.json,61573
3822,lá bắp cải và đậu cove,đậu que,green beans,"Bắp cải, đậu cô ve",high,,1,Soup rau củ chay,HAS_FIX,1 copy 10.json,61583
3823,súp lơ xanh gram,bông cải,broccoli,Súp lơ xanh,high,,1,Súp lơ xanh xào thịt bò,HAS_FIX,1 copy 10.json,61596
3824,tương ớt xí muội ăn kèm,ớt,chili pepper,Tương ớt xí muội,high,,1,Thịt nhồi chuối xanh,HAS_FIX,1 copy 10.json,61617
3825,lá rau diếp,lá,leaves,Rau diếp,high,,1,Bánh Mì Chay Kẹp Rau Củ Đơn Giản,HAS_FIX,1 copy 10.json,61619
3826,Cà rốt ngâm chua ngọt,cà chua,tomato,Cà rốt ngâm chua ngọt,high,,1,Bánh Mì Chay Kẹp Rau Củ Đơn Giản,HAS_FIX,1 copy 10.json,61622
3827,Rau củ nhà còn bông cải trắng xanh cà rốt,bông cải,broccoli,"Bông cải, cà rốt",high,,1,Bento box 14: cơm nắm gochujang + trứng cuộn + thịt bò xào + rau củ,HAS_FIX,1 copy 10.json,61638
3828,hành tây vài nhánh hành lá,hành lá,green onion,"Hành tây, hành lá",high,,1,Lươn đồng xào rau ngổ,HAS_FIX,1 copy 10.json,61647
3829,bột báng,Bột (chung),flour,Bột báng,high,,1,Chè xoài bột báng thạch rau câu,HAS_FIX,1 copy 10.json,61656
3830,vó bò,thịt bò,beef,Vó bò,high,,1,"Nấm ngọc châm, cà rốt xào thịt bò và vó bò",HAS_FIX,1 copy 10.json,61663
3831,húng chanh rau tần dầy lá,chanh,lime,Húng chanh,high,,1,Canh CÁ nấu khế & húng chanh,HAS_FIX,1 copy 10.json,61674
3832,ậu hũ nấm mèo hoặc đậu hũ trắng bình thường,nấm mèo,wood ear mushroom,Đậu hũ,high,,1,Lá mơ lông cuốn đậu hũ,HAS_FIX,1 copy 10.json,61796
3833,Lá mơ lông,mơ,apricot,Lá mơ lông,high,,1,Lá mơ lông cuốn đậu hũ,HAS_FIX,1 copy 10.json,61797
3834,thịt ngựa bạch thái mỏng,Thịt ngựa,Horse Meat,Thịt ngựa,high,,1,Thịt ngựa bạch nhúng mẻ,HAS_FIX,1 copy 10.json,61818
3835,Rau nêm om ngò gai,rau om,rice paddy herb,"Ngò ôm, ngò gai",high,Rau om là ngò ôm,1,"Canh chua tôm, đầu mực",HAS_FIX,1 copy 10.json,61862
3836,rau Húng lủi,húng láng,spearmint,Húng lủi,high,,1,Gỏi Bưởi Hồng Cơm Dừa Tôm Thịt,HAS_FIX,1 copy 10.json,61919
3837,lá xà lách tuỳ sở thích,lá,leaves,Xà lách,high,,1,Sandwich tôm,HAS_FIX,1 copy 10.json,61928
3838,bột chiên khô rau củ tùy ý đậu bắp carrot khoai,cà rốt,carrot,Rau củ lăn bột chiên,high,Hỗn hợp rau củ dùng để chiên,1,"Còi sò điệp lăn bột, rau củ ngũ sắc sốt xì dầu cho bé",HAS_FIX,1 copy 10.json,61966
3839,nạc xay có mỡ,mỡ,lard,Thịt nạc xay,high,,1,Chả cốm xanh làm với chả cá thác lác,HAS_FIX,1 copy 10.json,61976
3840,Tỏi băm gia vị hành lá mùi tàu,hành lá,green onion,"Tỏi, hành lá, mùi tàu, gia vị",high,,1,"Khoai tây, bí ngô xào thịt bò",HAS_FIX,1 copy 10.json,61987
3841,mắm Belacan,nước mắm,fish sauce,Mắm Belacan,high,Một loại mắm tôm Malaysia,1,Đậu Đũa Xào Sa Tế Tôm và Mắm Belacan Malaysia,HAS_FIX,1 copy 10.json,61994
3842,cá cơm,cơm,cooked rice,Cá cơm,high,,1,"Cá cơm, lạc đỏ rang mắm tỏi",HAS_FIX,1 copy 10.json,62012
3843,Sốt ướp sườn,sốt,sauce,Sốt ướp sườn,high,,1,Sườn Heo Nướng Tảng,HAS_FIX,1 copy 10.json,62025
3844,tôm nõn rim,ram tôm,shrimp rolls,Tôm nõn rim,high,,1,Canh rau muống tôm nõn,HAS_FIX,1 copy 10.json,62064
3845,ức cá dứa nắng ức cá basa,dứa,pineapple,"Ức cá dứa, cá basa",high,,1,Ức Cá Dứa Kho Tiêu,HAS_FIX,1 copy 10.json,62075
3846,vừng rang,đậu phộng,peanut,Vừng rang,high,,1,"Cá cơm, lạc đỏ rang mắm tỏi",HAS_FIX,1 copy 10.json,62141
3847,ớt chuông đỏ vàng,ớt,chili pepper,Ớt chuông,high,,1,📣 Thịt bò xào húng quế kiểu Thái 🥩🫑🧅🌿,HAS_FIX,1 copy 10.json,62219
3848,lá húng quế,quế,Cinnamon,Húng quế,high,,1,📣 Thịt bò xào húng quế kiểu Thái 🥩🫑🧅🌿,HAS_FIX,1 copy 10.json,62221
3849,xúc xích heo,thịt heo,pork,Xúc xích heo,high,,1,Mì tobokki phomai xúc xích heo,HAS_FIX,1 copy 10.json,62306
3850,cá lóc chỉ lấy phần xương,cá lóc,snakehead fish,Xương cá lóc,high,,1,Canh ngót rau cần nước,HAS_FIX,1 copy 10.json,62326
3851,tương đen của trung dark soy sauce,sốt,sauce,Hắc xì dầu,high,Dark soy sauce thường là hắc xì dầu,1,Thịt kho với giò,HAS_FIX,1 copy 10.json,62337
3852,bắp bò,thịt bò,beef,Bắp bò,high,,1,Bắp bò luộc kiểu Hàn 사태수육,HAS_FIX,1 copy 10.json,62358
3853,đuôi bò,thịt bò,beef,Đuôi bò,high,,1,"Phở đuôi bò, gà",HAS_FIX,1 copy 10.json,62443
3854,Rau sông xà lachhung luihung quêdiêp cá,rau sống,fresh herbs,Rau sống các loại,high,,1,Phở Cuốn Thịt Heo,HAS_FIX,1 copy 10.json,62455
3855,Hat nêm muôi,gia vị,seasoning,"Hạt nêm, muối",high,,1,Mì Udon Gà Và Nấm Đông Cô,HAS_FIX,1 copy 10.json,62466
3856,óc,hạt óc chó,walnut,Óc heo,high,,1,Óc heo hầm ngải cứu,HAS_FIX,1 copy 10.json,62485
3857,thịt ba chỉ bò Mỹ,Thịt ba chỉ,pork belly,Ba chỉ bò Mỹ,high,,1,Bò cuộn nấm kim châm nướng BBQ,HAS_FIX,1 copy 10.json,62489
3858,Gừng hành tỏi khô ớt khô gia vị,gia vị,seasoning,"Gừng, hành, tỏi, ớt, gia vị",high,,1,"Cá rô phi nấu nấm, cải xoong",HAS_FIX,1 copy 10.json,62497
3859,đùi gà góc tư rút xương,xương gà,chicken bones,Thịt đùi gà,high,,1,Thịt gà chiên xù,HAS_FIX,1 copy 10.json,62507
3860,Tắc ớt xả,ớt,chili pepper,"Tắc, ớt, sả",high,,1,Tai heo trộn rong sụn sốt thái,HAS_FIX,1 copy 10.json,62555
3861,Cá không da,lườn cá,fish fillet,Phi lê cá,high,,1,Chả cá,HAS_FIX,1 copy 10.json,62563
3862,là băm,thì là,dill,Thì là băm,high,,1,Chả cá,HAS_FIX,1 copy 10.json,62568
3863,Nước đá dùng khi xay,nước dùng,broth,Nước đá,high,,1,Chả cá,HAS_FIX,1 copy 10.json,62569
3864,rau thơm các loại húng lủi húng quế húng cay diếp cá tía tô kinh giới lá sung lá cóc,Hành ngò,mixed herbs,Rau thơm các loại,high,,1,Nấm Đùi Gà Trộn Thính,HAS_FIX,1 copy 10.json,62584
3865,bánh gạo,gạo,rice,Bánh gạo,high,,1,Bánh gạo cay ăn kèm ba chỉ bò áp chảo,HAS_FIX,1 copy 10.json,62601
3866,xà lách xoăn Friseline,cải xoăn,kale,Xà lách Friseline,high,,1,Salad Friseline Trộn Cá Cơm Muối,HAS_FIX,1 copy 10.json,62611
3867,to hành baro,hành lá,green onion,Hành Baro,high,,1,Bánh gạo cay ăn kèm ba chỉ bò áp chảo,HAS_FIX,1 copy 10.json,62617
3868,mini brie cheese,phô mai,cheese,Phô mai Brie,high,,1,Xoài cuộn đùi heo muối 🇪🇸,HAS_FIX,1 copy 10.json,62642
3869,Cá chay khô chay hoặc cá thu lát chay,Cá chày,chub fish,Cá chay,high,,1,Cá chay sốt cà chua,HAS_FIX,1 copy 10.json,62646
3870,đọt lá chùm ruột non,lá,leaves,Lá chùm ruột non,high,,1,Lá Chùm Ruột Xào Thịt,HAS_FIX,1 copy 10.json,62723
3871,bánh sandwich,sandwich,sandwich,Bánh mì sandwich,high,,1,Súp kem thịt gà khoai sọ + sandwich 🍞,HAS_FIX,1 copy 10.json,62744
3872,dạ dày cá ba sa khoảng gram,bao tử heo,pork stomach,Bao tử cá ba sa,high,Dạ dày cá là bao tử cá,1,Dạ dày cá ba sa nướng,HAS_FIX,1 copy 10.json,62796
3873,Bọt chiên xù,vụn bánh mì,breadcrumbs,Bột chiên xù,high,,1,Thịt nạc dăm heo chiên xù kiểu Nhật,HAS_FIX,1 copy 10.json,62819
3874,bột hạt mùi,Bột (chung),flour,Bột hạt mùi,high,,1,Cá hồi muối,HAS_FIX,1 copy 10.json,62849
3875,Rau xanh tuỳ sở thích,rau sống,fresh herbs,Rau xanh,high,,1,Mì udon hầm rau củ Eatclean,HAS_FIX,1 copy 10.json,62864
3876,hành tây cà rốt ngâm chua ngọt,cà chua,tomato,"Hành tây, cà rốt",high,,1,Chả Cá Trộn Rau Muống,HAS_FIX,1 copy 10.json,62909
3877,khoai tím,khoai mỡ,purple yam,Khoai lang tím,high,,1,Khoai Tím Nấu Chả Mọc Tôm,HAS_FIX,1 copy 10.json,62934
3878,rong rau câu xu xoa,rong biển,seaweed,Rong câu,high,Xu xoa làm từ rong câu,1,Thạch rau câu (xu xoa),HAS_FIX,1 copy 10.json,62946
3879,cá cơm trỏng tươi,cơm,cooked rice,Cá cơm trỏng,high,,1,Canh Cá Cơm Trỏng Nấu Ngót,HAS_FIX,1 copy 10.json,62980
3880,sữa hạt yến mạch,sữa,milk,Sữa hạt yến mạch,high,,1,Rau câu sữa hạt,HAS_FIX,1 copy 10.json,62997
3881,cá thu máu cá ngừ khoảng kg,cá ngừ,tuna,"Cá thu, cá ngừ",high,,1,Cá ngừ kho dứa (thơm),HAS_FIX,1 copy 10.json,63027
3882,mắm ruốc đặc,nước mắm,fish sauce,Mắm ruốc,high,,1,Bầu chần tôm kho đánh ruốc Huế,HAS_FIX,1 copy 10.json,63057
3883,cá mắm cơm vừa ăn,cơm,cooked rice,Mắm cá cơm,high,,1,Cá Mắm Sốt Cà Chua (chua ngọt),HAS_FIX,1 copy 10.json,63106
3884,mứt dâu tằm,mứt,fruit preserve,Mứt dâu tằm,high,,1,SP.0932 - Cá Hồi Áp Chảo Sốt Dâu Tằm & Salad Giấm Mè,HAS_FIX,1 copy 10.json,63115
3885,nước bột bắp,Bột (chung),flour,Nước bột bắp,high,,1,SP.0932 - Cá Hồi Áp Chảo Sốt Dâu Tằm & Salad Giấm Mè,HAS_FIX,1 copy 10.json,63122
3886,mì udon,mì,noodles,Mì Udon,high,,1,"Mì udon nấu cà chua, ớt chuông, nấm kim châm",HAS_FIX,1 copy 10.json,63131
3887,Hành tía tô lá lốt,hành lá,green onion,"Hành, tía tô, lá lốt",high,,1,Đầu cá lăng nấu thịt chuối đậu,HAS_FIX,1 copy 10.json,63138
3888,Riềng xay mẻ bột nghệ mắm tôm gia vị,Bột (chung),flour,Gia vị tẩm ướp,high,"Hỗn hợp riềng, mẻ, nghệ, mắm tôm",1,Đầu cá lăng nấu thịt chuối đậu,HAS_FIX,1 copy 10.json,63139
3889,sốt nấm hương,sốt,sauce,Sốt nấm hương,high,,1,Mì Trứng Trộn Sốt Nấm Hương,HAS_FIX,1 copy 10.json,63144
3890,tim gan cật heo,thịt heo,pork,"Tim, gan, cật heo",high,,1,Mì Trứng Trộn Sốt Nấm Hương,HAS_FIX,1 copy 10.json,63146
3891,rau mùi ngò gai rau răm rau thơm,rau răm,vietnamese coriander,Rau thơm các loại,high,,1,Gỏi Sứa Trộn Dưa Rau Muống,HAS_FIX,1 copy 10.json,63150
3892,ớt chuông xanh vàng đỏ,ớt,chili pepper,Ớt chuông,high,,1,Thịt Heo Rừng Xào Cải Chua Ớt Chuông,HAS_FIX,1 copy 10.json,63157
3893,sốt lẩu chua hải sản,sốt,sauce,Sốt lẩu hải sản,high,,1,Lẩu cá diêu hồng chua cay dịp 30.4,HAS_FIX,1 copy 10.json,63163
3894,Xôi chè tráng miệng,xôi,sticky rice,Xôi chè,high,,1,Lẩu cá diêu hồng chua cay dịp 30.4,HAS_FIX,1 copy 10.json,63171
3895,sách bò đã làm sạch,thịt bò,beef,Sách bò,high,,1,Sách bò xào dứa,HAS_FIX,1 copy 10.json,63178
3896,Rau cải rau cần rau chân vịt,cần tây,celery,"Rau cải, rau cần, rau chân vịt",high,,1,Bún tôm Hải Phòng,HAS_FIX,1 copy 10.json,63225
3897,măng tây nấm,măng,bamboo shoots,"Măng tây, nấm",high,,1,Canh cá thì là,HAS_FIX,1 copy 10.json,63301
3898,mật mía Nghệ An,củ nghệ,turmeric root,Mật mía,high,,1,Tôm rang thịt ba chỉ + dứa,HAS_FIX,1 copy 10.json,63329
3899,thịt heo bò băm,thịt bò,beef,"Thịt heo băm, thịt bò băm",high,,1,Thịt Băm Sốt Đậu Hủ Non Cà Chua,HAS_FIX,1 copy 10.json,63341
3900,nước chấm thịt quay,nước thịt kho,braising sauce,Nước chấm thịt quay,high,,1,Thịt Heo Quay Kho Sa Tế Nước Dừa,HAS_FIX,1 copy 10.json,63359
3901,Canh chua cá ngần,Cá ngần,Noodlefish,cá ngần,high,,1,Bánh đa cá ngần + chả cá ngần,HAS_FIX,1 copy 2.json,63372
3902,Gia vị dầu hào tương ớt,ớt,chili pepper,dầu hào và tương ớt,high,,1,SP.0985 - Cơm Xốt Cà Chua Thịt Băm,HAS_FIX,1 copy 2.json,63511
3903,lá cà ri tươi,lá,leaves,lá cà ri,high,,1,Canh Chua Gà Rau Củ Malaysia,HAS_FIX,1 copy 2.json,63546
3904,nước hầm xương và xương heo,thịt heo,pork,xương heo,high,Gồm xương và nước hầm từ xương,1,Canh rong biển nấu nấm,HAS_FIX,1 copy 2.json,63561
3905,rong biển trộn cơm,cơm,cooked rice,rong biển khô vụn,high,Loại rong biển tẩm gia vị trộn cơm,1,Cơm Trộn Rong Biển Cá Hồi Áp Chảo Cho Bé,HAS_FIX,1 copy 2.json,63567
3906,Chà bông nấm hoặc chân nấm,chân nấm,mushroom stem,chà bông nấm,high,,1,Chà bông nấm rong biển,HAS_FIX,1 copy 2.json,63601
3907,sốt Terayaki,sốt,sauce,sốt Teriyaki,high,,1,Măng tây cuốn thịt,HAS_FIX,1 copy 2.json,63609
3908,mỡ gà,thịt gà,chicken,mỡ gà,high,,1,Măng Xào Chả Cá,HAS_FIX,1 copy 2.json,63654
3909,hành khô củ tỏi,tỏi,garlic,hành khô và tỏi,high,,1,Lườn cá ngừ áp chảo,HAS_FIX,1 copy 2.json,63677
3910,lá rong biển vài bánh tráng,bánh tráng,rice paper,rong biển và bánh tráng,high,,1,Đậu cuốn nấm kim châm chay,HAS_FIX,1 copy 2.json,63719
3911,rau thơm húng cay tía tô húng quế diếp cá,tía tô,perilla leaves,rau sống các loại,high,,1,Cá Diêu Hồng Chiên Mè Cuốn Bánh Tráng Sắn,HAS_FIX,1 copy 2.json,63746
3912,sốt xào nui mì,nui,pasta,sốt xào,high,,1,Mì Udon Xào Thịt Bò Cải Ngồng,HAS_FIX,1 copy 2.json,63757
3913,củ khoai sọ,khoai mỡ,purple yam,khoai sọ,high,,1,Canh cua rau rút khoai sọ,HAS_FIX,1 copy 2.json,63781
3914,Tôm thịt rang còn thừa,ram tôm,shrimp rolls,tôm thịt rang,high,Nguyên liệu tận dụng từ món ăn cũ,1,Cơm Chiên Từ Tôm Rang Thịt còn thừa,HAS_FIX,1 copy 2.json,63799
3915,Hành tím hành lá cắt nhỏ,hành lá,green onion,hành tím và hành lá,high,,1,Canh bí đao (bí xanh) nấu thịt bằm đơn giản,HAS_FIX,1 copy 2.json,63803
3916,Gừng tươi ớt tươi,hành tỏi ớt,garlic chili mix,gừng và ớt,high,,1,Nấm bào ngư xiên hấp chanh sả,HAS_FIX,1 copy 2.json,63809
3917,Gia vị dầu mè dầu ăn,gia vị,seasoning,dầu mè và dầu ăn,high,,1,SP.0986 - Đậu Hũ Dồn Thịt Xốt Cà,HAS_FIX,1 copy 2.json,63817
3918,hỗn hợp rau củ đông lạnh đậu cà rốt bắp,gia vị,seasoning,rau củ hỗn hợp đông lạnh,high,,1,Cơm cá hồi nấu gọn trong nồi cơm điện,HAS_FIX,1 copy 2.json,63827
3919,nước tương tsuyu,nước,water,nước tương Tsuyu,high,,1,Cơm cá hồi nấu gọn trong nồi cơm điện,HAS_FIX,1 copy 2.json,63829
3920,mắm hoặc bột canh chay,Bột (chung),flour,gia vị mặn chay,high,Nước mắm hoặc bột canh chay,1,Nấm hầu thủ kho chuối xanh (món chay),HAS_FIX,1 copy 2.json,63845
3921,dầu ăn đủ để chiên tôi dùng dầu trái bơ,bơ,butter,dầu trái bơ,high,,1,Cá Tuyết Haddock Tẩm Bột Khô Áp Chảo,HAS_FIX,1 copy 2.json,63860
3922,cốt tomyum thật ra cái này là thói quen của mình không có không ảnh hưởng mọi người ạ cái lọ tomyum mình có để hình ở bài mì udon rồi mọi người cần thì xem ở đấy nhé,thì là,dill,sốt Tom Yum,high,,1,Đậu bắp xào chả cá,HAS_FIX,1 copy 2.json,63864
3923,Sụn lợn sụn heo sụn mặt trăng,thịt heo,pork,sụn heo,high,,1,Sụn Heo Kho Sả Ớt,HAS_FIX,1 copy 2.json,63870
3924,Rau mùi tàu hoặc rau mùi ta,ngò gai,culantro,rau mùi,high,Gồm mùi tàu (ngò gai) và mùi ta (ngò rí),1,Cháo nấm nghệ,HAS_FIX,1 copy 2.json,63887
3925,Hành tươi mùi tàu mùi ta,ngò gai,culantro,rau thơm các loại,high,"Hành lá, mùi tàu, mùi ta",1,Thịt thăn thuôn sấu (canh chua sấu thịt thăn),HAS_FIX,1 copy 2.json,63910
3926,Dụng cụ máy xay thịt khuôn hình chữ nhật nồi hấp,thịt gà,chicken,,low,"Đây là dụng cụ nấu ăn, không phải nguyên liệu",1,Thịt GÀ đóng hộp (Homemade Chicken Luncheon),UNCERTAIN,1 copy 2.json,63919
3927,vị rang thơm,đậu phộng,peanut,vừng rang,medium,Vị rang thơm trong bún thường là vừng/mè,1,Bún Sườn Bò Tơ,HAS_FIX,1 copy 2.json,63936
3928,Huyết heo,thịt heo,pork,huyết heo,high,,1,Bún Sườn Bò Tơ,HAS_FIX,1 copy 2.json,63940
3929,cải hồng,cải,mustard greens,cải hồng,high,Một loại rau cải có cuống màu hồng,1,🌱 Bún Đậu Hủ Nước Tương Trộn Rau Củ,HAS_FIX,1 copy 2.json,63946
3930,Nước tương tỏi ớt,ớt,chili pepper,nước tương tỏi ớt,high,,1,🌱 Bún Đậu Hủ Nước Tương Trộn Rau Củ,HAS_FIX,1 copy 2.json,63948
3931,nấm lộc nhung khô,nấm hương,shiitake mushroom,nấm lộc nhung,high,,1,NẤM lộc nhung xào bí nụ,HAS_FIX,1 copy 2.json,63986
3932,rau om ngò gai,rau om,rice paddy herb,rau om và ngò gai,high,,1,Lẩu Cá Kèo Miền Tây,HAS_FIX,1 copy 2.json,64042
3933,rau ngò gai ngò om,rau om,rice paddy herb,ngò gai và rau om,high,,1,Cá linh nấu chua với bông súng cơm mẻ,HAS_FIX,1 copy 2.json,64054
3934,củ tỏi ớt,ớt,chili pepper,tỏi và ớt,high,,1,Bánh xèo nhân tôm củ sắn,HAS_FIX,1 copy 2.json,64063
3935,tỏi ớt băm tuỳ khẩu vị,ớt,chili pepper,tỏi ớt băm,high,,1,Gỏi bóng cá chay trộn gỏi dưa leo siêu dễ làm,HAS_FIX,1 copy 2.json,64070
3936,Dầu ăn mỡ nước,mỡ,lard,dầu ăn hoặc mỡ lợn,high,,1,Cá Bống Kho Nghệ,HAS_FIX,1 copy 2.json,64076
3937,Rau sống xà lách rau thơm rau răm tía tô lá cóc,rau răm,vietnamese coriander,rau sống các loại,high,,1,Cá Sòng hấp cuốn bánh tráng rau sống,HAS_FIX,1 copy 2.json,64079
3938,ầu trắng hành boaro,đậu trắng,white beans,hành boaro,high,Đầu trắng hành boaro,1,Đậu hũ và tàu hũ ky cuộn rim sả ớt (món chay),HAS_FIX,1 copy 2.json,64087
3939,cua ghẹ bóc vỏ,cua,crab,thịt cua ghẹ,high,,1,Trứng chiên tép khô hải sản,HAS_FIX,1 copy 2.json,64135
3940,húng cây hoặc rau ôm ngò gai,ngò gai,culantro,rau thơm nêm canh,high,"Húng cây, rau om hoặc ngò gai",1,Canh gân bò nấu chua,HAS_FIX,1 copy 2.json,64144
3941,chao môn hoặc các loại chao khác,khoai môn,taro,chao môn,high,,1,Đậu hũ kho chao/cà chua,HAS_FIX,1 copy 2.json,64181
3942,khoảng g nấm hạ thảo,Nấm đông trùng hạ thảo,Cordyceps militaris,nấm đông trùng hạ thảo,high,,1,Canh Khoai Tây Bông Cải Xanh và Nấm Hạ Thảo,HAS_FIX,1 copy 2.json,64211
3943,bột cà ri Hàn,Bột (chung),flour,bột cà ri Hàn Quốc,high,,1,Thịt ba chỉ sốt cay kiểu Hàn,HAS_FIX,1 copy 2.json,64222
3944,bột tàn mì,Bột (chung),flour,bột tàn mì,high,,1,Há cảo con cá,HAS_FIX,1 copy 2.json,64238
3945,Gia vịmì chính nước tương,nước,water,mì chính và nước tương,high,,1,Mì trứng xào tôm nõn,HAS_FIX,1 copy 2.json,64278
3946,Gia vị dầu hào dầu oliu mắm tỏi,tỏi,garlic,gia vị tổng hợp,high,,1,Nấm đông cô tươi xào tôm nõn,HAS_FIX,1 copy 2.json,64306
3947,Xương sườn louis,xương heo,pork bones,sườn heo Louis,high,Louis thường chỉ sườn bẹ non kiểu Mỹ,1,Miến dong Eatclean hầm xương nấm tuyết,HAS_FIX,1 copy 2.json,64345
3948,Lá thơm Provence,lá,leaves,lá thơm Provence,high,,1,Nui Nơ Sốt Bò Cà Chua Bỏ Lò,HAS_FIX,1 copy 2.json,64373
3949,t Hàn Quốc loại hạt to,ớt,chili pepper,ớt bột Hàn Quốc,high,,1,Chả nấm kim châm chiên cay,HAS_FIX,1 copy 2.json,64380
3950,Sốt xào rau củ,rau sống,fresh herbs,sốt xào,high,,1,Phở xào bò,HAS_FIX,1 copy 2.json,64400
3951,mực tẩm bột mua sẵn,Bột (chung),flour,mực tẩm bột,high,,1,Mực chiên giòn sốt chua ngọt,HAS_FIX,1 copy 2.json,64407
3952,tôm nõn lột sẵn,chả tôm,shrimp cake,tôm nõn,high,,1,Chả tôm cuộn rong biển bánh tráng,HAS_FIX,1 copy 2.json,64442
3953,dưa chuột bé,dưa,pickles,dưa chuột bao tử,high,,1,Cơm cuộn cá hồi phiên bản em bé,HAS_FIX,1 copy 2.json,64488
3954,rong biển cuộn cơm,cơm,cooked rice,rong biển cuộn cơm,high,,1,Cơm cuộn cá hồi phiên bản em bé,HAS_FIX,1 copy 2.json,64493
3955,Nguyên liệu ăn kèm,rau sống,fresh herbs,đồ ăn kèm,low,Quá mơ hồ,1,Thịt Luộc Bossam (보쌈) - Ẩm thực Hàn Quốc,HAS_FIX,1 copy 2.json,64512
3956,táo đỏ cắt lát,táo,apple,táo đỏ,high,,1,Canh xương heo hầm củ,HAS_FIX,1 copy 2.json,64520
3957,tôm sú sốt bơ tỏi,tỏi,garlic,tôm sú,high,,1,Cơm chiên tôm sú,HAS_FIX,1 copy 2.json,64545
3958,Thính gạo,sung,fig,thính gạo,high,,1,Chạo nấm chay,HAS_FIX,1 copy 2.json,64563
3959,cá cơm trổng,cơm,cooked rice,cá cơm trổng,high,,1,Cá CƠM trổng kho cay,HAS_FIX,1 copy 2.json,64574
3960,Tóp mỡ,mỡ,lard,tóp mỡ,high,,1,"Canh Khoai Tây Nấu Rau Cần, Cà Chua, Thì Là",HAS_FIX,1 copy 2.json,64593
3961,mắm ngon hoặc thìa bột canh,Bột (chung),flour,gia vị mặn,high,Nước mắm hoặc bột canh,1,Canh khoai tây rau cần,HAS_FIX,1 copy 2.json,64616
3962,cà ra khoảng gram,cà tím,eggplant,con cà ra,high,Cà ra là một loại cua sông,1,Mỳ sốt cua lông (cà ra) trứng muối,HAS_FIX,1 copy 2.json,64623
3963,nước mám,nước,water,nước mắm,high,Lỗi gõ 'mám' thay vì 'mắm',1,Thịt đùi heo xào khóm,HAS_FIX,1 copy 2.json,64651
3964,Rau húng quế Tây,quế,Cinnamon,lá húng tây,high,Húng quế Tây là Basil,1,Mì Ý xốt Pesto với Bacon và Nấm Mỡ,HAS_FIX,1 copy 2.json,64661
3965,bột cà ri ấn độ,Bột (chung),flour,bột cà ri Ấn Độ,high,,1,Khô bò ướt mềm ngon,HAS_FIX,1 copy 2.json,64682
3966,Bột ngọttuỳ thích,mỳ chính,MSG,bột ngọt,high,,1,Canh Chả Cá Thác Lác,HAS_FIX,1 copy 2.json,64716
3967,ường nâu,đường,sugar,đường nâu,high,,1,Nấm Rơm khô rim mặn với tiêu xanh,HAS_FIX,1 copy 2.json,64722
3968,thơm rim,rau thơm,herbs,quả thơm rim,high,Thơm ở đây là quả dứa,1,Cá CƠM trổng kho cay,HAS_FIX,1 copy 2.json,64723
3969,rau húng cay húng lủi,húng láng,spearmint,húng lủi,high,,1,Ốc Bươu Nhồi Thịt Hấp,HAS_FIX,1 copy 2.json,64729
3970,Hành tỏiporo phi vàng,hành lá,green onion,hành boaro phi,high,,1,Gỏi Rau Càng Cua Nấm Mối Chay,HAS_FIX,1 copy 2.json,64743
3971,cá cơm than,cá cơm,anchovy,cá cơm than,high,,1,Cá cơm than nhúng dấm,HAS_FIX,1 copy 2.json,64877
3972,nước cá kho,kho cá,braised fish,nước cá kho,high,,1,Cải Luộc Chấm Nước Cá Kho,HAS_FIX,1 copy 2.json,64878
3973,mực muối,mực,squid,mực muối,high,,1,Cơm Mực Muối Ram Me,HAS_FIX,1 copy 2.json,64879
3974,chanh leo,chanh dây,passion fruit,chanh dây,high,Chanh leo là tên gọi khác của chanh dây,1,"Cá hồi sốt chanh leo, sốt cam",HAS_FIX,1 copy 2.json,64882
3975,thịt nạc bằm,Thịt băm,Minced pork,thịt heo nạc băm,high,,1,"CHÁO THỊT NẠC BẰM, CẢI BÓ XÔI, CÀ RỐT",HAS_FIX,1 copy 2.json,64887
3976,trứng cá truite,trứng cá,fish roe,trứng cá hồi Thụy Sĩ,high,Truite là cá hồi siling/hồi suối,1,Rice Bowl - Cơm Trộn Thập Cẩm Trứng Cá Truite,HAS_FIX,1 copy 2.json,64891
3977,rau muống,rau muống,water spinach,rau muống,high,,1,Nấm Rơm Nấu Lá Me,HAS_FIX,1 copy 2.json,64925
3978,bông hẹ,hoa hẹ,garlic chives,bông hẹ,high,,1,Canh Bông Hẹ Đậu Hũ (Món Chay),HAS_FIX,1 copy 2.json,64970
3979,cá cơm khô,cá cơm,anchovy,cá cơm khô,high,,1,Gỏi Cá Cơm Khô,HAS_FIX,1 copy 2.json,64997
3980,cá lóc chay,Cá chày,chub fish,cá lóc chay,high,,1,Cá lóc chay,HAS_FIX,1 copy 2.json,65011
3981,tiêu đen,tiêu xanh nhánh,Fresh Green Peppercorns,tiêu đen,high,,1,Nấm đùi gà om xốt tiêu đen,HAS_FIX,1 copy 2.json,65022
3982,vây cá hồi,cá,fish,vây cá hồi,high,,1,Vây cá hồi chiên giòn sốt cà,HAS_FIX,1 copy 2.json,65061
3983,xuyến chi,Rau rừng,Wild Vegetables,rau xuyến chi,high,,1,Rau tầm bóp và xuyến chi xào tỏi trộn vừng lạc,HAS_FIX,1 copy 2.json,65068
3984,tương hột,sốt,sauce,tương hột,high,,1,Nấm bào ngư kho tương hột,HAS_FIX,1 copy 2.json,65073
3985,ổi hồng,ổi,guava,ổi hồng,high,,1,Rau câu ổi hồng,HAS_FIX,1 copy 2.json,65095
3986,da heo chay,thịt chay,plant-based meat,da heo chay,high,,1,Da heo chay cháy tỏi ớt (chay),HAS_FIX,1 copy 2.json,65097
3987,cá cơm muối,cá cơm,anchovy,cá cơm muối,high,,1,Salad Friseline Trộn Cá Cơm Muối,HAS_FIX,1 copy 2.json,65100
3988,cá chay,Cá chày,chub fish,cá chay,high,,1,Lẩu cá chay,HAS_FIX,1 copy 2.json,65105
3989,dâu tằm,trái cây,fruit,dâu tằm,high,,1,SP.0932 - Cá Hồi Áp Chảo Sốt Dâu Tằm & Salad Giấm Mè,HAS_FIX,1 copy 2.json,65118
3990,cá bánh đường,cá liệt,fish,cá bánh đường,high,,1,Cá Bánh Đường Nướng Sả,HAS_FIX,1 copy 2.json,65134
3991,cá koi (topping),topping,topping,thạch cá koi,medium,Thường là rau câu hình cá koi để trang trí xôi,1,Xôi thỏi vàng cá koi,HAS_FIX,1 copy 2.json,65146
3992,dưa leo,dưa leo,cucumber,dưa leo,high,,1,"Bento box 16: cơm nắm furikake, mì xào nấm, thịt nướng",HAS_FIX,1 copy 2.json,65971
